"scenario","predictor","Block","BlockRho","True","FG","Model","Estimate","Bias","nobs","run_number"
"scenarioA","X_1","strong",0.6,0.4,0.599563627792746,"SSL",0.290798906683839,-0.109201093316161,200,1
"scenarioA","X_2","strong",0.6,-0.5,-0.429487811235894,"SSL",0,0.5,200,1
"scenarioA","X_3","weak",0.3,0.6,0.529484101866537,"SSL",0.400729337800632,-0.199270662199368,200,1
"scenarioA","X_4","weak",0.3,0.75,0.796020656722208,"SSL",0.712501650474113,-0.0374983495258874,200,1
"scenarioA","X_5","indep",0,-0.8,-0.828096136540945,"SSL",-0.733353060183999,0.0666469398160013,200,1
"scenarioA","X_6","indep",0,0,NA,"SSL",0,0,200,1
"scenarioA","X_7","indep",0,0,NA,"SSL",0.275297846230119,0.275297846230119,200,1
"scenarioA","X_8","indep",0,0,NA,"SSL",0,0,200,1
"scenarioA","X_9","indep",0,0,NA,"SSL",0,0,200,1
"scenarioA","X_10","indep",0,0,NA,"SSL",0,0,200,1
"scenarioA","X_11","indep",0,0,NA,"SSL",0,0,200,1
"scenarioA","X_12","indep",0,0,NA,"SSL",0,0,200,1
"scenarioA","X_13","indep",0,0,NA,"SSL",0,0,200,1
"scenarioA","X_14","indep",0,0,NA,"SSL",0,0,200,1
"scenarioA","X_15","indep",0,0,NA,"SSL",0,0,200,1
"scenarioA","X_16","indep",0,0,NA,"SSL",0,0,200,1
"scenarioA","X_17","indep",0,0,NA,"SSL",0,0,200,1
"scenarioA","X_18","weak",0.3,0,NA,"SSL",0,0,200,1
"scenarioA","X_19","weak",0.3,0,NA,"SSL",0,0,200,1
"scenarioA","X_20","weak",0.3,0,NA,"SSL",0,0,200,1
"scenarioA","X_21","weak",0.3,0,NA,"SSL",0,0,200,1
"scenarioA","X_22","strong",0.6,0,NA,"SSL",0,0,200,1
"scenarioA","X_23","strong",0.6,0,NA,"SSL",0,0,200,1
"scenarioA","X_24","strong",0.6,0,NA,"SSL",0,0,200,1
"scenarioA","X_25","strong",0.6,0,NA,"SSL",0,0,200,1
"scenarioA","X_1","strong",0.6,0.4,0.599563627792746,"LASSO",0.184161381602945,-0.215838618397055,200,1
"scenarioA","X_2","strong",0.6,-0.5,-0.429487811235894,"LASSO",0,0.5,200,1
"scenarioA","X_3","weak",0.3,0.6,0.529484101866537,"LASSO",0.27254467226852,-0.32745532773148,200,1
"scenarioA","X_4","weak",0.3,0.75,0.796020656722208,"LASSO",0.602352184874296,-0.147647815125704,200,1
"scenarioA","X_5","indep",0,-0.8,-0.828096136540945,"LASSO",-0.555800342031567,0.244199657968433,200,1
"scenarioA","X_6","indep",0,0,NA,"LASSO",0,0,200,1
"scenarioA","X_7","indep",0,0,NA,"LASSO",0.143966807682028,0.143966807682028,200,1
"scenarioA","X_8","indep",0,0,NA,"LASSO",0,0,200,1
"scenarioA","X_9","indep",0,0,NA,"LASSO",0,0,200,1
"scenarioA","X_10","indep",0,0,NA,"LASSO",0,0,200,1
"scenarioA","X_11","indep",0,0,NA,"LASSO",0,0,200,1
"scenarioA","X_12","indep",0,0,NA,"LASSO",0,0,200,1
"scenarioA","X_13","indep",0,0,NA,"LASSO",0,0,200,1
"scenarioA","X_14","indep",0,0,NA,"LASSO",0,0,200,1
"scenarioA","X_15","indep",0,0,NA,"LASSO",0,0,200,1
"scenarioA","X_16","indep",0,0,NA,"LASSO",0,0,200,1
"scenarioA","X_17","indep",0,0,NA,"LASSO",0,0,200,1
"scenarioA","X_18","weak",0.3,0,NA,"LASSO",0,0,200,1
"scenarioA","X_19","weak",0.3,0,NA,"LASSO",0,0,200,1
"scenarioA","X_20","weak",0.3,0,NA,"LASSO",0,0,200,1
"scenarioA","X_21","weak",0.3,0,NA,"LASSO",0.0125872950934248,0.0125872950934248,200,1
"scenarioA","X_22","strong",0.6,0,NA,"LASSO",0,0,200,1
"scenarioA","X_23","strong",0.6,0,NA,"LASSO",0,0,200,1
"scenarioA","X_24","strong",0.6,0,NA,"LASSO",0,0,200,1
"scenarioA","X_25","strong",0.6,0,NA,"LASSO",0,0,200,1
"scenarioA","X_1","strong",0.6,0.4,0.242878932378831,"SSL",0,-0.4,200,2
"scenarioA","X_2","strong",0.6,-0.5,-0.56845564296075,"SSL",-0.633313763100498,-0.133313763100498,200,2
"scenarioA","X_3","weak",0.3,0.6,0.528681862036043,"SSL",0.478858383904881,-0.121141616095119,200,2
"scenarioA","X_4","weak",0.3,0.75,0.760844800140593,"SSL",0.726235035624915,-0.0237649643750848,200,2
"scenarioA","X_5","indep",0,-0.8,-0.683538118020154,"SSL",-0.73644638847365,0.0635536115263502,200,2
"scenarioA","X_6","indep",0,0,NA,"SSL",0,0,200,2
"scenarioA","X_7","indep",0,0,NA,"SSL",0,0,200,2
"scenarioA","X_8","indep",0,0,NA,"SSL",0,0,200,2
"scenarioA","X_9","indep",0,0,NA,"SSL",0,0,200,2
"scenarioA","X_10","indep",0,0,NA,"SSL",0,0,200,2
"scenarioA","X_11","indep",0,0,NA,"SSL",0,0,200,2
"scenarioA","X_12","indep",0,0,NA,"SSL",0,0,200,2
"scenarioA","X_13","indep",0,0,NA,"SSL",0,0,200,2
"scenarioA","X_14","indep",0,0,NA,"SSL",0,0,200,2
"scenarioA","X_15","indep",0,0,NA,"SSL",0,0,200,2
"scenarioA","X_16","indep",0,0,NA,"SSL",0,0,200,2
"scenarioA","X_17","indep",0,0,NA,"SSL",0,0,200,2
"scenarioA","X_18","weak",0.3,0,NA,"SSL",0,0,200,2
"scenarioA","X_19","weak",0.3,0,NA,"SSL",0,0,200,2
"scenarioA","X_20","weak",0.3,0,NA,"SSL",0,0,200,2
"scenarioA","X_21","weak",0.3,0,NA,"SSL",0,0,200,2
"scenarioA","X_22","strong",0.6,0,NA,"SSL",0,0,200,2
"scenarioA","X_23","strong",0.6,0,NA,"SSL",0.385359256527769,0.385359256527769,200,2
"scenarioA","X_24","strong",0.6,0,NA,"SSL",0,0,200,2
"scenarioA","X_25","strong",0.6,0,NA,"SSL",0,0,200,2
"scenarioA","X_1","strong",0.6,0.4,0.242878932378831,"LASSO",0,-0.4,200,2
"scenarioA","X_2","strong",0.6,-0.5,-0.56845564296075,"LASSO",-0.44288515068353,0.0571148493164698,200,2
"scenarioA","X_3","weak",0.3,0.6,0.528681862036043,"LASSO",0.401749387767944,-0.198250612232056,200,2
"scenarioA","X_4","weak",0.3,0.75,0.760844800140593,"LASSO",0.639378071187277,-0.110621928812723,200,2
"scenarioA","X_5","indep",0,-0.8,-0.683538118020154,"LASSO",-0.636932329991436,0.163067670008564,200,2
"scenarioA","X_6","indep",0,0,NA,"LASSO",0,0,200,2
"scenarioA","X_7","indep",0,0,NA,"LASSO",0,0,200,2
"scenarioA","X_8","indep",0,0,NA,"LASSO",0,0,200,2
"scenarioA","X_9","indep",0,0,NA,"LASSO",0,0,200,2
"scenarioA","X_10","indep",0,0,NA,"LASSO",-0.105773161005602,-0.105773161005602,200,2
"scenarioA","X_11","indep",0,0,NA,"LASSO",0,0,200,2
"scenarioA","X_12","indep",0,0,NA,"LASSO",0,0,200,2
"scenarioA","X_13","indep",0,0,NA,"LASSO",0.114219386624077,0.114219386624077,200,2
"scenarioA","X_14","indep",0,0,NA,"LASSO",0,0,200,2
"scenarioA","X_15","indep",0,0,NA,"LASSO",-0.0488167730988927,-0.0488167730988927,200,2
"scenarioA","X_16","indep",0,0,NA,"LASSO",0,0,200,2
"scenarioA","X_17","indep",0,0,NA,"LASSO",-0.0591998914367609,-0.0591998914367609,200,2
"scenarioA","X_18","weak",0.3,0,NA,"LASSO",0,0,200,2
"scenarioA","X_19","weak",0.3,0,NA,"LASSO",0,0,200,2
"scenarioA","X_20","weak",0.3,0,NA,"LASSO",0,0,200,2
"scenarioA","X_21","weak",0.3,0,NA,"LASSO",0,0,200,2
"scenarioA","X_22","strong",0.6,0,NA,"LASSO",0,0,200,2
"scenarioA","X_23","strong",0.6,0,NA,"LASSO",0.236624657903735,0.236624657903735,200,2
"scenarioA","X_24","strong",0.6,0,NA,"LASSO",0,0,200,2
"scenarioA","X_25","strong",0.6,0,NA,"LASSO",0,0,200,2
"scenarioA","X_1","strong",0.6,0.4,0.532696947043761,"SSL",0.295393966756167,-0.104606033243833,200,3
"scenarioA","X_2","strong",0.6,-0.5,-0.490566112135167,"SSL",-0.430699665379817,0.0693003346201827,200,3
"scenarioA","X_3","weak",0.3,0.6,0.403408764663411,"SSL",0.28514675385878,-0.31485324614122,200,3
"scenarioA","X_4","weak",0.3,0.75,0.867171040373246,"SSL",0.777978402296566,0.0279784022965657,200,3
"scenarioA","X_5","indep",0,-0.8,-0.679298230167139,"SSL",-0.619505249754348,0.180494750245652,200,3
"scenarioA","X_6","indep",0,0,NA,"SSL",0.117946019835129,0.117946019835129,200,3
"scenarioA","X_7","indep",0,0,NA,"SSL",0,0,200,3
"scenarioA","X_8","indep",0,0,NA,"SSL",0,0,200,3
"scenarioA","X_9","indep",0,0,NA,"SSL",0.117761566798353,0.117761566798353,200,3
"scenarioA","X_10","indep",0,0,NA,"SSL",0,0,200,3
"scenarioA","X_11","indep",0,0,NA,"SSL",0,0,200,3
"scenarioA","X_12","indep",0,0,NA,"SSL",0,0,200,3
"scenarioA","X_13","indep",0,0,NA,"SSL",0,0,200,3
"scenarioA","X_14","indep",0,0,NA,"SSL",0,0,200,3
"scenarioA","X_15","indep",0,0,NA,"SSL",0,0,200,3
"scenarioA","X_16","indep",0,0,NA,"SSL",0,0,200,3
"scenarioA","X_17","indep",0,0,NA,"SSL",0,0,200,3
"scenarioA","X_18","weak",0.3,0,NA,"SSL",0,0,200,3
"scenarioA","X_19","weak",0.3,0,NA,"SSL",0.190261605328616,0.190261605328616,200,3
"scenarioA","X_20","weak",0.3,0,NA,"SSL",0,0,200,3
"scenarioA","X_21","weak",0.3,0,NA,"SSL",0,0,200,3
"scenarioA","X_22","strong",0.6,0,NA,"SSL",0,0,200,3
"scenarioA","X_23","strong",0.6,0,NA,"SSL",0.209718176764691,0.209718176764691,200,3
"scenarioA","X_24","strong",0.6,0,NA,"SSL",0,0,200,3
"scenarioA","X_25","strong",0.6,0,NA,"SSL",0,0,200,3
"scenarioA","X_1","strong",0.6,0.4,0.532696947043761,"LASSO",0,-0.4,200,3
"scenarioA","X_2","strong",0.6,-0.5,-0.490566112135167,"LASSO",0,0.5,200,3
"scenarioA","X_3","weak",0.3,0.6,0.403408764663411,"LASSO",0.187755414244583,-0.412244585755417,200,3
"scenarioA","X_4","weak",0.3,0.75,0.867171040373246,"LASSO",0.550000102934726,-0.199999897065274,200,3
"scenarioA","X_5","indep",0,-0.8,-0.679298230167139,"LASSO",-0.411077820795792,0.388922179204208,200,3
"scenarioA","X_6","indep",0,0,NA,"LASSO",0,0,200,3
"scenarioA","X_7","indep",0,0,NA,"LASSO",0,0,200,3
"scenarioA","X_8","indep",0,0,NA,"LASSO",0,0,200,3
"scenarioA","X_9","indep",0,0,NA,"LASSO",0,0,200,3
"scenarioA","X_10","indep",0,0,NA,"LASSO",0,0,200,3
"scenarioA","X_11","indep",0,0,NA,"LASSO",0,0,200,3
"scenarioA","X_12","indep",0,0,NA,"LASSO",0,0,200,3
"scenarioA","X_13","indep",0,0,NA,"LASSO",0,0,200,3
"scenarioA","X_14","indep",0,0,NA,"LASSO",0,0,200,3
"scenarioA","X_15","indep",0,0,NA,"LASSO",0,0,200,3
"scenarioA","X_16","indep",0,0,NA,"LASSO",0,0,200,3
"scenarioA","X_17","indep",0,0,NA,"LASSO",0,0,200,3
"scenarioA","X_18","weak",0.3,0,NA,"LASSO",0.0350204570929042,0.0350204570929042,200,3
"scenarioA","X_19","weak",0.3,0,NA,"LASSO",0.108951786837386,0.108951786837386,200,3
"scenarioA","X_20","weak",0.3,0,NA,"LASSO",0,0,200,3
"scenarioA","X_21","weak",0.3,0,NA,"LASSO",0,0,200,3
"scenarioA","X_22","strong",0.6,0,NA,"LASSO",0,0,200,3
"scenarioA","X_23","strong",0.6,0,NA,"LASSO",0,0,200,3
"scenarioA","X_24","strong",0.6,0,NA,"LASSO",0,0,200,3
"scenarioA","X_25","strong",0.6,0,NA,"LASSO",0,0,200,3
"scenarioA","X_1","strong",0.6,0.4,0.293852386148645,"SSL",0,-0.4,200,4
"scenarioA","X_2","strong",0.6,-0.5,-0.433155173648639,"SSL",0,0.5,200,4
"scenarioA","X_3","weak",0.3,0.6,0.450545279301442,"SSL",0.405582540175156,-0.194417459824844,200,4
"scenarioA","X_4","weak",0.3,0.75,0.87941579827985,"SSL",0.746360758799404,-0.00363924120059633,200,4
"scenarioA","X_5","indep",0,-0.8,-0.78655269549133,"SSL",-0.671331513509196,0.128668486490804,200,4
"scenarioA","X_6","indep",0,0,NA,"SSL",0,0,200,4
"scenarioA","X_7","indep",0,0,NA,"SSL",0,0,200,4
"scenarioA","X_8","indep",0,0,NA,"SSL",0,0,200,4
"scenarioA","X_9","indep",0,0,NA,"SSL",0,0,200,4
"scenarioA","X_10","indep",0,0,NA,"SSL",0,0,200,4
"scenarioA","X_11","indep",0,0,NA,"SSL",0,0,200,4
"scenarioA","X_12","indep",0,0,NA,"SSL",0,0,200,4
"scenarioA","X_13","indep",0,0,NA,"SSL",0,0,200,4
"scenarioA","X_14","indep",0,0,NA,"SSL",0,0,200,4
"scenarioA","X_15","indep",0,0,NA,"SSL",0,0,200,4
"scenarioA","X_16","indep",0,0,NA,"SSL",0,0,200,4
"scenarioA","X_17","indep",0,0,NA,"SSL",0,0,200,4
"scenarioA","X_18","weak",0.3,0,NA,"SSL",0,0,200,4
"scenarioA","X_19","weak",0.3,0,NA,"SSL",0,0,200,4
"scenarioA","X_20","weak",0.3,0,NA,"SSL",0,0,200,4
"scenarioA","X_21","weak",0.3,0,NA,"SSL",0,0,200,4
"scenarioA","X_22","strong",0.6,0,NA,"SSL",0,0,200,4
"scenarioA","X_23","strong",0.6,0,NA,"SSL",0,0,200,4
"scenarioA","X_24","strong",0.6,0,NA,"SSL",0,0,200,4
"scenarioA","X_25","strong",0.6,0,NA,"SSL",0,0,200,4
"scenarioA","X_1","strong",0.6,0.4,0.293852386148645,"LASSO",0,-0.4,200,4
"scenarioA","X_2","strong",0.6,-0.5,-0.433155173648639,"LASSO",-0.0852242624031255,0.414775737596875,200,4
"scenarioA","X_3","weak",0.3,0.6,0.450545279301442,"LASSO",0.283898655100094,-0.316101344899906,200,4
"scenarioA","X_4","weak",0.3,0.75,0.87941579827985,"LASSO",0.614674930093177,-0.135325069906823,200,4
"scenarioA","X_5","indep",0,-0.8,-0.78655269549133,"LASSO",-0.494261506088529,0.305738493911471,200,4
"scenarioA","X_6","indep",0,0,NA,"LASSO",0,0,200,4
"scenarioA","X_7","indep",0,0,NA,"LASSO",0,0,200,4
"scenarioA","X_8","indep",0,0,NA,"LASSO",0,0,200,4
"scenarioA","X_9","indep",0,0,NA,"LASSO",0,0,200,4
"scenarioA","X_10","indep",0,0,NA,"LASSO",0,0,200,4
"scenarioA","X_11","indep",0,0,NA,"LASSO",0,0,200,4
"scenarioA","X_12","indep",0,0,NA,"LASSO",0,0,200,4
"scenarioA","X_13","indep",0,0,NA,"LASSO",0,0,200,4
"scenarioA","X_14","indep",0,0,NA,"LASSO",0,0,200,4
"scenarioA","X_15","indep",0,0,NA,"LASSO",0,0,200,4
"scenarioA","X_16","indep",0,0,NA,"LASSO",0,0,200,4
"scenarioA","X_17","indep",0,0,NA,"LASSO",0,0,200,4
"scenarioA","X_18","weak",0.3,0,NA,"LASSO",0,0,200,4
"scenarioA","X_19","weak",0.3,0,NA,"LASSO",0,0,200,4
"scenarioA","X_20","weak",0.3,0,NA,"LASSO",0,0,200,4
"scenarioA","X_21","weak",0.3,0,NA,"LASSO",0,0,200,4
"scenarioA","X_22","strong",0.6,0,NA,"LASSO",0,0,200,4
"scenarioA","X_23","strong",0.6,0,NA,"LASSO",0,0,200,4
"scenarioA","X_24","strong",0.6,0,NA,"LASSO",0,0,200,4
"scenarioA","X_25","strong",0.6,0,NA,"LASSO",0,0,200,4
"scenarioA","X_1","strong",0.6,0.4,0.582930050411484,"SSL",0.470788551221351,0.0707885512213511,200,5
"scenarioA","X_2","strong",0.6,-0.5,-0.701626896165218,"SSL",-0.72291815127779,-0.22291815127779,200,5
"scenarioA","X_3","weak",0.3,0.6,0.780113192166011,"SSL",0.756654321593275,0.156654321593275,200,5
"scenarioA","X_4","weak",0.3,0.75,0.717128437284147,"SSL",0.68781862872186,-0.0621813712781401,200,5
"scenarioA","X_5","indep",0,-0.8,-0.767733770664848,"SSL",-0.778784667902876,0.0212153320971239,200,5
"scenarioA","X_6","indep",0,0,NA,"SSL",0,0,200,5
"scenarioA","X_7","indep",0,0,NA,"SSL",0,0,200,5
"scenarioA","X_8","indep",0,0,NA,"SSL",0,0,200,5
"scenarioA","X_9","indep",0,0,NA,"SSL",-0.147780732055723,-0.147780732055723,200,5
"scenarioA","X_10","indep",0,0,NA,"SSL",0,0,200,5
"scenarioA","X_11","indep",0,0,NA,"SSL",-0.117733662123671,-0.117733662123671,200,5
"scenarioA","X_12","indep",0,0,NA,"SSL",0,0,200,5
"scenarioA","X_13","indep",0,0,NA,"SSL",0,0,200,5
"scenarioA","X_14","indep",0,0,NA,"SSL",0,0,200,5
"scenarioA","X_15","indep",0,0,NA,"SSL",0,0,200,5
"scenarioA","X_16","indep",0,0,NA,"SSL",0,0,200,5
"scenarioA","X_17","indep",0,0,NA,"SSL",0,0,200,5
"scenarioA","X_18","weak",0.3,0,NA,"SSL",0,0,200,5
"scenarioA","X_19","weak",0.3,0,NA,"SSL",0.0627103503658608,0.0627103503658608,200,5
"scenarioA","X_20","weak",0.3,0,NA,"SSL",0,0,200,5
"scenarioA","X_21","weak",0.3,0,NA,"SSL",0,0,200,5
"scenarioA","X_22","strong",0.6,0,NA,"SSL",0,0,200,5
"scenarioA","X_23","strong",0.6,0,NA,"SSL",0.209166996198547,0.209166996198547,200,5
"scenarioA","X_24","strong",0.6,0,NA,"SSL",0,0,200,5
"scenarioA","X_25","strong",0.6,0,NA,"SSL",0,0,200,5
"scenarioA","X_1","strong",0.6,0.4,0.582930050411484,"LASSO",0.30245435397121,-0.0975456460287901,200,5
"scenarioA","X_2","strong",0.6,-0.5,-0.701626896165218,"LASSO",-0.458140833532898,0.041859166467102,200,5
"scenarioA","X_3","weak",0.3,0.6,0.780113192166011,"LASSO",0.580949247103364,-0.0190507528966357,200,5
"scenarioA","X_4","weak",0.3,0.75,0.717128437284147,"LASSO",0.551753024898753,-0.198246975101247,200,5
"scenarioA","X_5","indep",0,-0.8,-0.767733770664848,"LASSO",-0.55143300037689,0.24856699962311,200,5
"scenarioA","X_6","indep",0,0,NA,"LASSO",0,0,200,5
"scenarioA","X_7","indep",0,0,NA,"LASSO",0,0,200,5
"scenarioA","X_8","indep",0,0,NA,"LASSO",0,0,200,5
"scenarioA","X_9","indep",0,0,NA,"LASSO",-0.0684257965719982,-0.0684257965719982,200,5
"scenarioA","X_10","indep",0,0,NA,"LASSO",0,0,200,5
"scenarioA","X_11","indep",0,0,NA,"LASSO",-0.0654361821489416,-0.0654361821489416,200,5
"scenarioA","X_12","indep",0,0,NA,"LASSO",0,0,200,5
"scenarioA","X_13","indep",0,0,NA,"LASSO",0,0,200,5
"scenarioA","X_14","indep",0,0,NA,"LASSO",0,0,200,5
"scenarioA","X_15","indep",0,0,NA,"LASSO",0,0,200,5
"scenarioA","X_16","indep",0,0,NA,"LASSO",0.0148755231250226,0.0148755231250226,200,5
"scenarioA","X_17","indep",0,0,NA,"LASSO",0,0,200,5
"scenarioA","X_18","weak",0.3,0,NA,"LASSO",0,0,200,5
"scenarioA","X_19","weak",0.3,0,NA,"LASSO",0.0471740176608187,0.0471740176608187,200,5
"scenarioA","X_20","weak",0.3,0,NA,"LASSO",0,0,200,5
"scenarioA","X_21","weak",0.3,0,NA,"LASSO",0,0,200,5
"scenarioA","X_22","strong",0.6,0,NA,"LASSO",0,0,200,5
"scenarioA","X_23","strong",0.6,0,NA,"LASSO",0.0820571744608162,0.0820571744608162,200,5
"scenarioA","X_24","strong",0.6,0,NA,"LASSO",0,0,200,5
"scenarioA","X_25","strong",0.6,0,NA,"LASSO",0,0,200,5
"scenarioA","X_1","strong",0.6,0.4,0.311891985901625,"SSL",0.221862588312709,-0.178137411687291,200,6
"scenarioA","X_2","strong",0.6,-0.5,-0.466183289480438,"SSL",-0.542586009363391,-0.0425860093633911,200,6
"scenarioA","X_3","weak",0.3,0.6,0.561249026961605,"SSL",0.53183002560154,-0.0681699743984604,200,6
"scenarioA","X_4","weak",0.3,0.75,0.77612263036994,"SSL",0.76688261813361,0.0168826181336104,200,6
"scenarioA","X_5","indep",0,-0.8,-0.59987221056105,"SSL",-0.58983289425185,0.21016710574815,200,6
"scenarioA","X_6","indep",0,0,NA,"SSL",0,0,200,6
"scenarioA","X_7","indep",0,0,NA,"SSL",0,0,200,6
"scenarioA","X_8","indep",0,0,NA,"SSL",0.198625690151798,0.198625690151798,200,6
"scenarioA","X_9","indep",0,0,NA,"SSL",-0.0354880844171586,-0.0354880844171586,200,6
"scenarioA","X_10","indep",0,0,NA,"SSL",0,0,200,6
"scenarioA","X_11","indep",0,0,NA,"SSL",0,0,200,6
"scenarioA","X_12","indep",0,0,NA,"SSL",0,0,200,6
"scenarioA","X_13","indep",0,0,NA,"SSL",0,0,200,6
"scenarioA","X_14","indep",0,0,NA,"SSL",0,0,200,6
"scenarioA","X_15","indep",0,0,NA,"SSL",-0.0940749970089237,-0.0940749970089237,200,6
"scenarioA","X_16","indep",0,0,NA,"SSL",-0.0460573469913498,-0.0460573469913498,200,6
"scenarioA","X_17","indep",0,0,NA,"SSL",-0.140765789089557,-0.140765789089557,200,6
"scenarioA","X_18","weak",0.3,0,NA,"SSL",0.109690569091,0.109690569091,200,6
"scenarioA","X_19","weak",0.3,0,NA,"SSL",0.137880171859615,0.137880171859615,200,6
"scenarioA","X_20","weak",0.3,0,NA,"SSL",0.0200159815222184,0.0200159815222184,200,6
"scenarioA","X_21","weak",0.3,0,NA,"SSL",0,0,200,6
"scenarioA","X_22","strong",0.6,0,NA,"SSL",0,0,200,6
"scenarioA","X_23","strong",0.6,0,NA,"SSL",0,0,200,6
"scenarioA","X_24","strong",0.6,0,NA,"SSL",0,0,200,6
"scenarioA","X_25","strong",0.6,0,NA,"SSL",0.2739969827848,0.2739969827848,200,6
"scenarioA","X_1","strong",0.6,0.4,0.311891985901625,"LASSO",0,-0.4,200,6
"scenarioA","X_2","strong",0.6,-0.5,-0.466183289480438,"LASSO",0,0.5,200,6
"scenarioA","X_3","weak",0.3,0.6,0.561249026961605,"LASSO",0.285760215581683,-0.314239784418317,200,6
"scenarioA","X_4","weak",0.3,0.75,0.77612263036994,"LASSO",0.547541568461798,-0.202458431538202,200,6
"scenarioA","X_5","indep",0,-0.8,-0.59987221056105,"LASSO",-0.29162705372625,0.508372946273751,200,6
"scenarioA","X_6","indep",0,0,NA,"LASSO",0,0,200,6
"scenarioA","X_7","indep",0,0,NA,"LASSO",0,0,200,6
"scenarioA","X_8","indep",0,0,NA,"LASSO",0,0,200,6
"scenarioA","X_9","indep",0,0,NA,"LASSO",0,0,200,6
"scenarioA","X_10","indep",0,0,NA,"LASSO",0,0,200,6
"scenarioA","X_11","indep",0,0,NA,"LASSO",0,0,200,6
"scenarioA","X_12","indep",0,0,NA,"LASSO",0,0,200,6
"scenarioA","X_13","indep",0,0,NA,"LASSO",0,0,200,6
"scenarioA","X_14","indep",0,0,NA,"LASSO",0,0,200,6
"scenarioA","X_15","indep",0,0,NA,"LASSO",0,0,200,6
"scenarioA","X_16","indep",0,0,NA,"LASSO",0,0,200,6
"scenarioA","X_17","indep",0,0,NA,"LASSO",0,0,200,6
"scenarioA","X_18","weak",0.3,0,NA,"LASSO",0,0,200,6
"scenarioA","X_19","weak",0.3,0,NA,"LASSO",0,0,200,6
"scenarioA","X_20","weak",0.3,0,NA,"LASSO",0,0,200,6
"scenarioA","X_21","weak",0.3,0,NA,"LASSO",0,0,200,6
"scenarioA","X_22","strong",0.6,0,NA,"LASSO",0,0,200,6
"scenarioA","X_23","strong",0.6,0,NA,"LASSO",0,0,200,6
"scenarioA","X_24","strong",0.6,0,NA,"LASSO",0,0,200,6
"scenarioA","X_25","strong",0.6,0,NA,"LASSO",0,0,200,6
"scenarioA","X_1","strong",0.6,0.4,0.457872758970986,"SSL",0.312218886166417,-0.0877811138335835,200,7
"scenarioA","X_2","strong",0.6,-0.5,-0.845423048490761,"SSL",-0.663210766531622,-0.163210766531622,200,7
"scenarioA","X_3","weak",0.3,0.6,0.655395467242141,"SSL",0.538096655897361,-0.0619033441026385,200,7
"scenarioA","X_4","weak",0.3,0.75,1.05306306356713,"SSL",0.95019808028585,0.20019808028585,200,7
"scenarioA","X_5","indep",0,-0.8,-0.772453791627041,"SSL",-0.647994639413783,0.152005360586217,200,7
"scenarioA","X_6","indep",0,0,NA,"SSL",-0.139933122674647,-0.139933122674647,200,7
"scenarioA","X_7","indep",0,0,NA,"SSL",0,0,200,7
"scenarioA","X_8","indep",0,0,NA,"SSL",0,0,200,7
"scenarioA","X_9","indep",0,0,NA,"SSL",0,0,200,7
"scenarioA","X_10","indep",0,0,NA,"SSL",0,0,200,7
"scenarioA","X_11","indep",0,0,NA,"SSL",0,0,200,7
"scenarioA","X_12","indep",0,0,NA,"SSL",0,0,200,7
"scenarioA","X_13","indep",0,0,NA,"SSL",0,0,200,7
"scenarioA","X_14","indep",0,0,NA,"SSL",0,0,200,7
"scenarioA","X_15","indep",0,0,NA,"SSL",0,0,200,7
"scenarioA","X_16","indep",0,0,NA,"SSL",0,0,200,7
"scenarioA","X_17","indep",0,0,NA,"SSL",0,0,200,7
"scenarioA","X_18","weak",0.3,0,NA,"SSL",0,0,200,7
"scenarioA","X_19","weak",0.3,0,NA,"SSL",0,0,200,7
"scenarioA","X_20","weak",0.3,0,NA,"SSL",0,0,200,7
"scenarioA","X_21","weak",0.3,0,NA,"SSL",0,0,200,7
"scenarioA","X_22","strong",0.6,0,NA,"SSL",0,0,200,7
"scenarioA","X_23","strong",0.6,0,NA,"SSL",0,0,200,7
"scenarioA","X_24","strong",0.6,0,NA,"SSL",0,0,200,7
"scenarioA","X_25","strong",0.6,0,NA,"SSL",0,0,200,7
"scenarioA","X_1","strong",0.6,0.4,0.457872758970986,"LASSO",0.194634057890201,-0.205365942109799,200,7
"scenarioA","X_2","strong",0.6,-0.5,-0.845423048490761,"LASSO",-0.521419375468662,-0.0214193754686623,200,7
"scenarioA","X_3","weak",0.3,0.6,0.655395467242141,"LASSO",0.450336864995751,-0.149663135004249,200,7
"scenarioA","X_4","weak",0.3,0.75,1.05306306356713,"LASSO",0.860837134023307,0.110837134023307,200,7
"scenarioA","X_5","indep",0,-0.8,-0.772453791627041,"LASSO",-0.554564973338041,0.245435026661959,200,7
"scenarioA","X_6","indep",0,0,NA,"LASSO",-0.0963284499723404,-0.0963284499723404,200,7
"scenarioA","X_7","indep",0,0,NA,"LASSO",0,0,200,7
"scenarioA","X_8","indep",0,0,NA,"LASSO",0,0,200,7
"scenarioA","X_9","indep",0,0,NA,"LASSO",0,0,200,7
"scenarioA","X_10","indep",0,0,NA,"LASSO",0,0,200,7
"scenarioA","X_11","indep",0,0,NA,"LASSO",0,0,200,7
"scenarioA","X_12","indep",0,0,NA,"LASSO",0,0,200,7
"scenarioA","X_13","indep",0,0,NA,"LASSO",0,0,200,7
"scenarioA","X_14","indep",0,0,NA,"LASSO",0,0,200,7
"scenarioA","X_15","indep",0,0,NA,"LASSO",0,0,200,7
"scenarioA","X_16","indep",0,0,NA,"LASSO",0,0,200,7
"scenarioA","X_17","indep",0,0,NA,"LASSO",0,0,200,7
"scenarioA","X_18","weak",0.3,0,NA,"LASSO",0,0,200,7
"scenarioA","X_19","weak",0.3,0,NA,"LASSO",0,0,200,7
"scenarioA","X_20","weak",0.3,0,NA,"LASSO",0,0,200,7
"scenarioA","X_21","weak",0.3,0,NA,"LASSO",0,0,200,7
"scenarioA","X_22","strong",0.6,0,NA,"LASSO",0,0,200,7
"scenarioA","X_23","strong",0.6,0,NA,"LASSO",0,0,200,7
"scenarioA","X_24","strong",0.6,0,NA,"LASSO",0,0,200,7
"scenarioA","X_25","strong",0.6,0,NA,"LASSO",0,0,200,7
"scenarioA","X_1","strong",0.6,0.4,0.448059542083196,"SSL",0.507162854893457,0.107162854893457,200,8
"scenarioA","X_2","strong",0.6,-0.5,-0.66078589507569,"SSL",-0.720635994392432,-0.220635994392432,200,8
"scenarioA","X_3","weak",0.3,0.6,0.65937069860579,"SSL",0.857622988293596,0.257622988293596,200,8
"scenarioA","X_4","weak",0.3,0.75,0.828349191478037,"SSL",0.864408300874862,0.114408300874862,200,8
"scenarioA","X_5","indep",0,-0.8,-0.827422993616901,"SSL",-0.893367057299069,-0.0933670572990689,200,8
"scenarioA","X_6","indep",0,0,NA,"SSL",0,0,200,8
"scenarioA","X_7","indep",0,0,NA,"SSL",0,0,200,8
"scenarioA","X_8","indep",0,0,NA,"SSL",-0.219806570026643,-0.219806570026643,200,8
"scenarioA","X_9","indep",0,0,NA,"SSL",0,0,200,8
"scenarioA","X_10","indep",0,0,NA,"SSL",-0.181872558189125,-0.181872558189125,200,8
"scenarioA","X_11","indep",0,0,NA,"SSL",0,0,200,8
"scenarioA","X_12","indep",0,0,NA,"SSL",-0.188917435040853,-0.188917435040853,200,8
"scenarioA","X_13","indep",0,0,NA,"SSL",0.224555333542255,0.224555333542255,200,8
"scenarioA","X_14","indep",0,0,NA,"SSL",0,0,200,8
"scenarioA","X_15","indep",0,0,NA,"SSL",0,0,200,8
"scenarioA","X_16","indep",0,0,NA,"SSL",0,0,200,8
"scenarioA","X_17","indep",0,0,NA,"SSL",0,0,200,8
"scenarioA","X_18","weak",0.3,0,NA,"SSL",0,0,200,8
"scenarioA","X_19","weak",0.3,0,NA,"SSL",0,0,200,8
"scenarioA","X_20","weak",0.3,0,NA,"SSL",0,0,200,8
"scenarioA","X_21","weak",0.3,0,NA,"SSL",-0.251696212251734,-0.251696212251734,200,8
"scenarioA","X_22","strong",0.6,0,NA,"SSL",0,0,200,8
"scenarioA","X_23","strong",0.6,0,NA,"SSL",0,0,200,8
"scenarioA","X_24","strong",0.6,0,NA,"SSL",0,0,200,8
"scenarioA","X_25","strong",0.6,0,NA,"SSL",0,0,200,8
"scenarioA","X_1","strong",0.6,0.4,0.448059542083196,"LASSO",0,-0.4,200,8
"scenarioA","X_2","strong",0.6,-0.5,-0.66078589507569,"LASSO",-0.129387214590657,0.370612785409343,200,8
"scenarioA","X_3","weak",0.3,0.6,0.65937069860579,"LASSO",0.44089504647966,-0.15910495352034,200,8
"scenarioA","X_4","weak",0.3,0.75,0.828349191478037,"LASSO",0.574952856080472,-0.175047143919528,200,8
"scenarioA","X_5","indep",0,-0.8,-0.827422993616901,"LASSO",-0.530843948871252,0.269156051128748,200,8
"scenarioA","X_6","indep",0,0,NA,"LASSO",0,0,200,8
"scenarioA","X_7","indep",0,0,NA,"LASSO",0,0,200,8
"scenarioA","X_8","indep",0,0,NA,"LASSO",-0.0650905552374475,-0.0650905552374475,200,8
"scenarioA","X_9","indep",0,0,NA,"LASSO",0,0,200,8
"scenarioA","X_10","indep",0,0,NA,"LASSO",0,0,200,8
"scenarioA","X_11","indep",0,0,NA,"LASSO",0,0,200,8
"scenarioA","X_12","indep",0,0,NA,"LASSO",0,0,200,8
"scenarioA","X_13","indep",0,0,NA,"LASSO",0,0,200,8
"scenarioA","X_14","indep",0,0,NA,"LASSO",0,0,200,8
"scenarioA","X_15","indep",0,0,NA,"LASSO",0,0,200,8
"scenarioA","X_16","indep",0,0,NA,"LASSO",0.0358050761071253,0.0358050761071253,200,8
"scenarioA","X_17","indep",0,0,NA,"LASSO",0,0,200,8
"scenarioA","X_18","weak",0.3,0,NA,"LASSO",0,0,200,8
"scenarioA","X_19","weak",0.3,0,NA,"LASSO",0,0,200,8
"scenarioA","X_20","weak",0.3,0,NA,"LASSO",0,0,200,8
"scenarioA","X_21","weak",0.3,0,NA,"LASSO",0,0,200,8
"scenarioA","X_22","strong",0.6,0,NA,"LASSO",0,0,200,8
"scenarioA","X_23","strong",0.6,0,NA,"LASSO",0,0,200,8
"scenarioA","X_24","strong",0.6,0,NA,"LASSO",0,0,200,8
"scenarioA","X_25","strong",0.6,0,NA,"LASSO",0,0,200,8
"scenarioA","X_1","strong",0.6,0.4,0.279492154206859,"SSL",0,-0.4,200,9
"scenarioA","X_2","strong",0.6,-0.5,-0.468137531219844,"SSL",0,0.5,200,9
"scenarioA","X_3","weak",0.3,0.6,1.00607021298508,"SSL",0.948581600191491,0.348581600191491,200,9
"scenarioA","X_4","weak",0.3,0.75,0.669378497717111,"SSL",0.535334209506515,-0.214665790493485,200,9
"scenarioA","X_5","indep",0,-0.8,-0.972541062662743,"SSL",-0.823677075670974,-0.0236770756709742,200,9
"scenarioA","X_6","indep",0,0,NA,"SSL",0,0,200,9
"scenarioA","X_7","indep",0,0,NA,"SSL",0,0,200,9
"scenarioA","X_8","indep",0,0,NA,"SSL",0,0,200,9
"scenarioA","X_9","indep",0,0,NA,"SSL",0,0,200,9
"scenarioA","X_10","indep",0,0,NA,"SSL",0,0,200,9
"scenarioA","X_11","indep",0,0,NA,"SSL",0,0,200,9
"scenarioA","X_12","indep",0,0,NA,"SSL",0,0,200,9
"scenarioA","X_13","indep",0,0,NA,"SSL",0,0,200,9
"scenarioA","X_14","indep",0,0,NA,"SSL",0,0,200,9
"scenarioA","X_15","indep",0,0,NA,"SSL",0,0,200,9
"scenarioA","X_16","indep",0,0,NA,"SSL",0,0,200,9
"scenarioA","X_17","indep",0,0,NA,"SSL",0,0,200,9
"scenarioA","X_18","weak",0.3,0,NA,"SSL",0,0,200,9
"scenarioA","X_19","weak",0.3,0,NA,"SSL",0,0,200,9
"scenarioA","X_20","weak",0.3,0,NA,"SSL",0,0,200,9
"scenarioA","X_21","weak",0.3,0,NA,"SSL",0,0,200,9
"scenarioA","X_22","strong",0.6,0,NA,"SSL",-0.254511489514839,-0.254511489514839,200,9
"scenarioA","X_23","strong",0.6,0,NA,"SSL",0,0,200,9
"scenarioA","X_24","strong",0.6,0,NA,"SSL",0,0,200,9
"scenarioA","X_25","strong",0.6,0,NA,"SSL",0,0,200,9
"scenarioA","X_1","strong",0.6,0.4,0.279492154206859,"LASSO",0,-0.4,200,9
"scenarioA","X_2","strong",0.6,-0.5,-0.468137531219844,"LASSO",0,0.5,200,9
"scenarioA","X_3","weak",0.3,0.6,1.00607021298508,"LASSO",0.775262910076958,0.175262910076958,200,9
"scenarioA","X_4","weak",0.3,0.75,0.669378497717111,"LASSO",0.389113304975014,-0.360886695024986,200,9
"scenarioA","X_5","indep",0,-0.8,-0.972541062662743,"LASSO",-0.656388900415506,0.143611099584494,200,9
"scenarioA","X_6","indep",0,0,NA,"LASSO",0,0,200,9
"scenarioA","X_7","indep",0,0,NA,"LASSO",0,0,200,9
"scenarioA","X_8","indep",0,0,NA,"LASSO",0,0,200,9
"scenarioA","X_9","indep",0,0,NA,"LASSO",0,0,200,9
"scenarioA","X_10","indep",0,0,NA,"LASSO",0,0,200,9
"scenarioA","X_11","indep",0,0,NA,"LASSO",0,0,200,9
"scenarioA","X_12","indep",0,0,NA,"LASSO",0,0,200,9
"scenarioA","X_13","indep",0,0,NA,"LASSO",0,0,200,9
"scenarioA","X_14","indep",0,0,NA,"LASSO",0,0,200,9
"scenarioA","X_15","indep",0,0,NA,"LASSO",0,0,200,9
"scenarioA","X_16","indep",0,0,NA,"LASSO",0,0,200,9
"scenarioA","X_17","indep",0,0,NA,"LASSO",0,0,200,9
"scenarioA","X_18","weak",0.3,0,NA,"LASSO",0,0,200,9
"scenarioA","X_19","weak",0.3,0,NA,"LASSO",0.118971485951602,0.118971485951602,200,9
"scenarioA","X_20","weak",0.3,0,NA,"LASSO",0,0,200,9
"scenarioA","X_21","weak",0.3,0,NA,"LASSO",0.0454798453029151,0.0454798453029151,200,9
"scenarioA","X_22","strong",0.6,0,NA,"LASSO",-0.147539546299549,-0.147539546299549,200,9
"scenarioA","X_23","strong",0.6,0,NA,"LASSO",0,0,200,9
"scenarioA","X_24","strong",0.6,0,NA,"LASSO",0,0,200,9
"scenarioA","X_25","strong",0.6,0,NA,"LASSO",0,0,200,9
"scenarioA","X_1","strong",0.6,0.4,0.350021410001045,"SSL",0.154916224532312,-0.245083775467688,200,10
"scenarioA","X_2","strong",0.6,-0.5,-0.532339138135735,"SSL",-0.442509925715957,0.057490074284043,200,10
"scenarioA","X_3","weak",0.3,0.6,0.656142768054699,"SSL",0.59080632748784,-0.00919367251215986,200,10
"scenarioA","X_4","weak",0.3,0.75,0.664112786447198,"SSL",0.628135941024238,-0.121864058975762,200,10
"scenarioA","X_5","indep",0,-0.8,-0.995993667547087,"SSL",-0.906041852542106,-0.106041852542106,200,10
"scenarioA","X_6","indep",0,0,NA,"SSL",0,0,200,10
"scenarioA","X_7","indep",0,0,NA,"SSL",0,0,200,10
"scenarioA","X_8","indep",0,0,NA,"SSL",-0.146412144467958,-0.146412144467958,200,10
"scenarioA","X_9","indep",0,0,NA,"SSL",0,0,200,10
"scenarioA","X_10","indep",0,0,NA,"SSL",0,0,200,10
"scenarioA","X_11","indep",0,0,NA,"SSL",0,0,200,10
"scenarioA","X_12","indep",0,0,NA,"SSL",0,0,200,10
"scenarioA","X_13","indep",0,0,NA,"SSL",0,0,200,10
"scenarioA","X_14","indep",0,0,NA,"SSL",0,0,200,10
"scenarioA","X_15","indep",0,0,NA,"SSL",0,0,200,10
"scenarioA","X_16","indep",0,0,NA,"SSL",0,0,200,10
"scenarioA","X_17","indep",0,0,NA,"SSL",0,0,200,10
"scenarioA","X_18","weak",0.3,0,NA,"SSL",0,0,200,10
"scenarioA","X_19","weak",0.3,0,NA,"SSL",0,0,200,10
"scenarioA","X_20","weak",0.3,0,NA,"SSL",0,0,200,10
"scenarioA","X_21","weak",0.3,0,NA,"SSL",0,0,200,10
"scenarioA","X_22","strong",0.6,0,NA,"SSL",0.170741160418332,0.170741160418332,200,10
"scenarioA","X_23","strong",0.6,0,NA,"SSL",0,0,200,10
"scenarioA","X_24","strong",0.6,0,NA,"SSL",0,0,200,10
"scenarioA","X_25","strong",0.6,0,NA,"SSL",0,0,200,10
"scenarioA","X_1","strong",0.6,0.4,0.350021410001045,"LASSO",0,-0.4,200,10
"scenarioA","X_2","strong",0.6,-0.5,-0.532339138135735,"LASSO",-0.147371383685282,0.352628616314718,200,10
"scenarioA","X_3","weak",0.3,0.6,0.656142768054699,"LASSO",0.432709410238327,-0.167290589761673,200,10
"scenarioA","X_4","weak",0.3,0.75,0.664112786447198,"LASSO",0.551508479301557,-0.198491520698443,200,10
"scenarioA","X_5","indep",0,-0.8,-0.995993667547087,"LASSO",-0.701720509753822,0.0982794902461779,200,10
"scenarioA","X_6","indep",0,0,NA,"LASSO",0,0,200,10
"scenarioA","X_7","indep",0,0,NA,"LASSO",0,0,200,10
"scenarioA","X_8","indep",0,0,NA,"LASSO",0,0,200,10
"scenarioA","X_9","indep",0,0,NA,"LASSO",0,0,200,10
"scenarioA","X_10","indep",0,0,NA,"LASSO",0,0,200,10
"scenarioA","X_11","indep",0,0,NA,"LASSO",0,0,200,10
"scenarioA","X_12","indep",0,0,NA,"LASSO",0,0,200,10
"scenarioA","X_13","indep",0,0,NA,"LASSO",0,0,200,10
"scenarioA","X_14","indep",0,0,NA,"LASSO",0,0,200,10
"scenarioA","X_15","indep",0,0,NA,"LASSO",0,0,200,10
"scenarioA","X_16","indep",0,0,NA,"LASSO",0,0,200,10
"scenarioA","X_17","indep",0,0,NA,"LASSO",0,0,200,10
"scenarioA","X_18","weak",0.3,0,NA,"LASSO",0,0,200,10
"scenarioA","X_19","weak",0.3,0,NA,"LASSO",0,0,200,10
"scenarioA","X_20","weak",0.3,0,NA,"LASSO",0,0,200,10
"scenarioA","X_21","weak",0.3,0,NA,"LASSO",0,0,200,10
"scenarioA","X_22","strong",0.6,0,NA,"LASSO",0,0,200,10
"scenarioA","X_23","strong",0.6,0,NA,"LASSO",0,0,200,10
"scenarioA","X_24","strong",0.6,0,NA,"LASSO",0,0,200,10
"scenarioA","X_25","strong",0.6,0,NA,"LASSO",0,0,200,10
"scenarioA","X_1","strong",0.6,0.4,0.408300536067198,"SSL",0,-0.4,200,11
"scenarioA","X_2","strong",0.6,-0.5,-0.448419636831149,"SSL",0,0.5,200,11
"scenarioA","X_3","weak",0.3,0.6,0.652447806641023,"SSL",0.556803381275615,-0.0431966187243852,200,11
"scenarioA","X_4","weak",0.3,0.75,0.813108410191293,"SSL",0.682447549612313,-0.0675524503876865,200,11
"scenarioA","X_5","indep",0,-0.8,-0.79752404831771,"SSL",-0.627397133801997,0.172602866198003,200,11
"scenarioA","X_6","indep",0,0,NA,"SSL",0,0,200,11
"scenarioA","X_7","indep",0,0,NA,"SSL",0,0,200,11
"scenarioA","X_8","indep",0,0,NA,"SSL",0,0,200,11
"scenarioA","X_9","indep",0,0,NA,"SSL",0,0,200,11
"scenarioA","X_10","indep",0,0,NA,"SSL",0,0,200,11
"scenarioA","X_11","indep",0,0,NA,"SSL",0,0,200,11
"scenarioA","X_12","indep",0,0,NA,"SSL",0,0,200,11
"scenarioA","X_13","indep",0,0,NA,"SSL",0,0,200,11
"scenarioA","X_14","indep",0,0,NA,"SSL",0,0,200,11
"scenarioA","X_15","indep",0,0,NA,"SSL",0,0,200,11
"scenarioA","X_16","indep",0,0,NA,"SSL",0,0,200,11
"scenarioA","X_17","indep",0,0,NA,"SSL",0,0,200,11
"scenarioA","X_18","weak",0.3,0,NA,"SSL",0,0,200,11
"scenarioA","X_19","weak",0.3,0,NA,"SSL",0,0,200,11
"scenarioA","X_20","weak",0.3,0,NA,"SSL",0,0,200,11
"scenarioA","X_21","weak",0.3,0,NA,"SSL",0,0,200,11
"scenarioA","X_22","strong",0.6,0,NA,"SSL",0,0,200,11
"scenarioA","X_23","strong",0.6,0,NA,"SSL",0,0,200,11
"scenarioA","X_24","strong",0.6,0,NA,"SSL",0,0,200,11
"scenarioA","X_25","strong",0.6,0,NA,"SSL",0,0,200,11
"scenarioA","X_1","strong",0.6,0.4,0.408300536067198,"LASSO",0.155284407982952,-0.244715592017048,200,11
"scenarioA","X_2","strong",0.6,-0.5,-0.448419636831149,"LASSO",-0.0665329865649704,0.43346701343503,200,11
"scenarioA","X_3","weak",0.3,0.6,0.652447806641023,"LASSO",0.48326999211048,-0.11673000788952,200,11
"scenarioA","X_4","weak",0.3,0.75,0.813108410191293,"LASSO",0.596725475263558,-0.153274524736442,200,11
"scenarioA","X_5","indep",0,-0.8,-0.79752404831771,"LASSO",-0.545830249056912,0.254169750943088,200,11
"scenarioA","X_6","indep",0,0,NA,"LASSO",0,0,200,11
"scenarioA","X_7","indep",0,0,NA,"LASSO",0,0,200,11
"scenarioA","X_8","indep",0,0,NA,"LASSO",0,0,200,11
"scenarioA","X_9","indep",0,0,NA,"LASSO",0,0,200,11
"scenarioA","X_10","indep",0,0,NA,"LASSO",0,0,200,11
"scenarioA","X_11","indep",0,0,NA,"LASSO",0,0,200,11
"scenarioA","X_12","indep",0,0,NA,"LASSO",0,0,200,11
"scenarioA","X_13","indep",0,0,NA,"LASSO",0,0,200,11
"scenarioA","X_14","indep",0,0,NA,"LASSO",-0.054090399977496,-0.054090399977496,200,11
"scenarioA","X_15","indep",0,0,NA,"LASSO",0,0,200,11
"scenarioA","X_16","indep",0,0,NA,"LASSO",0,0,200,11
"scenarioA","X_17","indep",0,0,NA,"LASSO",0,0,200,11
"scenarioA","X_18","weak",0.3,0,NA,"LASSO",0,0,200,11
"scenarioA","X_19","weak",0.3,0,NA,"LASSO",0,0,200,11
"scenarioA","X_20","weak",0.3,0,NA,"LASSO",0,0,200,11
"scenarioA","X_21","weak",0.3,0,NA,"LASSO",0,0,200,11
"scenarioA","X_22","strong",0.6,0,NA,"LASSO",0,0,200,11
"scenarioA","X_23","strong",0.6,0,NA,"LASSO",0,0,200,11
"scenarioA","X_24","strong",0.6,0,NA,"LASSO",-0.10482355221874,-0.10482355221874,200,11
"scenarioA","X_25","strong",0.6,0,NA,"LASSO",0,0,200,11
"scenarioA","X_1","strong",0.6,0.4,0.291810479530339,"SSL",0,-0.4,200,12
"scenarioA","X_2","strong",0.6,-0.5,-0.405172239474273,"SSL",0,0.5,200,12
"scenarioA","X_3","weak",0.3,0.6,0.684768008302928,"SSL",0.555571360018079,-0.0444286399819209,200,12
"scenarioA","X_4","weak",0.3,0.75,0.680223175196146,"SSL",0.555111928668115,-0.194888071331885,200,12
"scenarioA","X_5","indep",0,-0.8,-0.856857028083361,"SSL",-0.664036918395981,0.135963081604019,200,12
"scenarioA","X_6","indep",0,0,NA,"SSL",0,0,200,12
"scenarioA","X_7","indep",0,0,NA,"SSL",0,0,200,12
"scenarioA","X_8","indep",0,0,NA,"SSL",0,0,200,12
"scenarioA","X_9","indep",0,0,NA,"SSL",0,0,200,12
"scenarioA","X_10","indep",0,0,NA,"SSL",0,0,200,12
"scenarioA","X_11","indep",0,0,NA,"SSL",0,0,200,12
"scenarioA","X_12","indep",0,0,NA,"SSL",0,0,200,12
"scenarioA","X_13","indep",0,0,NA,"SSL",0,0,200,12
"scenarioA","X_14","indep",0,0,NA,"SSL",0,0,200,12
"scenarioA","X_15","indep",0,0,NA,"SSL",0,0,200,12
"scenarioA","X_16","indep",0,0,NA,"SSL",0,0,200,12
"scenarioA","X_17","indep",0,0,NA,"SSL",0,0,200,12
"scenarioA","X_18","weak",0.3,0,NA,"SSL",0,0,200,12
"scenarioA","X_19","weak",0.3,0,NA,"SSL",0,0,200,12
"scenarioA","X_20","weak",0.3,0,NA,"SSL",0,0,200,12
"scenarioA","X_21","weak",0.3,0,NA,"SSL",0,0,200,12
"scenarioA","X_22","strong",0.6,0,NA,"SSL",0,0,200,12
"scenarioA","X_23","strong",0.6,0,NA,"SSL",0,0,200,12
"scenarioA","X_24","strong",0.6,0,NA,"SSL",0,0,200,12
"scenarioA","X_25","strong",0.6,0,NA,"SSL",0,0,200,12
"scenarioA","X_1","strong",0.6,0.4,0.291810479530339,"LASSO",0,-0.4,200,12
"scenarioA","X_2","strong",0.6,-0.5,-0.405172239474273,"LASSO",0,0.5,200,12
"scenarioA","X_3","weak",0.3,0.6,0.684768008302928,"LASSO",0.377381570540588,-0.222618429459412,200,12
"scenarioA","X_4","weak",0.3,0.75,0.680223175196146,"LASSO",0.352188879358879,-0.397811120641121,200,12
"scenarioA","X_5","indep",0,-0.8,-0.856857028083361,"LASSO",-0.443302057968707,0.356697942031293,200,12
"scenarioA","X_6","indep",0,0,NA,"LASSO",0,0,200,12
"scenarioA","X_7","indep",0,0,NA,"LASSO",0,0,200,12
"scenarioA","X_8","indep",0,0,NA,"LASSO",-0.0224721996352207,-0.0224721996352207,200,12
"scenarioA","X_9","indep",0,0,NA,"LASSO",0,0,200,12
"scenarioA","X_10","indep",0,0,NA,"LASSO",0,0,200,12
"scenarioA","X_11","indep",0,0,NA,"LASSO",0,0,200,12
"scenarioA","X_12","indep",0,0,NA,"LASSO",0,0,200,12
"scenarioA","X_13","indep",0,0,NA,"LASSO",0,0,200,12
"scenarioA","X_14","indep",0,0,NA,"LASSO",0,0,200,12
"scenarioA","X_15","indep",0,0,NA,"LASSO",0,0,200,12
"scenarioA","X_16","indep",0,0,NA,"LASSO",0,0,200,12
"scenarioA","X_17","indep",0,0,NA,"LASSO",0,0,200,12
"scenarioA","X_18","weak",0.3,0,NA,"LASSO",0,0,200,12
"scenarioA","X_19","weak",0.3,0,NA,"LASSO",0,0,200,12
"scenarioA","X_20","weak",0.3,0,NA,"LASSO",0,0,200,12
"scenarioA","X_21","weak",0.3,0,NA,"LASSO",0,0,200,12
"scenarioA","X_22","strong",0.6,0,NA,"LASSO",0,0,200,12
"scenarioA","X_23","strong",0.6,0,NA,"LASSO",0,0,200,12
"scenarioA","X_24","strong",0.6,0,NA,"LASSO",0,0,200,12
"scenarioA","X_25","strong",0.6,0,NA,"LASSO",0,0,200,12
"scenarioA","X_1","strong",0.6,0.4,0.202298151645736,"SSL",0,-0.4,200,13
"scenarioA","X_2","strong",0.6,-0.5,-0.388967316237622,"SSL",-0.209871004619455,0.290128995380545,200,13
"scenarioA","X_3","weak",0.3,0.6,0.505099570158674,"SSL",0.40607755819607,-0.19392244180393,200,13
"scenarioA","X_4","weak",0.3,0.75,0.674439489091786,"SSL",0.607146025190956,-0.142853974809044,200,13
"scenarioA","X_5","indep",0,-0.8,-0.849710294110502,"SSL",-0.761566718734218,0.0384332812657819,200,13
"scenarioA","X_6","indep",0,0,NA,"SSL",0,0,200,13
"scenarioA","X_7","indep",0,0,NA,"SSL",0,0,200,13
"scenarioA","X_8","indep",0,0,NA,"SSL",0,0,200,13
"scenarioA","X_9","indep",0,0,NA,"SSL",0,0,200,13
"scenarioA","X_10","indep",0,0,NA,"SSL",0,0,200,13
"scenarioA","X_11","indep",0,0,NA,"SSL",0,0,200,13
"scenarioA","X_12","indep",0,0,NA,"SSL",0,0,200,13
"scenarioA","X_13","indep",0,0,NA,"SSL",0,0,200,13
"scenarioA","X_14","indep",0,0,NA,"SSL",0,0,200,13
"scenarioA","X_15","indep",0,0,NA,"SSL",0,0,200,13
"scenarioA","X_16","indep",0,0,NA,"SSL",0,0,200,13
"scenarioA","X_17","indep",0,0,NA,"SSL",-0.152913478358325,-0.152913478358325,200,13
"scenarioA","X_18","weak",0.3,0,NA,"SSL",0,0,200,13
"scenarioA","X_19","weak",0.3,0,NA,"SSL",0,0,200,13
"scenarioA","X_20","weak",0.3,0,NA,"SSL",0,0,200,13
"scenarioA","X_21","weak",0.3,0,NA,"SSL",0,0,200,13
"scenarioA","X_22","strong",0.6,0,NA,"SSL",0,0,200,13
"scenarioA","X_23","strong",0.6,0,NA,"SSL",0,0,200,13
"scenarioA","X_24","strong",0.6,0,NA,"SSL",0,0,200,13
"scenarioA","X_25","strong",0.6,0,NA,"SSL",0,0,200,13
"scenarioA","X_1","strong",0.6,0.4,0.202298151645736,"LASSO",0,-0.4,200,13
"scenarioA","X_2","strong",0.6,-0.5,-0.388967316237622,"LASSO",-0.0873665558463595,0.412633444153641,200,13
"scenarioA","X_3","weak",0.3,0.6,0.505099570158674,"LASSO",0.308142911227339,-0.291857088772661,200,13
"scenarioA","X_4","weak",0.3,0.75,0.674439489091786,"LASSO",0.500501744292824,-0.249498255707176,200,13
"scenarioA","X_5","indep",0,-0.8,-0.849710294110502,"LASSO",-0.633203107896638,0.166796892103362,200,13
"scenarioA","X_6","indep",0,0,NA,"LASSO",0,0,200,13
"scenarioA","X_7","indep",0,0,NA,"LASSO",0,0,200,13
"scenarioA","X_8","indep",0,0,NA,"LASSO",0,0,200,13
"scenarioA","X_9","indep",0,0,NA,"LASSO",0,0,200,13
"scenarioA","X_10","indep",0,0,NA,"LASSO",0,0,200,13
"scenarioA","X_11","indep",0,0,NA,"LASSO",0,0,200,13
"scenarioA","X_12","indep",0,0,NA,"LASSO",0,0,200,13
"scenarioA","X_13","indep",0,0,NA,"LASSO",0,0,200,13
"scenarioA","X_14","indep",0,0,NA,"LASSO",0,0,200,13
"scenarioA","X_15","indep",0,0,NA,"LASSO",0,0,200,13
"scenarioA","X_16","indep",0,0,NA,"LASSO",0,0,200,13
"scenarioA","X_17","indep",0,0,NA,"LASSO",-0.0552182388497237,-0.0552182388497237,200,13
"scenarioA","X_18","weak",0.3,0,NA,"LASSO",0,0,200,13
"scenarioA","X_19","weak",0.3,0,NA,"LASSO",0,0,200,13
"scenarioA","X_20","weak",0.3,0,NA,"LASSO",0,0,200,13
"scenarioA","X_21","weak",0.3,0,NA,"LASSO",0,0,200,13
"scenarioA","X_22","strong",0.6,0,NA,"LASSO",0,0,200,13
"scenarioA","X_23","strong",0.6,0,NA,"LASSO",0,0,200,13
"scenarioA","X_24","strong",0.6,0,NA,"LASSO",-0.064213285063438,-0.064213285063438,200,13
"scenarioA","X_25","strong",0.6,0,NA,"LASSO",0,0,200,13
"scenarioA","X_1","strong",0.6,0.4,0.382698488184572,"SSL",0,-0.4,200,14
"scenarioA","X_2","strong",0.6,-0.5,-0.28689637171563,"SSL",0,0.5,200,14
"scenarioA","X_3","weak",0.3,0.6,0.646925454636528,"SSL",0.619848725496659,0.0198487254966592,200,14
"scenarioA","X_4","weak",0.3,0.75,0.456335785399696,"SSL",0.365228823012027,-0.384771176987973,200,14
"scenarioA","X_5","indep",0,-0.8,-0.675612535835404,"SSL",-0.588545341519168,0.211454658480832,200,14
"scenarioA","X_6","indep",0,0,NA,"SSL",0,0,200,14
"scenarioA","X_7","indep",0,0,NA,"SSL",0,0,200,14
"scenarioA","X_8","indep",0,0,NA,"SSL",0,0,200,14
"scenarioA","X_9","indep",0,0,NA,"SSL",0,0,200,14
"scenarioA","X_10","indep",0,0,NA,"SSL",0,0,200,14
"scenarioA","X_11","indep",0,0,NA,"SSL",0,0,200,14
"scenarioA","X_12","indep",0,0,NA,"SSL",0,0,200,14
"scenarioA","X_13","indep",0,0,NA,"SSL",0,0,200,14
"scenarioA","X_14","indep",0,0,NA,"SSL",0,0,200,14
"scenarioA","X_15","indep",0,0,NA,"SSL",0,0,200,14
"scenarioA","X_16","indep",0,0,NA,"SSL",0,0,200,14
"scenarioA","X_17","indep",0,0,NA,"SSL",0,0,200,14
"scenarioA","X_18","weak",0.3,0,NA,"SSL",0,0,200,14
"scenarioA","X_19","weak",0.3,0,NA,"SSL",0,0,200,14
"scenarioA","X_20","weak",0.3,0,NA,"SSL",0,0,200,14
"scenarioA","X_21","weak",0.3,0,NA,"SSL",0,0,200,14
"scenarioA","X_22","strong",0.6,0,NA,"SSL",0,0,200,14
"scenarioA","X_23","strong",0.6,0,NA,"SSL",0,0,200,14
"scenarioA","X_24","strong",0.6,0,NA,"SSL",0,0,200,14
"scenarioA","X_25","strong",0.6,0,NA,"SSL",0,0,200,14
"scenarioA","X_1","strong",0.6,0.4,0.382698488184572,"LASSO",0,-0.4,200,14
"scenarioA","X_2","strong",0.6,-0.5,-0.28689637171563,"LASSO",0,0.5,200,14
"scenarioA","X_3","weak",0.3,0.6,0.646925454636528,"LASSO",0.490182852995948,-0.109817147004052,200,14
"scenarioA","X_4","weak",0.3,0.75,0.456335785399696,"LASSO",0.251757970948127,-0.498242029051873,200,14
"scenarioA","X_5","indep",0,-0.8,-0.675612535835404,"LASSO",-0.451962785651692,0.348037214348308,200,14
"scenarioA","X_6","indep",0,0,NA,"LASSO",0,0,200,14
"scenarioA","X_7","indep",0,0,NA,"LASSO",0,0,200,14
"scenarioA","X_8","indep",0,0,NA,"LASSO",0,0,200,14
"scenarioA","X_9","indep",0,0,NA,"LASSO",0,0,200,14
"scenarioA","X_10","indep",0,0,NA,"LASSO",0,0,200,14
"scenarioA","X_11","indep",0,0,NA,"LASSO",0,0,200,14
"scenarioA","X_12","indep",0,0,NA,"LASSO",0,0,200,14
"scenarioA","X_13","indep",0,0,NA,"LASSO",0,0,200,14
"scenarioA","X_14","indep",0,0,NA,"LASSO",0,0,200,14
"scenarioA","X_15","indep",0,0,NA,"LASSO",0,0,200,14
"scenarioA","X_16","indep",0,0,NA,"LASSO",0,0,200,14
"scenarioA","X_17","indep",0,0,NA,"LASSO",0,0,200,14
"scenarioA","X_18","weak",0.3,0,NA,"LASSO",0,0,200,14
"scenarioA","X_19","weak",0.3,0,NA,"LASSO",0,0,200,14
"scenarioA","X_20","weak",0.3,0,NA,"LASSO",0.0457301071140824,0.0457301071140824,200,14
"scenarioA","X_21","weak",0.3,0,NA,"LASSO",0.0573807848100592,0.0573807848100592,200,14
"scenarioA","X_22","strong",0.6,0,NA,"LASSO",0,0,200,14
"scenarioA","X_23","strong",0.6,0,NA,"LASSO",0,0,200,14
"scenarioA","X_24","strong",0.6,0,NA,"LASSO",0,0,200,14
"scenarioA","X_25","strong",0.6,0,NA,"LASSO",0,0,200,14
"scenarioA","X_1","strong",0.6,0.4,0.380705423460531,"SSL",0.16561299523377,-0.23438700476623,200,15
"scenarioA","X_2","strong",0.6,-0.5,-0.426337531978646,"SSL",-0.327546631033011,0.172453368966989,200,15
"scenarioA","X_3","weak",0.3,0.6,0.70857380386291,"SSL",0.653944668120071,0.0539446681200708,200,15
"scenarioA","X_4","weak",0.3,0.75,0.6365362355859,"SSL",0.690280876178802,-0.0597191238211984,200,15
"scenarioA","X_5","indep",0,-0.8,-0.998968782703082,"SSL",-0.927489403681344,-0.127489403681344,200,15
"scenarioA","X_6","indep",0,0,NA,"SSL",0.013520088077663,0.013520088077663,200,15
"scenarioA","X_7","indep",0,0,NA,"SSL",-0.0801030479217575,-0.0801030479217575,200,15
"scenarioA","X_8","indep",0,0,NA,"SSL",0.0138491887349949,0.0138491887349949,200,15
"scenarioA","X_9","indep",0,0,NA,"SSL",0,0,200,15
"scenarioA","X_10","indep",0,0,NA,"SSL",0,0,200,15
"scenarioA","X_11","indep",0,0,NA,"SSL",0,0,200,15
"scenarioA","X_12","indep",0,0,NA,"SSL",-0.0915902146390202,-0.0915902146390202,200,15
"scenarioA","X_13","indep",0,0,NA,"SSL",-0.152413560633659,-0.152413560633659,200,15
"scenarioA","X_14","indep",0,0,NA,"SSL",0.0271885136827272,0.0271885136827272,200,15
"scenarioA","X_15","indep",0,0,NA,"SSL",0.103688110250366,0.103688110250366,200,15
"scenarioA","X_16","indep",0,0,NA,"SSL",0,0,200,15
"scenarioA","X_17","indep",0,0,NA,"SSL",-0.0237568438363809,-0.0237568438363809,200,15
"scenarioA","X_18","weak",0.3,0,NA,"SSL",-0.174979763658073,-0.174979763658073,200,15
"scenarioA","X_19","weak",0.3,0,NA,"SSL",0,0,200,15
"scenarioA","X_20","weak",0.3,0,NA,"SSL",-0.00986537506987035,-0.00986537506987035,200,15
"scenarioA","X_21","weak",0.3,0,NA,"SSL",0,0,200,15
"scenarioA","X_22","strong",0.6,0,NA,"SSL",-0.115477050040122,-0.115477050040122,200,15
"scenarioA","X_23","strong",0.6,0,NA,"SSL",-0.20268395019337,-0.20268395019337,200,15
"scenarioA","X_24","strong",0.6,0,NA,"SSL",0.414082961662504,0.414082961662504,200,15
"scenarioA","X_25","strong",0.6,0,NA,"SSL",0.049690821430934,0.049690821430934,200,15
"scenarioA","X_1","strong",0.6,0.4,0.380705423460531,"LASSO",0,-0.4,200,15
"scenarioA","X_2","strong",0.6,-0.5,-0.426337531978646,"LASSO",0,0.5,200,15
"scenarioA","X_3","weak",0.3,0.6,0.70857380386291,"LASSO",0.395414953466259,-0.204585046533741,200,15
"scenarioA","X_4","weak",0.3,0.75,0.6365362355859,"LASSO",0.44978680708267,-0.30021319291733,200,15
"scenarioA","X_5","indep",0,-0.8,-0.998968782703082,"LASSO",-0.604471954830988,0.195528045169012,200,15
"scenarioA","X_6","indep",0,0,NA,"LASSO",0,0,200,15
"scenarioA","X_7","indep",0,0,NA,"LASSO",0,0,200,15
"scenarioA","X_8","indep",0,0,NA,"LASSO",0,0,200,15
"scenarioA","X_9","indep",0,0,NA,"LASSO",0,0,200,15
"scenarioA","X_10","indep",0,0,NA,"LASSO",0,0,200,15
"scenarioA","X_11","indep",0,0,NA,"LASSO",0,0,200,15
"scenarioA","X_12","indep",0,0,NA,"LASSO",0,0,200,15
"scenarioA","X_13","indep",0,0,NA,"LASSO",0,0,200,15
"scenarioA","X_14","indep",0,0,NA,"LASSO",0,0,200,15
"scenarioA","X_15","indep",0,0,NA,"LASSO",0,0,200,15
"scenarioA","X_16","indep",0,0,NA,"LASSO",0,0,200,15
"scenarioA","X_17","indep",0,0,NA,"LASSO",0,0,200,15
"scenarioA","X_18","weak",0.3,0,NA,"LASSO",0,0,200,15
"scenarioA","X_19","weak",0.3,0,NA,"LASSO",0,0,200,15
"scenarioA","X_20","weak",0.3,0,NA,"LASSO",0,0,200,15
"scenarioA","X_21","weak",0.3,0,NA,"LASSO",0,0,200,15
"scenarioA","X_22","strong",0.6,0,NA,"LASSO",0,0,200,15
"scenarioA","X_23","strong",0.6,0,NA,"LASSO",0,0,200,15
"scenarioA","X_24","strong",0.6,0,NA,"LASSO",0.0263437645992925,0.0263437645992925,200,15
"scenarioA","X_25","strong",0.6,0,NA,"LASSO",0,0,200,15
"scenarioA","X_1","strong",0.6,0.4,0.551947062364038,"SSL",0.344222790699293,-0.0557772093007075,200,16
"scenarioA","X_2","strong",0.6,-0.5,-0.733468647464181,"SSL",-0.602394918276038,-0.102394918276038,200,16
"scenarioA","X_3","weak",0.3,0.6,0.76399590550984,"SSL",0.615701763363251,0.0157017633632509,200,16
"scenarioA","X_4","weak",0.3,0.75,0.630696442707124,"SSL",0.52853242628486,-0.22146757371514,200,16
"scenarioA","X_5","indep",0,-0.8,-0.929704871135844,"SSL",-0.796401322967287,0.00359867703271288,200,16
"scenarioA","X_6","indep",0,0,NA,"SSL",0,0,200,16
"scenarioA","X_7","indep",0,0,NA,"SSL",0,0,200,16
"scenarioA","X_8","indep",0,0,NA,"SSL",0.164611468208243,0.164611468208243,200,16
"scenarioA","X_9","indep",0,0,NA,"SSL",0,0,200,16
"scenarioA","X_10","indep",0,0,NA,"SSL",0,0,200,16
"scenarioA","X_11","indep",0,0,NA,"SSL",0,0,200,16
"scenarioA","X_12","indep",0,0,NA,"SSL",0,0,200,16
"scenarioA","X_13","indep",0,0,NA,"SSL",0,0,200,16
"scenarioA","X_14","indep",0,0,NA,"SSL",0,0,200,16
"scenarioA","X_15","indep",0,0,NA,"SSL",0,0,200,16
"scenarioA","X_16","indep",0,0,NA,"SSL",0,0,200,16
"scenarioA","X_17","indep",0,0,NA,"SSL",0,0,200,16
"scenarioA","X_18","weak",0.3,0,NA,"SSL",0.265595338023411,0.265595338023411,200,16
"scenarioA","X_19","weak",0.3,0,NA,"SSL",0,0,200,16
"scenarioA","X_20","weak",0.3,0,NA,"SSL",0,0,200,16
"scenarioA","X_21","weak",0.3,0,NA,"SSL",0,0,200,16
"scenarioA","X_22","strong",0.6,0,NA,"SSL",0,0,200,16
"scenarioA","X_23","strong",0.6,0,NA,"SSL",0,0,200,16
"scenarioA","X_24","strong",0.6,0,NA,"SSL",0,0,200,16
"scenarioA","X_25","strong",0.6,0,NA,"SSL",0,0,200,16
"scenarioA","X_1","strong",0.6,0.4,0.551947062364038,"LASSO",0.0775369353591113,-0.322463064640889,200,16
"scenarioA","X_2","strong",0.6,-0.5,-0.733468647464181,"LASSO",-0.312546408046828,0.187453591953172,200,16
"scenarioA","X_3","weak",0.3,0.6,0.76399590550984,"LASSO",0.490820167133315,-0.109179832866685,200,16
"scenarioA","X_4","weak",0.3,0.75,0.630696442707124,"LASSO",0.340862837549331,-0.409137162450669,200,16
"scenarioA","X_5","indep",0,-0.8,-0.929704871135844,"LASSO",-0.589770496719289,0.210229503280711,200,16
"scenarioA","X_6","indep",0,0,NA,"LASSO",0,0,200,16
"scenarioA","X_7","indep",0,0,NA,"LASSO",0,0,200,16
"scenarioA","X_8","indep",0,0,NA,"LASSO",0.0421950807529045,0.0421950807529045,200,16
"scenarioA","X_9","indep",0,0,NA,"LASSO",0,0,200,16
"scenarioA","X_10","indep",0,0,NA,"LASSO",0,0,200,16
"scenarioA","X_11","indep",0,0,NA,"LASSO",0,0,200,16
"scenarioA","X_12","indep",0,0,NA,"LASSO",0,0,200,16
"scenarioA","X_13","indep",0,0,NA,"LASSO",0,0,200,16
"scenarioA","X_14","indep",0,0,NA,"LASSO",0,0,200,16
"scenarioA","X_15","indep",0,0,NA,"LASSO",0,0,200,16
"scenarioA","X_16","indep",0,0,NA,"LASSO",0,0,200,16
"scenarioA","X_17","indep",0,0,NA,"LASSO",0,0,200,16
"scenarioA","X_18","weak",0.3,0,NA,"LASSO",0.158232480609098,0.158232480609098,200,16
"scenarioA","X_19","weak",0.3,0,NA,"LASSO",0,0,200,16
"scenarioA","X_20","weak",0.3,0,NA,"LASSO",0,0,200,16
"scenarioA","X_21","weak",0.3,0,NA,"LASSO",0,0,200,16
"scenarioA","X_22","strong",0.6,0,NA,"LASSO",0,0,200,16
"scenarioA","X_23","strong",0.6,0,NA,"LASSO",0,0,200,16
"scenarioA","X_24","strong",0.6,0,NA,"LASSO",0,0,200,16
"scenarioA","X_25","strong",0.6,0,NA,"LASSO",0,0,200,16
"scenarioA","X_1","strong",0.6,0.4,0.386875914561752,"SSL",0,-0.4,200,17
"scenarioA","X_2","strong",0.6,-0.5,-0.620985591053488,"SSL",-0.353482762973485,0.146517237026515,200,17
"scenarioA","X_3","weak",0.3,0.6,0.657314703899882,"SSL",0.571639719866191,-0.0283602801338088,200,17
"scenarioA","X_4","weak",0.3,0.75,0.778610394220542,"SSL",0.630191847673941,-0.119808152326059,200,17
"scenarioA","X_5","indep",0,-0.8,-0.884550177108598,"SSL",-0.788331072589172,0.0116689274108279,200,17
"scenarioA","X_6","indep",0,0,NA,"SSL",0,0,200,17
"scenarioA","X_7","indep",0,0,NA,"SSL",0,0,200,17
"scenarioA","X_8","indep",0,0,NA,"SSL",0,0,200,17
"scenarioA","X_9","indep",0,0,NA,"SSL",0,0,200,17
"scenarioA","X_10","indep",0,0,NA,"SSL",0,0,200,17
"scenarioA","X_11","indep",0,0,NA,"SSL",0.136164452968378,0.136164452968378,200,17
"scenarioA","X_12","indep",0,0,NA,"SSL",0,0,200,17
"scenarioA","X_13","indep",0,0,NA,"SSL",0,0,200,17
"scenarioA","X_14","indep",0,0,NA,"SSL",0,0,200,17
"scenarioA","X_15","indep",0,0,NA,"SSL",0,0,200,17
"scenarioA","X_16","indep",0,0,NA,"SSL",0,0,200,17
"scenarioA","X_17","indep",0,0,NA,"SSL",-0.307440707511337,-0.307440707511337,200,17
"scenarioA","X_18","weak",0.3,0,NA,"SSL",0,0,200,17
"scenarioA","X_19","weak",0.3,0,NA,"SSL",0,0,200,17
"scenarioA","X_20","weak",0.3,0,NA,"SSL",0,0,200,17
"scenarioA","X_21","weak",0.3,0,NA,"SSL",0,0,200,17
"scenarioA","X_22","strong",0.6,0,NA,"SSL",0,0,200,17
"scenarioA","X_23","strong",0.6,0,NA,"SSL",0,0,200,17
"scenarioA","X_24","strong",0.6,0,NA,"SSL",0,0,200,17
"scenarioA","X_25","strong",0.6,0,NA,"SSL",0,0,200,17
"scenarioA","X_1","strong",0.6,0.4,0.386875914561752,"LASSO",0,-0.4,200,17
"scenarioA","X_2","strong",0.6,-0.5,-0.620985591053488,"LASSO",-0.246057841338742,0.253942158661258,200,17
"scenarioA","X_3","weak",0.3,0.6,0.657314703899882,"LASSO",0.479878320705,-0.120121679295,200,17
"scenarioA","X_4","weak",0.3,0.75,0.778610394220542,"LASSO",0.525642129916772,-0.224357870083228,200,17
"scenarioA","X_5","indep",0,-0.8,-0.884550177108598,"LASSO",-0.661730486389902,0.138269513610098,200,17
"scenarioA","X_6","indep",0,0,NA,"LASSO",0,0,200,17
"scenarioA","X_7","indep",0,0,NA,"LASSO",0,0,200,17
"scenarioA","X_8","indep",0,0,NA,"LASSO",0,0,200,17
"scenarioA","X_9","indep",0,0,NA,"LASSO",0,0,200,17
"scenarioA","X_10","indep",0,0,NA,"LASSO",0,0,200,17
"scenarioA","X_11","indep",0,0,NA,"LASSO",0.0991059420675763,0.0991059420675763,200,17
"scenarioA","X_12","indep",0,0,NA,"LASSO",0,0,200,17
"scenarioA","X_13","indep",0,0,NA,"LASSO",0,0,200,17
"scenarioA","X_14","indep",0,0,NA,"LASSO",0,0,200,17
"scenarioA","X_15","indep",0,0,NA,"LASSO",0,0,200,17
"scenarioA","X_16","indep",0,0,NA,"LASSO",0,0,200,17
"scenarioA","X_17","indep",0,0,NA,"LASSO",-0.206154224358842,-0.206154224358842,200,17
"scenarioA","X_18","weak",0.3,0,NA,"LASSO",0,0,200,17
"scenarioA","X_19","weak",0.3,0,NA,"LASSO",0,0,200,17
"scenarioA","X_20","weak",0.3,0,NA,"LASSO",0,0,200,17
"scenarioA","X_21","weak",0.3,0,NA,"LASSO",0,0,200,17
"scenarioA","X_22","strong",0.6,0,NA,"LASSO",0,0,200,17
"scenarioA","X_23","strong",0.6,0,NA,"LASSO",0,0,200,17
"scenarioA","X_24","strong",0.6,0,NA,"LASSO",0,0,200,17
"scenarioA","X_25","strong",0.6,0,NA,"LASSO",0,0,200,17
"scenarioA","X_1","strong",0.6,0.4,0.202002492223271,"SSL",0,-0.4,200,18
"scenarioA","X_2","strong",0.6,-0.5,-0.395662123660121,"SSL",0,0.5,200,18
"scenarioA","X_3","weak",0.3,0.6,0.516189492873713,"SSL",0.467538471439062,-0.132461528560938,200,18
"scenarioA","X_4","weak",0.3,0.75,0.829412694873996,"SSL",0.785946774509251,0.0359467745092505,200,18
"scenarioA","X_5","indep",0,-0.8,-0.581912633840631,"SSL",-0.492102665516723,0.307897334483277,200,18
"scenarioA","X_6","indep",0,0,NA,"SSL",0,0,200,18
"scenarioA","X_7","indep",0,0,NA,"SSL",0,0,200,18
"scenarioA","X_8","indep",0,0,NA,"SSL",0,0,200,18
"scenarioA","X_9","indep",0,0,NA,"SSL",0,0,200,18
"scenarioA","X_10","indep",0,0,NA,"SSL",0,0,200,18
"scenarioA","X_11","indep",0,0,NA,"SSL",0,0,200,18
"scenarioA","X_12","indep",0,0,NA,"SSL",0,0,200,18
"scenarioA","X_13","indep",0,0,NA,"SSL",0,0,200,18
"scenarioA","X_14","indep",0,0,NA,"SSL",0,0,200,18
"scenarioA","X_15","indep",0,0,NA,"SSL",0,0,200,18
"scenarioA","X_16","indep",0,0,NA,"SSL",0,0,200,18
"scenarioA","X_17","indep",0,0,NA,"SSL",0,0,200,18
"scenarioA","X_18","weak",0.3,0,NA,"SSL",0,0,200,18
"scenarioA","X_19","weak",0.3,0,NA,"SSL",0,0,200,18
"scenarioA","X_20","weak",0.3,0,NA,"SSL",0,0,200,18
"scenarioA","X_21","weak",0.3,0,NA,"SSL",0,0,200,18
"scenarioA","X_22","strong",0.6,0,NA,"SSL",-0.255158900377027,-0.255158900377027,200,18
"scenarioA","X_23","strong",0.6,0,NA,"SSL",0,0,200,18
"scenarioA","X_24","strong",0.6,0,NA,"SSL",0,0,200,18
"scenarioA","X_25","strong",0.6,0,NA,"SSL",0,0,200,18
"scenarioA","X_1","strong",0.6,0.4,0.202002492223271,"LASSO",0,-0.4,200,18
"scenarioA","X_2","strong",0.6,-0.5,-0.395662123660121,"LASSO",0,0.5,200,18
"scenarioA","X_3","weak",0.3,0.6,0.516189492873713,"LASSO",0.321099053190624,-0.278900946809376,200,18
"scenarioA","X_4","weak",0.3,0.75,0.829412694873996,"LASSO",0.626066137638141,-0.123933862361859,200,18
"scenarioA","X_5","indep",0,-0.8,-0.581912633840631,"LASSO",-0.349146047310417,0.450853952689583,200,18
"scenarioA","X_6","indep",0,0,NA,"LASSO",0,0,200,18
"scenarioA","X_7","indep",0,0,NA,"LASSO",0,0,200,18
"scenarioA","X_8","indep",0,0,NA,"LASSO",0,0,200,18
"scenarioA","X_9","indep",0,0,NA,"LASSO",0,0,200,18
"scenarioA","X_10","indep",0,0,NA,"LASSO",0,0,200,18
"scenarioA","X_11","indep",0,0,NA,"LASSO",0,0,200,18
"scenarioA","X_12","indep",0,0,NA,"LASSO",0,0,200,18
"scenarioA","X_13","indep",0,0,NA,"LASSO",0,0,200,18
"scenarioA","X_14","indep",0,0,NA,"LASSO",0,0,200,18
"scenarioA","X_15","indep",0,0,NA,"LASSO",0,0,200,18
"scenarioA","X_16","indep",0,0,NA,"LASSO",0,0,200,18
"scenarioA","X_17","indep",0,0,NA,"LASSO",0,0,200,18
"scenarioA","X_18","weak",0.3,0,NA,"LASSO",0,0,200,18
"scenarioA","X_19","weak",0.3,0,NA,"LASSO",0,0,200,18
"scenarioA","X_20","weak",0.3,0,NA,"LASSO",0,0,200,18
"scenarioA","X_21","weak",0.3,0,NA,"LASSO",0,0,200,18
"scenarioA","X_22","strong",0.6,0,NA,"LASSO",-0.111070029257429,-0.111070029257429,200,18
"scenarioA","X_23","strong",0.6,0,NA,"LASSO",0,0,200,18
"scenarioA","X_24","strong",0.6,0,NA,"LASSO",-0.0136495645275077,-0.0136495645275077,200,18
"scenarioA","X_25","strong",0.6,0,NA,"LASSO",0,0,200,18
"scenarioA","X_1","strong",0.6,0.4,0.400013723110458,"SSL",0.4739315364604,0.0739315364604003,200,19
"scenarioA","X_2","strong",0.6,-0.5,-0.546658549184405,"SSL",-0.487848589059474,0.0121514109405264,200,19
"scenarioA","X_3","weak",0.3,0.6,0.703393020329193,"SSL",0.659476447235069,0.0594764472350687,200,19
"scenarioA","X_4","weak",0.3,0.75,0.672167427089303,"SSL",0.672171069980126,-0.0778289300198741,200,19
"scenarioA","X_5","indep",0,-0.8,-0.851789916035584,"SSL",-0.855952434749156,-0.0559524347491557,200,19
"scenarioA","X_6","indep",0,0,NA,"SSL",0,0,200,19
"scenarioA","X_7","indep",0,0,NA,"SSL",0,0,200,19
"scenarioA","X_8","indep",0,0,NA,"SSL",0,0,200,19
"scenarioA","X_9","indep",0,0,NA,"SSL",0,0,200,19
"scenarioA","X_10","indep",0,0,NA,"SSL",0,0,200,19
"scenarioA","X_11","indep",0,0,NA,"SSL",0.168856028947448,0.168856028947448,200,19
"scenarioA","X_12","indep",0,0,NA,"SSL",0.0557994685087301,0.0557994685087301,200,19
"scenarioA","X_13","indep",0,0,NA,"SSL",0,0,200,19
"scenarioA","X_14","indep",0,0,NA,"SSL",0,0,200,19
"scenarioA","X_15","indep",0,0,NA,"SSL",0,0,200,19
"scenarioA","X_16","indep",0,0,NA,"SSL",0.100132694173938,0.100132694173938,200,19
"scenarioA","X_17","indep",0,0,NA,"SSL",0,0,200,19
"scenarioA","X_18","weak",0.3,0,NA,"SSL",0,0,200,19
"scenarioA","X_19","weak",0.3,0,NA,"SSL",0,0,200,19
"scenarioA","X_20","weak",0.3,0,NA,"SSL",0.0799822269446292,0.0799822269446292,200,19
"scenarioA","X_21","weak",0.3,0,NA,"SSL",0,0,200,19
"scenarioA","X_22","strong",0.6,0,NA,"SSL",0,0,200,19
"scenarioA","X_23","strong",0.6,0,NA,"SSL",0,0,200,19
"scenarioA","X_24","strong",0.6,0,NA,"SSL",-0.15954146186646,-0.15954146186646,200,19
"scenarioA","X_25","strong",0.6,0,NA,"SSL",0,0,200,19
"scenarioA","X_1","strong",0.6,0.4,0.400013723110458,"LASSO",0,-0.4,200,19
"scenarioA","X_2","strong",0.6,-0.5,-0.546658549184405,"LASSO",-0.131285869999798,0.368714130000202,200,19
"scenarioA","X_3","weak",0.3,0.6,0.703393020329193,"LASSO",0.535457916190618,-0.0645420838093815,200,19
"scenarioA","X_4","weak",0.3,0.75,0.672167427089303,"LASSO",0.416746613724654,-0.333253386275346,200,19
"scenarioA","X_5","indep",0,-0.8,-0.851789916035584,"LASSO",-0.539097186352174,0.260902813647826,200,19
"scenarioA","X_6","indep",0,0,NA,"LASSO",0,0,200,19
"scenarioA","X_7","indep",0,0,NA,"LASSO",0,0,200,19
"scenarioA","X_8","indep",0,0,NA,"LASSO",0,0,200,19
"scenarioA","X_9","indep",0,0,NA,"LASSO",0,0,200,19
"scenarioA","X_10","indep",0,0,NA,"LASSO",0,0,200,19
"scenarioA","X_11","indep",0,0,NA,"LASSO",0,0,200,19
"scenarioA","X_12","indep",0,0,NA,"LASSO",0,0,200,19
"scenarioA","X_13","indep",0,0,NA,"LASSO",0,0,200,19
"scenarioA","X_14","indep",0,0,NA,"LASSO",0,0,200,19
"scenarioA","X_15","indep",0,0,NA,"LASSO",0,0,200,19
"scenarioA","X_16","indep",0,0,NA,"LASSO",0,0,200,19
"scenarioA","X_17","indep",0,0,NA,"LASSO",0,0,200,19
"scenarioA","X_18","weak",0.3,0,NA,"LASSO",0,0,200,19
"scenarioA","X_19","weak",0.3,0,NA,"LASSO",0,0,200,19
"scenarioA","X_20","weak",0.3,0,NA,"LASSO",0,0,200,19
"scenarioA","X_21","weak",0.3,0,NA,"LASSO",0,0,200,19
"scenarioA","X_22","strong",0.6,0,NA,"LASSO",0,0,200,19
"scenarioA","X_23","strong",0.6,0,NA,"LASSO",0,0,200,19
"scenarioA","X_24","strong",0.6,0,NA,"LASSO",0,0,200,19
"scenarioA","X_25","strong",0.6,0,NA,"LASSO",0,0,200,19
"scenarioA","X_1","strong",0.6,0.4,0.55046056872488,"SSL",0.327607023774139,-0.0723929762258615,200,20
"scenarioA","X_2","strong",0.6,-0.5,-0.502419131050721,"SSL",-0.3819362686318,0.1180637313682,200,20
"scenarioA","X_3","weak",0.3,0.6,0.465986283620542,"SSL",0.384057204847225,-0.215942795152775,200,20
"scenarioA","X_4","weak",0.3,0.75,0.57642962961475,"SSL",0.399235530944807,-0.350764469055193,200,20
"scenarioA","X_5","indep",0,-0.8,-0.69055645010657,"SSL",-0.596817300956356,0.203182699043644,200,20
"scenarioA","X_6","indep",0,0,NA,"SSL",0,0,200,20
"scenarioA","X_7","indep",0,0,NA,"SSL",0,0,200,20
"scenarioA","X_8","indep",0,0,NA,"SSL",0,0,200,20
"scenarioA","X_9","indep",0,0,NA,"SSL",0,0,200,20
"scenarioA","X_10","indep",0,0,NA,"SSL",0,0,200,20
"scenarioA","X_11","indep",0,0,NA,"SSL",0.206569783707982,0.206569783707982,200,20
"scenarioA","X_12","indep",0,0,NA,"SSL",0,0,200,20
"scenarioA","X_13","indep",0,0,NA,"SSL",0,0,200,20
"scenarioA","X_14","indep",0,0,NA,"SSL",0,0,200,20
"scenarioA","X_15","indep",0,0,NA,"SSL",0,0,200,20
"scenarioA","X_16","indep",0,0,NA,"SSL",0,0,200,20
"scenarioA","X_17","indep",0,0,NA,"SSL",0,0,200,20
"scenarioA","X_18","weak",0.3,0,NA,"SSL",0.283188618152634,0.283188618152634,200,20
"scenarioA","X_19","weak",0.3,0,NA,"SSL",0,0,200,20
"scenarioA","X_20","weak",0.3,0,NA,"SSL",0,0,200,20
"scenarioA","X_21","weak",0.3,0,NA,"SSL",0,0,200,20
"scenarioA","X_22","strong",0.6,0,NA,"SSL",0,0,200,20
"scenarioA","X_23","strong",0.6,0,NA,"SSL",0,0,200,20
"scenarioA","X_24","strong",0.6,0,NA,"SSL",0,0,200,20
"scenarioA","X_25","strong",0.6,0,NA,"SSL",0,0,200,20
"scenarioA","X_1","strong",0.6,0.4,0.55046056872488,"LASSO",0.215998150883063,-0.184001849116937,200,20
"scenarioA","X_2","strong",0.6,-0.5,-0.502419131050721,"LASSO",-0.258763352573029,0.241236647426971,200,20
"scenarioA","X_3","weak",0.3,0.6,0.465986283620542,"LASSO",0.321793614834509,-0.278206385165491,200,20
"scenarioA","X_4","weak",0.3,0.75,0.57642962961475,"LASSO",0.321275940691715,-0.428724059308285,200,20
"scenarioA","X_5","indep",0,-0.8,-0.69055645010657,"LASSO",-0.528703855090779,0.271296144909221,200,20
"scenarioA","X_6","indep",0,0,NA,"LASSO",0.060916048925321,0.060916048925321,200,20
"scenarioA","X_7","indep",0,0,NA,"LASSO",0,0,200,20
"scenarioA","X_8","indep",0,0,NA,"LASSO",0,0,200,20
"scenarioA","X_9","indep",0,0,NA,"LASSO",0,0,200,20
"scenarioA","X_10","indep",0,0,NA,"LASSO",0,0,200,20
"scenarioA","X_11","indep",0,0,NA,"LASSO",0.161486295092457,0.161486295092457,200,20
"scenarioA","X_12","indep",0,0,NA,"LASSO",0,0,200,20
"scenarioA","X_13","indep",0,0,NA,"LASSO",0,0,200,20
"scenarioA","X_14","indep",0,0,NA,"LASSO",0,0,200,20
"scenarioA","X_15","indep",0,0,NA,"LASSO",0,0,200,20
"scenarioA","X_16","indep",0,0,NA,"LASSO",0,0,200,20
"scenarioA","X_17","indep",0,0,NA,"LASSO",0,0,200,20
"scenarioA","X_18","weak",0.3,0,NA,"LASSO",0.225879367093678,0.225879367093678,200,20
"scenarioA","X_19","weak",0.3,0,NA,"LASSO",0.0874211350425934,0.0874211350425934,200,20
"scenarioA","X_20","weak",0.3,0,NA,"LASSO",0,0,200,20
"scenarioA","X_21","weak",0.3,0,NA,"LASSO",0,0,200,20
"scenarioA","X_22","strong",0.6,0,NA,"LASSO",0,0,200,20
"scenarioA","X_23","strong",0.6,0,NA,"LASSO",0,0,200,20
"scenarioA","X_24","strong",0.6,0,NA,"LASSO",0,0,200,20
"scenarioA","X_25","strong",0.6,0,NA,"LASSO",0,0,200,20
"scenarioA","X_1","strong",0.6,0.4,0.462063336447997,"SSL",0,-0.4,200,21
"scenarioA","X_2","strong",0.6,-0.5,-0.737933420995765,"SSL",-0.366285163335568,0.133714836664432,200,21
"scenarioA","X_3","weak",0.3,0.6,0.487830568407682,"SSL",0.389514897791734,-0.210485102208266,200,21
"scenarioA","X_4","weak",0.3,0.75,0.826961185435496,"SSL",0.729899716772856,-0.020100283227144,200,21
"scenarioA","X_5","indep",0,-0.8,-0.844377321054825,"SSL",-0.758882588331052,0.0411174116689479,200,21
"scenarioA","X_6","indep",0,0,NA,"SSL",0,0,200,21
"scenarioA","X_7","indep",0,0,NA,"SSL",0,0,200,21
"scenarioA","X_8","indep",0,0,NA,"SSL",0,0,200,21
"scenarioA","X_9","indep",0,0,NA,"SSL",0,0,200,21
"scenarioA","X_10","indep",0,0,NA,"SSL",0,0,200,21
"scenarioA","X_11","indep",0,0,NA,"SSL",0,0,200,21
"scenarioA","X_12","indep",0,0,NA,"SSL",0,0,200,21
"scenarioA","X_13","indep",0,0,NA,"SSL",0,0,200,21
"scenarioA","X_14","indep",0,0,NA,"SSL",0,0,200,21
"scenarioA","X_15","indep",0,0,NA,"SSL",0,0,200,21
"scenarioA","X_16","indep",0,0,NA,"SSL",0,0,200,21
"scenarioA","X_17","indep",0,0,NA,"SSL",0,0,200,21
"scenarioA","X_18","weak",0.3,0,NA,"SSL",0,0,200,21
"scenarioA","X_19","weak",0.3,0,NA,"SSL",0,0,200,21
"scenarioA","X_20","weak",0.3,0,NA,"SSL",0,0,200,21
"scenarioA","X_21","weak",0.3,0,NA,"SSL",0,0,200,21
"scenarioA","X_22","strong",0.6,0,NA,"SSL",0,0,200,21
"scenarioA","X_23","strong",0.6,0,NA,"SSL",0,0,200,21
"scenarioA","X_24","strong",0.6,0,NA,"SSL",0,0,200,21
"scenarioA","X_25","strong",0.6,0,NA,"SSL",0,0,200,21
"scenarioA","X_1","strong",0.6,0.4,0.462063336447997,"LASSO",0.121860453009358,-0.278139546990642,200,21
"scenarioA","X_2","strong",0.6,-0.5,-0.737933420995765,"LASSO",-0.359522348267455,0.140477651732545,200,21
"scenarioA","X_3","weak",0.3,0.6,0.487830568407682,"LASSO",0.341509423304694,-0.258490576695306,200,21
"scenarioA","X_4","weak",0.3,0.75,0.826961185435496,"LASSO",0.635644431414796,-0.114355568585204,200,21
"scenarioA","X_5","indep",0,-0.8,-0.844377321054825,"LASSO",-0.619494820012633,0.180505179987367,200,21
"scenarioA","X_6","indep",0,0,NA,"LASSO",0,0,200,21
"scenarioA","X_7","indep",0,0,NA,"LASSO",0,0,200,21
"scenarioA","X_8","indep",0,0,NA,"LASSO",0,0,200,21
"scenarioA","X_9","indep",0,0,NA,"LASSO",0,0,200,21
"scenarioA","X_10","indep",0,0,NA,"LASSO",0,0,200,21
"scenarioA","X_11","indep",0,0,NA,"LASSO",-0.0826366929633171,-0.0826366929633171,200,21
"scenarioA","X_12","indep",0,0,NA,"LASSO",0,0,200,21
"scenarioA","X_13","indep",0,0,NA,"LASSO",-0.0438871253244688,-0.0438871253244688,200,21
"scenarioA","X_14","indep",0,0,NA,"LASSO",0,0,200,21
"scenarioA","X_15","indep",0,0,NA,"LASSO",0,0,200,21
"scenarioA","X_16","indep",0,0,NA,"LASSO",0,0,200,21
"scenarioA","X_17","indep",0,0,NA,"LASSO",0,0,200,21
"scenarioA","X_18","weak",0.3,0,NA,"LASSO",0,0,200,21
"scenarioA","X_19","weak",0.3,0,NA,"LASSO",0,0,200,21
"scenarioA","X_20","weak",0.3,0,NA,"LASSO",0,0,200,21
"scenarioA","X_21","weak",0.3,0,NA,"LASSO",0,0,200,21
"scenarioA","X_22","strong",0.6,0,NA,"LASSO",0,0,200,21
"scenarioA","X_23","strong",0.6,0,NA,"LASSO",0,0,200,21
"scenarioA","X_24","strong",0.6,0,NA,"LASSO",0,0,200,21
"scenarioA","X_25","strong",0.6,0,NA,"LASSO",0,0,200,21
"scenarioA","X_1","strong",0.6,0.4,0.379728746745442,"SSL",0,-0.4,200,22
"scenarioA","X_2","strong",0.6,-0.5,-0.400145189997201,"SSL",0,0.5,200,22
"scenarioA","X_3","weak",0.3,0.6,0.654535134349754,"SSL",0.564195231944356,-0.0358047680556445,200,22
"scenarioA","X_4","weak",0.3,0.75,0.680437373491317,"SSL",0.592878077176443,-0.157121922823557,200,22
"scenarioA","X_5","indep",0,-0.8,-0.741795977255215,"SSL",-0.627846397744901,0.172153602255099,200,22
"scenarioA","X_6","indep",0,0,NA,"SSL",0,0,200,22
"scenarioA","X_7","indep",0,0,NA,"SSL",0,0,200,22
"scenarioA","X_8","indep",0,0,NA,"SSL",0,0,200,22
"scenarioA","X_9","indep",0,0,NA,"SSL",0,0,200,22
"scenarioA","X_10","indep",0,0,NA,"SSL",0,0,200,22
"scenarioA","X_11","indep",0,0,NA,"SSL",0,0,200,22
"scenarioA","X_12","indep",0,0,NA,"SSL",0,0,200,22
"scenarioA","X_13","indep",0,0,NA,"SSL",0,0,200,22
"scenarioA","X_14","indep",0,0,NA,"SSL",0,0,200,22
"scenarioA","X_15","indep",0,0,NA,"SSL",0,0,200,22
"scenarioA","X_16","indep",0,0,NA,"SSL",0,0,200,22
"scenarioA","X_17","indep",0,0,NA,"SSL",0,0,200,22
"scenarioA","X_18","weak",0.3,0,NA,"SSL",0,0,200,22
"scenarioA","X_19","weak",0.3,0,NA,"SSL",0,0,200,22
"scenarioA","X_20","weak",0.3,0,NA,"SSL",0,0,200,22
"scenarioA","X_21","weak",0.3,0,NA,"SSL",0,0,200,22
"scenarioA","X_22","strong",0.6,0,NA,"SSL",0,0,200,22
"scenarioA","X_23","strong",0.6,0,NA,"SSL",0,0,200,22
"scenarioA","X_24","strong",0.6,0,NA,"SSL",0,0,200,22
"scenarioA","X_25","strong",0.6,0,NA,"SSL",0,0,200,22
"scenarioA","X_1","strong",0.6,0.4,0.379728746745442,"LASSO",0.127721909281957,-0.272278090718043,200,22
"scenarioA","X_2","strong",0.6,-0.5,-0.400145189997201,"LASSO",-0.143306794068246,0.356693205931754,200,22
"scenarioA","X_3","weak",0.3,0.6,0.654535134349754,"LASSO",0.506266878154621,-0.0937331218453794,200,22
"scenarioA","X_4","weak",0.3,0.75,0.680437373491317,"LASSO",0.481648249926341,-0.268351750073659,200,22
"scenarioA","X_5","indep",0,-0.8,-0.741795977255215,"LASSO",-0.567099502769171,0.232900497230829,200,22
"scenarioA","X_6","indep",0,0,NA,"LASSO",0,0,200,22
"scenarioA","X_7","indep",0,0,NA,"LASSO",0,0,200,22
"scenarioA","X_8","indep",0,0,NA,"LASSO",0,0,200,22
"scenarioA","X_9","indep",0,0,NA,"LASSO",0,0,200,22
"scenarioA","X_10","indep",0,0,NA,"LASSO",0,0,200,22
"scenarioA","X_11","indep",0,0,NA,"LASSO",0,0,200,22
"scenarioA","X_12","indep",0,0,NA,"LASSO",0,0,200,22
"scenarioA","X_13","indep",0,0,NA,"LASSO",0,0,200,22
"scenarioA","X_14","indep",0,0,NA,"LASSO",0,0,200,22
"scenarioA","X_15","indep",0,0,NA,"LASSO",0,0,200,22
"scenarioA","X_16","indep",0,0,NA,"LASSO",0.0235151201784841,0.0235151201784841,200,22
"scenarioA","X_17","indep",0,0,NA,"LASSO",0,0,200,22
"scenarioA","X_18","weak",0.3,0,NA,"LASSO",0,0,200,22
"scenarioA","X_19","weak",0.3,0,NA,"LASSO",0,0,200,22
"scenarioA","X_20","weak",0.3,0,NA,"LASSO",0,0,200,22
"scenarioA","X_21","weak",0.3,0,NA,"LASSO",0.113836190533383,0.113836190533383,200,22
"scenarioA","X_22","strong",0.6,0,NA,"LASSO",0,0,200,22
"scenarioA","X_23","strong",0.6,0,NA,"LASSO",0,0,200,22
"scenarioA","X_24","strong",0.6,0,NA,"LASSO",0,0,200,22
"scenarioA","X_25","strong",0.6,0,NA,"LASSO",0,0,200,22
"scenarioA","X_1","strong",0.6,0.4,0.301805028868586,"SSL",0.124050539704098,-0.275949460295902,200,23
"scenarioA","X_2","strong",0.6,-0.5,-0.213667542162919,"SSL",0,0.5,200,23
"scenarioA","X_3","weak",0.3,0.6,0.571676384397753,"SSL",0.472390658628658,-0.127609341371342,200,23
"scenarioA","X_4","weak",0.3,0.75,0.834852063337975,"SSL",0.871042572493848,0.121042572493848,200,23
"scenarioA","X_5","indep",0,-0.8,-0.568184036575318,"SSL",-0.553291639764312,0.246708360235688,200,23
"scenarioA","X_6","indep",0,0,NA,"SSL",0,0,200,23
"scenarioA","X_7","indep",0,0,NA,"SSL",0,0,200,23
"scenarioA","X_8","indep",0,0,NA,"SSL",0,0,200,23
"scenarioA","X_9","indep",0,0,NA,"SSL",-0.288151079808335,-0.288151079808335,200,23
"scenarioA","X_10","indep",0,0,NA,"SSL",0,0,200,23
"scenarioA","X_11","indep",0,0,NA,"SSL",0,0,200,23
"scenarioA","X_12","indep",0,0,NA,"SSL",0,0,200,23
"scenarioA","X_13","indep",0,0,NA,"SSL",0,0,200,23
"scenarioA","X_14","indep",0,0,NA,"SSL",0,0,200,23
"scenarioA","X_15","indep",0,0,NA,"SSL",0,0,200,23
"scenarioA","X_16","indep",0,0,NA,"SSL",0,0,200,23
"scenarioA","X_17","indep",0,0,NA,"SSL",-0.179726390610819,-0.179726390610819,200,23
"scenarioA","X_18","weak",0.3,0,NA,"SSL",0,0,200,23
"scenarioA","X_19","weak",0.3,0,NA,"SSL",0,0,200,23
"scenarioA","X_20","weak",0.3,0,NA,"SSL",0.0931530858157769,0.0931530858157769,200,23
"scenarioA","X_21","weak",0.3,0,NA,"SSL",0,0,200,23
"scenarioA","X_22","strong",0.6,0,NA,"SSL",0,0,200,23
"scenarioA","X_23","strong",0.6,0,NA,"SSL",0,0,200,23
"scenarioA","X_24","strong",0.6,0,NA,"SSL",0,0,200,23
"scenarioA","X_25","strong",0.6,0,NA,"SSL",0,0,200,23
"scenarioA","X_1","strong",0.6,0.4,0.301805028868586,"LASSO",0,-0.4,200,23
"scenarioA","X_2","strong",0.6,-0.5,-0.213667542162919,"LASSO",0,0.5,200,23
"scenarioA","X_3","weak",0.3,0.6,0.571676384397753,"LASSO",0.376616939837038,-0.223383060162962,200,23
"scenarioA","X_4","weak",0.3,0.75,0.834852063337975,"LASSO",0.683060805515037,-0.0669391944849625,200,23
"scenarioA","X_5","indep",0,-0.8,-0.568184036575318,"LASSO",-0.369749841914557,0.430250158085443,200,23
"scenarioA","X_6","indep",0,0,NA,"LASSO",0,0,200,23
"scenarioA","X_7","indep",0,0,NA,"LASSO",0,0,200,23
"scenarioA","X_8","indep",0,0,NA,"LASSO",0,0,200,23
"scenarioA","X_9","indep",0,0,NA,"LASSO",-0.094607029773264,-0.094607029773264,200,23
"scenarioA","X_10","indep",0,0,NA,"LASSO",0,0,200,23
"scenarioA","X_11","indep",0,0,NA,"LASSO",0,0,200,23
"scenarioA","X_12","indep",0,0,NA,"LASSO",0,0,200,23
"scenarioA","X_13","indep",0,0,NA,"LASSO",0,0,200,23
"scenarioA","X_14","indep",0,0,NA,"LASSO",0,0,200,23
"scenarioA","X_15","indep",0,0,NA,"LASSO",0,0,200,23
"scenarioA","X_16","indep",0,0,NA,"LASSO",0,0,200,23
"scenarioA","X_17","indep",0,0,NA,"LASSO",-0.0741610665259166,-0.0741610665259166,200,23
"scenarioA","X_18","weak",0.3,0,NA,"LASSO",0,0,200,23
"scenarioA","X_19","weak",0.3,0,NA,"LASSO",0,0,200,23
"scenarioA","X_20","weak",0.3,0,NA,"LASSO",0,0,200,23
"scenarioA","X_21","weak",0.3,0,NA,"LASSO",0,0,200,23
"scenarioA","X_22","strong",0.6,0,NA,"LASSO",0,0,200,23
"scenarioA","X_23","strong",0.6,0,NA,"LASSO",0,0,200,23
"scenarioA","X_24","strong",0.6,0,NA,"LASSO",0,0,200,23
"scenarioA","X_25","strong",0.6,0,NA,"LASSO",0,0,200,23
"scenarioA","X_1","strong",0.6,0.4,0.295829841280592,"SSL",0,-0.4,200,24
"scenarioA","X_2","strong",0.6,-0.5,-0.289499692560348,"SSL",0,0.5,200,24
"scenarioA","X_3","weak",0.3,0.6,0.566249664971005,"SSL",0.452074340593436,-0.147925659406564,200,24
"scenarioA","X_4","weak",0.3,0.75,0.64359169851997,"SSL",0.609374382942815,-0.140625617057185,200,24
"scenarioA","X_5","indep",0,-0.8,-0.780472056448948,"SSL",-0.757223522881013,0.0427764771189874,200,24
"scenarioA","X_6","indep",0,0,NA,"SSL",0,0,200,24
"scenarioA","X_7","indep",0,0,NA,"SSL",0.153741090666023,0.153741090666023,200,24
"scenarioA","X_8","indep",0,0,NA,"SSL",-0.181064692358977,-0.181064692358977,200,24
"scenarioA","X_9","indep",0,0,NA,"SSL",0,0,200,24
"scenarioA","X_10","indep",0,0,NA,"SSL",0,0,200,24
"scenarioA","X_11","indep",0,0,NA,"SSL",0,0,200,24
"scenarioA","X_12","indep",0,0,NA,"SSL",0,0,200,24
"scenarioA","X_13","indep",0,0,NA,"SSL",0,0,200,24
"scenarioA","X_14","indep",0,0,NA,"SSL",0,0,200,24
"scenarioA","X_15","indep",0,0,NA,"SSL",0,0,200,24
"scenarioA","X_16","indep",0,0,NA,"SSL",0,0,200,24
"scenarioA","X_17","indep",0,0,NA,"SSL",0,0,200,24
"scenarioA","X_18","weak",0.3,0,NA,"SSL",0,0,200,24
"scenarioA","X_19","weak",0.3,0,NA,"SSL",0,0,200,24
"scenarioA","X_20","weak",0.3,0,NA,"SSL",0,0,200,24
"scenarioA","X_21","weak",0.3,0,NA,"SSL",0,0,200,24
"scenarioA","X_22","strong",0.6,0,NA,"SSL",0,0,200,24
"scenarioA","X_23","strong",0.6,0,NA,"SSL",0,0,200,24
"scenarioA","X_24","strong",0.6,0,NA,"SSL",0,0,200,24
"scenarioA","X_25","strong",0.6,0,NA,"SSL",0,0,200,24
"scenarioA","X_1","strong",0.6,0.4,0.295829841280592,"LASSO",0,-0.4,200,24
"scenarioA","X_2","strong",0.6,-0.5,-0.289499692560348,"LASSO",0,0.5,200,24
"scenarioA","X_3","weak",0.3,0.6,0.566249664971005,"LASSO",0.353374863659482,-0.246625136340518,200,24
"scenarioA","X_4","weak",0.3,0.75,0.64359169851997,"LASSO",0.40478686207752,-0.34521313792248,200,24
"scenarioA","X_5","indep",0,-0.8,-0.780472056448948,"LASSO",-0.489208695133965,0.310791304866035,200,24
"scenarioA","X_6","indep",0,0,NA,"LASSO",0,0,200,24
"scenarioA","X_7","indep",0,0,NA,"LASSO",0,0,200,24
"scenarioA","X_8","indep",0,0,NA,"LASSO",0,0,200,24
"scenarioA","X_9","indep",0,0,NA,"LASSO",0,0,200,24
"scenarioA","X_10","indep",0,0,NA,"LASSO",0,0,200,24
"scenarioA","X_11","indep",0,0,NA,"LASSO",0,0,200,24
"scenarioA","X_12","indep",0,0,NA,"LASSO",0,0,200,24
"scenarioA","X_13","indep",0,0,NA,"LASSO",0,0,200,24
"scenarioA","X_14","indep",0,0,NA,"LASSO",0,0,200,24
"scenarioA","X_15","indep",0,0,NA,"LASSO",0,0,200,24
"scenarioA","X_16","indep",0,0,NA,"LASSO",0,0,200,24
"scenarioA","X_17","indep",0,0,NA,"LASSO",0,0,200,24
"scenarioA","X_18","weak",0.3,0,NA,"LASSO",0,0,200,24
"scenarioA","X_19","weak",0.3,0,NA,"LASSO",0,0,200,24
"scenarioA","X_20","weak",0.3,0,NA,"LASSO",0,0,200,24
"scenarioA","X_21","weak",0.3,0,NA,"LASSO",0,0,200,24
"scenarioA","X_22","strong",0.6,0,NA,"LASSO",0,0,200,24
"scenarioA","X_23","strong",0.6,0,NA,"LASSO",0,0,200,24
"scenarioA","X_24","strong",0.6,0,NA,"LASSO",0,0,200,24
"scenarioA","X_25","strong",0.6,0,NA,"LASSO",0,0,200,24
"scenarioA","X_1","strong",0.6,0.4,0.298945229735254,"SSL",0,-0.4,200,25
"scenarioA","X_2","strong",0.6,-0.5,-0.252524760201589,"SSL",0,0.5,200,25
"scenarioA","X_3","weak",0.3,0.6,0.518576092513273,"SSL",0.39005020205339,-0.20994979794661,200,25
"scenarioA","X_4","weak",0.3,0.75,0.638715853302569,"SSL",0.493578458567161,-0.256421541432839,200,25
"scenarioA","X_5","indep",0,-0.8,-0.806051193294169,"SSL",-0.686478244592138,0.113521755407862,200,25
"scenarioA","X_6","indep",0,0,NA,"SSL",0,0,200,25
"scenarioA","X_7","indep",0,0,NA,"SSL",0,0,200,25
"scenarioA","X_8","indep",0,0,NA,"SSL",0,0,200,25
"scenarioA","X_9","indep",0,0,NA,"SSL",0,0,200,25
"scenarioA","X_10","indep",0,0,NA,"SSL",0,0,200,25
"scenarioA","X_11","indep",0,0,NA,"SSL",0,0,200,25
"scenarioA","X_12","indep",0,0,NA,"SSL",0,0,200,25
"scenarioA","X_13","indep",0,0,NA,"SSL",0,0,200,25
"scenarioA","X_14","indep",0,0,NA,"SSL",0,0,200,25
"scenarioA","X_15","indep",0,0,NA,"SSL",0,0,200,25
"scenarioA","X_16","indep",0,0,NA,"SSL",0,0,200,25
"scenarioA","X_17","indep",0,0,NA,"SSL",0,0,200,25
"scenarioA","X_18","weak",0.3,0,NA,"SSL",0,0,200,25
"scenarioA","X_19","weak",0.3,0,NA,"SSL",0,0,200,25
"scenarioA","X_20","weak",0.3,0,NA,"SSL",0,0,200,25
"scenarioA","X_21","weak",0.3,0,NA,"SSL",0.161535413066383,0.161535413066383,200,25
"scenarioA","X_22","strong",0.6,0,NA,"SSL",0,0,200,25
"scenarioA","X_23","strong",0.6,0,NA,"SSL",0,0,200,25
"scenarioA","X_24","strong",0.6,0,NA,"SSL",0,0,200,25
"scenarioA","X_25","strong",0.6,0,NA,"SSL",0,0,200,25
"scenarioA","X_1","strong",0.6,0.4,0.298945229735254,"LASSO",0,-0.4,200,25
"scenarioA","X_2","strong",0.6,-0.5,-0.252524760201589,"LASSO",0,0.5,200,25
"scenarioA","X_3","weak",0.3,0.6,0.518576092513273,"LASSO",0.334805881082326,-0.265194118917674,200,25
"scenarioA","X_4","weak",0.3,0.75,0.638715853302569,"LASSO",0.381145350771539,-0.368854649228461,200,25
"scenarioA","X_5","indep",0,-0.8,-0.806051193294169,"LASSO",-0.5466911703508,0.2533088296492,200,25
"scenarioA","X_6","indep",0,0,NA,"LASSO",0,0,200,25
"scenarioA","X_7","indep",0,0,NA,"LASSO",0,0,200,25
"scenarioA","X_8","indep",0,0,NA,"LASSO",0,0,200,25
"scenarioA","X_9","indep",0,0,NA,"LASSO",0,0,200,25
"scenarioA","X_10","indep",0,0,NA,"LASSO",0,0,200,25
"scenarioA","X_11","indep",0,0,NA,"LASSO",0,0,200,25
"scenarioA","X_12","indep",0,0,NA,"LASSO",0,0,200,25
"scenarioA","X_13","indep",0,0,NA,"LASSO",0,0,200,25
"scenarioA","X_14","indep",0,0,NA,"LASSO",0,0,200,25
"scenarioA","X_15","indep",0,0,NA,"LASSO",0,0,200,25
"scenarioA","X_16","indep",0,0,NA,"LASSO",0,0,200,25
"scenarioA","X_17","indep",0,0,NA,"LASSO",0,0,200,25
"scenarioA","X_18","weak",0.3,0,NA,"LASSO",0,0,200,25
"scenarioA","X_19","weak",0.3,0,NA,"LASSO",0,0,200,25
"scenarioA","X_20","weak",0.3,0,NA,"LASSO",0,0,200,25
"scenarioA","X_21","weak",0.3,0,NA,"LASSO",0.105471990099829,0.105471990099829,200,25
"scenarioA","X_22","strong",0.6,0,NA,"LASSO",0,0,200,25
"scenarioA","X_23","strong",0.6,0,NA,"LASSO",0,0,200,25
"scenarioA","X_24","strong",0.6,0,NA,"LASSO",0,0,200,25
"scenarioA","X_25","strong",0.6,0,NA,"LASSO",0,0,200,25
"scenarioA","X_1","strong",0.6,0.4,0.276430182629569,"SSL",0,-0.4,200,26
"scenarioA","X_2","strong",0.6,-0.5,-0.583443402381897,"SSL",-0.348367861555761,0.151632138444239,200,26
"scenarioA","X_3","weak",0.3,0.6,0.660826260671554,"SSL",0.543894636158626,-0.0561053638413735,200,26
"scenarioA","X_4","weak",0.3,0.75,0.679737513612287,"SSL",0.616470736279421,-0.133529263720579,200,26
"scenarioA","X_5","indep",0,-0.8,-0.850441630377392,"SSL",-0.738401860985097,0.0615981390149026,200,26
"scenarioA","X_6","indep",0,0,NA,"SSL",0,0,200,26
"scenarioA","X_7","indep",0,0,NA,"SSL",0,0,200,26
"scenarioA","X_8","indep",0,0,NA,"SSL",0,0,200,26
"scenarioA","X_9","indep",0,0,NA,"SSL",0,0,200,26
"scenarioA","X_10","indep",0,0,NA,"SSL",0,0,200,26
"scenarioA","X_11","indep",0,0,NA,"SSL",0,0,200,26
"scenarioA","X_12","indep",0,0,NA,"SSL",0,0,200,26
"scenarioA","X_13","indep",0,0,NA,"SSL",0,0,200,26
"scenarioA","X_14","indep",0,0,NA,"SSL",0,0,200,26
"scenarioA","X_15","indep",0,0,NA,"SSL",0,0,200,26
"scenarioA","X_16","indep",0,0,NA,"SSL",0,0,200,26
"scenarioA","X_17","indep",0,0,NA,"SSL",0,0,200,26
"scenarioA","X_18","weak",0.3,0,NA,"SSL",0,0,200,26
"scenarioA","X_19","weak",0.3,0,NA,"SSL",0,0,200,26
"scenarioA","X_20","weak",0.3,0,NA,"SSL",0,0,200,26
"scenarioA","X_21","weak",0.3,0,NA,"SSL",0,0,200,26
"scenarioA","X_22","strong",0.6,0,NA,"SSL",0,0,200,26
"scenarioA","X_23","strong",0.6,0,NA,"SSL",0,0,200,26
"scenarioA","X_24","strong",0.6,0,NA,"SSL",0,0,200,26
"scenarioA","X_25","strong",0.6,0,NA,"SSL",0,0,200,26
"scenarioA","X_1","strong",0.6,0.4,0.276430182629569,"LASSO",0,-0.4,200,26
"scenarioA","X_2","strong",0.6,-0.5,-0.583443402381897,"LASSO",-0.254300497114286,0.245699502885714,200,26
"scenarioA","X_3","weak",0.3,0.6,0.660826260671554,"LASSO",0.435767389632877,-0.164232610367123,200,26
"scenarioA","X_4","weak",0.3,0.75,0.679737513612287,"LASSO",0.534665997870334,-0.215334002129666,200,26
"scenarioA","X_5","indep",0,-0.8,-0.850441630377392,"LASSO",-0.622909436596845,0.177090563403156,200,26
"scenarioA","X_6","indep",0,0,NA,"LASSO",0,0,200,26
"scenarioA","X_7","indep",0,0,NA,"LASSO",0,0,200,26
"scenarioA","X_8","indep",0,0,NA,"LASSO",0,0,200,26
"scenarioA","X_9","indep",0,0,NA,"LASSO",0.0465417563952157,0.0465417563952157,200,26
"scenarioA","X_10","indep",0,0,NA,"LASSO",0,0,200,26
"scenarioA","X_11","indep",0,0,NA,"LASSO",0,0,200,26
"scenarioA","X_12","indep",0,0,NA,"LASSO",0,0,200,26
"scenarioA","X_13","indep",0,0,NA,"LASSO",0,0,200,26
"scenarioA","X_14","indep",0,0,NA,"LASSO",0,0,200,26
"scenarioA","X_15","indep",0,0,NA,"LASSO",0,0,200,26
"scenarioA","X_16","indep",0,0,NA,"LASSO",0,0,200,26
"scenarioA","X_17","indep",0,0,NA,"LASSO",0,0,200,26
"scenarioA","X_18","weak",0.3,0,NA,"LASSO",0,0,200,26
"scenarioA","X_19","weak",0.3,0,NA,"LASSO",0,0,200,26
"scenarioA","X_20","weak",0.3,0,NA,"LASSO",0,0,200,26
"scenarioA","X_21","weak",0.3,0,NA,"LASSO",0,0,200,26
"scenarioA","X_22","strong",0.6,0,NA,"LASSO",0,0,200,26
"scenarioA","X_23","strong",0.6,0,NA,"LASSO",0,0,200,26
"scenarioA","X_24","strong",0.6,0,NA,"LASSO",0,0,200,26
"scenarioA","X_25","strong",0.6,0,NA,"LASSO",0,0,200,26
"scenarioA","X_1","strong",0.6,0.4,0.502800891352906,"SSL",0.359233110072023,-0.0407668899279774,200,27
"scenarioA","X_2","strong",0.6,-0.5,-0.589669696346402,"SSL",-0.46640049344937,0.0335995065506298,200,27
"scenarioA","X_3","weak",0.3,0.6,0.646055361747252,"SSL",0.504214077822743,-0.0957859221772566,200,27
"scenarioA","X_4","weak",0.3,0.75,0.566223396362244,"SSL",0.447119954543816,-0.302880045456184,200,27
"scenarioA","X_5","indep",0,-0.8,-0.784775330670504,"SSL",-0.702004020115618,0.0979959798843822,200,27
"scenarioA","X_6","indep",0,0,NA,"SSL",0,0,200,27
"scenarioA","X_7","indep",0,0,NA,"SSL",0,0,200,27
"scenarioA","X_8","indep",0,0,NA,"SSL",0,0,200,27
"scenarioA","X_9","indep",0,0,NA,"SSL",0,0,200,27
"scenarioA","X_10","indep",0,0,NA,"SSL",0,0,200,27
"scenarioA","X_11","indep",0,0,NA,"SSL",0,0,200,27
"scenarioA","X_12","indep",0,0,NA,"SSL",0,0,200,27
"scenarioA","X_13","indep",0,0,NA,"SSL",0,0,200,27
"scenarioA","X_14","indep",0,0,NA,"SSL",0,0,200,27
"scenarioA","X_15","indep",0,0,NA,"SSL",0,0,200,27
"scenarioA","X_16","indep",0,0,NA,"SSL",0,0,200,27
"scenarioA","X_17","indep",0,0,NA,"SSL",0,0,200,27
"scenarioA","X_18","weak",0.3,0,NA,"SSL",0,0,200,27
"scenarioA","X_19","weak",0.3,0,NA,"SSL",0,0,200,27
"scenarioA","X_20","weak",0.3,0,NA,"SSL",0,0,200,27
"scenarioA","X_21","weak",0.3,0,NA,"SSL",0.277049775442274,0.277049775442274,200,27
"scenarioA","X_22","strong",0.6,0,NA,"SSL",0,0,200,27
"scenarioA","X_23","strong",0.6,0,NA,"SSL",0,0,200,27
"scenarioA","X_24","strong",0.6,0,NA,"SSL",0,0,200,27
"scenarioA","X_25","strong",0.6,0,NA,"SSL",0,0,200,27
"scenarioA","X_1","strong",0.6,0.4,0.502800891352906,"LASSO",0.212948873797554,-0.187051126202446,200,27
"scenarioA","X_2","strong",0.6,-0.5,-0.589669696346402,"LASSO",-0.309073041556855,0.190926958443145,200,27
"scenarioA","X_3","weak",0.3,0.6,0.646055361747252,"LASSO",0.419098992520439,-0.180901007479561,200,27
"scenarioA","X_4","weak",0.3,0.75,0.566223396362244,"LASSO",0.357720828235038,-0.392279171764962,200,27
"scenarioA","X_5","indep",0,-0.8,-0.784775330670504,"LASSO",-0.557350950259198,0.242649049740802,200,27
"scenarioA","X_6","indep",0,0,NA,"LASSO",0,0,200,27
"scenarioA","X_7","indep",0,0,NA,"LASSO",0,0,200,27
"scenarioA","X_8","indep",0,0,NA,"LASSO",0,0,200,27
"scenarioA","X_9","indep",0,0,NA,"LASSO",0,0,200,27
"scenarioA","X_10","indep",0,0,NA,"LASSO",0.0763497190053606,0.0763497190053606,200,27
"scenarioA","X_11","indep",0,0,NA,"LASSO",0,0,200,27
"scenarioA","X_12","indep",0,0,NA,"LASSO",0,0,200,27
"scenarioA","X_13","indep",0,0,NA,"LASSO",0,0,200,27
"scenarioA","X_14","indep",0,0,NA,"LASSO",0,0,200,27
"scenarioA","X_15","indep",0,0,NA,"LASSO",0,0,200,27
"scenarioA","X_16","indep",0,0,NA,"LASSO",0,0,200,27
"scenarioA","X_17","indep",0,0,NA,"LASSO",0,0,200,27
"scenarioA","X_18","weak",0.3,0,NA,"LASSO",0,0,200,27
"scenarioA","X_19","weak",0.3,0,NA,"LASSO",0,0,200,27
"scenarioA","X_20","weak",0.3,0,NA,"LASSO",0,0,200,27
"scenarioA","X_21","weak",0.3,0,NA,"LASSO",0.213058297212541,0.213058297212541,200,27
"scenarioA","X_22","strong",0.6,0,NA,"LASSO",0,0,200,27
"scenarioA","X_23","strong",0.6,0,NA,"LASSO",0,0,200,27
"scenarioA","X_24","strong",0.6,0,NA,"LASSO",0,0,200,27
"scenarioA","X_25","strong",0.6,0,NA,"LASSO",0,0,200,27
"scenarioA","X_1","strong",0.6,0.4,0.461393759357256,"SSL",0,-0.4,200,28
"scenarioA","X_2","strong",0.6,-0.5,-0.445426512100487,"SSL",0,0.5,200,28
"scenarioA","X_3","weak",0.3,0.6,0.61804584264508,"SSL",0.530549451458778,-0.0694505485412223,200,28
"scenarioA","X_4","weak",0.3,0.75,0.803209343934699,"SSL",0.743478882029419,-0.00652111797058108,200,28
"scenarioA","X_5","indep",0,-0.8,-0.818472497294565,"SSL",-0.715512255195947,0.0844877448040531,200,28
"scenarioA","X_6","indep",0,0,NA,"SSL",0,0,200,28
"scenarioA","X_7","indep",0,0,NA,"SSL",0,0,200,28
"scenarioA","X_8","indep",0,0,NA,"SSL",0,0,200,28
"scenarioA","X_9","indep",0,0,NA,"SSL",0,0,200,28
"scenarioA","X_10","indep",0,0,NA,"SSL",0,0,200,28
"scenarioA","X_11","indep",0,0,NA,"SSL",0,0,200,28
"scenarioA","X_12","indep",0,0,NA,"SSL",0,0,200,28
"scenarioA","X_13","indep",0,0,NA,"SSL",0,0,200,28
"scenarioA","X_14","indep",0,0,NA,"SSL",0,0,200,28
"scenarioA","X_15","indep",0,0,NA,"SSL",0,0,200,28
"scenarioA","X_16","indep",0,0,NA,"SSL",0,0,200,28
"scenarioA","X_17","indep",0,0,NA,"SSL",0,0,200,28
"scenarioA","X_18","weak",0.3,0,NA,"SSL",0,0,200,28
"scenarioA","X_19","weak",0.3,0,NA,"SSL",0,0,200,28
"scenarioA","X_20","weak",0.3,0,NA,"SSL",0,0,200,28
"scenarioA","X_21","weak",0.3,0,NA,"SSL",0,0,200,28
"scenarioA","X_22","strong",0.6,0,NA,"SSL",0,0,200,28
"scenarioA","X_23","strong",0.6,0,NA,"SSL",0,0,200,28
"scenarioA","X_24","strong",0.6,0,NA,"SSL",0,0,200,28
"scenarioA","X_25","strong",0.6,0,NA,"SSL",0,0,200,28
"scenarioA","X_1","strong",0.6,0.4,0.461393759357256,"LASSO",0,-0.4,200,28
"scenarioA","X_2","strong",0.6,-0.5,-0.445426512100487,"LASSO",0,0.5,200,28
"scenarioA","X_3","weak",0.3,0.6,0.61804584264508,"LASSO",0.352507396529146,-0.247492603470854,200,28
"scenarioA","X_4","weak",0.3,0.75,0.803209343934699,"LASSO",0.614664084188469,-0.135335915811531,200,28
"scenarioA","X_5","indep",0,-0.8,-0.818472497294565,"LASSO",-0.507325964963302,0.292674035036698,200,28
"scenarioA","X_6","indep",0,0,NA,"LASSO",0,0,200,28
"scenarioA","X_7","indep",0,0,NA,"LASSO",0,0,200,28
"scenarioA","X_8","indep",0,0,NA,"LASSO",0,0,200,28
"scenarioA","X_9","indep",0,0,NA,"LASSO",0,0,200,28
"scenarioA","X_10","indep",0,0,NA,"LASSO",0,0,200,28
"scenarioA","X_11","indep",0,0,NA,"LASSO",0,0,200,28
"scenarioA","X_12","indep",0,0,NA,"LASSO",0,0,200,28
"scenarioA","X_13","indep",0,0,NA,"LASSO",0,0,200,28
"scenarioA","X_14","indep",0,0,NA,"LASSO",0,0,200,28
"scenarioA","X_15","indep",0,0,NA,"LASSO",0,0,200,28
"scenarioA","X_16","indep",0,0,NA,"LASSO",0,0,200,28
"scenarioA","X_17","indep",0,0,NA,"LASSO",0,0,200,28
"scenarioA","X_18","weak",0.3,0,NA,"LASSO",0,0,200,28
"scenarioA","X_19","weak",0.3,0,NA,"LASSO",0,0,200,28
"scenarioA","X_20","weak",0.3,0,NA,"LASSO",0,0,200,28
"scenarioA","X_21","weak",0.3,0,NA,"LASSO",0,0,200,28
"scenarioA","X_22","strong",0.6,0,NA,"LASSO",0,0,200,28
"scenarioA","X_23","strong",0.6,0,NA,"LASSO",0,0,200,28
"scenarioA","X_24","strong",0.6,0,NA,"LASSO",0,0,200,28
"scenarioA","X_25","strong",0.6,0,NA,"LASSO",0,0,200,28
"scenarioA","X_1","strong",0.6,0.4,0.43053244647469,"SSL",0,-0.4,200,29
"scenarioA","X_2","strong",0.6,-0.5,-0.47691734786025,"SSL",0,0.5,200,29
"scenarioA","X_3","weak",0.3,0.6,0.581168178812501,"SSL",0.471850997394906,-0.128149002605094,200,29
"scenarioA","X_4","weak",0.3,0.75,0.641506058975633,"SSL",0.564915252339515,-0.185084747660485,200,29
"scenarioA","X_5","indep",0,-0.8,-0.740233056038161,"SSL",-0.600650127860201,0.199349872139799,200,29
"scenarioA","X_6","indep",0,0,NA,"SSL",0,0,200,29
"scenarioA","X_7","indep",0,0,NA,"SSL",0,0,200,29
"scenarioA","X_8","indep",0,0,NA,"SSL",0,0,200,29
"scenarioA","X_9","indep",0,0,NA,"SSL",0,0,200,29
"scenarioA","X_10","indep",0,0,NA,"SSL",0,0,200,29
"scenarioA","X_11","indep",0,0,NA,"SSL",0,0,200,29
"scenarioA","X_12","indep",0,0,NA,"SSL",0,0,200,29
"scenarioA","X_13","indep",0,0,NA,"SSL",0,0,200,29
"scenarioA","X_14","indep",0,0,NA,"SSL",0,0,200,29
"scenarioA","X_15","indep",0,0,NA,"SSL",0,0,200,29
"scenarioA","X_16","indep",0,0,NA,"SSL",0,0,200,29
"scenarioA","X_17","indep",0,0,NA,"SSL",-0.21722824068935,-0.21722824068935,200,29
"scenarioA","X_18","weak",0.3,0,NA,"SSL",0,0,200,29
"scenarioA","X_19","weak",0.3,0,NA,"SSL",0,0,200,29
"scenarioA","X_20","weak",0.3,0,NA,"SSL",0,0,200,29
"scenarioA","X_21","weak",0.3,0,NA,"SSL",0,0,200,29
"scenarioA","X_22","strong",0.6,0,NA,"SSL",0,0,200,29
"scenarioA","X_23","strong",0.6,0,NA,"SSL",0,0,200,29
"scenarioA","X_24","strong",0.6,0,NA,"SSL",0,0,200,29
"scenarioA","X_25","strong",0.6,0,NA,"SSL",0,0,200,29
"scenarioA","X_1","strong",0.6,0.4,0.43053244647469,"LASSO",0,-0.4,200,29
"scenarioA","X_2","strong",0.6,-0.5,-0.47691734786025,"LASSO",0,0.5,200,29
"scenarioA","X_3","weak",0.3,0.6,0.581168178812501,"LASSO",0.356758624924207,-0.243241375075793,200,29
"scenarioA","X_4","weak",0.3,0.75,0.641506058975633,"LASSO",0.423278045686933,-0.326721954313067,200,29
"scenarioA","X_5","indep",0,-0.8,-0.740233056038161,"LASSO",-0.405841578432684,0.394158421567316,200,29
"scenarioA","X_6","indep",0,0,NA,"LASSO",0,0,200,29
"scenarioA","X_7","indep",0,0,NA,"LASSO",0,0,200,29
"scenarioA","X_8","indep",0,0,NA,"LASSO",0,0,200,29
"scenarioA","X_9","indep",0,0,NA,"LASSO",0,0,200,29
"scenarioA","X_10","indep",0,0,NA,"LASSO",0,0,200,29
"scenarioA","X_11","indep",0,0,NA,"LASSO",0.0692781516737809,0.0692781516737809,200,29
"scenarioA","X_12","indep",0,0,NA,"LASSO",0,0,200,29
"scenarioA","X_13","indep",0,0,NA,"LASSO",0,0,200,29
"scenarioA","X_14","indep",0,0,NA,"LASSO",0,0,200,29
"scenarioA","X_15","indep",0,0,NA,"LASSO",0,0,200,29
"scenarioA","X_16","indep",0,0,NA,"LASSO",0,0,200,29
"scenarioA","X_17","indep",0,0,NA,"LASSO",-0.0897296715195247,-0.0897296715195247,200,29
"scenarioA","X_18","weak",0.3,0,NA,"LASSO",0,0,200,29
"scenarioA","X_19","weak",0.3,0,NA,"LASSO",0,0,200,29
"scenarioA","X_20","weak",0.3,0,NA,"LASSO",0,0,200,29
"scenarioA","X_21","weak",0.3,0,NA,"LASSO",0,0,200,29
"scenarioA","X_22","strong",0.6,0,NA,"LASSO",0,0,200,29
"scenarioA","X_23","strong",0.6,0,NA,"LASSO",0,0,200,29
"scenarioA","X_24","strong",0.6,0,NA,"LASSO",0,0,200,29
"scenarioA","X_25","strong",0.6,0,NA,"LASSO",0,0,200,29
"scenarioA","X_1","strong",0.6,0.4,0.590953699215127,"SSL",0.342776643738918,-0.0572233562610818,200,30
"scenarioA","X_2","strong",0.6,-0.5,-0.700609897808248,"SSL",-0.587180860883193,-0.087180860883193,200,30
"scenarioA","X_3","weak",0.3,0.6,0.511382962958097,"SSL",0.421119285290833,-0.178880714709167,200,30
"scenarioA","X_4","weak",0.3,0.75,0.773813828251816,"SSL",0.698724531447645,-0.0512754685523551,200,30
"scenarioA","X_5","indep",0,-0.8,-0.953014837212184,"SSL",-0.913760156702939,-0.113760156702939,200,30
"scenarioA","X_6","indep",0,0,NA,"SSL",-0.165181942721332,-0.165181942721332,200,30
"scenarioA","X_7","indep",0,0,NA,"SSL",0,0,200,30
"scenarioA","X_8","indep",0,0,NA,"SSL",0,0,200,30
"scenarioA","X_9","indep",0,0,NA,"SSL",0,0,200,30
"scenarioA","X_10","indep",0,0,NA,"SSL",0,0,200,30
"scenarioA","X_11","indep",0,0,NA,"SSL",0,0,200,30
"scenarioA","X_12","indep",0,0,NA,"SSL",0,0,200,30
"scenarioA","X_13","indep",0,0,NA,"SSL",0,0,200,30
"scenarioA","X_14","indep",0,0,NA,"SSL",0,0,200,30
"scenarioA","X_15","indep",0,0,NA,"SSL",0,0,200,30
"scenarioA","X_16","indep",0,0,NA,"SSL",0,0,200,30
"scenarioA","X_17","indep",0,0,NA,"SSL",0,0,200,30
"scenarioA","X_18","weak",0.3,0,NA,"SSL",0,0,200,30
"scenarioA","X_19","weak",0.3,0,NA,"SSL",0,0,200,30
"scenarioA","X_20","weak",0.3,0,NA,"SSL",0,0,200,30
"scenarioA","X_21","weak",0.3,0,NA,"SSL",0,0,200,30
"scenarioA","X_22","strong",0.6,0,NA,"SSL",0,0,200,30
"scenarioA","X_23","strong",0.6,0,NA,"SSL",0.182553762127741,0.182553762127741,200,30
"scenarioA","X_24","strong",0.6,0,NA,"SSL",0,0,200,30
"scenarioA","X_25","strong",0.6,0,NA,"SSL",0,0,200,30
"scenarioA","X_1","strong",0.6,0.4,0.590953699215127,"LASSO",0.134009840915853,-0.265990159084147,200,30
"scenarioA","X_2","strong",0.6,-0.5,-0.700609897808248,"LASSO",-0.22459167090661,0.27540832909339,200,30
"scenarioA","X_3","weak",0.3,0.6,0.511382962958097,"LASSO",0.288858984052933,-0.311141015947067,200,30
"scenarioA","X_4","weak",0.3,0.75,0.773813828251816,"LASSO",0.610200984795574,-0.139799015204426,200,30
"scenarioA","X_5","indep",0,-0.8,-0.953014837212184,"LASSO",-0.69651625159855,0.10348374840145,200,30
"scenarioA","X_6","indep",0,0,NA,"LASSO",-0.0937222599031636,-0.0937222599031636,200,30
"scenarioA","X_7","indep",0,0,NA,"LASSO",0,0,200,30
"scenarioA","X_8","indep",0,0,NA,"LASSO",0,0,200,30
"scenarioA","X_9","indep",0,0,NA,"LASSO",0,0,200,30
"scenarioA","X_10","indep",0,0,NA,"LASSO",0,0,200,30
"scenarioA","X_11","indep",0,0,NA,"LASSO",0,0,200,30
"scenarioA","X_12","indep",0,0,NA,"LASSO",0,0,200,30
"scenarioA","X_13","indep",0,0,NA,"LASSO",0,0,200,30
"scenarioA","X_14","indep",0,0,NA,"LASSO",0.0342457700606661,0.0342457700606661,200,30
"scenarioA","X_15","indep",0,0,NA,"LASSO",0,0,200,30
"scenarioA","X_16","indep",0,0,NA,"LASSO",0,0,200,30
"scenarioA","X_17","indep",0,0,NA,"LASSO",0,0,200,30
"scenarioA","X_18","weak",0.3,0,NA,"LASSO",0,0,200,30
"scenarioA","X_19","weak",0.3,0,NA,"LASSO",0.00810828994621346,0.00810828994621346,200,30
"scenarioA","X_20","weak",0.3,0,NA,"LASSO",0,0,200,30
"scenarioA","X_21","weak",0.3,0,NA,"LASSO",0,0,200,30
"scenarioA","X_22","strong",0.6,0,NA,"LASSO",0,0,200,30
"scenarioA","X_23","strong",0.6,0,NA,"LASSO",0,0,200,30
"scenarioA","X_24","strong",0.6,0,NA,"LASSO",0,0,200,30
"scenarioA","X_25","strong",0.6,0,NA,"LASSO",0,0,200,30
"scenarioA","X_1","strong",0.6,0.4,0.40601071625967,"SSL",0,-0.4,200,31
"scenarioA","X_2","strong",0.6,-0.5,-0.523446187037865,"SSL",0,0.5,200,31
"scenarioA","X_3","weak",0.3,0.6,0.80342586184623,"SSL",0.574000737576709,-0.0259992624232913,200,31
"scenarioA","X_4","weak",0.3,0.75,0.878429902420072,"SSL",0.786248651184017,0.0362486511840167,200,31
"scenarioA","X_5","indep",0,-0.8,-1.16705732003656,"SSL",-0.981991810192054,-0.181991810192054,200,31
"scenarioA","X_6","indep",0,0,NA,"SSL",0,0,200,31
"scenarioA","X_7","indep",0,0,NA,"SSL",0,0,200,31
"scenarioA","X_8","indep",0,0,NA,"SSL",0,0,200,31
"scenarioA","X_9","indep",0,0,NA,"SSL",0,0,200,31
"scenarioA","X_10","indep",0,0,NA,"SSL",0,0,200,31
"scenarioA","X_11","indep",0,0,NA,"SSL",0,0,200,31
"scenarioA","X_12","indep",0,0,NA,"SSL",0,0,200,31
"scenarioA","X_13","indep",0,0,NA,"SSL",0,0,200,31
"scenarioA","X_14","indep",0,0,NA,"SSL",0,0,200,31
"scenarioA","X_15","indep",0,0,NA,"SSL",0,0,200,31
"scenarioA","X_16","indep",0,0,NA,"SSL",0,0,200,31
"scenarioA","X_17","indep",0,0,NA,"SSL",0,0,200,31
"scenarioA","X_18","weak",0.3,0,NA,"SSL",0,0,200,31
"scenarioA","X_19","weak",0.3,0,NA,"SSL",0,0,200,31
"scenarioA","X_20","weak",0.3,0,NA,"SSL",0,0,200,31
"scenarioA","X_21","weak",0.3,0,NA,"SSL",0,0,200,31
"scenarioA","X_22","strong",0.6,0,NA,"SSL",0,0,200,31
"scenarioA","X_23","strong",0.6,0,NA,"SSL",0,0,200,31
"scenarioA","X_24","strong",0.6,0,NA,"SSL",0,0,200,31
"scenarioA","X_25","strong",0.6,0,NA,"SSL",0,0,200,31
"scenarioA","X_1","strong",0.6,0.4,0.40601071625967,"LASSO",0.0802839815002627,-0.319716018499737,200,31
"scenarioA","X_2","strong",0.6,-0.5,-0.523446187037865,"LASSO",-0.147404440057264,0.352595559942736,200,31
"scenarioA","X_3","weak",0.3,0.6,0.80342586184623,"LASSO",0.430541856971883,-0.169458143028117,200,31
"scenarioA","X_4","weak",0.3,0.75,0.878429902420072,"LASSO",0.604233260081389,-0.145766739918611,200,31
"scenarioA","X_5","indep",0,-0.8,-1.16705732003656,"LASSO",-0.812776730734688,-0.0127767307346878,200,31
"scenarioA","X_6","indep",0,0,NA,"LASSO",0,0,200,31
"scenarioA","X_7","indep",0,0,NA,"LASSO",0,0,200,31
"scenarioA","X_8","indep",0,0,NA,"LASSO",0,0,200,31
"scenarioA","X_9","indep",0,0,NA,"LASSO",0,0,200,31
"scenarioA","X_10","indep",0,0,NA,"LASSO",0,0,200,31
"scenarioA","X_11","indep",0,0,NA,"LASSO",0,0,200,31
"scenarioA","X_12","indep",0,0,NA,"LASSO",0,0,200,31
"scenarioA","X_13","indep",0,0,NA,"LASSO",0,0,200,31
"scenarioA","X_14","indep",0,0,NA,"LASSO",0,0,200,31
"scenarioA","X_15","indep",0,0,NA,"LASSO",0,0,200,31
"scenarioA","X_16","indep",0,0,NA,"LASSO",0,0,200,31
"scenarioA","X_17","indep",0,0,NA,"LASSO",0,0,200,31
"scenarioA","X_18","weak",0.3,0,NA,"LASSO",0,0,200,31
"scenarioA","X_19","weak",0.3,0,NA,"LASSO",0,0,200,31
"scenarioA","X_20","weak",0.3,0,NA,"LASSO",0,0,200,31
"scenarioA","X_21","weak",0.3,0,NA,"LASSO",0.150505092997611,0.150505092997611,200,31
"scenarioA","X_22","strong",0.6,0,NA,"LASSO",0,0,200,31
"scenarioA","X_23","strong",0.6,0,NA,"LASSO",0,0,200,31
"scenarioA","X_24","strong",0.6,0,NA,"LASSO",0,0,200,31
"scenarioA","X_25","strong",0.6,0,NA,"LASSO",0,0,200,31
"scenarioA","X_1","strong",0.6,0.4,0.387246908742115,"SSL",0.219745147831004,-0.180254852168996,200,32
"scenarioA","X_2","strong",0.6,-0.5,-0.562953210753829,"SSL",-0.347300659893838,0.152699340106162,200,32
"scenarioA","X_3","weak",0.3,0.6,0.719853875750977,"SSL",0.617562256575261,0.017562256575261,200,32
"scenarioA","X_4","weak",0.3,0.75,0.570397484721671,"SSL",0.490089201562674,-0.259910798437326,200,32
"scenarioA","X_5","indep",0,-0.8,-0.803973674944064,"SSL",-0.731938974287673,0.0680610257123268,200,32
"scenarioA","X_6","indep",0,0,NA,"SSL",0,0,200,32
"scenarioA","X_7","indep",0,0,NA,"SSL",0,0,200,32
"scenarioA","X_8","indep",0,0,NA,"SSL",0,0,200,32
"scenarioA","X_9","indep",0,0,NA,"SSL",0,0,200,32
"scenarioA","X_10","indep",0,0,NA,"SSL",0,0,200,32
"scenarioA","X_11","indep",0,0,NA,"SSL",0,0,200,32
"scenarioA","X_12","indep",0,0,NA,"SSL",0,0,200,32
"scenarioA","X_13","indep",0,0,NA,"SSL",0,0,200,32
"scenarioA","X_14","indep",0,0,NA,"SSL",0,0,200,32
"scenarioA","X_15","indep",0,0,NA,"SSL",-0.144465816636317,-0.144465816636317,200,32
"scenarioA","X_16","indep",0,0,NA,"SSL",0,0,200,32
"scenarioA","X_17","indep",0,0,NA,"SSL",0,0,200,32
"scenarioA","X_18","weak",0.3,0,NA,"SSL",0,0,200,32
"scenarioA","X_19","weak",0.3,0,NA,"SSL",0,0,200,32
"scenarioA","X_20","weak",0.3,0,NA,"SSL",0.223757315781353,0.223757315781353,200,32
"scenarioA","X_21","weak",0.3,0,NA,"SSL",0,0,200,32
"scenarioA","X_22","strong",0.6,0,NA,"SSL",0,0,200,32
"scenarioA","X_23","strong",0.6,0,NA,"SSL",0,0,200,32
"scenarioA","X_24","strong",0.6,0,NA,"SSL",0,0,200,32
"scenarioA","X_25","strong",0.6,0,NA,"SSL",0,0,200,32
"scenarioA","X_1","strong",0.6,0.4,0.387246908742115,"LASSO",0,-0.4,200,32
"scenarioA","X_2","strong",0.6,-0.5,-0.562953210753829,"LASSO",-0.048696105978771,0.451303894021229,200,32
"scenarioA","X_3","weak",0.3,0.6,0.719853875750977,"LASSO",0.459318219652346,-0.140681780347654,200,32
"scenarioA","X_4","weak",0.3,0.75,0.570397484721671,"LASSO",0.394230626766273,-0.355769373233727,200,32
"scenarioA","X_5","indep",0,-0.8,-0.803973674944064,"LASSO",-0.515397362943638,0.284602637056362,200,32
"scenarioA","X_6","indep",0,0,NA,"LASSO",0,0,200,32
"scenarioA","X_7","indep",0,0,NA,"LASSO",0,0,200,32
"scenarioA","X_8","indep",0,0,NA,"LASSO",0,0,200,32
"scenarioA","X_9","indep",0,0,NA,"LASSO",0,0,200,32
"scenarioA","X_10","indep",0,0,NA,"LASSO",0,0,200,32
"scenarioA","X_11","indep",0,0,NA,"LASSO",0,0,200,32
"scenarioA","X_12","indep",0,0,NA,"LASSO",0,0,200,32
"scenarioA","X_13","indep",0,0,NA,"LASSO",0,0,200,32
"scenarioA","X_14","indep",0,0,NA,"LASSO",0,0,200,32
"scenarioA","X_15","indep",0,0,NA,"LASSO",0,0,200,32
"scenarioA","X_16","indep",0,0,NA,"LASSO",0,0,200,32
"scenarioA","X_17","indep",0,0,NA,"LASSO",0,0,200,32
"scenarioA","X_18","weak",0.3,0,NA,"LASSO",0,0,200,32
"scenarioA","X_19","weak",0.3,0,NA,"LASSO",0,0,200,32
"scenarioA","X_20","weak",0.3,0,NA,"LASSO",0.121392748935387,0.121392748935387,200,32
"scenarioA","X_21","weak",0.3,0,NA,"LASSO",0,0,200,32
"scenarioA","X_22","strong",0.6,0,NA,"LASSO",0,0,200,32
"scenarioA","X_23","strong",0.6,0,NA,"LASSO",0,0,200,32
"scenarioA","X_24","strong",0.6,0,NA,"LASSO",0,0,200,32
"scenarioA","X_25","strong",0.6,0,NA,"LASSO",0,0,200,32
"scenarioA","X_1","strong",0.6,0.4,0.596889618076889,"SSL",0.632429673575753,0.232429673575753,200,33
"scenarioA","X_2","strong",0.6,-0.5,-0.868892033133372,"SSL",-0.658906252541949,-0.158906252541949,200,33
"scenarioA","X_3","weak",0.3,0.6,0.437925346650594,"SSL",0.438999895334226,-0.161000104665774,200,33
"scenarioA","X_4","weak",0.3,0.75,0.841571261962634,"SSL",0.825040247137649,0.0750402471376491,200,33
"scenarioA","X_5","indep",0,-0.8,-0.948479401278677,"SSL",-0.88467260678929,-0.0846726067892898,200,33
"scenarioA","X_6","indep",0,0,NA,"SSL",-0.170208457131807,-0.170208457131807,200,33
"scenarioA","X_7","indep",0,0,NA,"SSL",-0.0388131198814892,-0.0388131198814892,200,33
"scenarioA","X_8","indep",0,0,NA,"SSL",0,0,200,33
"scenarioA","X_9","indep",0,0,NA,"SSL",0,0,200,33
"scenarioA","X_10","indep",0,0,NA,"SSL",0,0,200,33
"scenarioA","X_11","indep",0,0,NA,"SSL",0.146666151765013,0.146666151765013,200,33
"scenarioA","X_12","indep",0,0,NA,"SSL",0.102689851978983,0.102689851978983,200,33
"scenarioA","X_13","indep",0,0,NA,"SSL",-0.0832878416075756,-0.0832878416075756,200,33
"scenarioA","X_14","indep",0,0,NA,"SSL",0,0,200,33
"scenarioA","X_15","indep",0,0,NA,"SSL",0,0,200,33
"scenarioA","X_16","indep",0,0,NA,"SSL",0.227818328484374,0.227818328484374,200,33
"scenarioA","X_17","indep",0,0,NA,"SSL",0,0,200,33
"scenarioA","X_18","weak",0.3,0,NA,"SSL",0,0,200,33
"scenarioA","X_19","weak",0.3,0,NA,"SSL",0,0,200,33
"scenarioA","X_20","weak",0.3,0,NA,"SSL",0,0,200,33
"scenarioA","X_21","weak",0.3,0,NA,"SSL",0,0,200,33
"scenarioA","X_22","strong",0.6,0,NA,"SSL",-0.230697390736117,-0.230697390736117,200,33
"scenarioA","X_23","strong",0.6,0,NA,"SSL",-0.135482743820569,-0.135482743820569,200,33
"scenarioA","X_24","strong",0.6,0,NA,"SSL",0,0,200,33
"scenarioA","X_25","strong",0.6,0,NA,"SSL",0,0,200,33
"scenarioA","X_1","strong",0.6,0.4,0.596889618076889,"LASSO",0.303757627418297,-0.0962423725817028,200,33
"scenarioA","X_2","strong",0.6,-0.5,-0.868892033133372,"LASSO",-0.445450109906695,0.0545498900933045,200,33
"scenarioA","X_3","weak",0.3,0.6,0.437925346650594,"LASSO",0.261579848430863,-0.338420151569137,200,33
"scenarioA","X_4","weak",0.3,0.75,0.841571261962634,"LASSO",0.669779968307779,-0.0802200316922212,200,33
"scenarioA","X_5","indep",0,-0.8,-0.948479401278677,"LASSO",-0.69955834169984,0.10044165830016,200,33
"scenarioA","X_6","indep",0,0,NA,"LASSO",-0.069063965481534,-0.069063965481534,200,33
"scenarioA","X_7","indep",0,0,NA,"LASSO",0,0,200,33
"scenarioA","X_8","indep",0,0,NA,"LASSO",0,0,200,33
"scenarioA","X_9","indep",0,0,NA,"LASSO",0,0,200,33
"scenarioA","X_10","indep",0,0,NA,"LASSO",0,0,200,33
"scenarioA","X_11","indep",0,0,NA,"LASSO",0.0173272345295213,0.0173272345295213,200,33
"scenarioA","X_12","indep",0,0,NA,"LASSO",0,0,200,33
"scenarioA","X_13","indep",0,0,NA,"LASSO",0,0,200,33
"scenarioA","X_14","indep",0,0,NA,"LASSO",0,0,200,33
"scenarioA","X_15","indep",0,0,NA,"LASSO",0,0,200,33
"scenarioA","X_16","indep",0,0,NA,"LASSO",0.0998622825591016,0.0998622825591016,200,33
"scenarioA","X_17","indep",0,0,NA,"LASSO",0,0,200,33
"scenarioA","X_18","weak",0.3,0,NA,"LASSO",0,0,200,33
"scenarioA","X_19","weak",0.3,0,NA,"LASSO",0,0,200,33
"scenarioA","X_20","weak",0.3,0,NA,"LASSO",0,0,200,33
"scenarioA","X_21","weak",0.3,0,NA,"LASSO",0,0,200,33
"scenarioA","X_22","strong",0.6,0,NA,"LASSO",-0.156206246093015,-0.156206246093015,200,33
"scenarioA","X_23","strong",0.6,0,NA,"LASSO",0,0,200,33
"scenarioA","X_24","strong",0.6,0,NA,"LASSO",0,0,200,33
"scenarioA","X_25","strong",0.6,0,NA,"LASSO",0,0,200,33
"scenarioA","X_1","strong",0.6,0.4,0.752081068391793,"SSL",0.746642548085352,0.346642548085352,200,34
"scenarioA","X_2","strong",0.6,-0.5,-0.979628789732198,"SSL",-0.819784369910331,-0.319784369910331,200,34
"scenarioA","X_3","weak",0.3,0.6,0.926264362385171,"SSL",0.87167251514022,0.27167251514022,200,34
"scenarioA","X_4","weak",0.3,0.75,0.775329903932026,"SSL",0.76140923791695,0.01140923791695,200,34
"scenarioA","X_5","indep",0,-0.8,-0.757988234191101,"SSL",-0.751398292992139,0.0486017070078613,200,34
"scenarioA","X_6","indep",0,0,NA,"SSL",0,0,200,34
"scenarioA","X_7","indep",0,0,NA,"SSL",-0.191342070989539,-0.191342070989539,200,34
"scenarioA","X_8","indep",0,0,NA,"SSL",0,0,200,34
"scenarioA","X_9","indep",0,0,NA,"SSL",0,0,200,34
"scenarioA","X_10","indep",0,0,NA,"SSL",0,0,200,34
"scenarioA","X_11","indep",0,0,NA,"SSL",0,0,200,34
"scenarioA","X_12","indep",0,0,NA,"SSL",0,0,200,34
"scenarioA","X_13","indep",0,0,NA,"SSL",0,0,200,34
"scenarioA","X_14","indep",0,0,NA,"SSL",0,0,200,34
"scenarioA","X_15","indep",0,0,NA,"SSL",-0.118993707628663,-0.118993707628663,200,34
"scenarioA","X_16","indep",0,0,NA,"SSL",0.136857328688328,0.136857328688328,200,34
"scenarioA","X_17","indep",0,0,NA,"SSL",0.158635607344887,0.158635607344887,200,34
"scenarioA","X_18","weak",0.3,0,NA,"SSL",0,0,200,34
"scenarioA","X_19","weak",0.3,0,NA,"SSL",0,0,200,34
"scenarioA","X_20","weak",0.3,0,NA,"SSL",0,0,200,34
"scenarioA","X_21","weak",0.3,0,NA,"SSL",0,0,200,34
"scenarioA","X_22","strong",0.6,0,NA,"SSL",0,0,200,34
"scenarioA","X_23","strong",0.6,0,NA,"SSL",0,0,200,34
"scenarioA","X_24","strong",0.6,0,NA,"SSL",-0.170608241262498,-0.170608241262498,200,34
"scenarioA","X_25","strong",0.6,0,NA,"SSL",0,0,200,34
"scenarioA","X_1","strong",0.6,0.4,0.752081068391793,"LASSO",0.267513635033843,-0.132486364966157,200,34
"scenarioA","X_2","strong",0.6,-0.5,-0.979628789732198,"LASSO",-0.381920199690264,0.118079800309736,200,34
"scenarioA","X_3","weak",0.3,0.6,0.926264362385171,"LASSO",0.640659199064183,0.040659199064183,200,34
"scenarioA","X_4","weak",0.3,0.75,0.775329903932026,"LASSO",0.499221231079244,-0.250778768920756,200,34
"scenarioA","X_5","indep",0,-0.8,-0.757988234191101,"LASSO",-0.490259989930839,0.309740010069161,200,34
"scenarioA","X_6","indep",0,0,NA,"LASSO",0,0,200,34
"scenarioA","X_7","indep",0,0,NA,"LASSO",-0.023588508974635,-0.023588508974635,200,34
"scenarioA","X_8","indep",0,0,NA,"LASSO",0,0,200,34
"scenarioA","X_9","indep",0,0,NA,"LASSO",0,0,200,34
"scenarioA","X_10","indep",0,0,NA,"LASSO",0,0,200,34
"scenarioA","X_11","indep",0,0,NA,"LASSO",0,0,200,34
"scenarioA","X_12","indep",0,0,NA,"LASSO",0,0,200,34
"scenarioA","X_13","indep",0,0,NA,"LASSO",0,0,200,34
"scenarioA","X_14","indep",0,0,NA,"LASSO",0,0,200,34
"scenarioA","X_15","indep",0,0,NA,"LASSO",-0.0465315858952175,-0.0465315858952175,200,34
"scenarioA","X_16","indep",0,0,NA,"LASSO",0.0395965323632956,0.0395965323632956,200,34
"scenarioA","X_17","indep",0,0,NA,"LASSO",0.0615964134229906,0.0615964134229906,200,34
"scenarioA","X_18","weak",0.3,0,NA,"LASSO",0,0,200,34
"scenarioA","X_19","weak",0.3,0,NA,"LASSO",0,0,200,34
"scenarioA","X_20","weak",0.3,0,NA,"LASSO",0,0,200,34
"scenarioA","X_21","weak",0.3,0,NA,"LASSO",0,0,200,34
"scenarioA","X_22","strong",0.6,0,NA,"LASSO",0,0,200,34
"scenarioA","X_23","strong",0.6,0,NA,"LASSO",0,0,200,34
"scenarioA","X_24","strong",0.6,0,NA,"LASSO",-0.0556325447810252,-0.0556325447810252,200,34
"scenarioA","X_25","strong",0.6,0,NA,"LASSO",0,0,200,34
"scenarioA","X_1","strong",0.6,0.4,0.336823796177092,"SSL",0,-0.4,200,35
"scenarioA","X_2","strong",0.6,-0.5,-0.565085018874395,"SSL",-0.366870893950802,0.133129106049198,200,35
"scenarioA","X_3","weak",0.3,0.6,0.530334528462184,"SSL",0.466005528813073,-0.133994471186926,200,35
"scenarioA","X_4","weak",0.3,0.75,0.736801576157863,"SSL",0.682913343416309,-0.0670866565836907,200,35
"scenarioA","X_5","indep",0,-0.8,-0.663573312668307,"SSL",-0.61714212595215,0.18285787404785,200,35
"scenarioA","X_6","indep",0,0,NA,"SSL",0,0,200,35
"scenarioA","X_7","indep",0,0,NA,"SSL",0,0,200,35
"scenarioA","X_8","indep",0,0,NA,"SSL",0,0,200,35
"scenarioA","X_9","indep",0,0,NA,"SSL",0,0,200,35
"scenarioA","X_10","indep",0,0,NA,"SSL",0,0,200,35
"scenarioA","X_11","indep",0,0,NA,"SSL",0,0,200,35
"scenarioA","X_12","indep",0,0,NA,"SSL",0,0,200,35
"scenarioA","X_13","indep",0,0,NA,"SSL",0,0,200,35
"scenarioA","X_14","indep",0,0,NA,"SSL",0,0,200,35
"scenarioA","X_15","indep",0,0,NA,"SSL",0,0,200,35
"scenarioA","X_16","indep",0,0,NA,"SSL",0,0,200,35
"scenarioA","X_17","indep",0,0,NA,"SSL",0,0,200,35
"scenarioA","X_18","weak",0.3,0,NA,"SSL",0,0,200,35
"scenarioA","X_19","weak",0.3,0,NA,"SSL",0,0,200,35
"scenarioA","X_20","weak",0.3,0,NA,"SSL",0,0,200,35
"scenarioA","X_21","weak",0.3,0,NA,"SSL",0,0,200,35
"scenarioA","X_22","strong",0.6,0,NA,"SSL",0,0,200,35
"scenarioA","X_23","strong",0.6,0,NA,"SSL",0,0,200,35
"scenarioA","X_24","strong",0.6,0,NA,"SSL",0,0,200,35
"scenarioA","X_25","strong",0.6,0,NA,"SSL",0,0,200,35
"scenarioA","X_1","strong",0.6,0.4,0.336823796177092,"LASSO",0,-0.4,200,35
"scenarioA","X_2","strong",0.6,-0.5,-0.565085018874395,"LASSO",-0.168084574497443,0.331915425502557,200,35
"scenarioA","X_3","weak",0.3,0.6,0.530334528462184,"LASSO",0.349670767692134,-0.250329232307866,200,35
"scenarioA","X_4","weak",0.3,0.75,0.736801576157863,"LASSO",0.48523316731079,-0.26476683268921,200,35
"scenarioA","X_5","indep",0,-0.8,-0.663573312668307,"LASSO",-0.393077980568556,0.406922019431444,200,35
"scenarioA","X_6","indep",0,0,NA,"LASSO",0,0,200,35
"scenarioA","X_7","indep",0,0,NA,"LASSO",0,0,200,35
"scenarioA","X_8","indep",0,0,NA,"LASSO",0,0,200,35
"scenarioA","X_9","indep",0,0,NA,"LASSO",0,0,200,35
"scenarioA","X_10","indep",0,0,NA,"LASSO",0,0,200,35
"scenarioA","X_11","indep",0,0,NA,"LASSO",0,0,200,35
"scenarioA","X_12","indep",0,0,NA,"LASSO",0,0,200,35
"scenarioA","X_13","indep",0,0,NA,"LASSO",0,0,200,35
"scenarioA","X_14","indep",0,0,NA,"LASSO",0,0,200,35
"scenarioA","X_15","indep",0,0,NA,"LASSO",0,0,200,35
"scenarioA","X_16","indep",0,0,NA,"LASSO",0,0,200,35
"scenarioA","X_17","indep",0,0,NA,"LASSO",0,0,200,35
"scenarioA","X_18","weak",0.3,0,NA,"LASSO",0,0,200,35
"scenarioA","X_19","weak",0.3,0,NA,"LASSO",0,0,200,35
"scenarioA","X_20","weak",0.3,0,NA,"LASSO",0,0,200,35
"scenarioA","X_21","weak",0.3,0,NA,"LASSO",0,0,200,35
"scenarioA","X_22","strong",0.6,0,NA,"LASSO",0,0,200,35
"scenarioA","X_23","strong",0.6,0,NA,"LASSO",0,0,200,35
"scenarioA","X_24","strong",0.6,0,NA,"LASSO",0,0,200,35
"scenarioA","X_25","strong",0.6,0,NA,"LASSO",0,0,200,35
"scenarioA","X_1","strong",0.6,0.4,0.208704540597509,"SSL",0,-0.4,200,36
"scenarioA","X_2","strong",0.6,-0.5,-0.3042327222035,"SSL",-0.232137597464905,0.267862402535095,200,36
"scenarioA","X_3","weak",0.3,0.6,0.492009882044996,"SSL",0.438950456952563,-0.161049543047437,200,36
"scenarioA","X_4","weak",0.3,0.75,0.920678804819817,"SSL",0.868756945322393,0.118756945322393,200,36
"scenarioA","X_5","indep",0,-0.8,-0.779502711359303,"SSL",-0.667327660751739,0.132672339248261,200,36
"scenarioA","X_6","indep",0,0,NA,"SSL",0,0,200,36
"scenarioA","X_7","indep",0,0,NA,"SSL",0,0,200,36
"scenarioA","X_8","indep",0,0,NA,"SSL",0,0,200,36
"scenarioA","X_9","indep",0,0,NA,"SSL",0,0,200,36
"scenarioA","X_10","indep",0,0,NA,"SSL",0,0,200,36
"scenarioA","X_11","indep",0,0,NA,"SSL",0,0,200,36
"scenarioA","X_12","indep",0,0,NA,"SSL",0,0,200,36
"scenarioA","X_13","indep",0,0,NA,"SSL",0,0,200,36
"scenarioA","X_14","indep",0,0,NA,"SSL",0,0,200,36
"scenarioA","X_15","indep",0,0,NA,"SSL",0,0,200,36
"scenarioA","X_16","indep",0,0,NA,"SSL",0,0,200,36
"scenarioA","X_17","indep",0,0,NA,"SSL",0,0,200,36
"scenarioA","X_18","weak",0.3,0,NA,"SSL",0,0,200,36
"scenarioA","X_19","weak",0.3,0,NA,"SSL",0,0,200,36
"scenarioA","X_20","weak",0.3,0,NA,"SSL",0,0,200,36
"scenarioA","X_21","weak",0.3,0,NA,"SSL",0,0,200,36
"scenarioA","X_22","strong",0.6,0,NA,"SSL",0,0,200,36
"scenarioA","X_23","strong",0.6,0,NA,"SSL",0,0,200,36
"scenarioA","X_24","strong",0.6,0,NA,"SSL",0,0,200,36
"scenarioA","X_25","strong",0.6,0,NA,"SSL",0.181765263712834,0.181765263712834,200,36
"scenarioA","X_1","strong",0.6,0.4,0.208704540597509,"LASSO",0,-0.4,200,36
"scenarioA","X_2","strong",0.6,-0.5,-0.3042327222035,"LASSO",0,0.5,200,36
"scenarioA","X_3","weak",0.3,0.6,0.492009882044996,"LASSO",0.213074162548698,-0.386925837451302,200,36
"scenarioA","X_4","weak",0.3,0.75,0.920678804819817,"LASSO",0.600368036957833,-0.149631963042167,200,36
"scenarioA","X_5","indep",0,-0.8,-0.779502711359303,"LASSO",-0.382574628488032,0.417425371511968,200,36
"scenarioA","X_6","indep",0,0,NA,"LASSO",0,0,200,36
"scenarioA","X_7","indep",0,0,NA,"LASSO",0,0,200,36
"scenarioA","X_8","indep",0,0,NA,"LASSO",0,0,200,36
"scenarioA","X_9","indep",0,0,NA,"LASSO",0,0,200,36
"scenarioA","X_10","indep",0,0,NA,"LASSO",0,0,200,36
"scenarioA","X_11","indep",0,0,NA,"LASSO",0,0,200,36
"scenarioA","X_12","indep",0,0,NA,"LASSO",0,0,200,36
"scenarioA","X_13","indep",0,0,NA,"LASSO",0,0,200,36
"scenarioA","X_14","indep",0,0,NA,"LASSO",0,0,200,36
"scenarioA","X_15","indep",0,0,NA,"LASSO",0,0,200,36
"scenarioA","X_16","indep",0,0,NA,"LASSO",0,0,200,36
"scenarioA","X_17","indep",0,0,NA,"LASSO",0,0,200,36
"scenarioA","X_18","weak",0.3,0,NA,"LASSO",0,0,200,36
"scenarioA","X_19","weak",0.3,0,NA,"LASSO",0.0185032494992407,0.0185032494992407,200,36
"scenarioA","X_20","weak",0.3,0,NA,"LASSO",0,0,200,36
"scenarioA","X_21","weak",0.3,0,NA,"LASSO",0,0,200,36
"scenarioA","X_22","strong",0.6,0,NA,"LASSO",0,0,200,36
"scenarioA","X_23","strong",0.6,0,NA,"LASSO",0,0,200,36
"scenarioA","X_24","strong",0.6,0,NA,"LASSO",0,0,200,36
"scenarioA","X_25","strong",0.6,0,NA,"LASSO",0,0,200,36
"scenarioA","X_1","strong",0.6,0.4,0.596226384600746,"SSL",0.583293734813024,0.183293734813024,200,37
"scenarioA","X_2","strong",0.6,-0.5,-0.695181855456217,"SSL",-0.687231374443597,-0.187231374443597,200,37
"scenarioA","X_3","weak",0.3,0.6,0.43933795415202,"SSL",0.419144709914349,-0.180855290085651,200,37
"scenarioA","X_4","weak",0.3,0.75,0.907766486465628,"SSL",0.926624018146071,0.176624018146071,200,37
"scenarioA","X_5","indep",0,-0.8,-0.926107996381071,"SSL",-0.997684778130064,-0.197684778130064,200,37
"scenarioA","X_6","indep",0,0,NA,"SSL",0,0,200,37
"scenarioA","X_7","indep",0,0,NA,"SSL",0,0,200,37
"scenarioA","X_8","indep",0,0,NA,"SSL",-0.220083721711179,-0.220083721711179,200,37
"scenarioA","X_9","indep",0,0,NA,"SSL",0,0,200,37
"scenarioA","X_10","indep",0,0,NA,"SSL",0.17899216902368,0.17899216902368,200,37
"scenarioA","X_11","indep",0,0,NA,"SSL",-0.0817952460146853,-0.0817952460146853,200,37
"scenarioA","X_12","indep",0,0,NA,"SSL",0,0,200,37
"scenarioA","X_13","indep",0,0,NA,"SSL",-0.140363646158114,-0.140363646158114,200,37
"scenarioA","X_14","indep",0,0,NA,"SSL",0,0,200,37
"scenarioA","X_15","indep",0,0,NA,"SSL",0,0,200,37
"scenarioA","X_16","indep",0,0,NA,"SSL",0,0,200,37
"scenarioA","X_17","indep",0,0,NA,"SSL",0,0,200,37
"scenarioA","X_18","weak",0.3,0,NA,"SSL",0.0628453993875072,0.0628453993875072,200,37
"scenarioA","X_19","weak",0.3,0,NA,"SSL",0,0,200,37
"scenarioA","X_20","weak",0.3,0,NA,"SSL",0.207666152995115,0.207666152995115,200,37
"scenarioA","X_21","weak",0.3,0,NA,"SSL",0.0983232649945823,0.0983232649945823,200,37
"scenarioA","X_22","strong",0.6,0,NA,"SSL",0,0,200,37
"scenarioA","X_23","strong",0.6,0,NA,"SSL",0,0,200,37
"scenarioA","X_24","strong",0.6,0,NA,"SSL",0,0,200,37
"scenarioA","X_25","strong",0.6,0,NA,"SSL",0,0,200,37
"scenarioA","X_1","strong",0.6,0.4,0.596226384600746,"LASSO",0.287983709382232,-0.112016290617768,200,37
"scenarioA","X_2","strong",0.6,-0.5,-0.695181855456217,"LASSO",-0.340908086881365,0.159091913118635,200,37
"scenarioA","X_3","weak",0.3,0.6,0.43933795415202,"LASSO",0.357374396040485,-0.242625603959515,200,37
"scenarioA","X_4","weak",0.3,0.75,0.907766486465628,"LASSO",0.721065428553418,-0.0289345714465821,200,37
"scenarioA","X_5","indep",0,-0.8,-0.926107996381071,"LASSO",-0.74468069123116,0.0553193087688404,200,37
"scenarioA","X_6","indep",0,0,NA,"LASSO",0,0,200,37
"scenarioA","X_7","indep",0,0,NA,"LASSO",0,0,200,37
"scenarioA","X_8","indep",0,0,NA,"LASSO",-0.137163267127804,-0.137163267127804,200,37
"scenarioA","X_9","indep",0,0,NA,"LASSO",0,0,200,37
"scenarioA","X_10","indep",0,0,NA,"LASSO",0.0869151398133694,0.0869151398133694,200,37
"scenarioA","X_11","indep",0,0,NA,"LASSO",0,0,200,37
"scenarioA","X_12","indep",0,0,NA,"LASSO",0,0,200,37
"scenarioA","X_13","indep",0,0,NA,"LASSO",-0.0433003502393549,-0.0433003502393549,200,37
"scenarioA","X_14","indep",0,0,NA,"LASSO",0,0,200,37
"scenarioA","X_15","indep",0,0,NA,"LASSO",0,0,200,37
"scenarioA","X_16","indep",0,0,NA,"LASSO",0,0,200,37
"scenarioA","X_17","indep",0,0,NA,"LASSO",0,0,200,37
"scenarioA","X_18","weak",0.3,0,NA,"LASSO",0.0361057937097923,0.0361057937097923,200,37
"scenarioA","X_19","weak",0.3,0,NA,"LASSO",0,0,200,37
"scenarioA","X_20","weak",0.3,0,NA,"LASSO",0.121975647118865,0.121975647118865,200,37
"scenarioA","X_21","weak",0.3,0,NA,"LASSO",0.0135759980927616,0.0135759980927616,200,37
"scenarioA","X_22","strong",0.6,0,NA,"LASSO",0,0,200,37
"scenarioA","X_23","strong",0.6,0,NA,"LASSO",0,0,200,37
"scenarioA","X_24","strong",0.6,0,NA,"LASSO",0,0,200,37
"scenarioA","X_25","strong",0.6,0,NA,"LASSO",0,0,200,37
"scenarioA","X_1","strong",0.6,0.4,0.431023337627414,"SSL",0.290342948044999,-0.109657051955001,200,38
"scenarioA","X_2","strong",0.6,-0.5,-0.492750649424447,"SSL",-0.368008751112883,0.131991248887117,200,38
"scenarioA","X_3","weak",0.3,0.6,0.782878716378746,"SSL",0.691063788073116,0.0910637880731161,200,38
"scenarioA","X_4","weak",0.3,0.75,0.653376127799795,"SSL",0.520259165304705,-0.229740834695295,200,38
"scenarioA","X_5","indep",0,-0.8,-0.768575090177261,"SSL",-0.717133326221696,0.0828666737783039,200,38
"scenarioA","X_6","indep",0,0,NA,"SSL",0,0,200,38
"scenarioA","X_7","indep",0,0,NA,"SSL",0,0,200,38
"scenarioA","X_8","indep",0,0,NA,"SSL",0,0,200,38
"scenarioA","X_9","indep",0,0,NA,"SSL",0,0,200,38
"scenarioA","X_10","indep",0,0,NA,"SSL",0,0,200,38
"scenarioA","X_11","indep",0,0,NA,"SSL",0,0,200,38
"scenarioA","X_12","indep",0,0,NA,"SSL",0,0,200,38
"scenarioA","X_13","indep",0,0,NA,"SSL",0,0,200,38
"scenarioA","X_14","indep",0,0,NA,"SSL",0,0,200,38
"scenarioA","X_15","indep",0,0,NA,"SSL",0,0,200,38
"scenarioA","X_16","indep",0,0,NA,"SSL",0,0,200,38
"scenarioA","X_17","indep",0,0,NA,"SSL",0,0,200,38
"scenarioA","X_18","weak",0.3,0,NA,"SSL",0,0,200,38
"scenarioA","X_19","weak",0.3,0,NA,"SSL",0,0,200,38
"scenarioA","X_20","weak",0.3,0,NA,"SSL",0.16795157318376,0.16795157318376,200,38
"scenarioA","X_21","weak",0.3,0,NA,"SSL",0,0,200,38
"scenarioA","X_22","strong",0.6,0,NA,"SSL",0,0,200,38
"scenarioA","X_23","strong",0.6,0,NA,"SSL",0,0,200,38
"scenarioA","X_24","strong",0.6,0,NA,"SSL",0,0,200,38
"scenarioA","X_25","strong",0.6,0,NA,"SSL",0,0,200,38
"scenarioA","X_1","strong",0.6,0.4,0.431023337627414,"LASSO",0,-0.4,200,38
"scenarioA","X_2","strong",0.6,-0.5,-0.492750649424447,"LASSO",-0.117471384181626,0.382528615818374,200,38
"scenarioA","X_3","weak",0.3,0.6,0.782878716378746,"LASSO",0.516824400571406,-0.0831755994285938,200,38
"scenarioA","X_4","weak",0.3,0.75,0.653376127799795,"LASSO",0.41512948255385,-0.33487051744615,200,38
"scenarioA","X_5","indep",0,-0.8,-0.768575090177261,"LASSO",-0.552050121237792,0.247949878762208,200,38
"scenarioA","X_6","indep",0,0,NA,"LASSO",0,0,200,38
"scenarioA","X_7","indep",0,0,NA,"LASSO",0,0,200,38
"scenarioA","X_8","indep",0,0,NA,"LASSO",0,0,200,38
"scenarioA","X_9","indep",0,0,NA,"LASSO",0,0,200,38
"scenarioA","X_10","indep",0,0,NA,"LASSO",0,0,200,38
"scenarioA","X_11","indep",0,0,NA,"LASSO",0,0,200,38
"scenarioA","X_12","indep",0,0,NA,"LASSO",0,0,200,38
"scenarioA","X_13","indep",0,0,NA,"LASSO",0,0,200,38
"scenarioA","X_14","indep",0,0,NA,"LASSO",0,0,200,38
"scenarioA","X_15","indep",0,0,NA,"LASSO",0,0,200,38
"scenarioA","X_16","indep",0,0,NA,"LASSO",0,0,200,38
"scenarioA","X_17","indep",0,0,NA,"LASSO",0,0,200,38
"scenarioA","X_18","weak",0.3,0,NA,"LASSO",0,0,200,38
"scenarioA","X_19","weak",0.3,0,NA,"LASSO",0.0496325345648139,0.0496325345648139,200,38
"scenarioA","X_20","weak",0.3,0,NA,"LASSO",0.0691048559239043,0.0691048559239043,200,38
"scenarioA","X_21","weak",0.3,0,NA,"LASSO",0,0,200,38
"scenarioA","X_22","strong",0.6,0,NA,"LASSO",0,0,200,38
"scenarioA","X_23","strong",0.6,0,NA,"LASSO",0,0,200,38
"scenarioA","X_24","strong",0.6,0,NA,"LASSO",0,0,200,38
"scenarioA","X_25","strong",0.6,0,NA,"LASSO",0,0,200,38
"scenarioA","X_1","strong",0.6,0.4,0.235488042792149,"SSL",0,-0.4,200,39
"scenarioA","X_2","strong",0.6,-0.5,-0.390683989245265,"SSL",0,0.5,200,39
"scenarioA","X_3","weak",0.3,0.6,0.580748270121368,"SSL",0.508039317155517,-0.0919606828444829,200,39
"scenarioA","X_4","weak",0.3,0.75,0.934902616334173,"SSL",0.836061209490575,0.0860612094905755,200,39
"scenarioA","X_5","indep",0,-0.8,-1.07902770869915,"SSL",-0.949106902936589,-0.149106902936589,200,39
"scenarioA","X_6","indep",0,0,NA,"SSL",-0.144105010590556,-0.144105010590556,200,39
"scenarioA","X_7","indep",0,0,NA,"SSL",0,0,200,39
"scenarioA","X_8","indep",0,0,NA,"SSL",0,0,200,39
"scenarioA","X_9","indep",0,0,NA,"SSL",0,0,200,39
"scenarioA","X_10","indep",0,0,NA,"SSL",0,0,200,39
"scenarioA","X_11","indep",0,0,NA,"SSL",0,0,200,39
"scenarioA","X_12","indep",0,0,NA,"SSL",0,0,200,39
"scenarioA","X_13","indep",0,0,NA,"SSL",0,0,200,39
"scenarioA","X_14","indep",0,0,NA,"SSL",0,0,200,39
"scenarioA","X_15","indep",0,0,NA,"SSL",0,0,200,39
"scenarioA","X_16","indep",0,0,NA,"SSL",0,0,200,39
"scenarioA","X_17","indep",0,0,NA,"SSL",0,0,200,39
"scenarioA","X_18","weak",0.3,0,NA,"SSL",0,0,200,39
"scenarioA","X_19","weak",0.3,0,NA,"SSL",0,0,200,39
"scenarioA","X_20","weak",0.3,0,NA,"SSL",0,0,200,39
"scenarioA","X_21","weak",0.3,0,NA,"SSL",0,0,200,39
"scenarioA","X_22","strong",0.6,0,NA,"SSL",0,0,200,39
"scenarioA","X_23","strong",0.6,0,NA,"SSL",0,0,200,39
"scenarioA","X_24","strong",0.6,0,NA,"SSL",0,0,200,39
"scenarioA","X_25","strong",0.6,0,NA,"SSL",0,0,200,39
"scenarioA","X_1","strong",0.6,0.4,0.235488042792149,"LASSO",0,-0.4,200,39
"scenarioA","X_2","strong",0.6,-0.5,-0.390683989245265,"LASSO",-0.0715044157979955,0.428495584202005,200,39
"scenarioA","X_3","weak",0.3,0.6,0.580748270121368,"LASSO",0.40415640427962,-0.19584359572038,200,39
"scenarioA","X_4","weak",0.3,0.75,0.934902616334173,"LASSO",0.724075448007848,-0.0259245519921519,200,39
"scenarioA","X_5","indep",0,-0.8,-1.07902770869915,"LASSO",-0.826076645137076,-0.0260766451370757,200,39
"scenarioA","X_6","indep",0,0,NA,"LASSO",-0.0769068415552099,-0.0769068415552099,200,39
"scenarioA","X_7","indep",0,0,NA,"LASSO",0,0,200,39
"scenarioA","X_8","indep",0,0,NA,"LASSO",0,0,200,39
"scenarioA","X_9","indep",0,0,NA,"LASSO",0,0,200,39
"scenarioA","X_10","indep",0,0,NA,"LASSO",0,0,200,39
"scenarioA","X_11","indep",0,0,NA,"LASSO",0,0,200,39
"scenarioA","X_12","indep",0,0,NA,"LASSO",0,0,200,39
"scenarioA","X_13","indep",0,0,NA,"LASSO",0,0,200,39
"scenarioA","X_14","indep",0,0,NA,"LASSO",0,0,200,39
"scenarioA","X_15","indep",0,0,NA,"LASSO",0,0,200,39
"scenarioA","X_16","indep",0,0,NA,"LASSO",0,0,200,39
"scenarioA","X_17","indep",0,0,NA,"LASSO",0.0514765938146463,0.0514765938146463,200,39
"scenarioA","X_18","weak",0.3,0,NA,"LASSO",0,0,200,39
"scenarioA","X_19","weak",0.3,0,NA,"LASSO",0,0,200,39
"scenarioA","X_20","weak",0.3,0,NA,"LASSO",0,0,200,39
"scenarioA","X_21","weak",0.3,0,NA,"LASSO",0,0,200,39
"scenarioA","X_22","strong",0.6,0,NA,"LASSO",0,0,200,39
"scenarioA","X_23","strong",0.6,0,NA,"LASSO",0,0,200,39
"scenarioA","X_24","strong",0.6,0,NA,"LASSO",0,0,200,39
"scenarioA","X_25","strong",0.6,0,NA,"LASSO",0,0,200,39
"scenarioA","X_1","strong",0.6,0.4,0.61195101774602,"SSL",0.216654110464286,-0.183345889535714,200,40
"scenarioA","X_2","strong",0.6,-0.5,-0.488569829445926,"SSL",0,0.5,200,40
"scenarioA","X_3","weak",0.3,0.6,0.653000813181062,"SSL",0.429892246656859,-0.170107753343141,200,40
"scenarioA","X_4","weak",0.3,0.75,0.745919359518358,"SSL",0.66984224081062,-0.08015775918938,200,40
"scenarioA","X_5","indep",0,-0.8,-0.742022924788326,"SSL",-0.621614482147731,0.178385517852269,200,40
"scenarioA","X_6","indep",0,0,NA,"SSL",0,0,200,40
"scenarioA","X_7","indep",0,0,NA,"SSL",0,0,200,40
"scenarioA","X_8","indep",0,0,NA,"SSL",0,0,200,40
"scenarioA","X_9","indep",0,0,NA,"SSL",0,0,200,40
"scenarioA","X_10","indep",0,0,NA,"SSL",0,0,200,40
"scenarioA","X_11","indep",0,0,NA,"SSL",0,0,200,40
"scenarioA","X_12","indep",0,0,NA,"SSL",0,0,200,40
"scenarioA","X_13","indep",0,0,NA,"SSL",0,0,200,40
"scenarioA","X_14","indep",0,0,NA,"SSL",0,0,200,40
"scenarioA","X_15","indep",0,0,NA,"SSL",0,0,200,40
"scenarioA","X_16","indep",0,0,NA,"SSL",0,0,200,40
"scenarioA","X_17","indep",0,0,NA,"SSL",0,0,200,40
"scenarioA","X_18","weak",0.3,0,NA,"SSL",0,0,200,40
"scenarioA","X_19","weak",0.3,0,NA,"SSL",0,0,200,40
"scenarioA","X_20","weak",0.3,0,NA,"SSL",0,0,200,40
"scenarioA","X_21","weak",0.3,0,NA,"SSL",0,0,200,40
"scenarioA","X_22","strong",0.6,0,NA,"SSL",0,0,200,40
"scenarioA","X_23","strong",0.6,0,NA,"SSL",0,0,200,40
"scenarioA","X_24","strong",0.6,0,NA,"SSL",0,0,200,40
"scenarioA","X_25","strong",0.6,0,NA,"SSL",0,0,200,40
"scenarioA","X_1","strong",0.6,0.4,0.61195101774602,"LASSO",0.0511216211627233,-0.348878378837277,200,40
"scenarioA","X_2","strong",0.6,-0.5,-0.488569829445926,"LASSO",0,0.5,200,40
"scenarioA","X_3","weak",0.3,0.6,0.653000813181062,"LASSO",0.26738801590168,-0.33261198409832,200,40
"scenarioA","X_4","weak",0.3,0.75,0.745919359518358,"LASSO",0.480559119860077,-0.269440880139923,200,40
"scenarioA","X_5","indep",0,-0.8,-0.742022924788326,"LASSO",-0.406763714415238,0.393236285584763,200,40
"scenarioA","X_6","indep",0,0,NA,"LASSO",0,0,200,40
"scenarioA","X_7","indep",0,0,NA,"LASSO",0,0,200,40
"scenarioA","X_8","indep",0,0,NA,"LASSO",0,0,200,40
"scenarioA","X_9","indep",0,0,NA,"LASSO",0,0,200,40
"scenarioA","X_10","indep",0,0,NA,"LASSO",0,0,200,40
"scenarioA","X_11","indep",0,0,NA,"LASSO",0,0,200,40
"scenarioA","X_12","indep",0,0,NA,"LASSO",0,0,200,40
"scenarioA","X_13","indep",0,0,NA,"LASSO",0,0,200,40
"scenarioA","X_14","indep",0,0,NA,"LASSO",0,0,200,40
"scenarioA","X_15","indep",0,0,NA,"LASSO",0,0,200,40
"scenarioA","X_16","indep",0,0,NA,"LASSO",0,0,200,40
"scenarioA","X_17","indep",0,0,NA,"LASSO",0,0,200,40
"scenarioA","X_18","weak",0.3,0,NA,"LASSO",0,0,200,40
"scenarioA","X_19","weak",0.3,0,NA,"LASSO",0,0,200,40
"scenarioA","X_20","weak",0.3,0,NA,"LASSO",0,0,200,40
"scenarioA","X_21","weak",0.3,0,NA,"LASSO",0,0,200,40
"scenarioA","X_22","strong",0.6,0,NA,"LASSO",0,0,200,40
"scenarioA","X_23","strong",0.6,0,NA,"LASSO",0,0,200,40
"scenarioA","X_24","strong",0.6,0,NA,"LASSO",0,0,200,40
"scenarioA","X_25","strong",0.6,0,NA,"LASSO",0,0,200,40
"scenarioA","X_1","strong",0.6,0.4,0.499851647924362,"SSL",0.367677448544936,-0.0323225514550641,200,41
"scenarioA","X_2","strong",0.6,-0.5,-0.482266344407663,"SSL",-0.344355952888918,0.155644047111082,200,41
"scenarioA","X_3","weak",0.3,0.6,0.528395724826691,"SSL",0.454010315250144,-0.145989684749856,200,41
"scenarioA","X_4","weak",0.3,0.75,0.868690893080615,"SSL",0.727683962666855,-0.0223160373331446,200,41
"scenarioA","X_5","indep",0,-0.8,-0.73767977380361,"SSL",-0.674536579761471,0.125463420238529,200,41
"scenarioA","X_6","indep",0,0,NA,"SSL",0,0,200,41
"scenarioA","X_7","indep",0,0,NA,"SSL",0,0,200,41
"scenarioA","X_8","indep",0,0,NA,"SSL",0,0,200,41
"scenarioA","X_9","indep",0,0,NA,"SSL",0,0,200,41
"scenarioA","X_10","indep",0,0,NA,"SSL",0,0,200,41
"scenarioA","X_11","indep",0,0,NA,"SSL",0,0,200,41
"scenarioA","X_12","indep",0,0,NA,"SSL",0,0,200,41
"scenarioA","X_13","indep",0,0,NA,"SSL",0,0,200,41
"scenarioA","X_14","indep",0,0,NA,"SSL",0,0,200,41
"scenarioA","X_15","indep",0,0,NA,"SSL",0,0,200,41
"scenarioA","X_16","indep",0,0,NA,"SSL",0,0,200,41
"scenarioA","X_17","indep",0,0,NA,"SSL",0,0,200,41
"scenarioA","X_18","weak",0.3,0,NA,"SSL",0,0,200,41
"scenarioA","X_19","weak",0.3,0,NA,"SSL",0.191442368863352,0.191442368863352,200,41
"scenarioA","X_20","weak",0.3,0,NA,"SSL",0,0,200,41
"scenarioA","X_21","weak",0.3,0,NA,"SSL",-0.154089661532134,-0.154089661532134,200,41
"scenarioA","X_22","strong",0.6,0,NA,"SSL",0,0,200,41
"scenarioA","X_23","strong",0.6,0,NA,"SSL",0,0,200,41
"scenarioA","X_24","strong",0.6,0,NA,"SSL",0,0,200,41
"scenarioA","X_25","strong",0.6,0,NA,"SSL",0,0,200,41
"scenarioA","X_1","strong",0.6,0.4,0.499851647924362,"LASSO",0.177935277744012,-0.222064722255988,200,41
"scenarioA","X_2","strong",0.6,-0.5,-0.482266344407663,"LASSO",-0.10847018416461,0.39152981583539,200,41
"scenarioA","X_3","weak",0.3,0.6,0.528395724826691,"LASSO",0.316596337647227,-0.283403662352773,200,41
"scenarioA","X_4","weak",0.3,0.75,0.868690893080615,"LASSO",0.568344326664595,-0.181655673335405,200,41
"scenarioA","X_5","indep",0,-0.8,-0.73767977380361,"LASSO",-0.508002234581613,0.291997765418387,200,41
"scenarioA","X_6","indep",0,0,NA,"LASSO",0,0,200,41
"scenarioA","X_7","indep",0,0,NA,"LASSO",0,0,200,41
"scenarioA","X_8","indep",0,0,NA,"LASSO",0,0,200,41
"scenarioA","X_9","indep",0,0,NA,"LASSO",0,0,200,41
"scenarioA","X_10","indep",0,0,NA,"LASSO",0,0,200,41
"scenarioA","X_11","indep",0,0,NA,"LASSO",0,0,200,41
"scenarioA","X_12","indep",0,0,NA,"LASSO",0,0,200,41
"scenarioA","X_13","indep",0,0,NA,"LASSO",0,0,200,41
"scenarioA","X_14","indep",0,0,NA,"LASSO",0,0,200,41
"scenarioA","X_15","indep",0,0,NA,"LASSO",0,0,200,41
"scenarioA","X_16","indep",0,0,NA,"LASSO",0,0,200,41
"scenarioA","X_17","indep",0,0,NA,"LASSO",0,0,200,41
"scenarioA","X_18","weak",0.3,0,NA,"LASSO",0,0,200,41
"scenarioA","X_19","weak",0.3,0,NA,"LASSO",0.134602079263305,0.134602079263305,200,41
"scenarioA","X_20","weak",0.3,0,NA,"LASSO",0,0,200,41
"scenarioA","X_21","weak",0.3,0,NA,"LASSO",0,0,200,41
"scenarioA","X_22","strong",0.6,0,NA,"LASSO",0,0,200,41
"scenarioA","X_23","strong",0.6,0,NA,"LASSO",0,0,200,41
"scenarioA","X_24","strong",0.6,0,NA,"LASSO",0,0,200,41
"scenarioA","X_25","strong",0.6,0,NA,"LASSO",0,0,200,41
"scenarioA","X_1","strong",0.6,0.4,0.342259721616434,"SSL",0,-0.4,200,42
"scenarioA","X_2","strong",0.6,-0.5,-0.25493101794717,"SSL",0,0.5,200,42
"scenarioA","X_3","weak",0.3,0.6,0.607347208250163,"SSL",0.524210377610889,-0.075789622389111,200,42
"scenarioA","X_4","weak",0.3,0.75,0.711988806310339,"SSL",0.695615873900033,-0.0543841260999675,200,42
"scenarioA","X_5","indep",0,-0.8,-0.781379157998902,"SSL",-0.708370038301663,0.0916299616983375,200,42
"scenarioA","X_6","indep",0,0,NA,"SSL",0,0,200,42
"scenarioA","X_7","indep",0,0,NA,"SSL",0,0,200,42
"scenarioA","X_8","indep",0,0,NA,"SSL",0,0,200,42
"scenarioA","X_9","indep",0,0,NA,"SSL",0,0,200,42
"scenarioA","X_10","indep",0,0,NA,"SSL",0,0,200,42
"scenarioA","X_11","indep",0,0,NA,"SSL",0,0,200,42
"scenarioA","X_12","indep",0,0,NA,"SSL",0,0,200,42
"scenarioA","X_13","indep",0,0,NA,"SSL",0,0,200,42
"scenarioA","X_14","indep",0,0,NA,"SSL",0,0,200,42
"scenarioA","X_15","indep",0,0,NA,"SSL",0,0,200,42
"scenarioA","X_16","indep",0,0,NA,"SSL",0,0,200,42
"scenarioA","X_17","indep",0,0,NA,"SSL",0,0,200,42
"scenarioA","X_18","weak",0.3,0,NA,"SSL",0,0,200,42
"scenarioA","X_19","weak",0.3,0,NA,"SSL",0,0,200,42
"scenarioA","X_20","weak",0.3,0,NA,"SSL",0,0,200,42
"scenarioA","X_21","weak",0.3,0,NA,"SSL",0,0,200,42
"scenarioA","X_22","strong",0.6,0,NA,"SSL",0,0,200,42
"scenarioA","X_23","strong",0.6,0,NA,"SSL",0,0,200,42
"scenarioA","X_24","strong",0.6,0,NA,"SSL",0,0,200,42
"scenarioA","X_25","strong",0.6,0,NA,"SSL",0,0,200,42
"scenarioA","X_1","strong",0.6,0.4,0.342259721616434,"LASSO",0.0847578343101096,-0.31524216568989,200,42
"scenarioA","X_2","strong",0.6,-0.5,-0.25493101794717,"LASSO",0,0.5,200,42
"scenarioA","X_3","weak",0.3,0.6,0.607347208250163,"LASSO",0.46713064639747,-0.13286935360253,200,42
"scenarioA","X_4","weak",0.3,0.75,0.711988806310339,"LASSO",0.593088909565906,-0.156911090434094,200,42
"scenarioA","X_5","indep",0,-0.8,-0.781379157998902,"LASSO",-0.603650254701425,0.196349745298575,200,42
"scenarioA","X_6","indep",0,0,NA,"LASSO",0,0,200,42
"scenarioA","X_7","indep",0,0,NA,"LASSO",0,0,200,42
"scenarioA","X_8","indep",0,0,NA,"LASSO",0,0,200,42
"scenarioA","X_9","indep",0,0,NA,"LASSO",0,0,200,42
"scenarioA","X_10","indep",0,0,NA,"LASSO",0,0,200,42
"scenarioA","X_11","indep",0,0,NA,"LASSO",0,0,200,42
"scenarioA","X_12","indep",0,0,NA,"LASSO",0,0,200,42
"scenarioA","X_13","indep",0,0,NA,"LASSO",0,0,200,42
"scenarioA","X_14","indep",0,0,NA,"LASSO",0,0,200,42
"scenarioA","X_15","indep",0,0,NA,"LASSO",0.0321083434407262,0.0321083434407262,200,42
"scenarioA","X_16","indep",0,0,NA,"LASSO",0,0,200,42
"scenarioA","X_17","indep",0,0,NA,"LASSO",0,0,200,42
"scenarioA","X_18","weak",0.3,0,NA,"LASSO",0,0,200,42
"scenarioA","X_19","weak",0.3,0,NA,"LASSO",0,0,200,42
"scenarioA","X_20","weak",0.3,0,NA,"LASSO",0,0,200,42
"scenarioA","X_21","weak",0.3,0,NA,"LASSO",0,0,200,42
"scenarioA","X_22","strong",0.6,0,NA,"LASSO",0,0,200,42
"scenarioA","X_23","strong",0.6,0,NA,"LASSO",0,0,200,42
"scenarioA","X_24","strong",0.6,0,NA,"LASSO",0,0,200,42
"scenarioA","X_25","strong",0.6,0,NA,"LASSO",0,0,200,42
"scenarioA","X_1","strong",0.6,0.4,0.579636337586603,"SSL",0.417652130568397,0.0176521305683965,200,43
"scenarioA","X_2","strong",0.6,-0.5,-0.549419606948847,"SSL",-0.391834130542293,0.108165869457707,200,43
"scenarioA","X_3","weak",0.3,0.6,0.476983945621628,"SSL",0.395050630401091,-0.204949369598909,200,43
"scenarioA","X_4","weak",0.3,0.75,0.749728052941486,"SSL",0.685483099493987,-0.0645169005060131,200,43
"scenarioA","X_5","indep",0,-0.8,-0.783875075238124,"SSL",-0.665699182436756,0.134300817563244,200,43
"scenarioA","X_6","indep",0,0,NA,"SSL",0,0,200,43
"scenarioA","X_7","indep",0,0,NA,"SSL",0,0,200,43
"scenarioA","X_8","indep",0,0,NA,"SSL",0,0,200,43
"scenarioA","X_9","indep",0,0,NA,"SSL",0,0,200,43
"scenarioA","X_10","indep",0,0,NA,"SSL",0,0,200,43
"scenarioA","X_11","indep",0,0,NA,"SSL",0,0,200,43
"scenarioA","X_12","indep",0,0,NA,"SSL",0,0,200,43
"scenarioA","X_13","indep",0,0,NA,"SSL",0,0,200,43
"scenarioA","X_14","indep",0,0,NA,"SSL",0,0,200,43
"scenarioA","X_15","indep",0,0,NA,"SSL",0,0,200,43
"scenarioA","X_16","indep",0,0,NA,"SSL",0,0,200,43
"scenarioA","X_17","indep",0,0,NA,"SSL",0,0,200,43
"scenarioA","X_18","weak",0.3,0,NA,"SSL",0,0,200,43
"scenarioA","X_19","weak",0.3,0,NA,"SSL",0,0,200,43
"scenarioA","X_20","weak",0.3,0,NA,"SSL",0,0,200,43
"scenarioA","X_21","weak",0.3,0,NA,"SSL",0,0,200,43
"scenarioA","X_22","strong",0.6,0,NA,"SSL",0,0,200,43
"scenarioA","X_23","strong",0.6,0,NA,"SSL",0,0,200,43
"scenarioA","X_24","strong",0.6,0,NA,"SSL",0,0,200,43
"scenarioA","X_25","strong",0.6,0,NA,"SSL",0,0,200,43
"scenarioA","X_1","strong",0.6,0.4,0.579636337586603,"LASSO",0.248806635421984,-0.151193364578016,200,43
"scenarioA","X_2","strong",0.6,-0.5,-0.549419606948847,"LASSO",-0.226678548300623,0.273321451699377,200,43
"scenarioA","X_3","weak",0.3,0.6,0.476983945621628,"LASSO",0.31408765988137,-0.28591234011863,200,43
"scenarioA","X_4","weak",0.3,0.75,0.749728052941486,"LASSO",0.615740163243687,-0.134259836756313,200,43
"scenarioA","X_5","indep",0,-0.8,-0.783875075238124,"LASSO",-0.55799077374157,0.24200922625843,200,43
"scenarioA","X_6","indep",0,0,NA,"LASSO",0,0,200,43
"scenarioA","X_7","indep",0,0,NA,"LASSO",0,0,200,43
"scenarioA","X_8","indep",0,0,NA,"LASSO",0,0,200,43
"scenarioA","X_9","indep",0,0,NA,"LASSO",0,0,200,43
"scenarioA","X_10","indep",0,0,NA,"LASSO",0,0,200,43
"scenarioA","X_11","indep",0,0,NA,"LASSO",0,0,200,43
"scenarioA","X_12","indep",0,0,NA,"LASSO",0,0,200,43
"scenarioA","X_13","indep",0,0,NA,"LASSO",0,0,200,43
"scenarioA","X_14","indep",0,0,NA,"LASSO",0,0,200,43
"scenarioA","X_15","indep",0,0,NA,"LASSO",0,0,200,43
"scenarioA","X_16","indep",0,0,NA,"LASSO",0,0,200,43
"scenarioA","X_17","indep",0,0,NA,"LASSO",0,0,200,43
"scenarioA","X_18","weak",0.3,0,NA,"LASSO",0,0,200,43
"scenarioA","X_19","weak",0.3,0,NA,"LASSO",0,0,200,43
"scenarioA","X_20","weak",0.3,0,NA,"LASSO",0,0,200,43
"scenarioA","X_21","weak",0.3,0,NA,"LASSO",0,0,200,43
"scenarioA","X_22","strong",0.6,0,NA,"LASSO",0,0,200,43
"scenarioA","X_23","strong",0.6,0,NA,"LASSO",0,0,200,43
"scenarioA","X_24","strong",0.6,0,NA,"LASSO",0,0,200,43
"scenarioA","X_25","strong",0.6,0,NA,"LASSO",0,0,200,43
"scenarioA","X_1","strong",0.6,0.4,0.523368293728187,"SSL",0,-0.4,200,44
"scenarioA","X_2","strong",0.6,-0.5,-0.511213756814811,"SSL",0,0.5,200,44
"scenarioA","X_3","weak",0.3,0.6,0.489703488410009,"SSL",0.472423577403811,-0.127576422596189,200,44
"scenarioA","X_4","weak",0.3,0.75,0.72817440117614,"SSL",0.686264776347113,-0.0637352236528871,200,44
"scenarioA","X_5","indep",0,-0.8,-0.791091727850064,"SSL",-0.77043357269904,0.0295664273009598,200,44
"scenarioA","X_6","indep",0,0,NA,"SSL",0,0,200,44
"scenarioA","X_7","indep",0,0,NA,"SSL",0,0,200,44
"scenarioA","X_8","indep",0,0,NA,"SSL",0,0,200,44
"scenarioA","X_9","indep",0,0,NA,"SSL",0,0,200,44
"scenarioA","X_10","indep",0,0,NA,"SSL",0,0,200,44
"scenarioA","X_11","indep",0,0,NA,"SSL",0,0,200,44
"scenarioA","X_12","indep",0,0,NA,"SSL",0,0,200,44
"scenarioA","X_13","indep",0,0,NA,"SSL",0,0,200,44
"scenarioA","X_14","indep",0,0,NA,"SSL",0,0,200,44
"scenarioA","X_15","indep",0,0,NA,"SSL",0,0,200,44
"scenarioA","X_16","indep",0,0,NA,"SSL",0,0,200,44
"scenarioA","X_17","indep",0,0,NA,"SSL",0,0,200,44
"scenarioA","X_18","weak",0.3,0,NA,"SSL",0,0,200,44
"scenarioA","X_19","weak",0.3,0,NA,"SSL",0,0,200,44
"scenarioA","X_20","weak",0.3,0,NA,"SSL",0,0,200,44
"scenarioA","X_21","weak",0.3,0,NA,"SSL",0,0,200,44
"scenarioA","X_22","strong",0.6,0,NA,"SSL",0,0,200,44
"scenarioA","X_23","strong",0.6,0,NA,"SSL",0,0,200,44
"scenarioA","X_24","strong",0.6,0,NA,"SSL",0,0,200,44
"scenarioA","X_25","strong",0.6,0,NA,"SSL",0,0,200,44
"scenarioA","X_1","strong",0.6,0.4,0.523368293728187,"LASSO",0,-0.4,200,44
"scenarioA","X_2","strong",0.6,-0.5,-0.511213756814811,"LASSO",0,0.5,200,44
"scenarioA","X_3","weak",0.3,0.6,0.489703488410009,"LASSO",0.214680630651465,-0.385319369348535,200,44
"scenarioA","X_4","weak",0.3,0.75,0.72817440117614,"LASSO",0.414782882057198,-0.335217117942802,200,44
"scenarioA","X_5","indep",0,-0.8,-0.791091727850064,"LASSO",-0.461541050470108,0.338458949529892,200,44
"scenarioA","X_6","indep",0,0,NA,"LASSO",0,0,200,44
"scenarioA","X_7","indep",0,0,NA,"LASSO",0,0,200,44
"scenarioA","X_8","indep",0,0,NA,"LASSO",0,0,200,44
"scenarioA","X_9","indep",0,0,NA,"LASSO",0,0,200,44
"scenarioA","X_10","indep",0,0,NA,"LASSO",0,0,200,44
"scenarioA","X_11","indep",0,0,NA,"LASSO",0,0,200,44
"scenarioA","X_12","indep",0,0,NA,"LASSO",0,0,200,44
"scenarioA","X_13","indep",0,0,NA,"LASSO",0,0,200,44
"scenarioA","X_14","indep",0,0,NA,"LASSO",0,0,200,44
"scenarioA","X_15","indep",0,0,NA,"LASSO",0,0,200,44
"scenarioA","X_16","indep",0,0,NA,"LASSO",0,0,200,44
"scenarioA","X_17","indep",0,0,NA,"LASSO",0,0,200,44
"scenarioA","X_18","weak",0.3,0,NA,"LASSO",0,0,200,44
"scenarioA","X_19","weak",0.3,0,NA,"LASSO",0.0210631869111463,0.0210631869111463,200,44
"scenarioA","X_20","weak",0.3,0,NA,"LASSO",0,0,200,44
"scenarioA","X_21","weak",0.3,0,NA,"LASSO",0,0,200,44
"scenarioA","X_22","strong",0.6,0,NA,"LASSO",0,0,200,44
"scenarioA","X_23","strong",0.6,0,NA,"LASSO",0,0,200,44
"scenarioA","X_24","strong",0.6,0,NA,"LASSO",0,0,200,44
"scenarioA","X_25","strong",0.6,0,NA,"LASSO",0,0,200,44
"scenarioA","X_1","strong",0.6,0.4,0.154119091989855,"SSL",0,-0.4,200,45
"scenarioA","X_2","strong",0.6,-0.5,-0.406135050254648,"SSL",-0.274212143866882,0.225787856133118,200,45
"scenarioA","X_3","weak",0.3,0.6,0.52503619254709,"SSL",0.459627410720527,-0.140372589279473,200,45
"scenarioA","X_4","weak",0.3,0.75,0.812387844294943,"SSL",0.733385809260375,-0.0166141907396246,200,45
"scenarioA","X_5","indep",0,-0.8,-0.867519273821167,"SSL",-0.859426243707713,-0.0594262437077132,200,45
"scenarioA","X_6","indep",0,0,NA,"SSL",0,0,200,45
"scenarioA","X_7","indep",0,0,NA,"SSL",0,0,200,45
"scenarioA","X_8","indep",0,0,NA,"SSL",0,0,200,45
"scenarioA","X_9","indep",0,0,NA,"SSL",0.162629802419842,0.162629802419842,200,45
"scenarioA","X_10","indep",0,0,NA,"SSL",0,0,200,45
"scenarioA","X_11","indep",0,0,NA,"SSL",-0.151113630717058,-0.151113630717058,200,45
"scenarioA","X_12","indep",0,0,NA,"SSL",-0.108611445473181,-0.108611445473181,200,45
"scenarioA","X_13","indep",0,0,NA,"SSL",0,0,200,45
"scenarioA","X_14","indep",0,0,NA,"SSL",0,0,200,45
"scenarioA","X_15","indep",0,0,NA,"SSL",0.0639865752790729,0.0639865752790729,200,45
"scenarioA","X_16","indep",0,0,NA,"SSL",0,0,200,45
"scenarioA","X_17","indep",0,0,NA,"SSL",0,0,200,45
"scenarioA","X_18","weak",0.3,0,NA,"SSL",0.2940649953979,0.2940649953979,200,45
"scenarioA","X_19","weak",0.3,0,NA,"SSL",0,0,200,45
"scenarioA","X_20","weak",0.3,0,NA,"SSL",0,0,200,45
"scenarioA","X_21","weak",0.3,0,NA,"SSL",0,0,200,45
"scenarioA","X_22","strong",0.6,0,NA,"SSL",0,0,200,45
"scenarioA","X_23","strong",0.6,0,NA,"SSL",0,0,200,45
"scenarioA","X_24","strong",0.6,0,NA,"SSL",0,0,200,45
"scenarioA","X_25","strong",0.6,0,NA,"SSL",0,0,200,45
"scenarioA","X_1","strong",0.6,0.4,0.154119091989855,"LASSO",0,-0.4,200,45
"scenarioA","X_2","strong",0.6,-0.5,-0.406135050254648,"LASSO",-0.0765583205657422,0.423441679434258,200,45
"scenarioA","X_3","weak",0.3,0.6,0.52503619254709,"LASSO",0.266495928569555,-0.333504071430445,200,45
"scenarioA","X_4","weak",0.3,0.75,0.812387844294943,"LASSO",0.50247670249228,-0.24752329750772,200,45
"scenarioA","X_5","indep",0,-0.8,-0.867519273821167,"LASSO",-0.538033383486922,0.261966616513078,200,45
"scenarioA","X_6","indep",0,0,NA,"LASSO",0,0,200,45
"scenarioA","X_7","indep",0,0,NA,"LASSO",0,0,200,45
"scenarioA","X_8","indep",0,0,NA,"LASSO",0,0,200,45
"scenarioA","X_9","indep",0,0,NA,"LASSO",0,0,200,45
"scenarioA","X_10","indep",0,0,NA,"LASSO",0,0,200,45
"scenarioA","X_11","indep",0,0,NA,"LASSO",0,0,200,45
"scenarioA","X_12","indep",0,0,NA,"LASSO",0,0,200,45
"scenarioA","X_13","indep",0,0,NA,"LASSO",0,0,200,45
"scenarioA","X_14","indep",0,0,NA,"LASSO",0,0,200,45
"scenarioA","X_15","indep",0,0,NA,"LASSO",0.0151122501036884,0.0151122501036884,200,45
"scenarioA","X_16","indep",0,0,NA,"LASSO",0,0,200,45
"scenarioA","X_17","indep",0,0,NA,"LASSO",0,0,200,45
"scenarioA","X_18","weak",0.3,0,NA,"LASSO",0.15929729204257,0.15929729204257,200,45
"scenarioA","X_19","weak",0.3,0,NA,"LASSO",0,0,200,45
"scenarioA","X_20","weak",0.3,0,NA,"LASSO",0,0,200,45
"scenarioA","X_21","weak",0.3,0,NA,"LASSO",0,0,200,45
"scenarioA","X_22","strong",0.6,0,NA,"LASSO",0,0,200,45
"scenarioA","X_23","strong",0.6,0,NA,"LASSO",0,0,200,45
"scenarioA","X_24","strong",0.6,0,NA,"LASSO",0,0,200,45
"scenarioA","X_25","strong",0.6,0,NA,"LASSO",0,0,200,45
"scenarioA","X_1","strong",0.6,0.4,0.479771170333204,"SSL",0.255944211941364,-0.144055788058637,200,46
"scenarioA","X_2","strong",0.6,-0.5,-0.550178652820124,"SSL",-0.602116328017583,-0.102116328017583,200,46
"scenarioA","X_3","weak",0.3,0.6,0.769008094439954,"SSL",0.699526474147422,0.099526474147422,200,46
"scenarioA","X_4","weak",0.3,0.75,0.575255407489386,"SSL",0.545335690449015,-0.204664309550985,200,46
"scenarioA","X_5","indep",0,-0.8,-0.649537789319051,"SSL",-0.591012654652133,0.208987345347867,200,46
"scenarioA","X_6","indep",0,0,NA,"SSL",0,0,200,46
"scenarioA","X_7","indep",0,0,NA,"SSL",-0.0356060517049533,-0.0356060517049533,200,46
"scenarioA","X_8","indep",0,0,NA,"SSL",0,0,200,46
"scenarioA","X_9","indep",0,0,NA,"SSL",-0.045359103063613,-0.045359103063613,200,46
"scenarioA","X_10","indep",0,0,NA,"SSL",0,0,200,46
"scenarioA","X_11","indep",0,0,NA,"SSL",0.142001936275212,0.142001936275212,200,46
"scenarioA","X_12","indep",0,0,NA,"SSL",0,0,200,46
"scenarioA","X_13","indep",0,0,NA,"SSL",0,0,200,46
"scenarioA","X_14","indep",0,0,NA,"SSL",-0.0701976737644147,-0.0701976737644147,200,46
"scenarioA","X_15","indep",0,0,NA,"SSL",-0.0419202130457553,-0.0419202130457553,200,46
"scenarioA","X_16","indep",0,0,NA,"SSL",0.0886933901756244,0.0886933901756244,200,46
"scenarioA","X_17","indep",0,0,NA,"SSL",0,0,200,46
"scenarioA","X_18","weak",0.3,0,NA,"SSL",0.160025191017034,0.160025191017034,200,46
"scenarioA","X_19","weak",0.3,0,NA,"SSL",0,0,200,46
"scenarioA","X_20","weak",0.3,0,NA,"SSL",-0.136483602053834,-0.136483602053834,200,46
"scenarioA","X_21","weak",0.3,0,NA,"SSL",0,0,200,46
"scenarioA","X_22","strong",0.6,0,NA,"SSL",0.0536525347032484,0.0536525347032484,200,46
"scenarioA","X_23","strong",0.6,0,NA,"SSL",0.0870928016963015,0.0870928016963015,200,46
"scenarioA","X_24","strong",0.6,0,NA,"SSL",0,0,200,46
"scenarioA","X_25","strong",0.6,0,NA,"SSL",0.157276617800847,0.157276617800847,200,46
"scenarioA","X_1","strong",0.6,0.4,0.479771170333204,"LASSO",0,-0.4,200,46
"scenarioA","X_2","strong",0.6,-0.5,-0.550178652820124,"LASSO",-0.045555456479156,0.454444543520844,200,46
"scenarioA","X_3","weak",0.3,0.6,0.769008094439954,"LASSO",0.491055507299519,-0.108944492700481,200,46
"scenarioA","X_4","weak",0.3,0.75,0.575255407489386,"LASSO",0.354748530754314,-0.395251469245686,200,46
"scenarioA","X_5","indep",0,-0.8,-0.649537789319051,"LASSO",-0.397922975321302,0.402077024678698,200,46
"scenarioA","X_6","indep",0,0,NA,"LASSO",0,0,200,46
"scenarioA","X_7","indep",0,0,NA,"LASSO",0,0,200,46
"scenarioA","X_8","indep",0,0,NA,"LASSO",0,0,200,46
"scenarioA","X_9","indep",0,0,NA,"LASSO",0,0,200,46
"scenarioA","X_10","indep",0,0,NA,"LASSO",0,0,200,46
"scenarioA","X_11","indep",0,0,NA,"LASSO",0,0,200,46
"scenarioA","X_12","indep",0,0,NA,"LASSO",0,0,200,46
"scenarioA","X_13","indep",0,0,NA,"LASSO",0,0,200,46
"scenarioA","X_14","indep",0,0,NA,"LASSO",0,0,200,46
"scenarioA","X_15","indep",0,0,NA,"LASSO",0,0,200,46
"scenarioA","X_16","indep",0,0,NA,"LASSO",0,0,200,46
"scenarioA","X_17","indep",0,0,NA,"LASSO",0,0,200,46
"scenarioA","X_18","weak",0.3,0,NA,"LASSO",0.10035392119942,0.10035392119942,200,46
"scenarioA","X_19","weak",0.3,0,NA,"LASSO",0,0,200,46
"scenarioA","X_20","weak",0.3,0,NA,"LASSO",0,0,200,46
"scenarioA","X_21","weak",0.3,0,NA,"LASSO",0,0,200,46
"scenarioA","X_22","strong",0.6,0,NA,"LASSO",0,0,200,46
"scenarioA","X_23","strong",0.6,0,NA,"LASSO",0,0,200,46
"scenarioA","X_24","strong",0.6,0,NA,"LASSO",0,0,200,46
"scenarioA","X_25","strong",0.6,0,NA,"LASSO",0,0,200,46
"scenarioA","X_1","strong",0.6,0.4,0.520872446205467,"SSL",0.260288260744556,-0.139711739255444,200,47
"scenarioA","X_2","strong",0.6,-0.5,-0.54469904641416,"SSL",-0.406986245540059,0.093013754459941,200,47
"scenarioA","X_3","weak",0.3,0.6,0.686099494876729,"SSL",0.618255388199098,0.0182553881990981,200,47
"scenarioA","X_4","weak",0.3,0.75,0.91352201800196,"SSL",0.821491586081906,0.071491586081906,200,47
"scenarioA","X_5","indep",0,-0.8,-0.778445076766926,"SSL",-0.694235970851643,0.105764029148357,200,47
"scenarioA","X_6","indep",0,0,NA,"SSL",0,0,200,47
"scenarioA","X_7","indep",0,0,NA,"SSL",-0.057187285600152,-0.057187285600152,200,47
"scenarioA","X_8","indep",0,0,NA,"SSL",0.132495055030221,0.132495055030221,200,47
"scenarioA","X_9","indep",0,0,NA,"SSL",0,0,200,47
"scenarioA","X_10","indep",0,0,NA,"SSL",-0.142902023994006,-0.142902023994006,200,47
"scenarioA","X_11","indep",0,0,NA,"SSL",0,0,200,47
"scenarioA","X_12","indep",0,0,NA,"SSL",0.0557928806702319,0.0557928806702319,200,47
"scenarioA","X_13","indep",0,0,NA,"SSL",0,0,200,47
"scenarioA","X_14","indep",0,0,NA,"SSL",0.0678817833602913,0.0678817833602913,200,47
"scenarioA","X_15","indep",0,0,NA,"SSL",0,0,200,47
"scenarioA","X_16","indep",0,0,NA,"SSL",0.132052179650767,0.132052179650767,200,47
"scenarioA","X_17","indep",0,0,NA,"SSL",0,0,200,47
"scenarioA","X_18","weak",0.3,0,NA,"SSL",0,0,200,47
"scenarioA","X_19","weak",0.3,0,NA,"SSL",0,0,200,47
"scenarioA","X_20","weak",0.3,0,NA,"SSL",0,0,200,47
"scenarioA","X_21","weak",0.3,0,NA,"SSL",0,0,200,47
"scenarioA","X_22","strong",0.6,0,NA,"SSL",0,0,200,47
"scenarioA","X_23","strong",0.6,0,NA,"SSL",0.10504185598858,0.10504185598858,200,47
"scenarioA","X_24","strong",0.6,0,NA,"SSL",0,0,200,47
"scenarioA","X_25","strong",0.6,0,NA,"SSL",0.0815059789082247,0.0815059789082247,200,47
"scenarioA","X_1","strong",0.6,0.4,0.520872446205467,"LASSO",0,-0.4,200,47
"scenarioA","X_2","strong",0.6,-0.5,-0.54469904641416,"LASSO",0,0.5,200,47
"scenarioA","X_3","weak",0.3,0.6,0.686099494876729,"LASSO",0.338715276739293,-0.261284723260707,200,47
"scenarioA","X_4","weak",0.3,0.75,0.91352201800196,"LASSO",0.578161019006091,-0.171838980993909,200,47
"scenarioA","X_5","indep",0,-0.8,-0.778445076766926,"LASSO",-0.34954436895054,0.45045563104946,200,47
"scenarioA","X_6","indep",0,0,NA,"LASSO",0,0,200,47
"scenarioA","X_7","indep",0,0,NA,"LASSO",0,0,200,47
"scenarioA","X_8","indep",0,0,NA,"LASSO",0,0,200,47
"scenarioA","X_9","indep",0,0,NA,"LASSO",0,0,200,47
"scenarioA","X_10","indep",0,0,NA,"LASSO",0,0,200,47
"scenarioA","X_11","indep",0,0,NA,"LASSO",0,0,200,47
"scenarioA","X_12","indep",0,0,NA,"LASSO",0,0,200,47
"scenarioA","X_13","indep",0,0,NA,"LASSO",0,0,200,47
"scenarioA","X_14","indep",0,0,NA,"LASSO",0,0,200,47
"scenarioA","X_15","indep",0,0,NA,"LASSO",0,0,200,47
"scenarioA","X_16","indep",0,0,NA,"LASSO",0,0,200,47
"scenarioA","X_17","indep",0,0,NA,"LASSO",0,0,200,47
"scenarioA","X_18","weak",0.3,0,NA,"LASSO",0,0,200,47
"scenarioA","X_19","weak",0.3,0,NA,"LASSO",0,0,200,47
"scenarioA","X_20","weak",0.3,0,NA,"LASSO",0,0,200,47
"scenarioA","X_21","weak",0.3,0,NA,"LASSO",0,0,200,47
"scenarioA","X_22","strong",0.6,0,NA,"LASSO",0,0,200,47
"scenarioA","X_23","strong",0.6,0,NA,"LASSO",0,0,200,47
"scenarioA","X_24","strong",0.6,0,NA,"LASSO",0,0,200,47
"scenarioA","X_25","strong",0.6,0,NA,"LASSO",0,0,200,47
"scenarioA","X_1","strong",0.6,0.4,0.37656339922283,"SSL",0,-0.4,200,48
"scenarioA","X_2","strong",0.6,-0.5,-0.681672257459374,"SSL",-0.384125492749366,0.115874507250634,200,48
"scenarioA","X_3","weak",0.3,0.6,0.663223407719086,"SSL",0.534465265429266,-0.0655347345707336,200,48
"scenarioA","X_4","weak",0.3,0.75,0.845540268949311,"SSL",0.726818019562922,-0.023181980437078,200,48
"scenarioA","X_5","indep",0,-0.8,-0.824265618053489,"SSL",-0.716469227319716,0.0835307726802839,200,48
"scenarioA","X_6","indep",0,0,NA,"SSL",0,0,200,48
"scenarioA","X_7","indep",0,0,NA,"SSL",0,0,200,48
"scenarioA","X_8","indep",0,0,NA,"SSL",0,0,200,48
"scenarioA","X_9","indep",0,0,NA,"SSL",0,0,200,48
"scenarioA","X_10","indep",0,0,NA,"SSL",0,0,200,48
"scenarioA","X_11","indep",0,0,NA,"SSL",0,0,200,48
"scenarioA","X_12","indep",0,0,NA,"SSL",0,0,200,48
"scenarioA","X_13","indep",0,0,NA,"SSL",0,0,200,48
"scenarioA","X_14","indep",0,0,NA,"SSL",0,0,200,48
"scenarioA","X_15","indep",0,0,NA,"SSL",0,0,200,48
"scenarioA","X_16","indep",0,0,NA,"SSL",0,0,200,48
"scenarioA","X_17","indep",0,0,NA,"SSL",0,0,200,48
"scenarioA","X_18","weak",0.3,0,NA,"SSL",0,0,200,48
"scenarioA","X_19","weak",0.3,0,NA,"SSL",0,0,200,48
"scenarioA","X_20","weak",0.3,0,NA,"SSL",0,0,200,48
"scenarioA","X_21","weak",0.3,0,NA,"SSL",0,0,200,48
"scenarioA","X_22","strong",0.6,0,NA,"SSL",0,0,200,48
"scenarioA","X_23","strong",0.6,0,NA,"SSL",0,0,200,48
"scenarioA","X_24","strong",0.6,0,NA,"SSL",0,0,200,48
"scenarioA","X_25","strong",0.6,0,NA,"SSL",0,0,200,48
"scenarioA","X_1","strong",0.6,0.4,0.37656339922283,"LASSO",0,-0.4,200,48
"scenarioA","X_2","strong",0.6,-0.5,-0.681672257459374,"LASSO",-0.176340671853881,0.323659328146119,200,48
"scenarioA","X_3","weak",0.3,0.6,0.663223407719086,"LASSO",0.382835892157396,-0.217164107842604,200,48
"scenarioA","X_4","weak",0.3,0.75,0.845540268949311,"LASSO",0.57864325548279,-0.17135674451721,200,48
"scenarioA","X_5","indep",0,-0.8,-0.824265618053489,"LASSO",-0.548936999875532,0.251063000124468,200,48
"scenarioA","X_6","indep",0,0,NA,"LASSO",0,0,200,48
"scenarioA","X_7","indep",0,0,NA,"LASSO",0,0,200,48
"scenarioA","X_8","indep",0,0,NA,"LASSO",0,0,200,48
"scenarioA","X_9","indep",0,0,NA,"LASSO",0,0,200,48
"scenarioA","X_10","indep",0,0,NA,"LASSO",0,0,200,48
"scenarioA","X_11","indep",0,0,NA,"LASSO",0,0,200,48
"scenarioA","X_12","indep",0,0,NA,"LASSO",0,0,200,48
"scenarioA","X_13","indep",0,0,NA,"LASSO",0,0,200,48
"scenarioA","X_14","indep",0,0,NA,"LASSO",0,0,200,48
"scenarioA","X_15","indep",0,0,NA,"LASSO",0,0,200,48
"scenarioA","X_16","indep",0,0,NA,"LASSO",0,0,200,48
"scenarioA","X_17","indep",0,0,NA,"LASSO",0,0,200,48
"scenarioA","X_18","weak",0.3,0,NA,"LASSO",0,0,200,48
"scenarioA","X_19","weak",0.3,0,NA,"LASSO",0,0,200,48
"scenarioA","X_20","weak",0.3,0,NA,"LASSO",0,0,200,48
"scenarioA","X_21","weak",0.3,0,NA,"LASSO",0,0,200,48
"scenarioA","X_22","strong",0.6,0,NA,"LASSO",0,0,200,48
"scenarioA","X_23","strong",0.6,0,NA,"LASSO",-0.0343954368184951,-0.0343954368184951,200,48
"scenarioA","X_24","strong",0.6,0,NA,"LASSO",0,0,200,48
"scenarioA","X_25","strong",0.6,0,NA,"LASSO",-0.0595644448052225,-0.0595644448052225,200,48
"scenarioA","X_1","strong",0.6,0.4,0.548944638182278,"SSL",0.40521560906493,0.00521560906493024,200,49
"scenarioA","X_2","strong",0.6,-0.5,-0.637800156746013,"SSL",-0.437522847729905,0.0624771522700947,200,49
"scenarioA","X_3","weak",0.3,0.6,0.796499766272385,"SSL",0.619037655282507,0.0190376552825068,200,49
"scenarioA","X_4","weak",0.3,0.75,0.654109176990251,"SSL",0.60928393081459,-0.14071606918541,200,49
"scenarioA","X_5","indep",0,-0.8,-0.814159936887078,"SSL",-0.770690381334057,0.0293096186659427,200,49
"scenarioA","X_6","indep",0,0,NA,"SSL",-0.205894352039425,-0.205894352039425,200,49
"scenarioA","X_7","indep",0,0,NA,"SSL",0,0,200,49
"scenarioA","X_8","indep",0,0,NA,"SSL",0,0,200,49
"scenarioA","X_9","indep",0,0,NA,"SSL",0,0,200,49
"scenarioA","X_10","indep",0,0,NA,"SSL",0,0,200,49
"scenarioA","X_11","indep",0,0,NA,"SSL",0,0,200,49
"scenarioA","X_12","indep",0,0,NA,"SSL",0,0,200,49
"scenarioA","X_13","indep",0,0,NA,"SSL",0,0,200,49
"scenarioA","X_14","indep",0,0,NA,"SSL",0.145059178262753,0.145059178262753,200,49
"scenarioA","X_15","indep",0,0,NA,"SSL",0.18386324423148,0.18386324423148,200,49
"scenarioA","X_16","indep",0,0,NA,"SSL",0,0,200,49
"scenarioA","X_17","indep",0,0,NA,"SSL",0,0,200,49
"scenarioA","X_18","weak",0.3,0,NA,"SSL",0,0,200,49
"scenarioA","X_19","weak",0.3,0,NA,"SSL",0,0,200,49
"scenarioA","X_20","weak",0.3,0,NA,"SSL",0,0,200,49
"scenarioA","X_21","weak",0.3,0,NA,"SSL",0,0,200,49
"scenarioA","X_22","strong",0.6,0,NA,"SSL",0,0,200,49
"scenarioA","X_23","strong",0.6,0,NA,"SSL",0,0,200,49
"scenarioA","X_24","strong",0.6,0,NA,"SSL",0,0,200,49
"scenarioA","X_25","strong",0.6,0,NA,"SSL",0,0,200,49
"scenarioA","X_1","strong",0.6,0.4,0.548944638182278,"LASSO",0.297777320095782,-0.102222679904218,200,49
"scenarioA","X_2","strong",0.6,-0.5,-0.637800156746013,"LASSO",-0.290522094491442,0.209477905508558,200,49
"scenarioA","X_3","weak",0.3,0.6,0.796499766272385,"LASSO",0.578803701009566,-0.0211962989904341,200,49
"scenarioA","X_4","weak",0.3,0.75,0.654109176990251,"LASSO",0.537599050506185,-0.212400949493815,200,49
"scenarioA","X_5","indep",0,-0.8,-0.814159936887078,"LASSO",-0.634208416824848,0.165791583175152,200,49
"scenarioA","X_6","indep",0,0,NA,"LASSO",-0.158748974072809,-0.158748974072809,200,49
"scenarioA","X_7","indep",0,0,NA,"LASSO",0,0,200,49
"scenarioA","X_8","indep",0,0,NA,"LASSO",0,0,200,49
"scenarioA","X_9","indep",0,0,NA,"LASSO",0,0,200,49
"scenarioA","X_10","indep",0,0,NA,"LASSO",0,0,200,49
"scenarioA","X_11","indep",0,0,NA,"LASSO",-0.0865628694954498,-0.0865628694954498,200,49
"scenarioA","X_12","indep",0,0,NA,"LASSO",0,0,200,49
"scenarioA","X_13","indep",0,0,NA,"LASSO",0,0,200,49
"scenarioA","X_14","indep",0,0,NA,"LASSO",0.117495147949199,0.117495147949199,200,49
"scenarioA","X_15","indep",0,0,NA,"LASSO",0.125596086057658,0.125596086057658,200,49
"scenarioA","X_16","indep",0,0,NA,"LASSO",0,0,200,49
"scenarioA","X_17","indep",0,0,NA,"LASSO",0,0,200,49
"scenarioA","X_18","weak",0.3,0,NA,"LASSO",0,0,200,49
"scenarioA","X_19","weak",0.3,0,NA,"LASSO",0,0,200,49
"scenarioA","X_20","weak",0.3,0,NA,"LASSO",-0.0245078047188496,-0.0245078047188496,200,49
"scenarioA","X_21","weak",0.3,0,NA,"LASSO",0,0,200,49
"scenarioA","X_22","strong",0.6,0,NA,"LASSO",-0.0898069115235383,-0.0898069115235383,200,49
"scenarioA","X_23","strong",0.6,0,NA,"LASSO",0,0,200,49
"scenarioA","X_24","strong",0.6,0,NA,"LASSO",0,0,200,49
"scenarioA","X_25","strong",0.6,0,NA,"LASSO",0,0,200,49
"scenarioA","X_1","strong",0.6,0.4,0.584690850434879,"SSL",0.44743452013884,0.04743452013884,200,50
"scenarioA","X_2","strong",0.6,-0.5,-0.655996667011703,"SSL",-0.466736729300712,0.0332632706992882,200,50
"scenarioA","X_3","weak",0.3,0.6,0.653299655025148,"SSL",0.580341205871107,-0.0196587941288929,200,50
"scenarioA","X_4","weak",0.3,0.75,0.631521234485144,"SSL",0.618186329843642,-0.131813670156358,200,50
"scenarioA","X_5","indep",0,-0.8,-0.873418614858234,"SSL",-0.773756331096651,0.0262436689033487,200,50
"scenarioA","X_6","indep",0,0,NA,"SSL",-0.11692803867024,-0.11692803867024,200,50
"scenarioA","X_7","indep",0,0,NA,"SSL",0,0,200,50
"scenarioA","X_8","indep",0,0,NA,"SSL",0,0,200,50
"scenarioA","X_9","indep",0,0,NA,"SSL",0,0,200,50
"scenarioA","X_10","indep",0,0,NA,"SSL",0,0,200,50
"scenarioA","X_11","indep",0,0,NA,"SSL",0,0,200,50
"scenarioA","X_12","indep",0,0,NA,"SSL",0,0,200,50
"scenarioA","X_13","indep",0,0,NA,"SSL",0,0,200,50
"scenarioA","X_14","indep",0,0,NA,"SSL",0.180419374625676,0.180419374625676,200,50
"scenarioA","X_15","indep",0,0,NA,"SSL",0,0,200,50
"scenarioA","X_16","indep",0,0,NA,"SSL",0,0,200,50
"scenarioA","X_17","indep",0,0,NA,"SSL",0,0,200,50
"scenarioA","X_18","weak",0.3,0,NA,"SSL",0,0,200,50
"scenarioA","X_19","weak",0.3,0,NA,"SSL",0,0,200,50
"scenarioA","X_20","weak",0.3,0,NA,"SSL",0,0,200,50
"scenarioA","X_21","weak",0.3,0,NA,"SSL",0,0,200,50
"scenarioA","X_22","strong",0.6,0,NA,"SSL",0,0,200,50
"scenarioA","X_23","strong",0.6,0,NA,"SSL",0,0,200,50
"scenarioA","X_24","strong",0.6,0,NA,"SSL",0,0,200,50
"scenarioA","X_25","strong",0.6,0,NA,"SSL",0,0,200,50
"scenarioA","X_1","strong",0.6,0.4,0.584690850434879,"LASSO",0.384477885851909,-0.0155221141480913,200,50
"scenarioA","X_2","strong",0.6,-0.5,-0.655996667011703,"LASSO",-0.393189950142602,0.106810049857398,200,50
"scenarioA","X_3","weak",0.3,0.6,0.653299655025148,"LASSO",0.52225300827881,-0.0777469917211898,200,50
"scenarioA","X_4","weak",0.3,0.75,0.631521234485144,"LASSO",0.553297935241099,-0.196702064758901,200,50
"scenarioA","X_5","indep",0,-0.8,-0.873418614858234,"LASSO",-0.715908059037014,0.0840919409629863,200,50
"scenarioA","X_6","indep",0,0,NA,"LASSO",-0.0951666761925238,-0.0951666761925238,200,50
"scenarioA","X_7","indep",0,0,NA,"LASSO",0,0,200,50
"scenarioA","X_8","indep",0,0,NA,"LASSO",0,0,200,50
"scenarioA","X_9","indep",0,0,NA,"LASSO",-0.0434115249282161,-0.0434115249282161,200,50
"scenarioA","X_10","indep",0,0,NA,"LASSO",0,0,200,50
"scenarioA","X_11","indep",0,0,NA,"LASSO",0,0,200,50
"scenarioA","X_12","indep",0,0,NA,"LASSO",-0.0351189680292638,-0.0351189680292638,200,50
"scenarioA","X_13","indep",0,0,NA,"LASSO",0,0,200,50
"scenarioA","X_14","indep",0,0,NA,"LASSO",0.127236529533039,0.127236529533039,200,50
"scenarioA","X_15","indep",0,0,NA,"LASSO",0,0,200,50
"scenarioA","X_16","indep",0,0,NA,"LASSO",0,0,200,50
"scenarioA","X_17","indep",0,0,NA,"LASSO",0,0,200,50
"scenarioA","X_18","weak",0.3,0,NA,"LASSO",0,0,200,50
"scenarioA","X_19","weak",0.3,0,NA,"LASSO",0,0,200,50
"scenarioA","X_20","weak",0.3,0,NA,"LASSO",0.0624239429992126,0.0624239429992126,200,50
"scenarioA","X_21","weak",0.3,0,NA,"LASSO",0,0,200,50
"scenarioA","X_22","strong",0.6,0,NA,"LASSO",0,0,200,50
"scenarioA","X_23","strong",0.6,0,NA,"LASSO",0,0,200,50
"scenarioA","X_24","strong",0.6,0,NA,"LASSO",0,0,200,50
"scenarioA","X_25","strong",0.6,0,NA,"LASSO",0,0,200,50
"scenarioA","X_1","strong",0.6,0.4,0.584237372559671,"SSL",0.46577804128598,0.0657780412859797,200,51
"scenarioA","X_2","strong",0.6,-0.5,-0.208984145780837,"SSL",0,0.5,200,51
"scenarioA","X_3","weak",0.3,0.6,0.699099945421925,"SSL",0.662371374874063,0.0623713748740634,200,51
"scenarioA","X_4","weak",0.3,0.75,0.757961722574195,"SSL",0.735847488857975,-0.0141525111420248,200,51
"scenarioA","X_5","indep",0,-0.8,-0.903342067202265,"SSL",-0.856963710281457,-0.056963710281457,200,51
"scenarioA","X_6","indep",0,0,NA,"SSL",0,0,200,51
"scenarioA","X_7","indep",0,0,NA,"SSL",0,0,200,51
"scenarioA","X_8","indep",0,0,NA,"SSL",0,0,200,51
"scenarioA","X_9","indep",0,0,NA,"SSL",0,0,200,51
"scenarioA","X_10","indep",0,0,NA,"SSL",0,0,200,51
"scenarioA","X_11","indep",0,0,NA,"SSL",0,0,200,51
"scenarioA","X_12","indep",0,0,NA,"SSL",0,0,200,51
"scenarioA","X_13","indep",0,0,NA,"SSL",0.192234560518058,0.192234560518058,200,51
"scenarioA","X_14","indep",0,0,NA,"SSL",0,0,200,51
"scenarioA","X_15","indep",0,0,NA,"SSL",0,0,200,51
"scenarioA","X_16","indep",0,0,NA,"SSL",0,0,200,51
"scenarioA","X_17","indep",0,0,NA,"SSL",0,0,200,51
"scenarioA","X_18","weak",0.3,0,NA,"SSL",0,0,200,51
"scenarioA","X_19","weak",0.3,0,NA,"SSL",0.173453108115725,0.173453108115725,200,51
"scenarioA","X_20","weak",0.3,0,NA,"SSL",0,0,200,51
"scenarioA","X_21","weak",0.3,0,NA,"SSL",0,0,200,51
"scenarioA","X_22","strong",0.6,0,NA,"SSL",0,0,200,51
"scenarioA","X_23","strong",0.6,0,NA,"SSL",0,0,200,51
"scenarioA","X_24","strong",0.6,0,NA,"SSL",0,0,200,51
"scenarioA","X_25","strong",0.6,0,NA,"SSL",0,0,200,51
"scenarioA","X_1","strong",0.6,0.4,0.584237372559671,"LASSO",0.261657448059368,-0.138342551940632,200,51
"scenarioA","X_2","strong",0.6,-0.5,-0.208984145780837,"LASSO",0,0.5,200,51
"scenarioA","X_3","weak",0.3,0.6,0.699099945421925,"LASSO",0.482344170529341,-0.117655829470659,200,51
"scenarioA","X_4","weak",0.3,0.75,0.757961722574195,"LASSO",0.577110945713237,-0.172889054286763,200,51
"scenarioA","X_5","indep",0,-0.8,-0.903342067202265,"LASSO",-0.620366138874697,0.179633861125303,200,51
"scenarioA","X_6","indep",0,0,NA,"LASSO",0,0,200,51
"scenarioA","X_7","indep",0,0,NA,"LASSO",0,0,200,51
"scenarioA","X_8","indep",0,0,NA,"LASSO",0,0,200,51
"scenarioA","X_9","indep",0,0,NA,"LASSO",0,0,200,51
"scenarioA","X_10","indep",0,0,NA,"LASSO",0,0,200,51
"scenarioA","X_11","indep",0,0,NA,"LASSO",0,0,200,51
"scenarioA","X_12","indep",0,0,NA,"LASSO",0,0,200,51
"scenarioA","X_13","indep",0,0,NA,"LASSO",0,0,200,51
"scenarioA","X_14","indep",0,0,NA,"LASSO",0,0,200,51
"scenarioA","X_15","indep",0,0,NA,"LASSO",0,0,200,51
"scenarioA","X_16","indep",0,0,NA,"LASSO",0,0,200,51
"scenarioA","X_17","indep",0,0,NA,"LASSO",0,0,200,51
"scenarioA","X_18","weak",0.3,0,NA,"LASSO",0,0,200,51
"scenarioA","X_19","weak",0.3,0,NA,"LASSO",0.0518465346830062,0.0518465346830062,200,51
"scenarioA","X_20","weak",0.3,0,NA,"LASSO",0,0,200,51
"scenarioA","X_21","weak",0.3,0,NA,"LASSO",0,0,200,51
"scenarioA","X_22","strong",0.6,0,NA,"LASSO",0,0,200,51
"scenarioA","X_23","strong",0.6,0,NA,"LASSO",0,0,200,51
"scenarioA","X_24","strong",0.6,0,NA,"LASSO",0,0,200,51
"scenarioA","X_25","strong",0.6,0,NA,"LASSO",0,0,200,51
"scenarioA","X_1","strong",0.6,0.4,0.456473795990818,"SSL",0.223414312266922,-0.176585687733078,200,52
"scenarioA","X_2","strong",0.6,-0.5,-0.490883771875198,"SSL",-0.313924853081288,0.186075146918712,200,52
"scenarioA","X_3","weak",0.3,0.6,0.501969403193792,"SSL",0.343076399719481,-0.256923600280519,200,52
"scenarioA","X_4","weak",0.3,0.75,1.03312479237963,"SSL",0.901185267432964,0.151185267432964,200,52
"scenarioA","X_5","indep",0,-0.8,-0.901348327057697,"SSL",-0.800640959958978,-0.000640959958977949,200,52
"scenarioA","X_6","indep",0,0,NA,"SSL",0.0744956873835782,0.0744956873835782,200,52
"scenarioA","X_7","indep",0,0,NA,"SSL",0.0988647466956075,0.0988647466956075,200,52
"scenarioA","X_8","indep",0,0,NA,"SSL",0.0445738831267008,0.0445738831267008,200,52
"scenarioA","X_9","indep",0,0,NA,"SSL",-0.0149978887897796,-0.0149978887897796,200,52
"scenarioA","X_10","indep",0,0,NA,"SSL",0,0,200,52
"scenarioA","X_11","indep",0,0,NA,"SSL",-0.176860952651423,-0.176860952651423,200,52
"scenarioA","X_12","indep",0,0,NA,"SSL",0.0396640960240216,0.0396640960240216,200,52
"scenarioA","X_13","indep",0,0,NA,"SSL",-0.0250256719844397,-0.0250256719844397,200,52
"scenarioA","X_14","indep",0,0,NA,"SSL",0,0,200,52
"scenarioA","X_15","indep",0,0,NA,"SSL",0.0177829123636194,0.0177829123636194,200,52
"scenarioA","X_16","indep",0,0,NA,"SSL",0.191587078890427,0.191587078890427,200,52
"scenarioA","X_17","indep",0,0,NA,"SSL",0,0,200,52
"scenarioA","X_18","weak",0.3,0,NA,"SSL",0.161526223275682,0.161526223275682,200,52
"scenarioA","X_19","weak",0.3,0,NA,"SSL",0.0083813184775714,0.0083813184775714,200,52
"scenarioA","X_20","weak",0.3,0,NA,"SSL",0,0,200,52
"scenarioA","X_21","weak",0.3,0,NA,"SSL",0,0,200,52
"scenarioA","X_22","strong",0.6,0,NA,"SSL",0,0,200,52
"scenarioA","X_23","strong",0.6,0,NA,"SSL",0,0,200,52
"scenarioA","X_24","strong",0.6,0,NA,"SSL",0.0859787873316156,0.0859787873316156,200,52
"scenarioA","X_25","strong",0.6,0,NA,"SSL",-0.0284240516036751,-0.0284240516036751,200,52
"scenarioA","X_1","strong",0.6,0.4,0.456473795990818,"LASSO",0,-0.4,200,52
"scenarioA","X_2","strong",0.6,-0.5,-0.490883771875198,"LASSO",0,0.5,200,52
"scenarioA","X_3","weak",0.3,0.6,0.501969403193792,"LASSO",0.112916599516876,-0.487083400483124,200,52
"scenarioA","X_4","weak",0.3,0.75,1.03312479237963,"LASSO",0.615274337692834,-0.134725662307166,200,52
"scenarioA","X_5","indep",0,-0.8,-0.901348327057697,"LASSO",-0.445789427002665,0.354210572997335,200,52
"scenarioA","X_6","indep",0,0,NA,"LASSO",0,0,200,52
"scenarioA","X_7","indep",0,0,NA,"LASSO",0,0,200,52
"scenarioA","X_8","indep",0,0,NA,"LASSO",0,0,200,52
"scenarioA","X_9","indep",0,0,NA,"LASSO",0,0,200,52
"scenarioA","X_10","indep",0,0,NA,"LASSO",0,0,200,52
"scenarioA","X_11","indep",0,0,NA,"LASSO",0,0,200,52
"scenarioA","X_12","indep",0,0,NA,"LASSO",0,0,200,52
"scenarioA","X_13","indep",0,0,NA,"LASSO",0,0,200,52
"scenarioA","X_14","indep",0,0,NA,"LASSO",0,0,200,52
"scenarioA","X_15","indep",0,0,NA,"LASSO",0,0,200,52
"scenarioA","X_16","indep",0,0,NA,"LASSO",0,0,200,52
"scenarioA","X_17","indep",0,0,NA,"LASSO",0,0,200,52
"scenarioA","X_18","weak",0.3,0,NA,"LASSO",0,0,200,52
"scenarioA","X_19","weak",0.3,0,NA,"LASSO",0,0,200,52
"scenarioA","X_20","weak",0.3,0,NA,"LASSO",0,0,200,52
"scenarioA","X_21","weak",0.3,0,NA,"LASSO",0,0,200,52
"scenarioA","X_22","strong",0.6,0,NA,"LASSO",0,0,200,52
"scenarioA","X_23","strong",0.6,0,NA,"LASSO",0,0,200,52
"scenarioA","X_24","strong",0.6,0,NA,"LASSO",0,0,200,52
"scenarioA","X_25","strong",0.6,0,NA,"LASSO",0,0,200,52
"scenarioA","X_1","strong",0.6,0.4,0.539240517016689,"SSL",0.416768819693791,0.0167688196937908,200,53
"scenarioA","X_2","strong",0.6,-0.5,-0.489741712533639,"SSL",-0.364116128427703,0.135883871572297,200,53
"scenarioA","X_3","weak",0.3,0.6,0.599311570723938,"SSL",0.534482911959577,-0.0655170880404232,200,53
"scenarioA","X_4","weak",0.3,0.75,0.772190520684809,"SSL",0.662263926339853,-0.0877360736601468,200,53
"scenarioA","X_5","indep",0,-0.8,-0.7144074943715,"SSL",-0.64713259953597,0.15286740046403,200,53
"scenarioA","X_6","indep",0,0,NA,"SSL",0,0,200,53
"scenarioA","X_7","indep",0,0,NA,"SSL",0,0,200,53
"scenarioA","X_8","indep",0,0,NA,"SSL",0,0,200,53
"scenarioA","X_9","indep",0,0,NA,"SSL",0,0,200,53
"scenarioA","X_10","indep",0,0,NA,"SSL",0,0,200,53
"scenarioA","X_11","indep",0,0,NA,"SSL",0,0,200,53
"scenarioA","X_12","indep",0,0,NA,"SSL",0,0,200,53
"scenarioA","X_13","indep",0,0,NA,"SSL",0,0,200,53
"scenarioA","X_14","indep",0,0,NA,"SSL",0,0,200,53
"scenarioA","X_15","indep",0,0,NA,"SSL",0,0,200,53
"scenarioA","X_16","indep",0,0,NA,"SSL",0,0,200,53
"scenarioA","X_17","indep",0,0,NA,"SSL",0,0,200,53
"scenarioA","X_18","weak",0.3,0,NA,"SSL",0,0,200,53
"scenarioA","X_19","weak",0.3,0,NA,"SSL",0,0,200,53
"scenarioA","X_20","weak",0.3,0,NA,"SSL",0,0,200,53
"scenarioA","X_21","weak",0.3,0,NA,"SSL",0,0,200,53
"scenarioA","X_22","strong",0.6,0,NA,"SSL",0,0,200,53
"scenarioA","X_23","strong",0.6,0,NA,"SSL",0,0,200,53
"scenarioA","X_24","strong",0.6,0,NA,"SSL",0,0,200,53
"scenarioA","X_25","strong",0.6,0,NA,"SSL",0,0,200,53
"scenarioA","X_1","strong",0.6,0.4,0.539240517016689,"LASSO",0.143031531515152,-0.256968468484848,200,53
"scenarioA","X_2","strong",0.6,-0.5,-0.489741712533639,"LASSO",-0.0898103401071765,0.410189659892823,200,53
"scenarioA","X_3","weak",0.3,0.6,0.599311570723938,"LASSO",0.386763278492751,-0.213236721507249,200,53
"scenarioA","X_4","weak",0.3,0.75,0.772190520684809,"LASSO",0.444060330045356,-0.305939669954644,200,53
"scenarioA","X_5","indep",0,-0.8,-0.7144074943715,"LASSO",-0.502207090823334,0.297792909176666,200,53
"scenarioA","X_6","indep",0,0,NA,"LASSO",0,0,200,53
"scenarioA","X_7","indep",0,0,NA,"LASSO",0,0,200,53
"scenarioA","X_8","indep",0,0,NA,"LASSO",0,0,200,53
"scenarioA","X_9","indep",0,0,NA,"LASSO",0,0,200,53
"scenarioA","X_10","indep",0,0,NA,"LASSO",0,0,200,53
"scenarioA","X_11","indep",0,0,NA,"LASSO",0,0,200,53
"scenarioA","X_12","indep",0,0,NA,"LASSO",0,0,200,53
"scenarioA","X_13","indep",0,0,NA,"LASSO",0,0,200,53
"scenarioA","X_14","indep",0,0,NA,"LASSO",0,0,200,53
"scenarioA","X_15","indep",0,0,NA,"LASSO",0,0,200,53
"scenarioA","X_16","indep",0,0,NA,"LASSO",0,0,200,53
"scenarioA","X_17","indep",0,0,NA,"LASSO",0,0,200,53
"scenarioA","X_18","weak",0.3,0,NA,"LASSO",0,0,200,53
"scenarioA","X_19","weak",0.3,0,NA,"LASSO",0,0,200,53
"scenarioA","X_20","weak",0.3,0,NA,"LASSO",0,0,200,53
"scenarioA","X_21","weak",0.3,0,NA,"LASSO",0,0,200,53
"scenarioA","X_22","strong",0.6,0,NA,"LASSO",0,0,200,53
"scenarioA","X_23","strong",0.6,0,NA,"LASSO",0,0,200,53
"scenarioA","X_24","strong",0.6,0,NA,"LASSO",0,0,200,53
"scenarioA","X_25","strong",0.6,0,NA,"LASSO",0,0,200,53
"scenarioA","X_1","strong",0.6,0.4,0.364665817601046,"SSL",0.225739072337237,-0.174260927662763,200,54
"scenarioA","X_2","strong",0.6,-0.5,-0.450381035198913,"SSL",-0.272000698412829,0.227999301587171,200,54
"scenarioA","X_3","weak",0.3,0.6,0.570874488829845,"SSL",0.498964208552342,-0.101035791447658,200,54
"scenarioA","X_4","weak",0.3,0.75,0.58765158627335,"SSL",0.514435428799912,-0.235564571200088,200,54
"scenarioA","X_5","indep",0,-0.8,-0.73194793289773,"SSL",-0.612410191510214,0.187589808489786,200,54
"scenarioA","X_6","indep",0,0,NA,"SSL",0,0,200,54
"scenarioA","X_7","indep",0,0,NA,"SSL",0,0,200,54
"scenarioA","X_8","indep",0,0,NA,"SSL",0,0,200,54
"scenarioA","X_9","indep",0,0,NA,"SSL",0,0,200,54
"scenarioA","X_10","indep",0,0,NA,"SSL",0,0,200,54
"scenarioA","X_11","indep",0,0,NA,"SSL",0,0,200,54
"scenarioA","X_12","indep",0,0,NA,"SSL",0,0,200,54
"scenarioA","X_13","indep",0,0,NA,"SSL",0,0,200,54
"scenarioA","X_14","indep",0,0,NA,"SSL",0,0,200,54
"scenarioA","X_15","indep",0,0,NA,"SSL",0,0,200,54
"scenarioA","X_16","indep",0,0,NA,"SSL",0,0,200,54
"scenarioA","X_17","indep",0,0,NA,"SSL",0,0,200,54
"scenarioA","X_18","weak",0.3,0,NA,"SSL",0,0,200,54
"scenarioA","X_19","weak",0.3,0,NA,"SSL",0,0,200,54
"scenarioA","X_20","weak",0.3,0,NA,"SSL",0,0,200,54
"scenarioA","X_21","weak",0.3,0,NA,"SSL",0,0,200,54
"scenarioA","X_22","strong",0.6,0,NA,"SSL",0,0,200,54
"scenarioA","X_23","strong",0.6,0,NA,"SSL",0,0,200,54
"scenarioA","X_24","strong",0.6,0,NA,"SSL",0,0,200,54
"scenarioA","X_25","strong",0.6,0,NA,"SSL",0,0,200,54
"scenarioA","X_1","strong",0.6,0.4,0.364665817601046,"LASSO",0,-0.4,200,54
"scenarioA","X_2","strong",0.6,-0.5,-0.450381035198913,"LASSO",0,0.5,200,54
"scenarioA","X_3","weak",0.3,0.6,0.570874488829845,"LASSO",0.370975902554395,-0.229024097445605,200,54
"scenarioA","X_4","weak",0.3,0.75,0.58765158627335,"LASSO",0.404705142677318,-0.345294857322682,200,54
"scenarioA","X_5","indep",0,-0.8,-0.73194793289773,"LASSO",-0.437742701468441,0.362257298531559,200,54
"scenarioA","X_6","indep",0,0,NA,"LASSO",0,0,200,54
"scenarioA","X_7","indep",0,0,NA,"LASSO",0,0,200,54
"scenarioA","X_8","indep",0,0,NA,"LASSO",0,0,200,54
"scenarioA","X_9","indep",0,0,NA,"LASSO",0,0,200,54
"scenarioA","X_10","indep",0,0,NA,"LASSO",0,0,200,54
"scenarioA","X_11","indep",0,0,NA,"LASSO",0,0,200,54
"scenarioA","X_12","indep",0,0,NA,"LASSO",0,0,200,54
"scenarioA","X_13","indep",0,0,NA,"LASSO",0,0,200,54
"scenarioA","X_14","indep",0,0,NA,"LASSO",0,0,200,54
"scenarioA","X_15","indep",0,0,NA,"LASSO",0,0,200,54
"scenarioA","X_16","indep",0,0,NA,"LASSO",0,0,200,54
"scenarioA","X_17","indep",0,0,NA,"LASSO",0,0,200,54
"scenarioA","X_18","weak",0.3,0,NA,"LASSO",0,0,200,54
"scenarioA","X_19","weak",0.3,0,NA,"LASSO",0,0,200,54
"scenarioA","X_20","weak",0.3,0,NA,"LASSO",0,0,200,54
"scenarioA","X_21","weak",0.3,0,NA,"LASSO",0,0,200,54
"scenarioA","X_22","strong",0.6,0,NA,"LASSO",0,0,200,54
"scenarioA","X_23","strong",0.6,0,NA,"LASSO",0,0,200,54
"scenarioA","X_24","strong",0.6,0,NA,"LASSO",0,0,200,54
"scenarioA","X_25","strong",0.6,0,NA,"LASSO",0,0,200,54
"scenarioA","X_1","strong",0.6,0.4,0.54457836593446,"SSL",0.519249248757966,0.119249248757965,200,55
"scenarioA","X_2","strong",0.6,-0.5,-0.608785360838647,"SSL",-0.576929365006056,-0.0769293650060563,200,55
"scenarioA","X_3","weak",0.3,0.6,0.567771987697916,"SSL",0.576409282501518,-0.023590717498482,200,55
"scenarioA","X_4","weak",0.3,0.75,0.683820724555314,"SSL",0.661339619030126,-0.0886603809698736,200,55
"scenarioA","X_5","indep",0,-0.8,-0.631624528776504,"SSL",-0.622475294286413,0.177524705713587,200,55
"scenarioA","X_6","indep",0,0,NA,"SSL",0,0,200,55
"scenarioA","X_7","indep",0,0,NA,"SSL",0,0,200,55
"scenarioA","X_8","indep",0,0,NA,"SSL",0,0,200,55
"scenarioA","X_9","indep",0,0,NA,"SSL",0,0,200,55
"scenarioA","X_10","indep",0,0,NA,"SSL",0,0,200,55
"scenarioA","X_11","indep",0,0,NA,"SSL",0,0,200,55
"scenarioA","X_12","indep",0,0,NA,"SSL",0,0,200,55
"scenarioA","X_13","indep",0,0,NA,"SSL",0,0,200,55
"scenarioA","X_14","indep",0,0,NA,"SSL",0.0863591913916969,0.0863591913916969,200,55
"scenarioA","X_15","indep",0,0,NA,"SSL",0,0,200,55
"scenarioA","X_16","indep",0,0,NA,"SSL",0,0,200,55
"scenarioA","X_17","indep",0,0,NA,"SSL",0,0,200,55
"scenarioA","X_18","weak",0.3,0,NA,"SSL",0,0,200,55
"scenarioA","X_19","weak",0.3,0,NA,"SSL",0,0,200,55
"scenarioA","X_20","weak",0.3,0,NA,"SSL",0,0,200,55
"scenarioA","X_21","weak",0.3,0,NA,"SSL",0,0,200,55
"scenarioA","X_22","strong",0.6,0,NA,"SSL",0,0,200,55
"scenarioA","X_23","strong",0.6,0,NA,"SSL",0,0,200,55
"scenarioA","X_24","strong",0.6,0,NA,"SSL",0,0,200,55
"scenarioA","X_25","strong",0.6,0,NA,"SSL",0,0,200,55
"scenarioA","X_1","strong",0.6,0.4,0.54457836593446,"LASSO",0.395380771790038,-0.00461922820996186,200,55
"scenarioA","X_2","strong",0.6,-0.5,-0.608785360838647,"LASSO",-0.425118702166579,0.0748812978334207,200,55
"scenarioA","X_3","weak",0.3,0.6,0.567771987697916,"LASSO",0.508554970678056,-0.0914450293219444,200,55
"scenarioA","X_4","weak",0.3,0.75,0.683820724555314,"LASSO",0.575889686702879,-0.174110313297121,200,55
"scenarioA","X_5","indep",0,-0.8,-0.631624528776504,"LASSO",-0.560811739929731,0.239188260070269,200,55
"scenarioA","X_6","indep",0,0,NA,"LASSO",0,0,200,55
"scenarioA","X_7","indep",0,0,NA,"LASSO",0,0,200,55
"scenarioA","X_8","indep",0,0,NA,"LASSO",0,0,200,55
"scenarioA","X_9","indep",0,0,NA,"LASSO",0,0,200,55
"scenarioA","X_10","indep",0,0,NA,"LASSO",0,0,200,55
"scenarioA","X_11","indep",0,0,NA,"LASSO",0,0,200,55
"scenarioA","X_12","indep",0,0,NA,"LASSO",0,0,200,55
"scenarioA","X_13","indep",0,0,NA,"LASSO",0,0,200,55
"scenarioA","X_14","indep",0,0,NA,"LASSO",0.0429216897298006,0.0429216897298006,200,55
"scenarioA","X_15","indep",0,0,NA,"LASSO",0,0,200,55
"scenarioA","X_16","indep",0,0,NA,"LASSO",0,0,200,55
"scenarioA","X_17","indep",0,0,NA,"LASSO",0,0,200,55
"scenarioA","X_18","weak",0.3,0,NA,"LASSO",0,0,200,55
"scenarioA","X_19","weak",0.3,0,NA,"LASSO",0,0,200,55
"scenarioA","X_20","weak",0.3,0,NA,"LASSO",0,0,200,55
"scenarioA","X_21","weak",0.3,0,NA,"LASSO",0,0,200,55
"scenarioA","X_22","strong",0.6,0,NA,"LASSO",0,0,200,55
"scenarioA","X_23","strong",0.6,0,NA,"LASSO",0,0,200,55
"scenarioA","X_24","strong",0.6,0,NA,"LASSO",0,0,200,55
"scenarioA","X_25","strong",0.6,0,NA,"LASSO",0,0,200,55
"scenarioA","X_1","strong",0.6,0.4,0.387847590419595,"SSL",0.376080610334148,-0.0239193896658519,200,56
"scenarioA","X_2","strong",0.6,-0.5,-0.523884828926215,"SSL",-0.576717041402759,-0.076717041402759,200,56
"scenarioA","X_3","weak",0.3,0.6,0.502466792068421,"SSL",0.480303971849624,-0.119696028150376,200,56
"scenarioA","X_4","weak",0.3,0.75,0.870037427874572,"SSL",0.770151677555672,0.0201516775556724,200,56
"scenarioA","X_5","indep",0,-0.8,-0.881040134231814,"SSL",-0.86733815735535,-0.0673381573553504,200,56
"scenarioA","X_6","indep",0,0,NA,"SSL",0,0,200,56
"scenarioA","X_7","indep",0,0,NA,"SSL",0,0,200,56
"scenarioA","X_8","indep",0,0,NA,"SSL",0,0,200,56
"scenarioA","X_9","indep",0,0,NA,"SSL",0,0,200,56
"scenarioA","X_10","indep",0,0,NA,"SSL",0,0,200,56
"scenarioA","X_11","indep",0,0,NA,"SSL",0,0,200,56
"scenarioA","X_12","indep",0,0,NA,"SSL",-0.174852173959884,-0.174852173959884,200,56
"scenarioA","X_13","indep",0,0,NA,"SSL",0,0,200,56
"scenarioA","X_14","indep",0,0,NA,"SSL",0,0,200,56
"scenarioA","X_15","indep",0,0,NA,"SSL",0,0,200,56
"scenarioA","X_16","indep",0,0,NA,"SSL",0,0,200,56
"scenarioA","X_17","indep",0,0,NA,"SSL",0,0,200,56
"scenarioA","X_18","weak",0.3,0,NA,"SSL",0,0,200,56
"scenarioA","X_19","weak",0.3,0,NA,"SSL",0,0,200,56
"scenarioA","X_20","weak",0.3,0,NA,"SSL",0,0,200,56
"scenarioA","X_21","weak",0.3,0,NA,"SSL",0.281383240908634,0.281383240908634,200,56
"scenarioA","X_22","strong",0.6,0,NA,"SSL",0,0,200,56
"scenarioA","X_23","strong",0.6,0,NA,"SSL",0,0,200,56
"scenarioA","X_24","strong",0.6,0,NA,"SSL",0,0,200,56
"scenarioA","X_25","strong",0.6,0,NA,"SSL",0,0,200,56
"scenarioA","X_1","strong",0.6,0.4,0.387847590419595,"LASSO",0.271579180371892,-0.128420819628108,200,56
"scenarioA","X_2","strong",0.6,-0.5,-0.523884828926215,"LASSO",-0.381365876884393,0.118634123115607,200,56
"scenarioA","X_3","weak",0.3,0.6,0.502466792068421,"LASSO",0.421294797796204,-0.178705202203796,200,56
"scenarioA","X_4","weak",0.3,0.75,0.870037427874572,"LASSO",0.701293841258511,-0.0487061587414886,200,56
"scenarioA","X_5","indep",0,-0.8,-0.881040134231814,"LASSO",-0.73994275536517,0.0600572446348301,200,56
"scenarioA","X_6","indep",0,0,NA,"LASSO",0,0,200,56
"scenarioA","X_7","indep",0,0,NA,"LASSO",0,0,200,56
"scenarioA","X_8","indep",0,0,NA,"LASSO",0.0871266581930133,0.0871266581930133,200,56
"scenarioA","X_9","indep",0,0,NA,"LASSO",0,0,200,56
"scenarioA","X_10","indep",0,0,NA,"LASSO",0,0,200,56
"scenarioA","X_11","indep",0,0,NA,"LASSO",0,0,200,56
"scenarioA","X_12","indep",0,0,NA,"LASSO",-0.091703631988662,-0.091703631988662,200,56
"scenarioA","X_13","indep",0,0,NA,"LASSO",0,0,200,56
"scenarioA","X_14","indep",0,0,NA,"LASSO",0,0,200,56
"scenarioA","X_15","indep",0,0,NA,"LASSO",0,0,200,56
"scenarioA","X_16","indep",0,0,NA,"LASSO",0,0,200,56
"scenarioA","X_17","indep",0,0,NA,"LASSO",0,0,200,56
"scenarioA","X_18","weak",0.3,0,NA,"LASSO",0,0,200,56
"scenarioA","X_19","weak",0.3,0,NA,"LASSO",0,0,200,56
"scenarioA","X_20","weak",0.3,0,NA,"LASSO",0,0,200,56
"scenarioA","X_21","weak",0.3,0,NA,"LASSO",0.198658109361483,0.198658109361483,200,56
"scenarioA","X_22","strong",0.6,0,NA,"LASSO",-0.0727428367673659,-0.0727428367673659,200,56
"scenarioA","X_23","strong",0.6,0,NA,"LASSO",0,0,200,56
"scenarioA","X_24","strong",0.6,0,NA,"LASSO",0,0,200,56
"scenarioA","X_25","strong",0.6,0,NA,"LASSO",0,0,200,56
"scenarioA","X_1","strong",0.6,0.4,0.348570810577316,"SSL",0.194510763673763,-0.205489236326237,200,57
"scenarioA","X_2","strong",0.6,-0.5,-0.290335918206361,"SSL",-0.208992917612151,0.291007082387849,200,57
"scenarioA","X_3","weak",0.3,0.6,0.585243555032083,"SSL",0.497165039085915,-0.102834960914085,200,57
"scenarioA","X_4","weak",0.3,0.75,0.714300164077243,"SSL",0.668878133294516,-0.081121866705484,200,57
"scenarioA","X_5","indep",0,-0.8,-0.862792859219422,"SSL",-0.691983442301737,0.108016557698263,200,57
"scenarioA","X_6","indep",0,0,NA,"SSL",0,0,200,57
"scenarioA","X_7","indep",0,0,NA,"SSL",0,0,200,57
"scenarioA","X_8","indep",0,0,NA,"SSL",0,0,200,57
"scenarioA","X_9","indep",0,0,NA,"SSL",-0.0533206785989658,-0.0533206785989658,200,57
"scenarioA","X_10","indep",0,0,NA,"SSL",-0.153432689348965,-0.153432689348965,200,57
"scenarioA","X_11","indep",0,0,NA,"SSL",0,0,200,57
"scenarioA","X_12","indep",0,0,NA,"SSL",0,0,200,57
"scenarioA","X_13","indep",0,0,NA,"SSL",0,0,200,57
"scenarioA","X_14","indep",0,0,NA,"SSL",0,0,200,57
"scenarioA","X_15","indep",0,0,NA,"SSL",0,0,200,57
"scenarioA","X_16","indep",0,0,NA,"SSL",0,0,200,57
"scenarioA","X_17","indep",0,0,NA,"SSL",0.0669440140379742,0.0669440140379742,200,57
"scenarioA","X_18","weak",0.3,0,NA,"SSL",0,0,200,57
"scenarioA","X_19","weak",0.3,0,NA,"SSL",0,0,200,57
"scenarioA","X_20","weak",0.3,0,NA,"SSL",0,0,200,57
"scenarioA","X_21","weak",0.3,0,NA,"SSL",0,0,200,57
"scenarioA","X_22","strong",0.6,0,NA,"SSL",0.121466849005229,0.121466849005229,200,57
"scenarioA","X_23","strong",0.6,0,NA,"SSL",0,0,200,57
"scenarioA","X_24","strong",0.6,0,NA,"SSL",0.142328328539276,0.142328328539276,200,57
"scenarioA","X_25","strong",0.6,0,NA,"SSL",-0.158185472398073,-0.158185472398073,200,57
"scenarioA","X_1","strong",0.6,0.4,0.348570810577316,"LASSO",0,-0.4,200,57
"scenarioA","X_2","strong",0.6,-0.5,-0.290335918206361,"LASSO",0,0.5,200,57
"scenarioA","X_3","weak",0.3,0.6,0.585243555032083,"LASSO",0.310440779223441,-0.289559220776559,200,57
"scenarioA","X_4","weak",0.3,0.75,0.714300164077243,"LASSO",0.555313784608459,-0.194686215391541,200,57
"scenarioA","X_5","indep",0,-0.8,-0.862792859219422,"LASSO",-0.459467917920955,0.340532082079045,200,57
"scenarioA","X_6","indep",0,0,NA,"LASSO",0,0,200,57
"scenarioA","X_7","indep",0,0,NA,"LASSO",0,0,200,57
"scenarioA","X_8","indep",0,0,NA,"LASSO",0,0,200,57
"scenarioA","X_9","indep",0,0,NA,"LASSO",0,0,200,57
"scenarioA","X_10","indep",0,0,NA,"LASSO",0,0,200,57
"scenarioA","X_11","indep",0,0,NA,"LASSO",0,0,200,57
"scenarioA","X_12","indep",0,0,NA,"LASSO",0,0,200,57
"scenarioA","X_13","indep",0,0,NA,"LASSO",0,0,200,57
"scenarioA","X_14","indep",0,0,NA,"LASSO",0,0,200,57
"scenarioA","X_15","indep",0,0,NA,"LASSO",0,0,200,57
"scenarioA","X_16","indep",0,0,NA,"LASSO",0,0,200,57
"scenarioA","X_17","indep",0,0,NA,"LASSO",0,0,200,57
"scenarioA","X_18","weak",0.3,0,NA,"LASSO",0,0,200,57
"scenarioA","X_19","weak",0.3,0,NA,"LASSO",0,0,200,57
"scenarioA","X_20","weak",0.3,0,NA,"LASSO",0,0,200,57
"scenarioA","X_21","weak",0.3,0,NA,"LASSO",0,0,200,57
"scenarioA","X_22","strong",0.6,0,NA,"LASSO",0,0,200,57
"scenarioA","X_23","strong",0.6,0,NA,"LASSO",0,0,200,57
"scenarioA","X_24","strong",0.6,0,NA,"LASSO",0,0,200,57
"scenarioA","X_25","strong",0.6,0,NA,"LASSO",0,0,200,57
"scenarioA","X_1","strong",0.6,0.4,0.119394802033046,"SSL",0,-0.4,200,58
"scenarioA","X_2","strong",0.6,-0.5,-0.164884819831585,"SSL",0,0.5,200,58
"scenarioA","X_3","weak",0.3,0.6,0.673279034500596,"SSL",0.625873236683217,0.0258732366832168,200,58
"scenarioA","X_4","weak",0.3,0.75,0.731048438928519,"SSL",0.703587654349206,-0.0464123456507936,200,58
"scenarioA","X_5","indep",0,-0.8,-0.697961836946984,"SSL",-0.638926047753033,0.161073952246967,200,58
"scenarioA","X_6","indep",0,0,NA,"SSL",0,0,200,58
"scenarioA","X_7","indep",0,0,NA,"SSL",0,0,200,58
"scenarioA","X_8","indep",0,0,NA,"SSL",0,0,200,58
"scenarioA","X_9","indep",0,0,NA,"SSL",0,0,200,58
"scenarioA","X_10","indep",0,0,NA,"SSL",0,0,200,58
"scenarioA","X_11","indep",0,0,NA,"SSL",0,0,200,58
"scenarioA","X_12","indep",0,0,NA,"SSL",0,0,200,58
"scenarioA","X_13","indep",0,0,NA,"SSL",0,0,200,58
"scenarioA","X_14","indep",0,0,NA,"SSL",0,0,200,58
"scenarioA","X_15","indep",0,0,NA,"SSL",0,0,200,58
"scenarioA","X_16","indep",0,0,NA,"SSL",0,0,200,58
"scenarioA","X_17","indep",0,0,NA,"SSL",0,0,200,58
"scenarioA","X_18","weak",0.3,0,NA,"SSL",0,0,200,58
"scenarioA","X_19","weak",0.3,0,NA,"SSL",0,0,200,58
"scenarioA","X_20","weak",0.3,0,NA,"SSL",0,0,200,58
"scenarioA","X_21","weak",0.3,0,NA,"SSL",0,0,200,58
"scenarioA","X_22","strong",0.6,0,NA,"SSL",0,0,200,58
"scenarioA","X_23","strong",0.6,0,NA,"SSL",0,0,200,58
"scenarioA","X_24","strong",0.6,0,NA,"SSL",0,0,200,58
"scenarioA","X_25","strong",0.6,0,NA,"SSL",0,0,200,58
"scenarioA","X_1","strong",0.6,0.4,0.119394802033046,"LASSO",0,-0.4,200,58
"scenarioA","X_2","strong",0.6,-0.5,-0.164884819831585,"LASSO",0,0.5,200,58
"scenarioA","X_3","weak",0.3,0.6,0.673279034500596,"LASSO",0.50286120905067,-0.09713879094933,200,58
"scenarioA","X_4","weak",0.3,0.75,0.731048438928519,"LASSO",0.610499265941661,-0.139500734058339,200,58
"scenarioA","X_5","indep",0,-0.8,-0.697961836946984,"LASSO",-0.519152000514936,0.280847999485064,200,58
"scenarioA","X_6","indep",0,0,NA,"LASSO",0,0,200,58
"scenarioA","X_7","indep",0,0,NA,"LASSO",0,0,200,58
"scenarioA","X_8","indep",0,0,NA,"LASSO",0,0,200,58
"scenarioA","X_9","indep",0,0,NA,"LASSO",0,0,200,58
"scenarioA","X_10","indep",0,0,NA,"LASSO",0,0,200,58
"scenarioA","X_11","indep",0,0,NA,"LASSO",0,0,200,58
"scenarioA","X_12","indep",0,0,NA,"LASSO",0,0,200,58
"scenarioA","X_13","indep",0,0,NA,"LASSO",0,0,200,58
"scenarioA","X_14","indep",0,0,NA,"LASSO",0,0,200,58
"scenarioA","X_15","indep",0,0,NA,"LASSO",0,0,200,58
"scenarioA","X_16","indep",0,0,NA,"LASSO",0,0,200,58
"scenarioA","X_17","indep",0,0,NA,"LASSO",0,0,200,58
"scenarioA","X_18","weak",0.3,0,NA,"LASSO",0,0,200,58
"scenarioA","X_19","weak",0.3,0,NA,"LASSO",0,0,200,58
"scenarioA","X_20","weak",0.3,0,NA,"LASSO",0,0,200,58
"scenarioA","X_21","weak",0.3,0,NA,"LASSO",0,0,200,58
"scenarioA","X_22","strong",0.6,0,NA,"LASSO",-0.0739034264952615,-0.0739034264952615,200,58
"scenarioA","X_23","strong",0.6,0,NA,"LASSO",0,0,200,58
"scenarioA","X_24","strong",0.6,0,NA,"LASSO",0,0,200,58
"scenarioA","X_25","strong",0.6,0,NA,"LASSO",0,0,200,58
"scenarioA","X_1","strong",0.6,0.4,0.417077146257389,"SSL",0,-0.4,200,59
"scenarioA","X_2","strong",0.6,-0.5,-0.363823701346535,"SSL",0,0.5,200,59
"scenarioA","X_3","weak",0.3,0.6,0.632806738904439,"SSL",0.54925322628405,-0.0507467737159504,200,59
"scenarioA","X_4","weak",0.3,0.75,0.704721988629526,"SSL",0.638812762651988,-0.111187237348012,200,59
"scenarioA","X_5","indep",0,-0.8,-0.929594197460958,"SSL",-0.853695323649059,-0.0536953236490592,200,59
"scenarioA","X_6","indep",0,0,NA,"SSL",0,0,200,59
"scenarioA","X_7","indep",0,0,NA,"SSL",0,0,200,59
"scenarioA","X_8","indep",0,0,NA,"SSL",0,0,200,59
"scenarioA","X_9","indep",0,0,NA,"SSL",0,0,200,59
"scenarioA","X_10","indep",0,0,NA,"SSL",0,0,200,59
"scenarioA","X_11","indep",0,0,NA,"SSL",0,0,200,59
"scenarioA","X_12","indep",0,0,NA,"SSL",0,0,200,59
"scenarioA","X_13","indep",0,0,NA,"SSL",0,0,200,59
"scenarioA","X_14","indep",0,0,NA,"SSL",0,0,200,59
"scenarioA","X_15","indep",0,0,NA,"SSL",0,0,200,59
"scenarioA","X_16","indep",0,0,NA,"SSL",0,0,200,59
"scenarioA","X_17","indep",0,0,NA,"SSL",0,0,200,59
"scenarioA","X_18","weak",0.3,0,NA,"SSL",0,0,200,59
"scenarioA","X_19","weak",0.3,0,NA,"SSL",0,0,200,59
"scenarioA","X_20","weak",0.3,0,NA,"SSL",0,0,200,59
"scenarioA","X_21","weak",0.3,0,NA,"SSL",0,0,200,59
"scenarioA","X_22","strong",0.6,0,NA,"SSL",0,0,200,59
"scenarioA","X_23","strong",0.6,0,NA,"SSL",0,0,200,59
"scenarioA","X_24","strong",0.6,0,NA,"SSL",0,0,200,59
"scenarioA","X_25","strong",0.6,0,NA,"SSL",0,0,200,59
"scenarioA","X_1","strong",0.6,0.4,0.417077146257389,"LASSO",0.0569008477517256,-0.343099152248274,200,59
"scenarioA","X_2","strong",0.6,-0.5,-0.363823701346535,"LASSO",0,0.5,200,59
"scenarioA","X_3","weak",0.3,0.6,0.632806738904439,"LASSO",0.425939245627643,-0.174060754372357,200,59
"scenarioA","X_4","weak",0.3,0.75,0.704721988629526,"LASSO",0.50849992675659,-0.24150007324341,200,59
"scenarioA","X_5","indep",0,-0.8,-0.929594197460958,"LASSO",-0.694960912981862,0.105039087018138,200,59
"scenarioA","X_6","indep",0,0,NA,"LASSO",0,0,200,59
"scenarioA","X_7","indep",0,0,NA,"LASSO",0,0,200,59
"scenarioA","X_8","indep",0,0,NA,"LASSO",0,0,200,59
"scenarioA","X_9","indep",0,0,NA,"LASSO",0,0,200,59
"scenarioA","X_10","indep",0,0,NA,"LASSO",0,0,200,59
"scenarioA","X_11","indep",0,0,NA,"LASSO",0,0,200,59
"scenarioA","X_12","indep",0,0,NA,"LASSO",0.0335365996801389,0.0335365996801389,200,59
"scenarioA","X_13","indep",0,0,NA,"LASSO",0,0,200,59
"scenarioA","X_14","indep",0,0,NA,"LASSO",0,0,200,59
"scenarioA","X_15","indep",0,0,NA,"LASSO",0,0,200,59
"scenarioA","X_16","indep",0,0,NA,"LASSO",0,0,200,59
"scenarioA","X_17","indep",0,0,NA,"LASSO",0,0,200,59
"scenarioA","X_18","weak",0.3,0,NA,"LASSO",0,0,200,59
"scenarioA","X_19","weak",0.3,0,NA,"LASSO",0,0,200,59
"scenarioA","X_20","weak",0.3,0,NA,"LASSO",0,0,200,59
"scenarioA","X_21","weak",0.3,0,NA,"LASSO",0,0,200,59
"scenarioA","X_22","strong",0.6,0,NA,"LASSO",0,0,200,59
"scenarioA","X_23","strong",0.6,0,NA,"LASSO",0,0,200,59
"scenarioA","X_24","strong",0.6,0,NA,"LASSO",0,0,200,59
"scenarioA","X_25","strong",0.6,0,NA,"LASSO",0,0,200,59
"scenarioA","X_1","strong",0.6,0.4,0.434699336262623,"SSL",0.466177890550861,0.0661778905508605,200,60
"scenarioA","X_2","strong",0.6,-0.5,-0.553206817091161,"SSL",-0.527831870212225,-0.0278318702122252,200,60
"scenarioA","X_3","weak",0.3,0.6,0.576690324538023,"SSL",0.633298623132745,0.0332986231327452,200,60
"scenarioA","X_4","weak",0.3,0.75,0.721177340571979,"SSL",0.699859137415028,-0.0501408625849722,200,60
"scenarioA","X_5","indep",0,-0.8,-0.67043909701731,"SSL",-0.661431293635241,0.138568706364759,200,60
"scenarioA","X_6","indep",0,0,NA,"SSL",-0.234846106743425,-0.234846106743425,200,60
"scenarioA","X_7","indep",0,0,NA,"SSL",-0.393524028983317,-0.393524028983317,200,60
"scenarioA","X_8","indep",0,0,NA,"SSL",0,0,200,60
"scenarioA","X_9","indep",0,0,NA,"SSL",0,0,200,60
"scenarioA","X_10","indep",0,0,NA,"SSL",0,0,200,60
"scenarioA","X_11","indep",0,0,NA,"SSL",0,0,200,60
"scenarioA","X_12","indep",0,0,NA,"SSL",0,0,200,60
"scenarioA","X_13","indep",0,0,NA,"SSL",0.0454111646761474,0.0454111646761474,200,60
"scenarioA","X_14","indep",0,0,NA,"SSL",0,0,200,60
"scenarioA","X_15","indep",0,0,NA,"SSL",-0.0848145469197036,-0.0848145469197036,200,60
"scenarioA","X_16","indep",0,0,NA,"SSL",0,0,200,60
"scenarioA","X_17","indep",0,0,NA,"SSL",0,0,200,60
"scenarioA","X_18","weak",0.3,0,NA,"SSL",0,0,200,60
"scenarioA","X_19","weak",0.3,0,NA,"SSL",0.102018674406131,0.102018674406131,200,60
"scenarioA","X_20","weak",0.3,0,NA,"SSL",0,0,200,60
"scenarioA","X_21","weak",0.3,0,NA,"SSL",0,0,200,60
"scenarioA","X_22","strong",0.6,0,NA,"SSL",0,0,200,60
"scenarioA","X_23","strong",0.6,0,NA,"SSL",0,0,200,60
"scenarioA","X_24","strong",0.6,0,NA,"SSL",0,0,200,60
"scenarioA","X_25","strong",0.6,0,NA,"SSL",0,0,200,60
"scenarioA","X_1","strong",0.6,0.4,0.434699336262623,"LASSO",0.174336982596648,-0.225663017403352,200,60
"scenarioA","X_2","strong",0.6,-0.5,-0.553206817091161,"LASSO",-0.236391388494296,0.263608611505704,200,60
"scenarioA","X_3","weak",0.3,0.6,0.576690324538023,"LASSO",0.520430107401408,-0.0795698925985923,200,60
"scenarioA","X_4","weak",0.3,0.75,0.721177340571979,"LASSO",0.534593095897696,-0.215406904102304,200,60
"scenarioA","X_5","indep",0,-0.8,-0.67043909701731,"LASSO",-0.466264210267602,0.333735789732398,200,60
"scenarioA","X_6","indep",0,0,NA,"LASSO",-0.112350347128974,-0.112350347128974,200,60
"scenarioA","X_7","indep",0,0,NA,"LASSO",-0.220215762534186,-0.220215762534186,200,60
"scenarioA","X_8","indep",0,0,NA,"LASSO",0,0,200,60
"scenarioA","X_9","indep",0,0,NA,"LASSO",0,0,200,60
"scenarioA","X_10","indep",0,0,NA,"LASSO",0,0,200,60
"scenarioA","X_11","indep",0,0,NA,"LASSO",0,0,200,60
"scenarioA","X_12","indep",0,0,NA,"LASSO",0,0,200,60
"scenarioA","X_13","indep",0,0,NA,"LASSO",0,0,200,60
"scenarioA","X_14","indep",0,0,NA,"LASSO",0,0,200,60
"scenarioA","X_15","indep",0,0,NA,"LASSO",-0.0283525856213997,-0.0283525856213997,200,60
"scenarioA","X_16","indep",0,0,NA,"LASSO",0,0,200,60
"scenarioA","X_17","indep",0,0,NA,"LASSO",0,0,200,60
"scenarioA","X_18","weak",0.3,0,NA,"LASSO",0,0,200,60
"scenarioA","X_19","weak",0.3,0,NA,"LASSO",0,0,200,60
"scenarioA","X_20","weak",0.3,0,NA,"LASSO",0,0,200,60
"scenarioA","X_21","weak",0.3,0,NA,"LASSO",0,0,200,60
"scenarioA","X_22","strong",0.6,0,NA,"LASSO",0,0,200,60
"scenarioA","X_23","strong",0.6,0,NA,"LASSO",0,0,200,60
"scenarioA","X_24","strong",0.6,0,NA,"LASSO",0,0,200,60
"scenarioA","X_25","strong",0.6,0,NA,"LASSO",0,0,200,60
"scenarioA","X_1","strong",0.6,0.4,0.192829962929636,"SSL",0,-0.4,200,61
"scenarioA","X_2","strong",0.6,-0.5,-0.422194766568328,"SSL",0,0.5,200,61
"scenarioA","X_3","weak",0.3,0.6,0.685233135499853,"SSL",0.586652475994214,-0.0133475240057859,200,61
"scenarioA","X_4","weak",0.3,0.75,0.705194803577307,"SSL",0.597504871821772,-0.152495128178228,200,61
"scenarioA","X_5","indep",0,-0.8,-0.74340681915693,"SSL",-0.715423886304253,0.0845761136957466,200,61
"scenarioA","X_6","indep",0,0,NA,"SSL",0,0,200,61
"scenarioA","X_7","indep",0,0,NA,"SSL",0,0,200,61
"scenarioA","X_8","indep",0,0,NA,"SSL",0,0,200,61
"scenarioA","X_9","indep",0,0,NA,"SSL",0,0,200,61
"scenarioA","X_10","indep",0,0,NA,"SSL",0,0,200,61
"scenarioA","X_11","indep",0,0,NA,"SSL",0,0,200,61
"scenarioA","X_12","indep",0,0,NA,"SSL",0,0,200,61
"scenarioA","X_13","indep",0,0,NA,"SSL",0,0,200,61
"scenarioA","X_14","indep",0,0,NA,"SSL",0,0,200,61
"scenarioA","X_15","indep",0,0,NA,"SSL",0,0,200,61
"scenarioA","X_16","indep",0,0,NA,"SSL",0,0,200,61
"scenarioA","X_17","indep",0,0,NA,"SSL",0,0,200,61
"scenarioA","X_18","weak",0.3,0,NA,"SSL",0,0,200,61
"scenarioA","X_19","weak",0.3,0,NA,"SSL",0,0,200,61
"scenarioA","X_20","weak",0.3,0,NA,"SSL",0,0,200,61
"scenarioA","X_21","weak",0.3,0,NA,"SSL",0,0,200,61
"scenarioA","X_22","strong",0.6,0,NA,"SSL",0,0,200,61
"scenarioA","X_23","strong",0.6,0,NA,"SSL",0,0,200,61
"scenarioA","X_24","strong",0.6,0,NA,"SSL",0,0,200,61
"scenarioA","X_25","strong",0.6,0,NA,"SSL",0,0,200,61
"scenarioA","X_1","strong",0.6,0.4,0.192829962929636,"LASSO",0,-0.4,200,61
"scenarioA","X_2","strong",0.6,-0.5,-0.422194766568328,"LASSO",-0.158123616029024,0.341876383970976,200,61
"scenarioA","X_3","weak",0.3,0.6,0.685233135499853,"LASSO",0.484943371015687,-0.115056628984313,200,61
"scenarioA","X_4","weak",0.3,0.75,0.705194803577307,"LASSO",0.501913760037727,-0.248086239962273,200,61
"scenarioA","X_5","indep",0,-0.8,-0.74340681915693,"LASSO",-0.553779438367552,0.246220561632448,200,61
"scenarioA","X_6","indep",0,0,NA,"LASSO",0,0,200,61
"scenarioA","X_7","indep",0,0,NA,"LASSO",0,0,200,61
"scenarioA","X_8","indep",0,0,NA,"LASSO",0,0,200,61
"scenarioA","X_9","indep",0,0,NA,"LASSO",0,0,200,61
"scenarioA","X_10","indep",0,0,NA,"LASSO",0,0,200,61
"scenarioA","X_11","indep",0,0,NA,"LASSO",0,0,200,61
"scenarioA","X_12","indep",0,0,NA,"LASSO",0,0,200,61
"scenarioA","X_13","indep",0,0,NA,"LASSO",0,0,200,61
"scenarioA","X_14","indep",0,0,NA,"LASSO",0,0,200,61
"scenarioA","X_15","indep",0,0,NA,"LASSO",0,0,200,61
"scenarioA","X_16","indep",0,0,NA,"LASSO",0,0,200,61
"scenarioA","X_17","indep",0,0,NA,"LASSO",0,0,200,61
"scenarioA","X_18","weak",0.3,0,NA,"LASSO",0,0,200,61
"scenarioA","X_19","weak",0.3,0,NA,"LASSO",0,0,200,61
"scenarioA","X_20","weak",0.3,0,NA,"LASSO",0.0605484287333735,0.0605484287333735,200,61
"scenarioA","X_21","weak",0.3,0,NA,"LASSO",0,0,200,61
"scenarioA","X_22","strong",0.6,0,NA,"LASSO",0,0,200,61
"scenarioA","X_23","strong",0.6,0,NA,"LASSO",0,0,200,61
"scenarioA","X_24","strong",0.6,0,NA,"LASSO",0,0,200,61
"scenarioA","X_25","strong",0.6,0,NA,"LASSO",0,0,200,61
"scenarioA","X_1","strong",0.6,0.4,0.258272210975721,"SSL",0,-0.4,200,62
"scenarioA","X_2","strong",0.6,-0.5,-0.341559935456961,"SSL",-0.28388317310376,0.21611682689624,200,62
"scenarioA","X_3","weak",0.3,0.6,0.595842881074683,"SSL",0.627693459917708,0.0276934599177076,200,62
"scenarioA","X_4","weak",0.3,0.75,0.715364240330565,"SSL",0.772222176242735,0.0222221762427355,200,62
"scenarioA","X_5","indep",0,-0.8,-0.943884382958385,"SSL",-0.981122087068503,-0.181122087068503,200,62
"scenarioA","X_6","indep",0,0,NA,"SSL",0.182447018475222,0.182447018475222,200,62
"scenarioA","X_7","indep",0,0,NA,"SSL",0.112447789494568,0.112447789494568,200,62
"scenarioA","X_8","indep",0,0,NA,"SSL",0,0,200,62
"scenarioA","X_9","indep",0,0,NA,"SSL",0,0,200,62
"scenarioA","X_10","indep",0,0,NA,"SSL",0,0,200,62
"scenarioA","X_11","indep",0,0,NA,"SSL",0,0,200,62
"scenarioA","X_12","indep",0,0,NA,"SSL",-0.154349985442528,-0.154349985442528,200,62
"scenarioA","X_13","indep",0,0,NA,"SSL",-0.0670250729101351,-0.0670250729101351,200,62
"scenarioA","X_14","indep",0,0,NA,"SSL",0,0,200,62
"scenarioA","X_15","indep",0,0,NA,"SSL",0,0,200,62
"scenarioA","X_16","indep",0,0,NA,"SSL",0.169233385176499,0.169233385176499,200,62
"scenarioA","X_17","indep",0,0,NA,"SSL",-0.09429441279047,-0.09429441279047,200,62
"scenarioA","X_18","weak",0.3,0,NA,"SSL",0,0,200,62
"scenarioA","X_19","weak",0.3,0,NA,"SSL",0,0,200,62
"scenarioA","X_20","weak",0.3,0,NA,"SSL",0.0529253591193349,0.0529253591193349,200,62
"scenarioA","X_21","weak",0.3,0,NA,"SSL",-0.2393501087892,-0.2393501087892,200,62
"scenarioA","X_22","strong",0.6,0,NA,"SSL",0.152800823289576,0.152800823289576,200,62
"scenarioA","X_23","strong",0.6,0,NA,"SSL",0,0,200,62
"scenarioA","X_24","strong",0.6,0,NA,"SSL",0.0499476440567127,0.0499476440567127,200,62
"scenarioA","X_25","strong",0.6,0,NA,"SSL",0,0,200,62
"scenarioA","X_1","strong",0.6,0.4,0.258272210975721,"LASSO",0,-0.4,200,62
"scenarioA","X_2","strong",0.6,-0.5,-0.341559935456961,"LASSO",0,0.5,200,62
"scenarioA","X_3","weak",0.3,0.6,0.595842881074683,"LASSO",0.279416632282255,-0.320583367717745,200,62
"scenarioA","X_4","weak",0.3,0.75,0.715364240330565,"LASSO",0.461963196547129,-0.288036803452871,200,62
"scenarioA","X_5","indep",0,-0.8,-0.943884382958385,"LASSO",-0.576921255692042,0.223078744307958,200,62
"scenarioA","X_6","indep",0,0,NA,"LASSO",0,0,200,62
"scenarioA","X_7","indep",0,0,NA,"LASSO",0,0,200,62
"scenarioA","X_8","indep",0,0,NA,"LASSO",0,0,200,62
"scenarioA","X_9","indep",0,0,NA,"LASSO",0,0,200,62
"scenarioA","X_10","indep",0,0,NA,"LASSO",0,0,200,62
"scenarioA","X_11","indep",0,0,NA,"LASSO",0,0,200,62
"scenarioA","X_12","indep",0,0,NA,"LASSO",0,0,200,62
"scenarioA","X_13","indep",0,0,NA,"LASSO",0,0,200,62
"scenarioA","X_14","indep",0,0,NA,"LASSO",0,0,200,62
"scenarioA","X_15","indep",0,0,NA,"LASSO",0,0,200,62
"scenarioA","X_16","indep",0,0,NA,"LASSO",0,0,200,62
"scenarioA","X_17","indep",0,0,NA,"LASSO",0,0,200,62
"scenarioA","X_18","weak",0.3,0,NA,"LASSO",0,0,200,62
"scenarioA","X_19","weak",0.3,0,NA,"LASSO",0,0,200,62
"scenarioA","X_20","weak",0.3,0,NA,"LASSO",0,0,200,62
"scenarioA","X_21","weak",0.3,0,NA,"LASSO",0,0,200,62
"scenarioA","X_22","strong",0.6,0,NA,"LASSO",0,0,200,62
"scenarioA","X_23","strong",0.6,0,NA,"LASSO",0,0,200,62
"scenarioA","X_24","strong",0.6,0,NA,"LASSO",0,0,200,62
"scenarioA","X_25","strong",0.6,0,NA,"LASSO",0,0,200,62
"scenarioA","X_1","strong",0.6,0.4,0.467443944052153,"SSL",0.275661292361119,-0.124338707638881,200,63
"scenarioA","X_2","strong",0.6,-0.5,-0.61904144902347,"SSL",-0.429311724244266,0.0706882757557338,200,63
"scenarioA","X_3","weak",0.3,0.6,0.461587357686324,"SSL",0.364780569640319,-0.235219430359681,200,63
"scenarioA","X_4","weak",0.3,0.75,0.706996360680786,"SSL",0.644219591613916,-0.105780408386084,200,63
"scenarioA","X_5","indep",0,-0.8,-0.84001984982952,"SSL",-0.724409987947013,0.075590012052987,200,63
"scenarioA","X_6","indep",0,0,NA,"SSL",0,0,200,63
"scenarioA","X_7","indep",0,0,NA,"SSL",-0.17119876483205,-0.17119876483205,200,63
"scenarioA","X_8","indep",0,0,NA,"SSL",0,0,200,63
"scenarioA","X_9","indep",0,0,NA,"SSL",0,0,200,63
"scenarioA","X_10","indep",0,0,NA,"SSL",0,0,200,63
"scenarioA","X_11","indep",0,0,NA,"SSL",0,0,200,63
"scenarioA","X_12","indep",0,0,NA,"SSL",0,0,200,63
"scenarioA","X_13","indep",0,0,NA,"SSL",0,0,200,63
"scenarioA","X_14","indep",0,0,NA,"SSL",0,0,200,63
"scenarioA","X_15","indep",0,0,NA,"SSL",-0.103355595885094,-0.103355595885094,200,63
"scenarioA","X_16","indep",0,0,NA,"SSL",0,0,200,63
"scenarioA","X_17","indep",0,0,NA,"SSL",0,0,200,63
"scenarioA","X_18","weak",0.3,0,NA,"SSL",0,0,200,63
"scenarioA","X_19","weak",0.3,0,NA,"SSL",0,0,200,63
"scenarioA","X_20","weak",0.3,0,NA,"SSL",0,0,200,63
"scenarioA","X_21","weak",0.3,0,NA,"SSL",0,0,200,63
"scenarioA","X_22","strong",0.6,0,NA,"SSL",0,0,200,63
"scenarioA","X_23","strong",0.6,0,NA,"SSL",0,0,200,63
"scenarioA","X_24","strong",0.6,0,NA,"SSL",0,0,200,63
"scenarioA","X_25","strong",0.6,0,NA,"SSL",0,0,200,63
"scenarioA","X_1","strong",0.6,0.4,0.467443944052153,"LASSO",0.152584342040113,-0.247415657959887,200,63
"scenarioA","X_2","strong",0.6,-0.5,-0.61904144902347,"LASSO",-0.302312323667825,0.197687676332175,200,63
"scenarioA","X_3","weak",0.3,0.6,0.461587357686324,"LASSO",0.317507974003401,-0.282492025996599,200,63
"scenarioA","X_4","weak",0.3,0.75,0.706996360680786,"LASSO",0.589909672100157,-0.160090327899843,200,63
"scenarioA","X_5","indep",0,-0.8,-0.84001984982952,"LASSO",-0.663482413023062,0.136517586976938,200,63
"scenarioA","X_6","indep",0,0,NA,"LASSO",0,0,200,63
"scenarioA","X_7","indep",0,0,NA,"LASSO",-0.134606297578828,-0.134606297578828,200,63
"scenarioA","X_8","indep",0,0,NA,"LASSO",0,0,200,63
"scenarioA","X_9","indep",0,0,NA,"LASSO",0,0,200,63
"scenarioA","X_10","indep",0,0,NA,"LASSO",0,0,200,63
"scenarioA","X_11","indep",0,0,NA,"LASSO",0,0,200,63
"scenarioA","X_12","indep",0,0,NA,"LASSO",0,0,200,63
"scenarioA","X_13","indep",0,0,NA,"LASSO",0,0,200,63
"scenarioA","X_14","indep",0,0,NA,"LASSO",0,0,200,63
"scenarioA","X_15","indep",0,0,NA,"LASSO",-0.0735729183517229,-0.0735729183517229,200,63
"scenarioA","X_16","indep",0,0,NA,"LASSO",0,0,200,63
"scenarioA","X_17","indep",0,0,NA,"LASSO",0,0,200,63
"scenarioA","X_18","weak",0.3,0,NA,"LASSO",0,0,200,63
"scenarioA","X_19","weak",0.3,0,NA,"LASSO",0,0,200,63
"scenarioA","X_20","weak",0.3,0,NA,"LASSO",0,0,200,63
"scenarioA","X_21","weak",0.3,0,NA,"LASSO",0,0,200,63
"scenarioA","X_22","strong",0.6,0,NA,"LASSO",0,0,200,63
"scenarioA","X_23","strong",0.6,0,NA,"LASSO",0,0,200,63
"scenarioA","X_24","strong",0.6,0,NA,"LASSO",0,0,200,63
"scenarioA","X_25","strong",0.6,0,NA,"LASSO",0,0,200,63
"scenarioA","X_1","strong",0.6,0.4,0.350182949723049,"SSL",0,-0.4,200,64
"scenarioA","X_2","strong",0.6,-0.5,-0.459508435241077,"SSL",0,0.5,200,64
"scenarioA","X_3","weak",0.3,0.6,0.645105124701421,"SSL",0.56248492486026,-0.0375150751397397,200,64
"scenarioA","X_4","weak",0.3,0.75,0.902249921912286,"SSL",0.746321244525622,-0.00367875547437801,200,64
"scenarioA","X_5","indep",0,-0.8,-0.835412609676395,"SSL",-0.711837787190912,0.0881622128090882,200,64
"scenarioA","X_6","indep",0,0,NA,"SSL",0,0,200,64
"scenarioA","X_7","indep",0,0,NA,"SSL",0,0,200,64
"scenarioA","X_8","indep",0,0,NA,"SSL",0,0,200,64
"scenarioA","X_9","indep",0,0,NA,"SSL",0,0,200,64
"scenarioA","X_10","indep",0,0,NA,"SSL",0,0,200,64
"scenarioA","X_11","indep",0,0,NA,"SSL",0,0,200,64
"scenarioA","X_12","indep",0,0,NA,"SSL",0,0,200,64
"scenarioA","X_13","indep",0,0,NA,"SSL",0,0,200,64
"scenarioA","X_14","indep",0,0,NA,"SSL",0,0,200,64
"scenarioA","X_15","indep",0,0,NA,"SSL",0,0,200,64
"scenarioA","X_16","indep",0,0,NA,"SSL",0,0,200,64
"scenarioA","X_17","indep",0,0,NA,"SSL",0,0,200,64
"scenarioA","X_18","weak",0.3,0,NA,"SSL",0,0,200,64
"scenarioA","X_19","weak",0.3,0,NA,"SSL",0,0,200,64
"scenarioA","X_20","weak",0.3,0,NA,"SSL",0,0,200,64
"scenarioA","X_21","weak",0.3,0,NA,"SSL",0,0,200,64
"scenarioA","X_22","strong",0.6,0,NA,"SSL",0,0,200,64
"scenarioA","X_23","strong",0.6,0,NA,"SSL",0,0,200,64
"scenarioA","X_24","strong",0.6,0,NA,"SSL",0,0,200,64
"scenarioA","X_25","strong",0.6,0,NA,"SSL",0,0,200,64
"scenarioA","X_1","strong",0.6,0.4,0.350182949723049,"LASSO",0,-0.4,200,64
"scenarioA","X_2","strong",0.6,-0.5,-0.459508435241077,"LASSO",0,0.5,200,64
"scenarioA","X_3","weak",0.3,0.6,0.645105124701421,"LASSO",0.459662606653922,-0.140337393346078,200,64
"scenarioA","X_4","weak",0.3,0.75,0.902249921912286,"LASSO",0.636142963219232,-0.113857036780768,200,64
"scenarioA","X_5","indep",0,-0.8,-0.835412609676395,"LASSO",-0.575737440798742,0.224262559201258,200,64
"scenarioA","X_6","indep",0,0,NA,"LASSO",0,0,200,64
"scenarioA","X_7","indep",0,0,NA,"LASSO",0,0,200,64
"scenarioA","X_8","indep",0,0,NA,"LASSO",0,0,200,64
"scenarioA","X_9","indep",0,0,NA,"LASSO",0,0,200,64
"scenarioA","X_10","indep",0,0,NA,"LASSO",0,0,200,64
"scenarioA","X_11","indep",0,0,NA,"LASSO",0,0,200,64
"scenarioA","X_12","indep",0,0,NA,"LASSO",0,0,200,64
"scenarioA","X_13","indep",0,0,NA,"LASSO",0,0,200,64
"scenarioA","X_14","indep",0,0,NA,"LASSO",0,0,200,64
"scenarioA","X_15","indep",0,0,NA,"LASSO",0,0,200,64
"scenarioA","X_16","indep",0,0,NA,"LASSO",0,0,200,64
"scenarioA","X_17","indep",0,0,NA,"LASSO",0,0,200,64
"scenarioA","X_18","weak",0.3,0,NA,"LASSO",0.0257862929706115,0.0257862929706115,200,64
"scenarioA","X_19","weak",0.3,0,NA,"LASSO",0,0,200,64
"scenarioA","X_20","weak",0.3,0,NA,"LASSO",0,0,200,64
"scenarioA","X_21","weak",0.3,0,NA,"LASSO",0,0,200,64
"scenarioA","X_22","strong",0.6,0,NA,"LASSO",-0.0909404071316849,-0.0909404071316849,200,64
"scenarioA","X_23","strong",0.6,0,NA,"LASSO",0,0,200,64
"scenarioA","X_24","strong",0.6,0,NA,"LASSO",0,0,200,64
"scenarioA","X_25","strong",0.6,0,NA,"LASSO",0,0,200,64
"scenarioA","X_1","strong",0.6,0.4,0.460181609123881,"SSL",0.315541453784873,-0.0844585462151266,200,65
"scenarioA","X_2","strong",0.6,-0.5,-0.569832231907136,"SSL",-0.432395551286134,0.0676044487138664,200,65
"scenarioA","X_3","weak",0.3,0.6,0.71707446963722,"SSL",0.587312054499542,-0.0126879455004576,200,65
"scenarioA","X_4","weak",0.3,0.75,0.636122108692298,"SSL",0.531631940847016,-0.218368059152984,200,65
"scenarioA","X_5","indep",0,-0.8,-0.949691177700881,"SSL",-0.816320547867279,-0.016320547867279,200,65
"scenarioA","X_6","indep",0,0,NA,"SSL",0,0,200,65
"scenarioA","X_7","indep",0,0,NA,"SSL",0,0,200,65
"scenarioA","X_8","indep",0,0,NA,"SSL",0,0,200,65
"scenarioA","X_9","indep",0,0,NA,"SSL",0,0,200,65
"scenarioA","X_10","indep",0,0,NA,"SSL",0,0,200,65
"scenarioA","X_11","indep",0,0,NA,"SSL",0,0,200,65
"scenarioA","X_12","indep",0,0,NA,"SSL",0,0,200,65
"scenarioA","X_13","indep",0,0,NA,"SSL",-0.107169332874088,-0.107169332874088,200,65
"scenarioA","X_14","indep",0,0,NA,"SSL",0,0,200,65
"scenarioA","X_15","indep",0,0,NA,"SSL",0,0,200,65
"scenarioA","X_16","indep",0,0,NA,"SSL",0,0,200,65
"scenarioA","X_17","indep",0,0,NA,"SSL",0,0,200,65
"scenarioA","X_18","weak",0.3,0,NA,"SSL",0.185701814358747,0.185701814358747,200,65
"scenarioA","X_19","weak",0.3,0,NA,"SSL",0,0,200,65
"scenarioA","X_20","weak",0.3,0,NA,"SSL",0,0,200,65
"scenarioA","X_21","weak",0.3,0,NA,"SSL",0,0,200,65
"scenarioA","X_22","strong",0.6,0,NA,"SSL",0,0,200,65
"scenarioA","X_23","strong",0.6,0,NA,"SSL",0,0,200,65
"scenarioA","X_24","strong",0.6,0,NA,"SSL",0,0,200,65
"scenarioA","X_25","strong",0.6,0,NA,"SSL",0,0,200,65
"scenarioA","X_1","strong",0.6,0.4,0.460181609123881,"LASSO",0.182352078844212,-0.217647921155788,200,65
"scenarioA","X_2","strong",0.6,-0.5,-0.569832231907136,"LASSO",-0.310461997824192,0.189538002175808,200,65
"scenarioA","X_3","weak",0.3,0.6,0.71707446963722,"LASSO",0.540332949719589,-0.0596670502804106,200,65
"scenarioA","X_4","weak",0.3,0.75,0.636122108692298,"LASSO",0.489738847468873,-0.260261152531127,200,65
"scenarioA","X_5","indep",0,-0.8,-0.949691177700881,"LASSO",-0.74911582812795,0.0508841718720504,200,65
"scenarioA","X_6","indep",0,0,NA,"LASSO",0,0,200,65
"scenarioA","X_7","indep",0,0,NA,"LASSO",0,0,200,65
"scenarioA","X_8","indep",0,0,NA,"LASSO",0,0,200,65
"scenarioA","X_9","indep",0,0,NA,"LASSO",0,0,200,65
"scenarioA","X_10","indep",0,0,NA,"LASSO",0,0,200,65
"scenarioA","X_11","indep",0,0,NA,"LASSO",-0.0295230724346881,-0.0295230724346881,200,65
"scenarioA","X_12","indep",0,0,NA,"LASSO",0,0,200,65
"scenarioA","X_13","indep",0,0,NA,"LASSO",-0.0586670319597855,-0.0586670319597855,200,65
"scenarioA","X_14","indep",0,0,NA,"LASSO",0,0,200,65
"scenarioA","X_15","indep",0,0,NA,"LASSO",0,0,200,65
"scenarioA","X_16","indep",0,0,NA,"LASSO",0,0,200,65
"scenarioA","X_17","indep",0,0,NA,"LASSO",0,0,200,65
"scenarioA","X_18","weak",0.3,0,NA,"LASSO",0.153682878914047,0.153682878914047,200,65
"scenarioA","X_19","weak",0.3,0,NA,"LASSO",0,0,200,65
"scenarioA","X_20","weak",0.3,0,NA,"LASSO",0,0,200,65
"scenarioA","X_21","weak",0.3,0,NA,"LASSO",0,0,200,65
"scenarioA","X_22","strong",0.6,0,NA,"LASSO",0,0,200,65
"scenarioA","X_23","strong",0.6,0,NA,"LASSO",0,0,200,65
"scenarioA","X_24","strong",0.6,0,NA,"LASSO",0,0,200,65
"scenarioA","X_25","strong",0.6,0,NA,"LASSO",0,0,200,65
"scenarioA","X_1","strong",0.6,0.4,0.472370806178675,"SSL",0,-0.4,200,66
"scenarioA","X_2","strong",0.6,-0.5,-0.532264477669939,"SSL",0,0.5,200,66
"scenarioA","X_3","weak",0.3,0.6,0.663081116768446,"SSL",0.642316566891203,0.0423165668912027,200,66
"scenarioA","X_4","weak",0.3,0.75,0.729066224931742,"SSL",0.579458824207894,-0.170541175792106,200,66
"scenarioA","X_5","indep",0,-0.8,-0.797616301630301,"SSL",-0.639012489134615,0.160987510865385,200,66
"scenarioA","X_6","indep",0,0,NA,"SSL",0,0,200,66
"scenarioA","X_7","indep",0,0,NA,"SSL",0,0,200,66
"scenarioA","X_8","indep",0,0,NA,"SSL",0,0,200,66
"scenarioA","X_9","indep",0,0,NA,"SSL",0,0,200,66
"scenarioA","X_10","indep",0,0,NA,"SSL",0,0,200,66
"scenarioA","X_11","indep",0,0,NA,"SSL",0,0,200,66
"scenarioA","X_12","indep",0,0,NA,"SSL",0,0,200,66
"scenarioA","X_13","indep",0,0,NA,"SSL",0,0,200,66
"scenarioA","X_14","indep",0,0,NA,"SSL",0,0,200,66
"scenarioA","X_15","indep",0,0,NA,"SSL",0,0,200,66
"scenarioA","X_16","indep",0,0,NA,"SSL",0,0,200,66
"scenarioA","X_17","indep",0,0,NA,"SSL",0,0,200,66
"scenarioA","X_18","weak",0.3,0,NA,"SSL",0,0,200,66
"scenarioA","X_19","weak",0.3,0,NA,"SSL",0,0,200,66
"scenarioA","X_20","weak",0.3,0,NA,"SSL",0,0,200,66
"scenarioA","X_21","weak",0.3,0,NA,"SSL",0,0,200,66
"scenarioA","X_22","strong",0.6,0,NA,"SSL",0,0,200,66
"scenarioA","X_23","strong",0.6,0,NA,"SSL",0,0,200,66
"scenarioA","X_24","strong",0.6,0,NA,"SSL",0,0,200,66
"scenarioA","X_25","strong",0.6,0,NA,"SSL",0,0,200,66
"scenarioA","X_1","strong",0.6,0.4,0.472370806178675,"LASSO",0,-0.4,200,66
"scenarioA","X_2","strong",0.6,-0.5,-0.532264477669939,"LASSO",-0.0302702823951022,0.469729717604898,200,66
"scenarioA","X_3","weak",0.3,0.6,0.663081116768446,"LASSO",0.500465246522866,-0.099534753477134,200,66
"scenarioA","X_4","weak",0.3,0.75,0.729066224931742,"LASSO",0.431481353552899,-0.318518646447101,200,66
"scenarioA","X_5","indep",0,-0.8,-0.797616301630301,"LASSO",-0.434690487737669,0.365309512262331,200,66
"scenarioA","X_6","indep",0,0,NA,"LASSO",0,0,200,66
"scenarioA","X_7","indep",0,0,NA,"LASSO",0,0,200,66
"scenarioA","X_8","indep",0,0,NA,"LASSO",0,0,200,66
"scenarioA","X_9","indep",0,0,NA,"LASSO",0,0,200,66
"scenarioA","X_10","indep",0,0,NA,"LASSO",0.04455625696424,0.04455625696424,200,66
"scenarioA","X_11","indep",0,0,NA,"LASSO",0,0,200,66
"scenarioA","X_12","indep",0,0,NA,"LASSO",0,0,200,66
"scenarioA","X_13","indep",0,0,NA,"LASSO",0,0,200,66
"scenarioA","X_14","indep",0,0,NA,"LASSO",0,0,200,66
"scenarioA","X_15","indep",0,0,NA,"LASSO",0,0,200,66
"scenarioA","X_16","indep",0,0,NA,"LASSO",0,0,200,66
"scenarioA","X_17","indep",0,0,NA,"LASSO",0,0,200,66
"scenarioA","X_18","weak",0.3,0,NA,"LASSO",0,0,200,66
"scenarioA","X_19","weak",0.3,0,NA,"LASSO",0,0,200,66
"scenarioA","X_20","weak",0.3,0,NA,"LASSO",0,0,200,66
"scenarioA","X_21","weak",0.3,0,NA,"LASSO",0,0,200,66
"scenarioA","X_22","strong",0.6,0,NA,"LASSO",0,0,200,66
"scenarioA","X_23","strong",0.6,0,NA,"LASSO",0,0,200,66
"scenarioA","X_24","strong",0.6,0,NA,"LASSO",0,0,200,66
"scenarioA","X_25","strong",0.6,0,NA,"LASSO",0,0,200,66
"scenarioA","X_1","strong",0.6,0.4,0.380740290047639,"SSL",0.269875806199995,-0.130124193800005,200,67
"scenarioA","X_2","strong",0.6,-0.5,-0.629898913009939,"SSL",-0.491646562879586,0.00835343712041403,200,67
"scenarioA","X_3","weak",0.3,0.6,0.527079543188136,"SSL",0.462073542555582,-0.137926457444418,200,67
"scenarioA","X_4","weak",0.3,0.75,0.921236264048398,"SSL",0.810287701514114,0.0602877015141144,200,67
"scenarioA","X_5","indep",0,-0.8,-0.786383690004078,"SSL",-0.68249059007732,0.11750940992268,200,67
"scenarioA","X_6","indep",0,0,NA,"SSL",0,0,200,67
"scenarioA","X_7","indep",0,0,NA,"SSL",0,0,200,67
"scenarioA","X_8","indep",0,0,NA,"SSL",0,0,200,67
"scenarioA","X_9","indep",0,0,NA,"SSL",0,0,200,67
"scenarioA","X_10","indep",0,0,NA,"SSL",0,0,200,67
"scenarioA","X_11","indep",0,0,NA,"SSL",0,0,200,67
"scenarioA","X_12","indep",0,0,NA,"SSL",0,0,200,67
"scenarioA","X_13","indep",0,0,NA,"SSL",0,0,200,67
"scenarioA","X_14","indep",0,0,NA,"SSL",0,0,200,67
"scenarioA","X_15","indep",0,0,NA,"SSL",0,0,200,67
"scenarioA","X_16","indep",0,0,NA,"SSL",0,0,200,67
"scenarioA","X_17","indep",0,0,NA,"SSL",0,0,200,67
"scenarioA","X_18","weak",0.3,0,NA,"SSL",0,0,200,67
"scenarioA","X_19","weak",0.3,0,NA,"SSL",0,0,200,67
"scenarioA","X_20","weak",0.3,0,NA,"SSL",0,0,200,67
"scenarioA","X_21","weak",0.3,0,NA,"SSL",0,0,200,67
"scenarioA","X_22","strong",0.6,0,NA,"SSL",0,0,200,67
"scenarioA","X_23","strong",0.6,0,NA,"SSL",0,0,200,67
"scenarioA","X_24","strong",0.6,0,NA,"SSL",0,0,200,67
"scenarioA","X_25","strong",0.6,0,NA,"SSL",0,0,200,67
"scenarioA","X_1","strong",0.6,0.4,0.380740290047639,"LASSO",0.0887449681137602,-0.31125503188624,200,67
"scenarioA","X_2","strong",0.6,-0.5,-0.629898913009939,"LASSO",-0.278868825822338,0.221131174177662,200,67
"scenarioA","X_3","weak",0.3,0.6,0.527079543188136,"LASSO",0.36959347356987,-0.23040652643013,200,67
"scenarioA","X_4","weak",0.3,0.75,0.921236264048398,"LASSO",0.663519439000106,-0.0864805609998943,200,67
"scenarioA","X_5","indep",0,-0.8,-0.786383690004078,"LASSO",-0.54111661683911,0.25888338316089,200,67
"scenarioA","X_6","indep",0,0,NA,"LASSO",-0.0243265115673829,-0.0243265115673829,200,67
"scenarioA","X_7","indep",0,0,NA,"LASSO",0,0,200,67
"scenarioA","X_8","indep",0,0,NA,"LASSO",0,0,200,67
"scenarioA","X_9","indep",0,0,NA,"LASSO",0,0,200,67
"scenarioA","X_10","indep",0,0,NA,"LASSO",0,0,200,67
"scenarioA","X_11","indep",0,0,NA,"LASSO",0,0,200,67
"scenarioA","X_12","indep",0,0,NA,"LASSO",0,0,200,67
"scenarioA","X_13","indep",0,0,NA,"LASSO",0,0,200,67
"scenarioA","X_14","indep",0,0,NA,"LASSO",0,0,200,67
"scenarioA","X_15","indep",0,0,NA,"LASSO",0,0,200,67
"scenarioA","X_16","indep",0,0,NA,"LASSO",0,0,200,67
"scenarioA","X_17","indep",0,0,NA,"LASSO",0,0,200,67
"scenarioA","X_18","weak",0.3,0,NA,"LASSO",0,0,200,67
"scenarioA","X_19","weak",0.3,0,NA,"LASSO",0,0,200,67
"scenarioA","X_20","weak",0.3,0,NA,"LASSO",0,0,200,67
"scenarioA","X_21","weak",0.3,0,NA,"LASSO",0,0,200,67
"scenarioA","X_22","strong",0.6,0,NA,"LASSO",0,0,200,67
"scenarioA","X_23","strong",0.6,0,NA,"LASSO",0,0,200,67
"scenarioA","X_24","strong",0.6,0,NA,"LASSO",0,0,200,67
"scenarioA","X_25","strong",0.6,0,NA,"LASSO",0,0,200,67
"scenarioA","X_1","strong",0.6,0.4,0.255977625436451,"SSL",0,-0.4,200,68
"scenarioA","X_2","strong",0.6,-0.5,-0.587751449411973,"SSL",-0.585804182955001,-0.0858041829550008,200,68
"scenarioA","X_3","weak",0.3,0.6,0.728808482953675,"SSL",0.661386270914234,0.0613862709142341,200,68
"scenarioA","X_4","weak",0.3,0.75,0.597287701152702,"SSL",0.600998557141795,-0.149001442858205,200,68
"scenarioA","X_5","indep",0,-0.8,-0.669411817932074,"SSL",-0.647366138026604,0.152633861973396,200,68
"scenarioA","X_6","indep",0,0,NA,"SSL",-0.105327647152797,-0.105327647152797,200,68
"scenarioA","X_7","indep",0,0,NA,"SSL",-0.0717170983434755,-0.0717170983434755,200,68
"scenarioA","X_8","indep",0,0,NA,"SSL",0.1731757175918,0.1731757175918,200,68
"scenarioA","X_9","indep",0,0,NA,"SSL",-0.180699615624272,-0.180699615624272,200,68
"scenarioA","X_10","indep",0,0,NA,"SSL",0.0480880305560378,0.0480880305560378,200,68
"scenarioA","X_11","indep",0,0,NA,"SSL",-0.196370588283965,-0.196370588283965,200,68
"scenarioA","X_12","indep",0,0,NA,"SSL",0.109340267797103,0.109340267797103,200,68
"scenarioA","X_13","indep",0,0,NA,"SSL",0,0,200,68
"scenarioA","X_14","indep",0,0,NA,"SSL",-0.136107244482385,-0.136107244482385,200,68
"scenarioA","X_15","indep",0,0,NA,"SSL",0.0510778300790143,0.0510778300790143,200,68
"scenarioA","X_16","indep",0,0,NA,"SSL",0.0265958428532453,0.0265958428532453,200,68
"scenarioA","X_17","indep",0,0,NA,"SSL",-0.0403986442474217,-0.0403986442474217,200,68
"scenarioA","X_18","weak",0.3,0,NA,"SSL",-0.0179654884121094,-0.0179654884121094,200,68
"scenarioA","X_19","weak",0.3,0,NA,"SSL",0.0671945465371836,0.0671945465371836,200,68
"scenarioA","X_20","weak",0.3,0,NA,"SSL",-0.153246960622653,-0.153246960622653,200,68
"scenarioA","X_21","weak",0.3,0,NA,"SSL",0.0534728242379565,0.0534728242379565,200,68
"scenarioA","X_22","strong",0.6,0,NA,"SSL",0,0,200,68
"scenarioA","X_23","strong",0.6,0,NA,"SSL",0.173072290211459,0.173072290211459,200,68
"scenarioA","X_24","strong",0.6,0,NA,"SSL",0.140920471584715,0.140920471584715,200,68
"scenarioA","X_25","strong",0.6,0,NA,"SSL",0,0,200,68
"scenarioA","X_1","strong",0.6,0.4,0.255977625436451,"LASSO",0,-0.4,200,68
"scenarioA","X_2","strong",0.6,-0.5,-0.587751449411973,"LASSO",-0.298741486765016,0.201258513234984,200,68
"scenarioA","X_3","weak",0.3,0.6,0.728808482953675,"LASSO",0.534007225804263,-0.0659927741957368,200,68
"scenarioA","X_4","weak",0.3,0.75,0.597287701152702,"LASSO",0.405897140868032,-0.344102859131968,200,68
"scenarioA","X_5","indep",0,-0.8,-0.669411817932074,"LASSO",-0.45478855989005,0.34521144010995,200,68
"scenarioA","X_6","indep",0,0,NA,"LASSO",0,0,200,68
"scenarioA","X_7","indep",0,0,NA,"LASSO",0,0,200,68
"scenarioA","X_8","indep",0,0,NA,"LASSO",0.106943486175871,0.106943486175871,200,68
"scenarioA","X_9","indep",0,0,NA,"LASSO",-0.0938066876355475,-0.0938066876355475,200,68
"scenarioA","X_10","indep",0,0,NA,"LASSO",0,0,200,68
"scenarioA","X_11","indep",0,0,NA,"LASSO",-0.116130224604001,-0.116130224604001,200,68
"scenarioA","X_12","indep",0,0,NA,"LASSO",0,0,200,68
"scenarioA","X_13","indep",0,0,NA,"LASSO",0,0,200,68
"scenarioA","X_14","indep",0,0,NA,"LASSO",-0.0264246235612303,-0.0264246235612303,200,68
"scenarioA","X_15","indep",0,0,NA,"LASSO",0,0,200,68
"scenarioA","X_16","indep",0,0,NA,"LASSO",0,0,200,68
"scenarioA","X_17","indep",0,0,NA,"LASSO",0,0,200,68
"scenarioA","X_18","weak",0.3,0,NA,"LASSO",0,0,200,68
"scenarioA","X_19","weak",0.3,0,NA,"LASSO",0,0,200,68
"scenarioA","X_20","weak",0.3,0,NA,"LASSO",0,0,200,68
"scenarioA","X_21","weak",0.3,0,NA,"LASSO",0,0,200,68
"scenarioA","X_22","strong",0.6,0,NA,"LASSO",0,0,200,68
"scenarioA","X_23","strong",0.6,0,NA,"LASSO",0,0,200,68
"scenarioA","X_24","strong",0.6,0,NA,"LASSO",0,0,200,68
"scenarioA","X_25","strong",0.6,0,NA,"LASSO",0,0,200,68
"scenarioA","X_1","strong",0.6,0.4,0.517219944772557,"SSL",0.335798982215648,-0.0642010177843523,200,69
"scenarioA","X_2","strong",0.6,-0.5,-0.535845019926297,"SSL",-0.38765194594324,0.11234805405676,200,69
"scenarioA","X_3","weak",0.3,0.6,0.836539616174521,"SSL",0.644697592409687,0.044697592409687,200,69
"scenarioA","X_4","weak",0.3,0.75,0.891231888032657,"SSL",0.750782616645736,0.000782616645735645,200,69
"scenarioA","X_5","indep",0,-0.8,-0.861561726773345,"SSL",-0.736339947841484,0.0636600521585163,200,69
"scenarioA","X_6","indep",0,0,NA,"SSL",0.0184163801246899,0.0184163801246899,200,69
"scenarioA","X_7","indep",0,0,NA,"SSL",0.0318788088407489,0.0318788088407489,200,69
"scenarioA","X_8","indep",0,0,NA,"SSL",-0.172472207150909,-0.172472207150909,200,69
"scenarioA","X_9","indep",0,0,NA,"SSL",0,0,200,69
"scenarioA","X_10","indep",0,0,NA,"SSL",0.07788133260062,0.07788133260062,200,69
"scenarioA","X_11","indep",0,0,NA,"SSL",-0.0772615127377609,-0.0772615127377609,200,69
"scenarioA","X_12","indep",0,0,NA,"SSL",0,0,200,69
"scenarioA","X_13","indep",0,0,NA,"SSL",0,0,200,69
"scenarioA","X_14","indep",0,0,NA,"SSL",0.0893924818953349,0.0893924818953349,200,69
"scenarioA","X_15","indep",0,0,NA,"SSL",0.0414470972094106,0.0414470972094106,200,69
"scenarioA","X_16","indep",0,0,NA,"SSL",0,0,200,69
"scenarioA","X_17","indep",0,0,NA,"SSL",0.111379985343459,0.111379985343459,200,69
"scenarioA","X_18","weak",0.3,0,NA,"SSL",0.15493110510381,0.15493110510381,200,69
"scenarioA","X_19","weak",0.3,0,NA,"SSL",0.159465286861729,0.159465286861729,200,69
"scenarioA","X_20","weak",0.3,0,NA,"SSL",0,0,200,69
"scenarioA","X_21","weak",0.3,0,NA,"SSL",0,0,200,69
"scenarioA","X_22","strong",0.6,0,NA,"SSL",0,0,200,69
"scenarioA","X_23","strong",0.6,0,NA,"SSL",0,0,200,69
"scenarioA","X_24","strong",0.6,0,NA,"SSL",0.0325388341515385,0.0325388341515385,200,69
"scenarioA","X_25","strong",0.6,0,NA,"SSL",0,0,200,69
"scenarioA","X_1","strong",0.6,0.4,0.517219944772557,"LASSO",0.218347610142491,-0.181652389857509,200,69
"scenarioA","X_2","strong",0.6,-0.5,-0.535845019926297,"LASSO",-0.272876089073695,0.227123910926305,200,69
"scenarioA","X_3","weak",0.3,0.6,0.836539616174521,"LASSO",0.56641627051377,-0.0335837294862305,200,69
"scenarioA","X_4","weak",0.3,0.75,0.891231888032657,"LASSO",0.683281020885056,-0.0667189791149436,200,69
"scenarioA","X_5","indep",0,-0.8,-0.861561726773345,"LASSO",-0.649388072551639,0.150611927448361,200,69
"scenarioA","X_6","indep",0,0,NA,"LASSO",0,0,200,69
"scenarioA","X_7","indep",0,0,NA,"LASSO",0,0,200,69
"scenarioA","X_8","indep",0,0,NA,"LASSO",-0.123331562739089,-0.123331562739089,200,69
"scenarioA","X_9","indep",0,0,NA,"LASSO",0,0,200,69
"scenarioA","X_10","indep",0,0,NA,"LASSO",0,0,200,69
"scenarioA","X_11","indep",0,0,NA,"LASSO",-0.0352217420487374,-0.0352217420487374,200,69
"scenarioA","X_12","indep",0,0,NA,"LASSO",0,0,200,69
"scenarioA","X_13","indep",0,0,NA,"LASSO",0,0,200,69
"scenarioA","X_14","indep",0,0,NA,"LASSO",0.0409244659355905,0.0409244659355905,200,69
"scenarioA","X_15","indep",0,0,NA,"LASSO",0,0,200,69
"scenarioA","X_16","indep",0,0,NA,"LASSO",0,0,200,69
"scenarioA","X_17","indep",0,0,NA,"LASSO",0.0196851838797834,0.0196851838797834,200,69
"scenarioA","X_18","weak",0.3,0,NA,"LASSO",0.120400072717727,0.120400072717727,200,69
"scenarioA","X_19","weak",0.3,0,NA,"LASSO",0.154803199635952,0.154803199635952,200,69
"scenarioA","X_20","weak",0.3,0,NA,"LASSO",0,0,200,69
"scenarioA","X_21","weak",0.3,0,NA,"LASSO",0,0,200,69
"scenarioA","X_22","strong",0.6,0,NA,"LASSO",0,0,200,69
"scenarioA","X_23","strong",0.6,0,NA,"LASSO",0,0,200,69
"scenarioA","X_24","strong",0.6,0,NA,"LASSO",0,0,200,69
"scenarioA","X_25","strong",0.6,0,NA,"LASSO",0,0,200,69
"scenarioA","X_1","strong",0.6,0.4,0.300261809641758,"SSL",0.317645031676798,-0.082354968323202,200,70
"scenarioA","X_2","strong",0.6,-0.5,-0.516098799409922,"SSL",-0.294660596333828,0.205339403666172,200,70
"scenarioA","X_3","weak",0.3,0.6,0.854650876343417,"SSL",0.735712323387069,0.135712323387069,200,70
"scenarioA","X_4","weak",0.3,0.75,0.842112127406803,"SSL",0.703350920346065,-0.0466490796539353,200,70
"scenarioA","X_5","indep",0,-0.8,-0.868361041073875,"SSL",-0.692973264787614,0.107026735212386,200,70
"scenarioA","X_6","indep",0,0,NA,"SSL",-0.0613134051708421,-0.0613134051708421,200,70
"scenarioA","X_7","indep",0,0,NA,"SSL",0,0,200,70
"scenarioA","X_8","indep",0,0,NA,"SSL",0,0,200,70
"scenarioA","X_9","indep",0,0,NA,"SSL",0,0,200,70
"scenarioA","X_10","indep",0,0,NA,"SSL",0.0913704023814305,0.0913704023814305,200,70
"scenarioA","X_11","indep",0,0,NA,"SSL",0,0,200,70
"scenarioA","X_12","indep",0,0,NA,"SSL",0.126643231856683,0.126643231856683,200,70
"scenarioA","X_13","indep",0,0,NA,"SSL",0,0,200,70
"scenarioA","X_14","indep",0,0,NA,"SSL",0,0,200,70
"scenarioA","X_15","indep",0,0,NA,"SSL",-0.0933098984314819,-0.0933098984314819,200,70
"scenarioA","X_16","indep",0,0,NA,"SSL",-0.122192115539982,-0.122192115539982,200,70
"scenarioA","X_17","indep",0,0,NA,"SSL",0.0819542125715997,0.0819542125715997,200,70
"scenarioA","X_18","weak",0.3,0,NA,"SSL",0,0,200,70
"scenarioA","X_19","weak",0.3,0,NA,"SSL",0,0,200,70
"scenarioA","X_20","weak",0.3,0,NA,"SSL",-0.11018822483919,-0.11018822483919,200,70
"scenarioA","X_21","weak",0.3,0,NA,"SSL",0.376043970189449,0.376043970189449,200,70
"scenarioA","X_22","strong",0.6,0,NA,"SSL",0,0,200,70
"scenarioA","X_23","strong",0.6,0,NA,"SSL",-0.167438634198609,-0.167438634198609,200,70
"scenarioA","X_24","strong",0.6,0,NA,"SSL",0,0,200,70
"scenarioA","X_25","strong",0.6,0,NA,"SSL",0,0,200,70
"scenarioA","X_1","strong",0.6,0.4,0.300261809641758,"LASSO",0,-0.4,200,70
"scenarioA","X_2","strong",0.6,-0.5,-0.516098799409922,"LASSO",-0.0512200370880971,0.448779962911903,200,70
"scenarioA","X_3","weak",0.3,0.6,0.854650876343417,"LASSO",0.534145512299826,-0.0658544877001743,200,70
"scenarioA","X_4","weak",0.3,0.75,0.842112127406803,"LASSO",0.429408677536688,-0.320591322463312,200,70
"scenarioA","X_5","indep",0,-0.8,-0.868361041073875,"LASSO",-0.54025743741668,0.25974256258332,200,70
"scenarioA","X_6","indep",0,0,NA,"LASSO",0,0,200,70
"scenarioA","X_7","indep",0,0,NA,"LASSO",0,0,200,70
"scenarioA","X_8","indep",0,0,NA,"LASSO",0,0,200,70
"scenarioA","X_9","indep",0,0,NA,"LASSO",0,0,200,70
"scenarioA","X_10","indep",0,0,NA,"LASSO",0,0,200,70
"scenarioA","X_11","indep",0,0,NA,"LASSO",0,0,200,70
"scenarioA","X_12","indep",0,0,NA,"LASSO",0,0,200,70
"scenarioA","X_13","indep",0,0,NA,"LASSO",0,0,200,70
"scenarioA","X_14","indep",0,0,NA,"LASSO",0,0,200,70
"scenarioA","X_15","indep",0,0,NA,"LASSO",0,0,200,70
"scenarioA","X_16","indep",0,0,NA,"LASSO",0,0,200,70
"scenarioA","X_17","indep",0,0,NA,"LASSO",0,0,200,70
"scenarioA","X_18","weak",0.3,0,NA,"LASSO",0,0,200,70
"scenarioA","X_19","weak",0.3,0,NA,"LASSO",0,0,200,70
"scenarioA","X_20","weak",0.3,0,NA,"LASSO",0,0,200,70
"scenarioA","X_21","weak",0.3,0,NA,"LASSO",0.291538944788755,0.291538944788755,200,70
"scenarioA","X_22","strong",0.6,0,NA,"LASSO",0,0,200,70
"scenarioA","X_23","strong",0.6,0,NA,"LASSO",-0.041403951270168,-0.041403951270168,200,70
"scenarioA","X_24","strong",0.6,0,NA,"LASSO",0,0,200,70
"scenarioA","X_25","strong",0.6,0,NA,"LASSO",0,0,200,70
"scenarioA","X_1","strong",0.6,0.4,0.634181172239036,"SSL",0.487006448511735,0.0870064485117348,200,71
"scenarioA","X_2","strong",0.6,-0.5,-0.620668063338345,"SSL",-0.534188668660244,-0.0341886686602436,200,71
"scenarioA","X_3","weak",0.3,0.6,0.665370929134052,"SSL",0.517076156052846,-0.0829238439471539,200,71
"scenarioA","X_4","weak",0.3,0.75,0.696782812832879,"SSL",0.629981856665212,-0.120018143334788,200,71
"scenarioA","X_5","indep",0,-0.8,-0.781101983503513,"SSL",-0.677724008009122,0.122275991990878,200,71
"scenarioA","X_6","indep",0,0,NA,"SSL",0,0,200,71
"scenarioA","X_7","indep",0,0,NA,"SSL",-0.199427414475021,-0.199427414475021,200,71
"scenarioA","X_8","indep",0,0,NA,"SSL",0,0,200,71
"scenarioA","X_9","indep",0,0,NA,"SSL",0,0,200,71
"scenarioA","X_10","indep",0,0,NA,"SSL",-0.122042775683986,-0.122042775683986,200,71
"scenarioA","X_11","indep",0,0,NA,"SSL",0,0,200,71
"scenarioA","X_12","indep",0,0,NA,"SSL",0,0,200,71
"scenarioA","X_13","indep",0,0,NA,"SSL",0,0,200,71
"scenarioA","X_14","indep",0,0,NA,"SSL",0,0,200,71
"scenarioA","X_15","indep",0,0,NA,"SSL",0,0,200,71
"scenarioA","X_16","indep",0,0,NA,"SSL",0,0,200,71
"scenarioA","X_17","indep",0,0,NA,"SSL",0,0,200,71
"scenarioA","X_18","weak",0.3,0,NA,"SSL",-0.130131087065698,-0.130131087065698,200,71
"scenarioA","X_19","weak",0.3,0,NA,"SSL",0.163545454782041,0.163545454782041,200,71
"scenarioA","X_20","weak",0.3,0,NA,"SSL",0.0896629223226674,0.0896629223226674,200,71
"scenarioA","X_21","weak",0.3,0,NA,"SSL",0,0,200,71
"scenarioA","X_22","strong",0.6,0,NA,"SSL",0,0,200,71
"scenarioA","X_23","strong",0.6,0,NA,"SSL",0,0,200,71
"scenarioA","X_24","strong",0.6,0,NA,"SSL",0.101173290483101,0.101173290483101,200,71
"scenarioA","X_25","strong",0.6,0,NA,"SSL",0,0,200,71
"scenarioA","X_1","strong",0.6,0.4,0.634181172239036,"LASSO",0.312046981121518,-0.0879530188784825,200,71
"scenarioA","X_2","strong",0.6,-0.5,-0.620668063338345,"LASSO",-0.279473199445598,0.220526800554402,200,71
"scenarioA","X_3","weak",0.3,0.6,0.665370929134052,"LASSO",0.460231264468082,-0.139768735531918,200,71
"scenarioA","X_4","weak",0.3,0.75,0.696782812832879,"LASSO",0.473069166919433,-0.276930833080567,200,71
"scenarioA","X_5","indep",0,-0.8,-0.781101983503513,"LASSO",-0.568675544869352,0.231324455130648,200,71
"scenarioA","X_6","indep",0,0,NA,"LASSO",0,0,200,71
"scenarioA","X_7","indep",0,0,NA,"LASSO",-0.128675679147697,-0.128675679147697,200,71
"scenarioA","X_8","indep",0,0,NA,"LASSO",0,0,200,71
"scenarioA","X_9","indep",0,0,NA,"LASSO",0,0,200,71
"scenarioA","X_10","indep",0,0,NA,"LASSO",-0.0601151003396836,-0.0601151003396836,200,71
"scenarioA","X_11","indep",0,0,NA,"LASSO",0,0,200,71
"scenarioA","X_12","indep",0,0,NA,"LASSO",0,0,200,71
"scenarioA","X_13","indep",0,0,NA,"LASSO",0,0,200,71
"scenarioA","X_14","indep",0,0,NA,"LASSO",0,0,200,71
"scenarioA","X_15","indep",0,0,NA,"LASSO",0,0,200,71
"scenarioA","X_16","indep",0,0,NA,"LASSO",0,0,200,71
"scenarioA","X_17","indep",0,0,NA,"LASSO",0,0,200,71
"scenarioA","X_18","weak",0.3,0,NA,"LASSO",0,0,200,71
"scenarioA","X_19","weak",0.3,0,NA,"LASSO",0.061145934170536,0.061145934170536,200,71
"scenarioA","X_20","weak",0.3,0,NA,"LASSO",0.00957679703119824,0.00957679703119824,200,71
"scenarioA","X_21","weak",0.3,0,NA,"LASSO",0.0337034021155396,0.0337034021155396,200,71
"scenarioA","X_22","strong",0.6,0,NA,"LASSO",0,0,200,71
"scenarioA","X_23","strong",0.6,0,NA,"LASSO",0,0,200,71
"scenarioA","X_24","strong",0.6,0,NA,"LASSO",0,0,200,71
"scenarioA","X_25","strong",0.6,0,NA,"LASSO",0,0,200,71
"scenarioA","X_1","strong",0.6,0.4,0.360173475059901,"SSL",0.314099977629945,-0.0859000223700546,200,72
"scenarioA","X_2","strong",0.6,-0.5,-0.566809832995395,"SSL",-0.500575551360439,-0.000575551360439408,200,72
"scenarioA","X_3","weak",0.3,0.6,0.588767693406624,"SSL",0.633636504706488,0.0336365047064878,200,72
"scenarioA","X_4","weak",0.3,0.75,0.584703530474334,"SSL",0.626751312848434,-0.123248687151566,200,72
"scenarioA","X_5","indep",0,-0.8,-0.626742897854934,"SSL",-0.578408537916812,0.221591462083188,200,72
"scenarioA","X_6","indep",0,0,NA,"SSL",0,0,200,72
"scenarioA","X_7","indep",0,0,NA,"SSL",-0.0873528635168969,-0.0873528635168969,200,72
"scenarioA","X_8","indep",0,0,NA,"SSL",0,0,200,72
"scenarioA","X_9","indep",0,0,NA,"SSL",0,0,200,72
"scenarioA","X_10","indep",0,0,NA,"SSL",0,0,200,72
"scenarioA","X_11","indep",0,0,NA,"SSL",0,0,200,72
"scenarioA","X_12","indep",0,0,NA,"SSL",0,0,200,72
"scenarioA","X_13","indep",0,0,NA,"SSL",0,0,200,72
"scenarioA","X_14","indep",0,0,NA,"SSL",-0.0910915253941712,-0.0910915253941712,200,72
"scenarioA","X_15","indep",0,0,NA,"SSL",0.116667129137494,0.116667129137494,200,72
"scenarioA","X_16","indep",0,0,NA,"SSL",0,0,200,72
"scenarioA","X_17","indep",0,0,NA,"SSL",0,0,200,72
"scenarioA","X_18","weak",0.3,0,NA,"SSL",0,0,200,72
"scenarioA","X_19","weak",0.3,0,NA,"SSL",0,0,200,72
"scenarioA","X_20","weak",0.3,0,NA,"SSL",-0.148538146436841,-0.148538146436841,200,72
"scenarioA","X_21","weak",0.3,0,NA,"SSL",0,0,200,72
"scenarioA","X_22","strong",0.6,0,NA,"SSL",0,0,200,72
"scenarioA","X_23","strong",0.6,0,NA,"SSL",0,0,200,72
"scenarioA","X_24","strong",0.6,0,NA,"SSL",0,0,200,72
"scenarioA","X_25","strong",0.6,0,NA,"SSL",0,0,200,72
"scenarioA","X_1","strong",0.6,0.4,0.360173475059901,"LASSO",0,-0.4,200,72
"scenarioA","X_2","strong",0.6,-0.5,-0.566809832995395,"LASSO",-0.1037688685667,0.3962311314333,200,72
"scenarioA","X_3","weak",0.3,0.6,0.588767693406624,"LASSO",0.36761530542073,-0.23238469457927,200,72
"scenarioA","X_4","weak",0.3,0.75,0.584703530474334,"LASSO",0.41530894532073,-0.33469105467927,200,72
"scenarioA","X_5","indep",0,-0.8,-0.626742897854934,"LASSO",-0.361552308464531,0.438447691535469,200,72
"scenarioA","X_6","indep",0,0,NA,"LASSO",0,0,200,72
"scenarioA","X_7","indep",0,0,NA,"LASSO",0,0,200,72
"scenarioA","X_8","indep",0,0,NA,"LASSO",0,0,200,72
"scenarioA","X_9","indep",0,0,NA,"LASSO",0,0,200,72
"scenarioA","X_10","indep",0,0,NA,"LASSO",0,0,200,72
"scenarioA","X_11","indep",0,0,NA,"LASSO",0,0,200,72
"scenarioA","X_12","indep",0,0,NA,"LASSO",0,0,200,72
"scenarioA","X_13","indep",0,0,NA,"LASSO",0,0,200,72
"scenarioA","X_14","indep",0,0,NA,"LASSO",0,0,200,72
"scenarioA","X_15","indep",0,0,NA,"LASSO",0,0,200,72
"scenarioA","X_16","indep",0,0,NA,"LASSO",0,0,200,72
"scenarioA","X_17","indep",0,0,NA,"LASSO",0,0,200,72
"scenarioA","X_18","weak",0.3,0,NA,"LASSO",0,0,200,72
"scenarioA","X_19","weak",0.3,0,NA,"LASSO",0,0,200,72
"scenarioA","X_20","weak",0.3,0,NA,"LASSO",0,0,200,72
"scenarioA","X_21","weak",0.3,0,NA,"LASSO",0,0,200,72
"scenarioA","X_22","strong",0.6,0,NA,"LASSO",0,0,200,72
"scenarioA","X_23","strong",0.6,0,NA,"LASSO",0,0,200,72
"scenarioA","X_24","strong",0.6,0,NA,"LASSO",0,0,200,72
"scenarioA","X_25","strong",0.6,0,NA,"LASSO",0,0,200,72
"scenarioA","X_1","strong",0.6,0.4,0.679081239808372,"SSL",0.505221790428876,0.105221790428876,200,73
"scenarioA","X_2","strong",0.6,-0.5,-0.755699469713278,"SSL",-0.594251974255369,-0.094251974255369,200,73
"scenarioA","X_3","weak",0.3,0.6,0.485897463778563,"SSL",0.31944654663077,-0.28055345336923,200,73
"scenarioA","X_4","weak",0.3,0.75,0.785375479197443,"SSL",0.735819588369416,-0.0141804116305836,200,73
"scenarioA","X_5","indep",0,-0.8,-0.720146780449252,"SSL",-0.638182890534434,0.161817109465566,200,73
"scenarioA","X_6","indep",0,0,NA,"SSL",0,0,200,73
"scenarioA","X_7","indep",0,0,NA,"SSL",0,0,200,73
"scenarioA","X_8","indep",0,0,NA,"SSL",0,0,200,73
"scenarioA","X_9","indep",0,0,NA,"SSL",0,0,200,73
"scenarioA","X_10","indep",0,0,NA,"SSL",0,0,200,73
"scenarioA","X_11","indep",0,0,NA,"SSL",0.203428601661725,0.203428601661725,200,73
"scenarioA","X_12","indep",0,0,NA,"SSL",0.175886561077246,0.175886561077246,200,73
"scenarioA","X_13","indep",0,0,NA,"SSL",-0.203006062678805,-0.203006062678805,200,73
"scenarioA","X_14","indep",0,0,NA,"SSL",0,0,200,73
"scenarioA","X_15","indep",0,0,NA,"SSL",0,0,200,73
"scenarioA","X_16","indep",0,0,NA,"SSL",0,0,200,73
"scenarioA","X_17","indep",0,0,NA,"SSL",0,0,200,73
"scenarioA","X_18","weak",0.3,0,NA,"SSL",0,0,200,73
"scenarioA","X_19","weak",0.3,0,NA,"SSL",0.089942777399413,0.089942777399413,200,73
"scenarioA","X_20","weak",0.3,0,NA,"SSL",0,0,200,73
"scenarioA","X_21","weak",0.3,0,NA,"SSL",0,0,200,73
"scenarioA","X_22","strong",0.6,0,NA,"SSL",0,0,200,73
"scenarioA","X_23","strong",0.6,0,NA,"SSL",0,0,200,73
"scenarioA","X_24","strong",0.6,0,NA,"SSL",0,0,200,73
"scenarioA","X_25","strong",0.6,0,NA,"SSL",0,0,200,73
"scenarioA","X_1","strong",0.6,0.4,0.679081239808372,"LASSO",0.420596688726327,0.0205966887263272,200,73
"scenarioA","X_2","strong",0.6,-0.5,-0.755699469713278,"LASSO",-0.508965267807723,-0.008965267807723,200,73
"scenarioA","X_3","weak",0.3,0.6,0.485897463778563,"LASSO",0.278267386671498,-0.321732613328502,200,73
"scenarioA","X_4","weak",0.3,0.75,0.785375479197443,"LASSO",0.662708830192073,-0.0872911698079271,200,73
"scenarioA","X_5","indep",0,-0.8,-0.720146780449252,"LASSO",-0.574423986930279,0.225576013069721,200,73
"scenarioA","X_6","indep",0,0,NA,"LASSO",0,0,200,73
"scenarioA","X_7","indep",0,0,NA,"LASSO",0,0,200,73
"scenarioA","X_8","indep",0,0,NA,"LASSO",0,0,200,73
"scenarioA","X_9","indep",0,0,NA,"LASSO",0,0,200,73
"scenarioA","X_10","indep",0,0,NA,"LASSO",0,0,200,73
"scenarioA","X_11","indep",0,0,NA,"LASSO",0.147934271016548,0.147934271016548,200,73
"scenarioA","X_12","indep",0,0,NA,"LASSO",0.152077514648983,0.152077514648983,200,73
"scenarioA","X_13","indep",0,0,NA,"LASSO",-0.179544789337706,-0.179544789337706,200,73
"scenarioA","X_14","indep",0,0,NA,"LASSO",0,0,200,73
"scenarioA","X_15","indep",0,0,NA,"LASSO",0,0,200,73
"scenarioA","X_16","indep",0,0,NA,"LASSO",0,0,200,73
"scenarioA","X_17","indep",0,0,NA,"LASSO",0,0,200,73
"scenarioA","X_18","weak",0.3,0,NA,"LASSO",0,0,200,73
"scenarioA","X_19","weak",0.3,0,NA,"LASSO",0.0662585106548304,0.0662585106548304,200,73
"scenarioA","X_20","weak",0.3,0,NA,"LASSO",0,0,200,73
"scenarioA","X_21","weak",0.3,0,NA,"LASSO",0,0,200,73
"scenarioA","X_22","strong",0.6,0,NA,"LASSO",0,0,200,73
"scenarioA","X_23","strong",0.6,0,NA,"LASSO",0,0,200,73
"scenarioA","X_24","strong",0.6,0,NA,"LASSO",0,0,200,73
"scenarioA","X_25","strong",0.6,0,NA,"LASSO",0,0,200,73
"scenarioA","X_1","strong",0.6,0.4,0.415016726877802,"SSL",0.250513795770356,-0.149486204229644,200,74
"scenarioA","X_2","strong",0.6,-0.5,-0.411849075496679,"SSL",-0.262820081424644,0.237179918575356,200,74
"scenarioA","X_3","weak",0.3,0.6,0.70996449968618,"SSL",0.576252314780152,-0.0237476852198479,200,74
"scenarioA","X_4","weak",0.3,0.75,0.927764699588259,"SSL",0.836051633869494,0.0860516338694939,200,74
"scenarioA","X_5","indep",0,-0.8,-0.644778064234017,"SSL",-0.555770615381939,0.244229384618061,200,74
"scenarioA","X_6","indep",0,0,NA,"SSL",0,0,200,74
"scenarioA","X_7","indep",0,0,NA,"SSL",0,0,200,74
"scenarioA","X_8","indep",0,0,NA,"SSL",0,0,200,74
"scenarioA","X_9","indep",0,0,NA,"SSL",0,0,200,74
"scenarioA","X_10","indep",0,0,NA,"SSL",0,0,200,74
"scenarioA","X_11","indep",0,0,NA,"SSL",0,0,200,74
"scenarioA","X_12","indep",0,0,NA,"SSL",0,0,200,74
"scenarioA","X_13","indep",0,0,NA,"SSL",0,0,200,74
"scenarioA","X_14","indep",0,0,NA,"SSL",0,0,200,74
"scenarioA","X_15","indep",0,0,NA,"SSL",0,0,200,74
"scenarioA","X_16","indep",0,0,NA,"SSL",0,0,200,74
"scenarioA","X_17","indep",0,0,NA,"SSL",0.165618507511885,0.165618507511885,200,74
"scenarioA","X_18","weak",0.3,0,NA,"SSL",0,0,200,74
"scenarioA","X_19","weak",0.3,0,NA,"SSL",0,0,200,74
"scenarioA","X_20","weak",0.3,0,NA,"SSL",0,0,200,74
"scenarioA","X_21","weak",0.3,0,NA,"SSL",0,0,200,74
"scenarioA","X_22","strong",0.6,0,NA,"SSL",0,0,200,74
"scenarioA","X_23","strong",0.6,0,NA,"SSL",0,0,200,74
"scenarioA","X_24","strong",0.6,0,NA,"SSL",0,0,200,74
"scenarioA","X_25","strong",0.6,0,NA,"SSL",0,0,200,74
"scenarioA","X_1","strong",0.6,0.4,0.415016726877802,"LASSO",0,-0.4,200,74
"scenarioA","X_2","strong",0.6,-0.5,-0.411849075496679,"LASSO",0,0.5,200,74
"scenarioA","X_3","weak",0.3,0.6,0.70996449968618,"LASSO",0.28956449854349,-0.31043550145651,200,74
"scenarioA","X_4","weak",0.3,0.75,0.927764699588259,"LASSO",0.519133553915899,-0.230866446084101,200,74
"scenarioA","X_5","indep",0,-0.8,-0.644778064234017,"LASSO",-0.323091382343484,0.476908617656516,200,74
"scenarioA","X_6","indep",0,0,NA,"LASSO",0,0,200,74
"scenarioA","X_7","indep",0,0,NA,"LASSO",0,0,200,74
"scenarioA","X_8","indep",0,0,NA,"LASSO",0,0,200,74
"scenarioA","X_9","indep",0,0,NA,"LASSO",0,0,200,74
"scenarioA","X_10","indep",0,0,NA,"LASSO",0,0,200,74
"scenarioA","X_11","indep",0,0,NA,"LASSO",0,0,200,74
"scenarioA","X_12","indep",0,0,NA,"LASSO",0,0,200,74
"scenarioA","X_13","indep",0,0,NA,"LASSO",0,0,200,74
"scenarioA","X_14","indep",0,0,NA,"LASSO",0,0,200,74
"scenarioA","X_15","indep",0,0,NA,"LASSO",0,0,200,74
"scenarioA","X_16","indep",0,0,NA,"LASSO",0,0,200,74
"scenarioA","X_17","indep",0,0,NA,"LASSO",0,0,200,74
"scenarioA","X_18","weak",0.3,0,NA,"LASSO",0,0,200,74
"scenarioA","X_19","weak",0.3,0,NA,"LASSO",0,0,200,74
"scenarioA","X_20","weak",0.3,0,NA,"LASSO",0,0,200,74
"scenarioA","X_21","weak",0.3,0,NA,"LASSO",0,0,200,74
"scenarioA","X_22","strong",0.6,0,NA,"LASSO",0,0,200,74
"scenarioA","X_23","strong",0.6,0,NA,"LASSO",0,0,200,74
"scenarioA","X_24","strong",0.6,0,NA,"LASSO",0,0,200,74
"scenarioA","X_25","strong",0.6,0,NA,"LASSO",0,0,200,74
"scenarioA","X_1","strong",0.6,0.4,0.242446029146797,"SSL",0,-0.4,200,75
"scenarioA","X_2","strong",0.6,-0.5,-0.603025349088724,"SSL",-0.411017130708726,0.0889828692912744,200,75
"scenarioA","X_3","weak",0.3,0.6,0.506661955958802,"SSL",0.435233149743917,-0.164766850256083,200,75
"scenarioA","X_4","weak",0.3,0.75,0.75518431574073,"SSL",0.666144563840909,-0.0838554361590905,200,75
"scenarioA","X_5","indep",0,-0.8,-0.766220407199714,"SSL",-0.672416717023873,0.127583282976128,200,75
"scenarioA","X_6","indep",0,0,NA,"SSL",0,0,200,75
"scenarioA","X_7","indep",0,0,NA,"SSL",0,0,200,75
"scenarioA","X_8","indep",0,0,NA,"SSL",0,0,200,75
"scenarioA","X_9","indep",0,0,NA,"SSL",0,0,200,75
"scenarioA","X_10","indep",0,0,NA,"SSL",0,0,200,75
"scenarioA","X_11","indep",0,0,NA,"SSL",0,0,200,75
"scenarioA","X_12","indep",0,0,NA,"SSL",0,0,200,75
"scenarioA","X_13","indep",0,0,NA,"SSL",0,0,200,75
"scenarioA","X_14","indep",0,0,NA,"SSL",0,0,200,75
"scenarioA","X_15","indep",0,0,NA,"SSL",0,0,200,75
"scenarioA","X_16","indep",0,0,NA,"SSL",0,0,200,75
"scenarioA","X_17","indep",0,0,NA,"SSL",0,0,200,75
"scenarioA","X_18","weak",0.3,0,NA,"SSL",0,0,200,75
"scenarioA","X_19","weak",0.3,0,NA,"SSL",0,0,200,75
"scenarioA","X_20","weak",0.3,0,NA,"SSL",0,0,200,75
"scenarioA","X_21","weak",0.3,0,NA,"SSL",0,0,200,75
"scenarioA","X_22","strong",0.6,0,NA,"SSL",0,0,200,75
"scenarioA","X_23","strong",0.6,0,NA,"SSL",0,0,200,75
"scenarioA","X_24","strong",0.6,0,NA,"SSL",0,0,200,75
"scenarioA","X_25","strong",0.6,0,NA,"SSL",0,0,200,75
"scenarioA","X_1","strong",0.6,0.4,0.242446029146797,"LASSO",0,-0.4,200,75
"scenarioA","X_2","strong",0.6,-0.5,-0.603025349088724,"LASSO",-0.325458277782872,0.174541722217128,200,75
"scenarioA","X_3","weak",0.3,0.6,0.506661955958802,"LASSO",0.364529124427652,-0.235470875572348,200,75
"scenarioA","X_4","weak",0.3,0.75,0.75518431574073,"LASSO",0.592321558487521,-0.157678441512479,200,75
"scenarioA","X_5","indep",0,-0.8,-0.766220407199714,"LASSO",-0.553586623991292,0.246413376008708,200,75
"scenarioA","X_6","indep",0,0,NA,"LASSO",0,0,200,75
"scenarioA","X_7","indep",0,0,NA,"LASSO",0,0,200,75
"scenarioA","X_8","indep",0,0,NA,"LASSO",0,0,200,75
"scenarioA","X_9","indep",0,0,NA,"LASSO",-0.0218198374040435,-0.0218198374040435,200,75
"scenarioA","X_10","indep",0,0,NA,"LASSO",0,0,200,75
"scenarioA","X_11","indep",0,0,NA,"LASSO",0,0,200,75
"scenarioA","X_12","indep",0,0,NA,"LASSO",0,0,200,75
"scenarioA","X_13","indep",0,0,NA,"LASSO",0,0,200,75
"scenarioA","X_14","indep",0,0,NA,"LASSO",0,0,200,75
"scenarioA","X_15","indep",0,0,NA,"LASSO",0,0,200,75
"scenarioA","X_16","indep",0,0,NA,"LASSO",0,0,200,75
"scenarioA","X_17","indep",0,0,NA,"LASSO",0,0,200,75
"scenarioA","X_18","weak",0.3,0,NA,"LASSO",0,0,200,75
"scenarioA","X_19","weak",0.3,0,NA,"LASSO",0,0,200,75
"scenarioA","X_20","weak",0.3,0,NA,"LASSO",0,0,200,75
"scenarioA","X_21","weak",0.3,0,NA,"LASSO",-0.0756606902658482,-0.0756606902658482,200,75
"scenarioA","X_22","strong",0.6,0,NA,"LASSO",0,0,200,75
"scenarioA","X_23","strong",0.6,0,NA,"LASSO",0,0,200,75
"scenarioA","X_24","strong",0.6,0,NA,"LASSO",0,0,200,75
"scenarioA","X_25","strong",0.6,0,NA,"LASSO",0,0,200,75
"scenarioA","X_1","strong",0.6,0.4,0.453308994230022,"SSL",0,-0.4,200,76
"scenarioA","X_2","strong",0.6,-0.5,-0.530921820696199,"SSL",-0.158263472203904,0.341736527796096,200,76
"scenarioA","X_3","weak",0.3,0.6,0.771743648699339,"SSL",0.629287785979028,0.0292877859790281,200,76
"scenarioA","X_4","weak",0.3,0.75,0.987739951335749,"SSL",0.836506190367379,0.0865061903673795,200,76
"scenarioA","X_5","indep",0,-0.8,-0.987267744771194,"SSL",-0.8587034142753,-0.0587034142752997,200,76
"scenarioA","X_6","indep",0,0,NA,"SSL",0,0,200,76
"scenarioA","X_7","indep",0,0,NA,"SSL",0,0,200,76
"scenarioA","X_8","indep",0,0,NA,"SSL",0,0,200,76
"scenarioA","X_9","indep",0,0,NA,"SSL",0,0,200,76
"scenarioA","X_10","indep",0,0,NA,"SSL",0,0,200,76
"scenarioA","X_11","indep",0,0,NA,"SSL",0,0,200,76
"scenarioA","X_12","indep",0,0,NA,"SSL",0,0,200,76
"scenarioA","X_13","indep",0,0,NA,"SSL",0,0,200,76
"scenarioA","X_14","indep",0,0,NA,"SSL",0,0,200,76
"scenarioA","X_15","indep",0,0,NA,"SSL",0,0,200,76
"scenarioA","X_16","indep",0,0,NA,"SSL",0,0,200,76
"scenarioA","X_17","indep",0,0,NA,"SSL",0,0,200,76
"scenarioA","X_18","weak",0.3,0,NA,"SSL",0,0,200,76
"scenarioA","X_19","weak",0.3,0,NA,"SSL",0,0,200,76
"scenarioA","X_20","weak",0.3,0,NA,"SSL",0,0,200,76
"scenarioA","X_21","weak",0.3,0,NA,"SSL",0,0,200,76
"scenarioA","X_22","strong",0.6,0,NA,"SSL",0,0,200,76
"scenarioA","X_23","strong",0.6,0,NA,"SSL",0,0,200,76
"scenarioA","X_24","strong",0.6,0,NA,"SSL",0,0,200,76
"scenarioA","X_25","strong",0.6,0,NA,"SSL",0,0,200,76
"scenarioA","X_1","strong",0.6,0.4,0.453308994230022,"LASSO",0,-0.4,200,76
"scenarioA","X_2","strong",0.6,-0.5,-0.530921820696199,"LASSO",-0.073740752984301,0.426259247015699,200,76
"scenarioA","X_3","weak",0.3,0.6,0.771743648699339,"LASSO",0.519021121750759,-0.0809788782492409,200,76
"scenarioA","X_4","weak",0.3,0.75,0.987739951335749,"LASSO",0.724448382556262,-0.0255516174437381,200,76
"scenarioA","X_5","indep",0,-0.8,-0.987267744771194,"LASSO",-0.708068231459519,0.091931768540481,200,76
"scenarioA","X_6","indep",0,0,NA,"LASSO",0,0,200,76
"scenarioA","X_7","indep",0,0,NA,"LASSO",0,0,200,76
"scenarioA","X_8","indep",0,0,NA,"LASSO",0,0,200,76
"scenarioA","X_9","indep",0,0,NA,"LASSO",0,0,200,76
"scenarioA","X_10","indep",0,0,NA,"LASSO",0,0,200,76
"scenarioA","X_11","indep",0,0,NA,"LASSO",0,0,200,76
"scenarioA","X_12","indep",0,0,NA,"LASSO",0,0,200,76
"scenarioA","X_13","indep",0,0,NA,"LASSO",0,0,200,76
"scenarioA","X_14","indep",0,0,NA,"LASSO",0,0,200,76
"scenarioA","X_15","indep",0,0,NA,"LASSO",0,0,200,76
"scenarioA","X_16","indep",0,0,NA,"LASSO",0,0,200,76
"scenarioA","X_17","indep",0,0,NA,"LASSO",0,0,200,76
"scenarioA","X_18","weak",0.3,0,NA,"LASSO",0,0,200,76
"scenarioA","X_19","weak",0.3,0,NA,"LASSO",0,0,200,76
"scenarioA","X_20","weak",0.3,0,NA,"LASSO",0,0,200,76
"scenarioA","X_21","weak",0.3,0,NA,"LASSO",0,0,200,76
"scenarioA","X_22","strong",0.6,0,NA,"LASSO",0,0,200,76
"scenarioA","X_23","strong",0.6,0,NA,"LASSO",0,0,200,76
"scenarioA","X_24","strong",0.6,0,NA,"LASSO",0,0,200,76
"scenarioA","X_25","strong",0.6,0,NA,"LASSO",0,0,200,76
"scenarioA","X_1","strong",0.6,0.4,0.428578188665581,"SSL",0,-0.4,200,77
"scenarioA","X_2","strong",0.6,-0.5,-0.532409988192634,"SSL",-0.300302682628306,0.199697317371694,200,77
"scenarioA","X_3","weak",0.3,0.6,0.707829077685895,"SSL",0.694649734737687,0.0946497347376871,200,77
"scenarioA","X_4","weak",0.3,0.75,0.915014319258297,"SSL",0.86122353529223,0.11122353529223,200,77
"scenarioA","X_5","indep",0,-0.8,-0.966082661025476,"SSL",-0.859459403070061,-0.0594594030700606,200,77
"scenarioA","X_6","indep",0,0,NA,"SSL",0,0,200,77
"scenarioA","X_7","indep",0,0,NA,"SSL",0,0,200,77
"scenarioA","X_8","indep",0,0,NA,"SSL",0,0,200,77
"scenarioA","X_9","indep",0,0,NA,"SSL",0,0,200,77
"scenarioA","X_10","indep",0,0,NA,"SSL",0,0,200,77
"scenarioA","X_11","indep",0,0,NA,"SSL",0,0,200,77
"scenarioA","X_12","indep",0,0,NA,"SSL",0,0,200,77
"scenarioA","X_13","indep",0,0,NA,"SSL",0,0,200,77
"scenarioA","X_14","indep",0,0,NA,"SSL",0,0,200,77
"scenarioA","X_15","indep",0,0,NA,"SSL",0,0,200,77
"scenarioA","X_16","indep",0,0,NA,"SSL",0,0,200,77
"scenarioA","X_17","indep",0,0,NA,"SSL",0,0,200,77
"scenarioA","X_18","weak",0.3,0,NA,"SSL",0,0,200,77
"scenarioA","X_19","weak",0.3,0,NA,"SSL",0,0,200,77
"scenarioA","X_20","weak",0.3,0,NA,"SSL",0,0,200,77
"scenarioA","X_21","weak",0.3,0,NA,"SSL",0,0,200,77
"scenarioA","X_22","strong",0.6,0,NA,"SSL",0,0,200,77
"scenarioA","X_23","strong",0.6,0,NA,"SSL",0,0,200,77
"scenarioA","X_24","strong",0.6,0,NA,"SSL",0,0,200,77
"scenarioA","X_25","strong",0.6,0,NA,"SSL",0,0,200,77
"scenarioA","X_1","strong",0.6,0.4,0.428578188665581,"LASSO",0,-0.4,200,77
"scenarioA","X_2","strong",0.6,-0.5,-0.532409988192634,"LASSO",-0.13947388407936,0.36052611592064,200,77
"scenarioA","X_3","weak",0.3,0.6,0.707829077685895,"LASSO",0.455719093611577,-0.144280906388423,200,77
"scenarioA","X_4","weak",0.3,0.75,0.915014319258297,"LASSO",0.653688597752096,-0.0963114022479044,200,77
"scenarioA","X_5","indep",0,-0.8,-0.966082661025476,"LASSO",-0.63417487476441,0.16582512523559,200,77
"scenarioA","X_6","indep",0,0,NA,"LASSO",0,0,200,77
"scenarioA","X_7","indep",0,0,NA,"LASSO",0,0,200,77
"scenarioA","X_8","indep",0,0,NA,"LASSO",0,0,200,77
"scenarioA","X_9","indep",0,0,NA,"LASSO",0,0,200,77
"scenarioA","X_10","indep",0,0,NA,"LASSO",-0.021797297754116,-0.021797297754116,200,77
"scenarioA","X_11","indep",0,0,NA,"LASSO",0,0,200,77
"scenarioA","X_12","indep",0,0,NA,"LASSO",0,0,200,77
"scenarioA","X_13","indep",0,0,NA,"LASSO",0,0,200,77
"scenarioA","X_14","indep",0,0,NA,"LASSO",0,0,200,77
"scenarioA","X_15","indep",0,0,NA,"LASSO",0,0,200,77
"scenarioA","X_16","indep",0,0,NA,"LASSO",0,0,200,77
"scenarioA","X_17","indep",0,0,NA,"LASSO",0,0,200,77
"scenarioA","X_18","weak",0.3,0,NA,"LASSO",0,0,200,77
"scenarioA","X_19","weak",0.3,0,NA,"LASSO",0,0,200,77
"scenarioA","X_20","weak",0.3,0,NA,"LASSO",0,0,200,77
"scenarioA","X_21","weak",0.3,0,NA,"LASSO",0,0,200,77
"scenarioA","X_22","strong",0.6,0,NA,"LASSO",0,0,200,77
"scenarioA","X_23","strong",0.6,0,NA,"LASSO",0,0,200,77
"scenarioA","X_24","strong",0.6,0,NA,"LASSO",0,0,200,77
"scenarioA","X_25","strong",0.6,0,NA,"LASSO",0,0,200,77
"scenarioA","X_1","strong",0.6,0.4,0.601814533501187,"SSL",0.323114031499078,-0.0768859685009218,200,78
"scenarioA","X_2","strong",0.6,-0.5,-0.526135741962916,"SSL",-0.46271950659462,0.0372804934053796,200,78
"scenarioA","X_3","weak",0.3,0.6,0.717486547483315,"SSL",0.612635989415362,0.0126359894153618,200,78
"scenarioA","X_4","weak",0.3,0.75,0.761393259828922,"SSL",0.703738543197707,-0.0462614568022931,200,78
"scenarioA","X_5","indep",0,-0.8,-0.869202122887469,"SSL",-0.774389887490264,0.0256101125097361,200,78
"scenarioA","X_6","indep",0,0,NA,"SSL",0,0,200,78
"scenarioA","X_7","indep",0,0,NA,"SSL",0,0,200,78
"scenarioA","X_8","indep",0,0,NA,"SSL",0,0,200,78
"scenarioA","X_9","indep",0,0,NA,"SSL",0,0,200,78
"scenarioA","X_10","indep",0,0,NA,"SSL",0,0,200,78
"scenarioA","X_11","indep",0,0,NA,"SSL",0,0,200,78
"scenarioA","X_12","indep",0,0,NA,"SSL",0,0,200,78
"scenarioA","X_13","indep",0,0,NA,"SSL",0,0,200,78
"scenarioA","X_14","indep",0,0,NA,"SSL",0,0,200,78
"scenarioA","X_15","indep",0,0,NA,"SSL",0,0,200,78
"scenarioA","X_16","indep",0,0,NA,"SSL",0,0,200,78
"scenarioA","X_17","indep",0,0,NA,"SSL",0,0,200,78
"scenarioA","X_18","weak",0.3,0,NA,"SSL",0,0,200,78
"scenarioA","X_19","weak",0.3,0,NA,"SSL",0,0,200,78
"scenarioA","X_20","weak",0.3,0,NA,"SSL",0,0,200,78
"scenarioA","X_21","weak",0.3,0,NA,"SSL",0,0,200,78
"scenarioA","X_22","strong",0.6,0,NA,"SSL",0.269323320473161,0.269323320473161,200,78
"scenarioA","X_23","strong",0.6,0,NA,"SSL",0,0,200,78
"scenarioA","X_24","strong",0.6,0,NA,"SSL",0,0,200,78
"scenarioA","X_25","strong",0.6,0,NA,"SSL",0,0,200,78
"scenarioA","X_1","strong",0.6,0.4,0.601814533501187,"LASSO",0.110468973866184,-0.289531026133816,200,78
"scenarioA","X_2","strong",0.6,-0.5,-0.526135741962916,"LASSO",-0.175395235974887,0.324604764025113,200,78
"scenarioA","X_3","weak",0.3,0.6,0.717486547483315,"LASSO",0.446920927910339,-0.153079072089661,200,78
"scenarioA","X_4","weak",0.3,0.75,0.761393259828922,"LASSO",0.605651377881761,-0.144348622118239,200,78
"scenarioA","X_5","indep",0,-0.8,-0.869202122887469,"LASSO",-0.690830458451503,0.109169541548497,200,78
"scenarioA","X_6","indep",0,0,NA,"LASSO",0,0,200,78
"scenarioA","X_7","indep",0,0,NA,"LASSO",0,0,200,78
"scenarioA","X_8","indep",0,0,NA,"LASSO",0,0,200,78
"scenarioA","X_9","indep",0,0,NA,"LASSO",0,0,200,78
"scenarioA","X_10","indep",0,0,NA,"LASSO",0,0,200,78
"scenarioA","X_11","indep",0,0,NA,"LASSO",0,0,200,78
"scenarioA","X_12","indep",0,0,NA,"LASSO",0,0,200,78
"scenarioA","X_13","indep",0,0,NA,"LASSO",0,0,200,78
"scenarioA","X_14","indep",0,0,NA,"LASSO",0,0,200,78
"scenarioA","X_15","indep",0,0,NA,"LASSO",0,0,200,78
"scenarioA","X_16","indep",0,0,NA,"LASSO",0,0,200,78
"scenarioA","X_17","indep",0,0,NA,"LASSO",0,0,200,78
"scenarioA","X_18","weak",0.3,0,NA,"LASSO",0.0769159213722651,0.0769159213722651,200,78
"scenarioA","X_19","weak",0.3,0,NA,"LASSO",0,0,200,78
"scenarioA","X_20","weak",0.3,0,NA,"LASSO",0,0,200,78
"scenarioA","X_21","weak",0.3,0,NA,"LASSO",0,0,200,78
"scenarioA","X_22","strong",0.6,0,NA,"LASSO",0.0940940655696408,0.0940940655696408,200,78
"scenarioA","X_23","strong",0.6,0,NA,"LASSO",0,0,200,78
"scenarioA","X_24","strong",0.6,0,NA,"LASSO",0,0,200,78
"scenarioA","X_25","strong",0.6,0,NA,"LASSO",0,0,200,78
"scenarioA","X_1","strong",0.6,0.4,0.19099988566398,"SSL",0,-0.4,200,79
"scenarioA","X_2","strong",0.6,-0.5,-0.407996454886361,"SSL",0,0.5,200,79
"scenarioA","X_3","weak",0.3,0.6,0.731426913411534,"SSL",0.635056549995982,0.0350565499959822,200,79
"scenarioA","X_4","weak",0.3,0.75,0.920716365918872,"SSL",0.811413039726106,0.0614130397261061,200,79
"scenarioA","X_5","indep",0,-0.8,-0.819658109843593,"SSL",-0.724047979410118,0.0759520205898818,200,79
"scenarioA","X_6","indep",0,0,NA,"SSL",0,0,200,79
"scenarioA","X_7","indep",0,0,NA,"SSL",0,0,200,79
"scenarioA","X_8","indep",0,0,NA,"SSL",0,0,200,79
"scenarioA","X_9","indep",0,0,NA,"SSL",0,0,200,79
"scenarioA","X_10","indep",0,0,NA,"SSL",0,0,200,79
"scenarioA","X_11","indep",0,0,NA,"SSL",0,0,200,79
"scenarioA","X_12","indep",0,0,NA,"SSL",0,0,200,79
"scenarioA","X_13","indep",0,0,NA,"SSL",0,0,200,79
"scenarioA","X_14","indep",0,0,NA,"SSL",0,0,200,79
"scenarioA","X_15","indep",0,0,NA,"SSL",0,0,200,79
"scenarioA","X_16","indep",0,0,NA,"SSL",0,0,200,79
"scenarioA","X_17","indep",0,0,NA,"SSL",0,0,200,79
"scenarioA","X_18","weak",0.3,0,NA,"SSL",0,0,200,79
"scenarioA","X_19","weak",0.3,0,NA,"SSL",0,0,200,79
"scenarioA","X_20","weak",0.3,0,NA,"SSL",0,0,200,79
"scenarioA","X_21","weak",0.3,0,NA,"SSL",0,0,200,79
"scenarioA","X_22","strong",0.6,0,NA,"SSL",0,0,200,79
"scenarioA","X_23","strong",0.6,0,NA,"SSL",0,0,200,79
"scenarioA","X_24","strong",0.6,0,NA,"SSL",0,0,200,79
"scenarioA","X_25","strong",0.6,0,NA,"SSL",0,0,200,79
"scenarioA","X_1","strong",0.6,0.4,0.19099988566398,"LASSO",0,-0.4,200,79
"scenarioA","X_2","strong",0.6,-0.5,-0.407996454886361,"LASSO",-0.125765883829191,0.374234116170809,200,79
"scenarioA","X_3","weak",0.3,0.6,0.731426913411534,"LASSO",0.548551182339585,-0.0514488176604146,200,79
"scenarioA","X_4","weak",0.3,0.75,0.920716365918872,"LASSO",0.651644755398694,-0.0983552446013061,200,79
"scenarioA","X_5","indep",0,-0.8,-0.819658109843593,"LASSO",-0.591253433394995,0.208746566605005,200,79
"scenarioA","X_6","indep",0,0,NA,"LASSO",0,0,200,79
"scenarioA","X_7","indep",0,0,NA,"LASSO",0,0,200,79
"scenarioA","X_8","indep",0,0,NA,"LASSO",0,0,200,79
"scenarioA","X_9","indep",0,0,NA,"LASSO",0,0,200,79
"scenarioA","X_10","indep",0,0,NA,"LASSO",-0.0464071601856547,-0.0464071601856547,200,79
"scenarioA","X_11","indep",0,0,NA,"LASSO",0,0,200,79
"scenarioA","X_12","indep",0,0,NA,"LASSO",0,0,200,79
"scenarioA","X_13","indep",0,0,NA,"LASSO",0,0,200,79
"scenarioA","X_14","indep",0,0,NA,"LASSO",0,0,200,79
"scenarioA","X_15","indep",0,0,NA,"LASSO",0,0,200,79
"scenarioA","X_16","indep",0,0,NA,"LASSO",0,0,200,79
"scenarioA","X_17","indep",0,0,NA,"LASSO",0.0846276697564498,0.0846276697564498,200,79
"scenarioA","X_18","weak",0.3,0,NA,"LASSO",0,0,200,79
"scenarioA","X_19","weak",0.3,0,NA,"LASSO",0,0,200,79
"scenarioA","X_20","weak",0.3,0,NA,"LASSO",0,0,200,79
"scenarioA","X_21","weak",0.3,0,NA,"LASSO",0,0,200,79
"scenarioA","X_22","strong",0.6,0,NA,"LASSO",0,0,200,79
"scenarioA","X_23","strong",0.6,0,NA,"LASSO",0,0,200,79
"scenarioA","X_24","strong",0.6,0,NA,"LASSO",0,0,200,79
"scenarioA","X_25","strong",0.6,0,NA,"LASSO",0,0,200,79
"scenarioA","X_1","strong",0.6,0.4,0.48451709312664,"SSL",0.38053668799061,-0.0194633120093904,200,80
"scenarioA","X_2","strong",0.6,-0.5,-0.594289587785521,"SSL",-0.610018902814962,-0.110018902814962,200,80
"scenarioA","X_3","weak",0.3,0.6,0.812638322999792,"SSL",0.841964974899235,0.241964974899235,200,80
"scenarioA","X_4","weak",0.3,0.75,0.643055617252525,"SSL",0.603625055422984,-0.146374944577016,200,80
"scenarioA","X_5","indep",0,-0.8,-0.779936911082034,"SSL",-0.730346013085746,0.0696539869142545,200,80
"scenarioA","X_6","indep",0,0,NA,"SSL",0.147643739087987,0.147643739087987,200,80
"scenarioA","X_7","indep",0,0,NA,"SSL",0,0,200,80
"scenarioA","X_8","indep",0,0,NA,"SSL",0,0,200,80
"scenarioA","X_9","indep",0,0,NA,"SSL",0,0,200,80
"scenarioA","X_10","indep",0,0,NA,"SSL",-0.107759022737013,-0.107759022737013,200,80
"scenarioA","X_11","indep",0,0,NA,"SSL",-0.139133188987812,-0.139133188987812,200,80
"scenarioA","X_12","indep",0,0,NA,"SSL",0,0,200,80
"scenarioA","X_13","indep",0,0,NA,"SSL",0,0,200,80
"scenarioA","X_14","indep",0,0,NA,"SSL",-0.146887014063071,-0.146887014063071,200,80
"scenarioA","X_15","indep",0,0,NA,"SSL",0,0,200,80
"scenarioA","X_16","indep",0,0,NA,"SSL",0,0,200,80
"scenarioA","X_17","indep",0,0,NA,"SSL",0,0,200,80
"scenarioA","X_18","weak",0.3,0,NA,"SSL",0,0,200,80
"scenarioA","X_19","weak",0.3,0,NA,"SSL",0,0,200,80
"scenarioA","X_20","weak",0.3,0,NA,"SSL",0,0,200,80
"scenarioA","X_21","weak",0.3,0,NA,"SSL",0,0,200,80
"scenarioA","X_22","strong",0.6,0,NA,"SSL",0,0,200,80
"scenarioA","X_23","strong",0.6,0,NA,"SSL",0,0,200,80
"scenarioA","X_24","strong",0.6,0,NA,"SSL",0.247048068500319,0.247048068500319,200,80
"scenarioA","X_25","strong",0.6,0,NA,"SSL",0,0,200,80
"scenarioA","X_1","strong",0.6,0.4,0.48451709312664,"LASSO",0.0533913923659435,-0.346608607634056,200,80
"scenarioA","X_2","strong",0.6,-0.5,-0.594289587785521,"LASSO",-0.111366127847182,0.388633872152818,200,80
"scenarioA","X_3","weak",0.3,0.6,0.812638322999792,"LASSO",0.566600916521255,-0.033399083478745,200,80
"scenarioA","X_4","weak",0.3,0.75,0.643055617252525,"LASSO",0.424299812672393,-0.325700187327607,200,80
"scenarioA","X_5","indep",0,-0.8,-0.779936911082034,"LASSO",-0.465937923259176,0.334062076740824,200,80
"scenarioA","X_6","indep",0,0,NA,"LASSO",0,0,200,80
"scenarioA","X_7","indep",0,0,NA,"LASSO",0,0,200,80
"scenarioA","X_8","indep",0,0,NA,"LASSO",0,0,200,80
"scenarioA","X_9","indep",0,0,NA,"LASSO",0,0,200,80
"scenarioA","X_10","indep",0,0,NA,"LASSO",0,0,200,80
"scenarioA","X_11","indep",0,0,NA,"LASSO",0,0,200,80
"scenarioA","X_12","indep",0,0,NA,"LASSO",0,0,200,80
"scenarioA","X_13","indep",0,0,NA,"LASSO",0,0,200,80
"scenarioA","X_14","indep",0,0,NA,"LASSO",0,0,200,80
"scenarioA","X_15","indep",0,0,NA,"LASSO",0,0,200,80
"scenarioA","X_16","indep",0,0,NA,"LASSO",0,0,200,80
"scenarioA","X_17","indep",0,0,NA,"LASSO",0,0,200,80
"scenarioA","X_18","weak",0.3,0,NA,"LASSO",0,0,200,80
"scenarioA","X_19","weak",0.3,0,NA,"LASSO",0,0,200,80
"scenarioA","X_20","weak",0.3,0,NA,"LASSO",0,0,200,80
"scenarioA","X_21","weak",0.3,0,NA,"LASSO",0,0,200,80
"scenarioA","X_22","strong",0.6,0,NA,"LASSO",0,0,200,80
"scenarioA","X_23","strong",0.6,0,NA,"LASSO",0,0,200,80
"scenarioA","X_24","strong",0.6,0,NA,"LASSO",0,0,200,80
"scenarioA","X_25","strong",0.6,0,NA,"LASSO",0,0,200,80
"scenarioA","X_1","strong",0.6,0.4,0.386778569178256,"SSL",0.228849774028429,-0.171150225971571,200,81
"scenarioA","X_2","strong",0.6,-0.5,-0.556740356608331,"SSL",-0.854343480726189,-0.354343480726189,200,81
"scenarioA","X_3","weak",0.3,0.6,0.689064112081702,"SSL",0.751099691885919,0.151099691885919,200,81
"scenarioA","X_4","weak",0.3,0.75,0.597443474482598,"SSL",0.680339089434091,-0.0696609105659086,200,81
"scenarioA","X_5","indep",0,-0.8,-0.803517869896166,"SSL",-0.865409659790001,-0.0654096597900006,200,81
"scenarioA","X_6","indep",0,0,NA,"SSL",0,0,200,81
"scenarioA","X_7","indep",0,0,NA,"SSL",0,0,200,81
"scenarioA","X_8","indep",0,0,NA,"SSL",0,0,200,81
"scenarioA","X_9","indep",0,0,NA,"SSL",0.116063150221774,0.116063150221774,200,81
"scenarioA","X_10","indep",0,0,NA,"SSL",0,0,200,81
"scenarioA","X_11","indep",0,0,NA,"SSL",0.114247283829879,0.114247283829879,200,81
"scenarioA","X_12","indep",0,0,NA,"SSL",0.109673337975949,0.109673337975949,200,81
"scenarioA","X_13","indep",0,0,NA,"SSL",0,0,200,81
"scenarioA","X_14","indep",0,0,NA,"SSL",0.117198625989501,0.117198625989501,200,81
"scenarioA","X_15","indep",0,0,NA,"SSL",-0.133890172503132,-0.133890172503132,200,81
"scenarioA","X_16","indep",0,0,NA,"SSL",0,0,200,81
"scenarioA","X_17","indep",0,0,NA,"SSL",0,0,200,81
"scenarioA","X_18","weak",0.3,0,NA,"SSL",-0.0843833310999799,-0.0843833310999799,200,81
"scenarioA","X_19","weak",0.3,0,NA,"SSL",0,0,200,81
"scenarioA","X_20","weak",0.3,0,NA,"SSL",0.128715085363732,0.128715085363732,200,81
"scenarioA","X_21","weak",0.3,0,NA,"SSL",0,0,200,81
"scenarioA","X_22","strong",0.6,0,NA,"SSL",0,0,200,81
"scenarioA","X_23","strong",0.6,0,NA,"SSL",0.311968972300807,0.311968972300807,200,81
"scenarioA","X_24","strong",0.6,0,NA,"SSL",0,0,200,81
"scenarioA","X_25","strong",0.6,0,NA,"SSL",0.368128171576537,0.368128171576537,200,81
"scenarioA","X_1","strong",0.6,0.4,0.386778569178256,"LASSO",0,-0.4,200,81
"scenarioA","X_2","strong",0.6,-0.5,-0.556740356608331,"LASSO",-0.150177561362195,0.349822438637805,200,81
"scenarioA","X_3","weak",0.3,0.6,0.689064112081702,"LASSO",0.501287500842385,-0.0987124991576145,200,81
"scenarioA","X_4","weak",0.3,0.75,0.597443474482598,"LASSO",0.371200100462361,-0.378799899537639,200,81
"scenarioA","X_5","indep",0,-0.8,-0.803517869896166,"LASSO",-0.57253428820972,0.22746571179028,200,81
"scenarioA","X_6","indep",0,0,NA,"LASSO",0,0,200,81
"scenarioA","X_7","indep",0,0,NA,"LASSO",0,0,200,81
"scenarioA","X_8","indep",0,0,NA,"LASSO",0,0,200,81
"scenarioA","X_9","indep",0,0,NA,"LASSO",0,0,200,81
"scenarioA","X_10","indep",0,0,NA,"LASSO",0,0,200,81
"scenarioA","X_11","indep",0,0,NA,"LASSO",0,0,200,81
"scenarioA","X_12","indep",0,0,NA,"LASSO",0,0,200,81
"scenarioA","X_13","indep",0,0,NA,"LASSO",0,0,200,81
"scenarioA","X_14","indep",0,0,NA,"LASSO",0,0,200,81
"scenarioA","X_15","indep",0,0,NA,"LASSO",0,0,200,81
"scenarioA","X_16","indep",0,0,NA,"LASSO",0,0,200,81
"scenarioA","X_17","indep",0,0,NA,"LASSO",0,0,200,81
"scenarioA","X_18","weak",0.3,0,NA,"LASSO",0,0,200,81
"scenarioA","X_19","weak",0.3,0,NA,"LASSO",0,0,200,81
"scenarioA","X_20","weak",0.3,0,NA,"LASSO",0.0219143527903205,0.0219143527903205,200,81
"scenarioA","X_21","weak",0.3,0,NA,"LASSO",0,0,200,81
"scenarioA","X_22","strong",0.6,0,NA,"LASSO",0,0,200,81
"scenarioA","X_23","strong",0.6,0,NA,"LASSO",0.0674944073443783,0.0674944073443783,200,81
"scenarioA","X_24","strong",0.6,0,NA,"LASSO",0,0,200,81
"scenarioA","X_25","strong",0.6,0,NA,"LASSO",0,0,200,81
"scenarioA","X_1","strong",0.6,0.4,0.502951817798524,"SSL",0.744284593834428,0.344284593834428,200,82
"scenarioA","X_2","strong",0.6,-0.5,-0.498729320763469,"SSL",-0.300891408029091,0.199108591970909,200,82
"scenarioA","X_3","weak",0.3,0.6,0.596363015376619,"SSL",0.585291114877772,-0.0147088851222285,200,82
"scenarioA","X_4","weak",0.3,0.75,0.786412416087514,"SSL",0.747704162873279,-0.00229583712672099,200,82
"scenarioA","X_5","indep",0,-0.8,-0.794427767838213,"SSL",-0.835805498833879,-0.0358054988338794,200,82
"scenarioA","X_6","indep",0,0,NA,"SSL",0,0,200,82
"scenarioA","X_7","indep",0,0,NA,"SSL",0,0,200,82
"scenarioA","X_8","indep",0,0,NA,"SSL",0.19440399391923,0.19440399391923,200,82
"scenarioA","X_9","indep",0,0,NA,"SSL",0,0,200,82
"scenarioA","X_10","indep",0,0,NA,"SSL",0,0,200,82
"scenarioA","X_11","indep",0,0,NA,"SSL",-0.110580616745833,-0.110580616745833,200,82
"scenarioA","X_12","indep",0,0,NA,"SSL",-0.0825220009499937,-0.0825220009499937,200,82
"scenarioA","X_13","indep",0,0,NA,"SSL",0.113203755916744,0.113203755916744,200,82
"scenarioA","X_14","indep",0,0,NA,"SSL",0,0,200,82
"scenarioA","X_15","indep",0,0,NA,"SSL",-0.216519447582767,-0.216519447582767,200,82
"scenarioA","X_16","indep",0,0,NA,"SSL",-0.0851779940607511,-0.0851779940607511,200,82
"scenarioA","X_17","indep",0,0,NA,"SSL",0.123092742982795,0.123092742982795,200,82
"scenarioA","X_18","weak",0.3,0,NA,"SSL",0,0,200,82
"scenarioA","X_19","weak",0.3,0,NA,"SSL",0,0,200,82
"scenarioA","X_20","weak",0.3,0,NA,"SSL",0.0382476645394275,0.0382476645394275,200,82
"scenarioA","X_21","weak",0.3,0,NA,"SSL",0.231439265285304,0.231439265285304,200,82
"scenarioA","X_22","strong",0.6,0,NA,"SSL",-0.302811334378913,-0.302811334378913,200,82
"scenarioA","X_23","strong",0.6,0,NA,"SSL",0,0,200,82
"scenarioA","X_24","strong",0.6,0,NA,"SSL",-0.257788233893471,-0.257788233893471,200,82
"scenarioA","X_25","strong",0.6,0,NA,"SSL",0,0,200,82
"scenarioA","X_1","strong",0.6,0.4,0.502951817798524,"LASSO",0,-0.4,200,82
"scenarioA","X_2","strong",0.6,-0.5,-0.498729320763469,"LASSO",0,0.5,200,82
"scenarioA","X_3","weak",0.3,0.6,0.596363015376619,"LASSO",0.247645714363008,-0.352354285636992,200,82
"scenarioA","X_4","weak",0.3,0.75,0.786412416087514,"LASSO",0.551608070382949,-0.198391929617051,200,82
"scenarioA","X_5","indep",0,-0.8,-0.794427767838213,"LASSO",-0.453335116649642,0.346664883350358,200,82
"scenarioA","X_6","indep",0,0,NA,"LASSO",0,0,200,82
"scenarioA","X_7","indep",0,0,NA,"LASSO",0,0,200,82
"scenarioA","X_8","indep",0,0,NA,"LASSO",0,0,200,82
"scenarioA","X_9","indep",0,0,NA,"LASSO",0,0,200,82
"scenarioA","X_10","indep",0,0,NA,"LASSO",0,0,200,82
"scenarioA","X_11","indep",0,0,NA,"LASSO",0,0,200,82
"scenarioA","X_12","indep",0,0,NA,"LASSO",0,0,200,82
"scenarioA","X_13","indep",0,0,NA,"LASSO",0,0,200,82
"scenarioA","X_14","indep",0,0,NA,"LASSO",0,0,200,82
"scenarioA","X_15","indep",0,0,NA,"LASSO",0,0,200,82
"scenarioA","X_16","indep",0,0,NA,"LASSO",0,0,200,82
"scenarioA","X_17","indep",0,0,NA,"LASSO",0,0,200,82
"scenarioA","X_18","weak",0.3,0,NA,"LASSO",0,0,200,82
"scenarioA","X_19","weak",0.3,0,NA,"LASSO",0,0,200,82
"scenarioA","X_20","weak",0.3,0,NA,"LASSO",0,0,200,82
"scenarioA","X_21","weak",0.3,0,NA,"LASSO",0,0,200,82
"scenarioA","X_22","strong",0.6,0,NA,"LASSO",0,0,200,82
"scenarioA","X_23","strong",0.6,0,NA,"LASSO",0,0,200,82
"scenarioA","X_24","strong",0.6,0,NA,"LASSO",0,0,200,82
"scenarioA","X_25","strong",0.6,0,NA,"LASSO",0,0,200,82
"scenarioA","X_1","strong",0.6,0.4,0.186275027736658,"SSL",0,-0.4,200,83
"scenarioA","X_2","strong",0.6,-0.5,-0.469340917399476,"SSL",0,0.5,200,83
"scenarioA","X_3","weak",0.3,0.6,0.757073731558882,"SSL",0.669753724665216,0.0697537246652162,200,83
"scenarioA","X_4","weak",0.3,0.75,0.899803058553246,"SSL",0.800326748341178,0.0503267483411783,200,83
"scenarioA","X_5","indep",0,-0.8,-0.991535904510487,"SSL",-0.909392418520728,-0.109392418520728,200,83
"scenarioA","X_6","indep",0,0,NA,"SSL",0,0,200,83
"scenarioA","X_7","indep",0,0,NA,"SSL",0,0,200,83
"scenarioA","X_8","indep",0,0,NA,"SSL",0,0,200,83
"scenarioA","X_9","indep",0,0,NA,"SSL",0,0,200,83
"scenarioA","X_10","indep",0,0,NA,"SSL",0,0,200,83
"scenarioA","X_11","indep",0,0,NA,"SSL",0,0,200,83
"scenarioA","X_12","indep",0,0,NA,"SSL",0,0,200,83
"scenarioA","X_13","indep",0,0,NA,"SSL",0,0,200,83
"scenarioA","X_14","indep",0,0,NA,"SSL",0,0,200,83
"scenarioA","X_15","indep",0,0,NA,"SSL",0,0,200,83
"scenarioA","X_16","indep",0,0,NA,"SSL",0,0,200,83
"scenarioA","X_17","indep",0,0,NA,"SSL",0,0,200,83
"scenarioA","X_18","weak",0.3,0,NA,"SSL",0,0,200,83
"scenarioA","X_19","weak",0.3,0,NA,"SSL",0,0,200,83
"scenarioA","X_20","weak",0.3,0,NA,"SSL",0,0,200,83
"scenarioA","X_21","weak",0.3,0,NA,"SSL",0,0,200,83
"scenarioA","X_22","strong",0.6,0,NA,"SSL",0,0,200,83
"scenarioA","X_23","strong",0.6,0,NA,"SSL",0,0,200,83
"scenarioA","X_24","strong",0.6,0,NA,"SSL",0,0,200,83
"scenarioA","X_25","strong",0.6,0,NA,"SSL",0,0,200,83
"scenarioA","X_1","strong",0.6,0.4,0.186275027736658,"LASSO",0,-0.4,200,83
"scenarioA","X_2","strong",0.6,-0.5,-0.469340917399476,"LASSO",-0.0649295141429432,0.435070485857057,200,83
"scenarioA","X_3","weak",0.3,0.6,0.757073731558882,"LASSO",0.515957250878415,-0.0840427491215845,200,83
"scenarioA","X_4","weak",0.3,0.75,0.899803058553246,"LASSO",0.637259470433563,-0.112740529566437,200,83
"scenarioA","X_5","indep",0,-0.8,-0.991535904510487,"LASSO",-0.695097187702363,0.104902812297637,200,83
"scenarioA","X_6","indep",0,0,NA,"LASSO",0,0,200,83
"scenarioA","X_7","indep",0,0,NA,"LASSO",0,0,200,83
"scenarioA","X_8","indep",0,0,NA,"LASSO",0,0,200,83
"scenarioA","X_9","indep",0,0,NA,"LASSO",0,0,200,83
"scenarioA","X_10","indep",0,0,NA,"LASSO",0,0,200,83
"scenarioA","X_11","indep",0,0,NA,"LASSO",0,0,200,83
"scenarioA","X_12","indep",0,0,NA,"LASSO",0,0,200,83
"scenarioA","X_13","indep",0,0,NA,"LASSO",0,0,200,83
"scenarioA","X_14","indep",0,0,NA,"LASSO",0,0,200,83
"scenarioA","X_15","indep",0,0,NA,"LASSO",0,0,200,83
"scenarioA","X_16","indep",0,0,NA,"LASSO",0,0,200,83
"scenarioA","X_17","indep",0,0,NA,"LASSO",0,0,200,83
"scenarioA","X_18","weak",0.3,0,NA,"LASSO",0,0,200,83
"scenarioA","X_19","weak",0.3,0,NA,"LASSO",0,0,200,83
"scenarioA","X_20","weak",0.3,0,NA,"LASSO",0,0,200,83
"scenarioA","X_21","weak",0.3,0,NA,"LASSO",0,0,200,83
"scenarioA","X_22","strong",0.6,0,NA,"LASSO",0,0,200,83
"scenarioA","X_23","strong",0.6,0,NA,"LASSO",0,0,200,83
"scenarioA","X_24","strong",0.6,0,NA,"LASSO",0,0,200,83
"scenarioA","X_25","strong",0.6,0,NA,"LASSO",0,0,200,83
"scenarioA","X_1","strong",0.6,0.4,0.249534267867667,"SSL",0,-0.4,200,84
"scenarioA","X_2","strong",0.6,-0.5,-0.492624552808832,"SSL",-0.299428365965131,0.200571634034869,200,84
"scenarioA","X_3","weak",0.3,0.6,0.369408081481465,"SSL",0.269584670100819,-0.330415329899181,200,84
"scenarioA","X_4","weak",0.3,0.75,0.834791741963172,"SSL",0.762925148442864,0.0129251484428635,200,84
"scenarioA","X_5","indep",0,-0.8,-0.622423337124857,"SSL",-0.520782763460417,0.279217236539583,200,84
"scenarioA","X_6","indep",0,0,NA,"SSL",0,0,200,84
"scenarioA","X_7","indep",0,0,NA,"SSL",0,0,200,84
"scenarioA","X_8","indep",0,0,NA,"SSL",0,0,200,84
"scenarioA","X_9","indep",0,0,NA,"SSL",0,0,200,84
"scenarioA","X_10","indep",0,0,NA,"SSL",0,0,200,84
"scenarioA","X_11","indep",0,0,NA,"SSL",0,0,200,84
"scenarioA","X_12","indep",0,0,NA,"SSL",0,0,200,84
"scenarioA","X_13","indep",0,0,NA,"SSL",0,0,200,84
"scenarioA","X_14","indep",0,0,NA,"SSL",0,0,200,84
"scenarioA","X_15","indep",0,0,NA,"SSL",0,0,200,84
"scenarioA","X_16","indep",0,0,NA,"SSL",0,0,200,84
"scenarioA","X_17","indep",0,0,NA,"SSL",0,0,200,84
"scenarioA","X_18","weak",0.3,0,NA,"SSL",0,0,200,84
"scenarioA","X_19","weak",0.3,0,NA,"SSL",0,0,200,84
"scenarioA","X_20","weak",0.3,0,NA,"SSL",0,0,200,84
"scenarioA","X_21","weak",0.3,0,NA,"SSL",0,0,200,84
"scenarioA","X_22","strong",0.6,0,NA,"SSL",0,0,200,84
"scenarioA","X_23","strong",0.6,0,NA,"SSL",0,0,200,84
"scenarioA","X_24","strong",0.6,0,NA,"SSL",0,0,200,84
"scenarioA","X_25","strong",0.6,0,NA,"SSL",0,0,200,84
"scenarioA","X_1","strong",0.6,0.4,0.249534267867667,"LASSO",0,-0.4,200,84
"scenarioA","X_2","strong",0.6,-0.5,-0.492624552808832,"LASSO",-0.181531352127369,0.318468647872631,200,84
"scenarioA","X_3","weak",0.3,0.6,0.369408081481465,"LASSO",0.154284111588153,-0.445715888411847,200,84
"scenarioA","X_4","weak",0.3,0.75,0.834791741963172,"LASSO",0.629455647546428,-0.120544352453572,200,84
"scenarioA","X_5","indep",0,-0.8,-0.622423337124857,"LASSO",-0.359093721516334,0.440906278483666,200,84
"scenarioA","X_6","indep",0,0,NA,"LASSO",0,0,200,84
"scenarioA","X_7","indep",0,0,NA,"LASSO",0,0,200,84
"scenarioA","X_8","indep",0,0,NA,"LASSO",0,0,200,84
"scenarioA","X_9","indep",0,0,NA,"LASSO",0,0,200,84
"scenarioA","X_10","indep",0,0,NA,"LASSO",0,0,200,84
"scenarioA","X_11","indep",0,0,NA,"LASSO",0,0,200,84
"scenarioA","X_12","indep",0,0,NA,"LASSO",0,0,200,84
"scenarioA","X_13","indep",0,0,NA,"LASSO",0,0,200,84
"scenarioA","X_14","indep",0,0,NA,"LASSO",0,0,200,84
"scenarioA","X_15","indep",0,0,NA,"LASSO",0,0,200,84
"scenarioA","X_16","indep",0,0,NA,"LASSO",0,0,200,84
"scenarioA","X_17","indep",0,0,NA,"LASSO",0,0,200,84
"scenarioA","X_18","weak",0.3,0,NA,"LASSO",0,0,200,84
"scenarioA","X_19","weak",0.3,0,NA,"LASSO",0,0,200,84
"scenarioA","X_20","weak",0.3,0,NA,"LASSO",0,0,200,84
"scenarioA","X_21","weak",0.3,0,NA,"LASSO",0,0,200,84
"scenarioA","X_22","strong",0.6,0,NA,"LASSO",0,0,200,84
"scenarioA","X_23","strong",0.6,0,NA,"LASSO",0,0,200,84
"scenarioA","X_24","strong",0.6,0,NA,"LASSO",0,0,200,84
"scenarioA","X_25","strong",0.6,0,NA,"LASSO",0,0,200,84
"scenarioA","X_1","strong",0.6,0.4,0.389301420718648,"SSL",0,-0.4,200,85
"scenarioA","X_2","strong",0.6,-0.5,-0.180672429245139,"SSL",0,0.5,200,85
"scenarioA","X_3","weak",0.3,0.6,0.579458062617831,"SSL",0.440684618705079,-0.159315381294921,200,85
"scenarioA","X_4","weak",0.3,0.75,0.86337329378627,"SSL",0.788851300135558,0.0388513001355578,200,85
"scenarioA","X_5","indep",0,-0.8,-0.750941886742579,"SSL",-0.628175072749543,0.171824927250457,200,85
"scenarioA","X_6","indep",0,0,NA,"SSL",0,0,200,85
"scenarioA","X_7","indep",0,0,NA,"SSL",0,0,200,85
"scenarioA","X_8","indep",0,0,NA,"SSL",0,0,200,85
"scenarioA","X_9","indep",0,0,NA,"SSL",0,0,200,85
"scenarioA","X_10","indep",0,0,NA,"SSL",0,0,200,85
"scenarioA","X_11","indep",0,0,NA,"SSL",0,0,200,85
"scenarioA","X_12","indep",0,0,NA,"SSL",0,0,200,85
"scenarioA","X_13","indep",0,0,NA,"SSL",0,0,200,85
"scenarioA","X_14","indep",0,0,NA,"SSL",0,0,200,85
"scenarioA","X_15","indep",0,0,NA,"SSL",0,0,200,85
"scenarioA","X_16","indep",0,0,NA,"SSL",0,0,200,85
"scenarioA","X_17","indep",0,0,NA,"SSL",0,0,200,85
"scenarioA","X_18","weak",0.3,0,NA,"SSL",0,0,200,85
"scenarioA","X_19","weak",0.3,0,NA,"SSL",0,0,200,85
"scenarioA","X_20","weak",0.3,0,NA,"SSL",0,0,200,85
"scenarioA","X_21","weak",0.3,0,NA,"SSL",0,0,200,85
"scenarioA","X_22","strong",0.6,0,NA,"SSL",0,0,200,85
"scenarioA","X_23","strong",0.6,0,NA,"SSL",0,0,200,85
"scenarioA","X_24","strong",0.6,0,NA,"SSL",0,0,200,85
"scenarioA","X_25","strong",0.6,0,NA,"SSL",0,0,200,85
"scenarioA","X_1","strong",0.6,0.4,0.389301420718648,"LASSO",0.131184142994912,-0.268815857005088,200,85
"scenarioA","X_2","strong",0.6,-0.5,-0.180672429245139,"LASSO",0,0.5,200,85
"scenarioA","X_3","weak",0.3,0.6,0.579458062617831,"LASSO",0.375617125600339,-0.224382874399661,200,85
"scenarioA","X_4","weak",0.3,0.75,0.86337329378627,"LASSO",0.592916449408246,-0.157083550591754,200,85
"scenarioA","X_5","indep",0,-0.8,-0.750941886742579,"LASSO",-0.507999377970986,0.292000622029014,200,85
"scenarioA","X_6","indep",0,0,NA,"LASSO",0,0,200,85
"scenarioA","X_7","indep",0,0,NA,"LASSO",0,0,200,85
"scenarioA","X_8","indep",0,0,NA,"LASSO",0,0,200,85
"scenarioA","X_9","indep",0,0,NA,"LASSO",0,0,200,85
"scenarioA","X_10","indep",0,0,NA,"LASSO",0,0,200,85
"scenarioA","X_11","indep",0,0,NA,"LASSO",0,0,200,85
"scenarioA","X_12","indep",0,0,NA,"LASSO",0,0,200,85
"scenarioA","X_13","indep",0,0,NA,"LASSO",0,0,200,85
"scenarioA","X_14","indep",0,0,NA,"LASSO",0,0,200,85
"scenarioA","X_15","indep",0,0,NA,"LASSO",0.0511685263474149,0.0511685263474149,200,85
"scenarioA","X_16","indep",0,0,NA,"LASSO",0,0,200,85
"scenarioA","X_17","indep",0,0,NA,"LASSO",0,0,200,85
"scenarioA","X_18","weak",0.3,0,NA,"LASSO",0.0235604616768544,0.0235604616768544,200,85
"scenarioA","X_19","weak",0.3,0,NA,"LASSO",0,0,200,85
"scenarioA","X_20","weak",0.3,0,NA,"LASSO",0.0429320796728152,0.0429320796728152,200,85
"scenarioA","X_21","weak",0.3,0,NA,"LASSO",0,0,200,85
"scenarioA","X_22","strong",0.6,0,NA,"LASSO",0,0,200,85
"scenarioA","X_23","strong",0.6,0,NA,"LASSO",0,0,200,85
"scenarioA","X_24","strong",0.6,0,NA,"LASSO",0,0,200,85
"scenarioA","X_25","strong",0.6,0,NA,"LASSO",0,0,200,85
"scenarioA","X_1","strong",0.6,0.4,0.381149207999453,"SSL",0,-0.4,200,86
"scenarioA","X_2","strong",0.6,-0.5,-0.4868628619825,"SSL",-0.215526736970498,0.284473263029502,200,86
"scenarioA","X_3","weak",0.3,0.6,0.770293150860427,"SSL",0.652719518416635,0.0527195184166346,200,86
"scenarioA","X_4","weak",0.3,0.75,0.566009852563521,"SSL",0.432272026945199,-0.317727973054801,200,86
"scenarioA","X_5","indep",0,-0.8,-0.837948778032515,"SSL",-0.692417511774962,0.107582488225038,200,86
"scenarioA","X_6","indep",0,0,NA,"SSL",0,0,200,86
"scenarioA","X_7","indep",0,0,NA,"SSL",0,0,200,86
"scenarioA","X_8","indep",0,0,NA,"SSL",0,0,200,86
"scenarioA","X_9","indep",0,0,NA,"SSL",0,0,200,86
"scenarioA","X_10","indep",0,0,NA,"SSL",0,0,200,86
"scenarioA","X_11","indep",0,0,NA,"SSL",0,0,200,86
"scenarioA","X_12","indep",0,0,NA,"SSL",0,0,200,86
"scenarioA","X_13","indep",0,0,NA,"SSL",0.165371165438468,0.165371165438468,200,86
"scenarioA","X_14","indep",0,0,NA,"SSL",0,0,200,86
"scenarioA","X_15","indep",0,0,NA,"SSL",0,0,200,86
"scenarioA","X_16","indep",0,0,NA,"SSL",0,0,200,86
"scenarioA","X_17","indep",0,0,NA,"SSL",-0.307390286062277,-0.307390286062277,200,86
"scenarioA","X_18","weak",0.3,0,NA,"SSL",0,0,200,86
"scenarioA","X_19","weak",0.3,0,NA,"SSL",0.171035279477572,0.171035279477572,200,86
"scenarioA","X_20","weak",0.3,0,NA,"SSL",0,0,200,86
"scenarioA","X_21","weak",0.3,0,NA,"SSL",0,0,200,86
"scenarioA","X_22","strong",0.6,0,NA,"SSL",0,0,200,86
"scenarioA","X_23","strong",0.6,0,NA,"SSL",0,0,200,86
"scenarioA","X_24","strong",0.6,0,NA,"SSL",0,0,200,86
"scenarioA","X_25","strong",0.6,0,NA,"SSL",0,0,200,86
"scenarioA","X_1","strong",0.6,0.4,0.381149207999453,"LASSO",0,-0.4,200,86
"scenarioA","X_2","strong",0.6,-0.5,-0.4868628619825,"LASSO",-0.0346454119177604,0.46535458808224,200,86
"scenarioA","X_3","weak",0.3,0.6,0.770293150860427,"LASSO",0.527075122082271,-0.0729248779177293,200,86
"scenarioA","X_4","weak",0.3,0.75,0.566009852563521,"LASSO",0.270349824181654,-0.479650175818346,200,86
"scenarioA","X_5","indep",0,-0.8,-0.837948778032515,"LASSO",-0.509313654157653,0.290686345842347,200,86
"scenarioA","X_6","indep",0,0,NA,"LASSO",0,0,200,86
"scenarioA","X_7","indep",0,0,NA,"LASSO",0,0,200,86
"scenarioA","X_8","indep",0,0,NA,"LASSO",0,0,200,86
"scenarioA","X_9","indep",0,0,NA,"LASSO",0,0,200,86
"scenarioA","X_10","indep",0,0,NA,"LASSO",0,0,200,86
"scenarioA","X_11","indep",0,0,NA,"LASSO",0,0,200,86
"scenarioA","X_12","indep",0,0,NA,"LASSO",0,0,200,86
"scenarioA","X_13","indep",0,0,NA,"LASSO",0,0,200,86
"scenarioA","X_14","indep",0,0,NA,"LASSO",0,0,200,86
"scenarioA","X_15","indep",0,0,NA,"LASSO",0,0,200,86
"scenarioA","X_16","indep",0,0,NA,"LASSO",0,0,200,86
"scenarioA","X_17","indep",0,0,NA,"LASSO",-0.107791937693241,-0.107791937693241,200,86
"scenarioA","X_18","weak",0.3,0,NA,"LASSO",0,0,200,86
"scenarioA","X_19","weak",0.3,0,NA,"LASSO",0.100051317655546,0.100051317655546,200,86
"scenarioA","X_20","weak",0.3,0,NA,"LASSO",0,0,200,86
"scenarioA","X_21","weak",0.3,0,NA,"LASSO",0,0,200,86
"scenarioA","X_22","strong",0.6,0,NA,"LASSO",0,0,200,86
"scenarioA","X_23","strong",0.6,0,NA,"LASSO",0,0,200,86
"scenarioA","X_24","strong",0.6,0,NA,"LASSO",0,0,200,86
"scenarioA","X_25","strong",0.6,0,NA,"LASSO",0,0,200,86
"scenarioA","X_1","strong",0.6,0.4,0.378103672119454,"SSL",0.17695882365979,-0.22304117634021,200,87
"scenarioA","X_2","strong",0.6,-0.5,-0.642429572935037,"SSL",-0.454847540655089,0.0451524593449106,200,87
"scenarioA","X_3","weak",0.3,0.6,0.723764711022578,"SSL",0.635696373914759,0.035696373914759,200,87
"scenarioA","X_4","weak",0.3,0.75,0.929156593933076,"SSL",0.860338988466336,0.110338988466336,200,87
"scenarioA","X_5","indep",0,-0.8,-0.664376817194433,"SSL",-0.538328422457567,0.261671577542434,200,87
"scenarioA","X_6","indep",0,0,NA,"SSL",0.0953980246747056,0.0953980246747056,200,87
"scenarioA","X_7","indep",0,0,NA,"SSL",0,0,200,87
"scenarioA","X_8","indep",0,0,NA,"SSL",0,0,200,87
"scenarioA","X_9","indep",0,0,NA,"SSL",0,0,200,87
"scenarioA","X_10","indep",0,0,NA,"SSL",0,0,200,87
"scenarioA","X_11","indep",0,0,NA,"SSL",0,0,200,87
"scenarioA","X_12","indep",0,0,NA,"SSL",-0.13942010905282,-0.13942010905282,200,87
"scenarioA","X_13","indep",0,0,NA,"SSL",0,0,200,87
"scenarioA","X_14","indep",0,0,NA,"SSL",0,0,200,87
"scenarioA","X_15","indep",0,0,NA,"SSL",0,0,200,87
"scenarioA","X_16","indep",0,0,NA,"SSL",0,0,200,87
"scenarioA","X_17","indep",0,0,NA,"SSL",0,0,200,87
"scenarioA","X_18","weak",0.3,0,NA,"SSL",0,0,200,87
"scenarioA","X_19","weak",0.3,0,NA,"SSL",0,0,200,87
"scenarioA","X_20","weak",0.3,0,NA,"SSL",0,0,200,87
"scenarioA","X_21","weak",0.3,0,NA,"SSL",0,0,200,87
"scenarioA","X_22","strong",0.6,0,NA,"SSL",0,0,200,87
"scenarioA","X_23","strong",0.6,0,NA,"SSL",0,0,200,87
"scenarioA","X_24","strong",0.6,0,NA,"SSL",0,0,200,87
"scenarioA","X_25","strong",0.6,0,NA,"SSL",0,0,200,87
"scenarioA","X_1","strong",0.6,0.4,0.378103672119454,"LASSO",0,-0.4,200,87
"scenarioA","X_2","strong",0.6,-0.5,-0.642429572935037,"LASSO",-0.19865380173984,0.30134619826016,200,87
"scenarioA","X_3","weak",0.3,0.6,0.723764711022578,"LASSO",0.4648467424935,-0.1351532575065,200,87
"scenarioA","X_4","weak",0.3,0.75,0.929156593933076,"LASSO",0.681756715815199,-0.0682432841848014,200,87
"scenarioA","X_5","indep",0,-0.8,-0.664376817194433,"LASSO",-0.355029584119859,0.444970415880141,200,87
"scenarioA","X_6","indep",0,0,NA,"LASSO",0,0,200,87
"scenarioA","X_7","indep",0,0,NA,"LASSO",0,0,200,87
"scenarioA","X_8","indep",0,0,NA,"LASSO",0,0,200,87
"scenarioA","X_9","indep",0,0,NA,"LASSO",0,0,200,87
"scenarioA","X_10","indep",0,0,NA,"LASSO",0,0,200,87
"scenarioA","X_11","indep",0,0,NA,"LASSO",0,0,200,87
"scenarioA","X_12","indep",0,0,NA,"LASSO",-0.074213816422985,-0.074213816422985,200,87
"scenarioA","X_13","indep",0,0,NA,"LASSO",0,0,200,87
"scenarioA","X_14","indep",0,0,NA,"LASSO",0,0,200,87
"scenarioA","X_15","indep",0,0,NA,"LASSO",0,0,200,87
"scenarioA","X_16","indep",0,0,NA,"LASSO",0,0,200,87
"scenarioA","X_17","indep",0,0,NA,"LASSO",0,0,200,87
"scenarioA","X_18","weak",0.3,0,NA,"LASSO",0,0,200,87
"scenarioA","X_19","weak",0.3,0,NA,"LASSO",0,0,200,87
"scenarioA","X_20","weak",0.3,0,NA,"LASSO",0,0,200,87
"scenarioA","X_21","weak",0.3,0,NA,"LASSO",0,0,200,87
"scenarioA","X_22","strong",0.6,0,NA,"LASSO",0,0,200,87
"scenarioA","X_23","strong",0.6,0,NA,"LASSO",0,0,200,87
"scenarioA","X_24","strong",0.6,0,NA,"LASSO",0,0,200,87
"scenarioA","X_25","strong",0.6,0,NA,"LASSO",0,0,200,87
"scenarioA","X_1","strong",0.6,0.4,0.483140171292043,"SSL",0,-0.4,200,88
"scenarioA","X_2","strong",0.6,-0.5,-0.74776218588854,"SSL",-0.324467028572133,0.175532971427867,200,88
"scenarioA","X_3","weak",0.3,0.6,0.68642668230672,"SSL",0.566179709164186,-0.0338202908358144,200,88
"scenarioA","X_4","weak",0.3,0.75,0.818936030246731,"SSL",0.669664203677276,-0.080335796322724,200,88
"scenarioA","X_5","indep",0,-0.8,-1.23400460769193,"SSL",-0.990116105031197,-0.190116105031197,200,88
"scenarioA","X_6","indep",0,0,NA,"SSL",0,0,200,88
"scenarioA","X_7","indep",0,0,NA,"SSL",0,0,200,88
"scenarioA","X_8","indep",0,0,NA,"SSL",0,0,200,88
"scenarioA","X_9","indep",0,0,NA,"SSL",0,0,200,88
"scenarioA","X_10","indep",0,0,NA,"SSL",0,0,200,88
"scenarioA","X_11","indep",0,0,NA,"SSL",0,0,200,88
"scenarioA","X_12","indep",0,0,NA,"SSL",0,0,200,88
"scenarioA","X_13","indep",0,0,NA,"SSL",0,0,200,88
"scenarioA","X_14","indep",0,0,NA,"SSL",0,0,200,88
"scenarioA","X_15","indep",0,0,NA,"SSL",0,0,200,88
"scenarioA","X_16","indep",0,0,NA,"SSL",0,0,200,88
"scenarioA","X_17","indep",0,0,NA,"SSL",0,0,200,88
"scenarioA","X_18","weak",0.3,0,NA,"SSL",0,0,200,88
"scenarioA","X_19","weak",0.3,0,NA,"SSL",0,0,200,88
"scenarioA","X_20","weak",0.3,0,NA,"SSL",0,0,200,88
"scenarioA","X_21","weak",0.3,0,NA,"SSL",0,0,200,88
"scenarioA","X_22","strong",0.6,0,NA,"SSL",0,0,200,88
"scenarioA","X_23","strong",0.6,0,NA,"SSL",0,0,200,88
"scenarioA","X_24","strong",0.6,0,NA,"SSL",0,0,200,88
"scenarioA","X_25","strong",0.6,0,NA,"SSL",0,0,200,88
"scenarioA","X_1","strong",0.6,0.4,0.483140171292043,"LASSO",0,-0.4,200,88
"scenarioA","X_2","strong",0.6,-0.5,-0.74776218588854,"LASSO",-0.218349623056017,0.281650376943983,200,88
"scenarioA","X_3","weak",0.3,0.6,0.68642668230672,"LASSO",0.460126962866995,-0.139873037133005,200,88
"scenarioA","X_4","weak",0.3,0.75,0.818936030246731,"LASSO",0.547172581696061,-0.202827418303939,200,88
"scenarioA","X_5","indep",0,-0.8,-1.23400460769193,"LASSO",-0.812174548106877,-0.012174548106877,200,88
"scenarioA","X_6","indep",0,0,NA,"LASSO",0,0,200,88
"scenarioA","X_7","indep",0,0,NA,"LASSO",0,0,200,88
"scenarioA","X_8","indep",0,0,NA,"LASSO",0,0,200,88
"scenarioA","X_9","indep",0,0,NA,"LASSO",0.0899023870640535,0.0899023870640535,200,88
"scenarioA","X_10","indep",0,0,NA,"LASSO",0,0,200,88
"scenarioA","X_11","indep",0,0,NA,"LASSO",0,0,200,88
"scenarioA","X_12","indep",0,0,NA,"LASSO",0,0,200,88
"scenarioA","X_13","indep",0,0,NA,"LASSO",0.0624454836291287,0.0624454836291287,200,88
"scenarioA","X_14","indep",0,0,NA,"LASSO",0,0,200,88
"scenarioA","X_15","indep",0,0,NA,"LASSO",0,0,200,88
"scenarioA","X_16","indep",0,0,NA,"LASSO",0,0,200,88
"scenarioA","X_17","indep",0,0,NA,"LASSO",0,0,200,88
"scenarioA","X_18","weak",0.3,0,NA,"LASSO",0,0,200,88
"scenarioA","X_19","weak",0.3,0,NA,"LASSO",0.0380449236257062,0.0380449236257062,200,88
"scenarioA","X_20","weak",0.3,0,NA,"LASSO",0.0137381183154086,0.0137381183154086,200,88
"scenarioA","X_21","weak",0.3,0,NA,"LASSO",0,0,200,88
"scenarioA","X_22","strong",0.6,0,NA,"LASSO",0,0,200,88
"scenarioA","X_23","strong",0.6,0,NA,"LASSO",0,0,200,88
"scenarioA","X_24","strong",0.6,0,NA,"LASSO",0,0,200,88
"scenarioA","X_25","strong",0.6,0,NA,"LASSO",0,0,200,88
"scenarioA","X_1","strong",0.6,0.4,0.195371973017558,"SSL",0,-0.4,200,89
"scenarioA","X_2","strong",0.6,-0.5,-0.327177043289113,"SSL",0,0.5,200,89
"scenarioA","X_3","weak",0.3,0.6,0.696939017028765,"SSL",0.617887724956913,0.017887724956913,200,89
"scenarioA","X_4","weak",0.3,0.75,0.743576822278727,"SSL",0.636709081019672,-0.113290918980328,200,89
"scenarioA","X_5","indep",0,-0.8,-0.726785978162044,"SSL",-0.66086213442393,0.13913786557607,200,89
"scenarioA","X_6","indep",0,0,NA,"SSL",0,0,200,89
"scenarioA","X_7","indep",0,0,NA,"SSL",0,0,200,89
"scenarioA","X_8","indep",0,0,NA,"SSL",0,0,200,89
"scenarioA","X_9","indep",0,0,NA,"SSL",0,0,200,89
"scenarioA","X_10","indep",0,0,NA,"SSL",0,0,200,89
"scenarioA","X_11","indep",0,0,NA,"SSL",0,0,200,89
"scenarioA","X_12","indep",0,0,NA,"SSL",0,0,200,89
"scenarioA","X_13","indep",0,0,NA,"SSL",0,0,200,89
"scenarioA","X_14","indep",0,0,NA,"SSL",0,0,200,89
"scenarioA","X_15","indep",0,0,NA,"SSL",0,0,200,89
"scenarioA","X_16","indep",0,0,NA,"SSL",0,0,200,89
"scenarioA","X_17","indep",0,0,NA,"SSL",0,0,200,89
"scenarioA","X_18","weak",0.3,0,NA,"SSL",0,0,200,89
"scenarioA","X_19","weak",0.3,0,NA,"SSL",0,0,200,89
"scenarioA","X_20","weak",0.3,0,NA,"SSL",0,0,200,89
"scenarioA","X_21","weak",0.3,0,NA,"SSL",0,0,200,89
"scenarioA","X_22","strong",0.6,0,NA,"SSL",0,0,200,89
"scenarioA","X_23","strong",0.6,0,NA,"SSL",0,0,200,89
"scenarioA","X_24","strong",0.6,0,NA,"SSL",0,0,200,89
"scenarioA","X_25","strong",0.6,0,NA,"SSL",0,0,200,89
"scenarioA","X_1","strong",0.6,0.4,0.195371973017558,"LASSO",0,-0.4,200,89
"scenarioA","X_2","strong",0.6,-0.5,-0.327177043289113,"LASSO",0,0.5,200,89
"scenarioA","X_3","weak",0.3,0.6,0.696939017028765,"LASSO",0.434605001663667,-0.165394998336333,200,89
"scenarioA","X_4","weak",0.3,0.75,0.743576822278727,"LASSO",0.456019717681025,-0.293980282318975,200,89
"scenarioA","X_5","indep",0,-0.8,-0.726785978162044,"LASSO",-0.45774553091439,0.34225446908561,200,89
"scenarioA","X_6","indep",0,0,NA,"LASSO",0,0,200,89
"scenarioA","X_7","indep",0,0,NA,"LASSO",0,0,200,89
"scenarioA","X_8","indep",0,0,NA,"LASSO",0,0,200,89
"scenarioA","X_9","indep",0,0,NA,"LASSO",0,0,200,89
"scenarioA","X_10","indep",0,0,NA,"LASSO",0,0,200,89
"scenarioA","X_11","indep",0,0,NA,"LASSO",0,0,200,89
"scenarioA","X_12","indep",0,0,NA,"LASSO",0,0,200,89
"scenarioA","X_13","indep",0,0,NA,"LASSO",0,0,200,89
"scenarioA","X_14","indep",0,0,NA,"LASSO",0,0,200,89
"scenarioA","X_15","indep",0,0,NA,"LASSO",0,0,200,89
"scenarioA","X_16","indep",0,0,NA,"LASSO",0,0,200,89
"scenarioA","X_17","indep",0,0,NA,"LASSO",0,0,200,89
"scenarioA","X_18","weak",0.3,0,NA,"LASSO",0,0,200,89
"scenarioA","X_19","weak",0.3,0,NA,"LASSO",0,0,200,89
"scenarioA","X_20","weak",0.3,0,NA,"LASSO",0,0,200,89
"scenarioA","X_21","weak",0.3,0,NA,"LASSO",0,0,200,89
"scenarioA","X_22","strong",0.6,0,NA,"LASSO",0,0,200,89
"scenarioA","X_23","strong",0.6,0,NA,"LASSO",0,0,200,89
"scenarioA","X_24","strong",0.6,0,NA,"LASSO",0,0,200,89
"scenarioA","X_25","strong",0.6,0,NA,"LASSO",0,0,200,89
"scenarioA","X_1","strong",0.6,0.4,0.312481898079581,"SSL",0.198490333703659,-0.201509666296341,200,90
"scenarioA","X_2","strong",0.6,-0.5,-0.408648000787154,"SSL",-0.326427334521774,0.173572665478226,200,90
"scenarioA","X_3","weak",0.3,0.6,0.76995543741252,"SSL",0.703462701888699,0.103462701888699,200,90
"scenarioA","X_4","weak",0.3,0.75,0.775494722921697,"SSL",0.673543480422035,-0.0764565195779651,200,90
"scenarioA","X_5","indep",0,-0.8,-0.677481834398096,"SSL",-0.590134558156717,0.209865441843283,200,90
"scenarioA","X_6","indep",0,0,NA,"SSL",0,0,200,90
"scenarioA","X_7","indep",0,0,NA,"SSL",0,0,200,90
"scenarioA","X_8","indep",0,0,NA,"SSL",0,0,200,90
"scenarioA","X_9","indep",0,0,NA,"SSL",0,0,200,90
"scenarioA","X_10","indep",0,0,NA,"SSL",0,0,200,90
"scenarioA","X_11","indep",0,0,NA,"SSL",0,0,200,90
"scenarioA","X_12","indep",0,0,NA,"SSL",0,0,200,90
"scenarioA","X_13","indep",0,0,NA,"SSL",0,0,200,90
"scenarioA","X_14","indep",0,0,NA,"SSL",0,0,200,90
"scenarioA","X_15","indep",0,0,NA,"SSL",0,0,200,90
"scenarioA","X_16","indep",0,0,NA,"SSL",-0.13643819829805,-0.13643819829805,200,90
"scenarioA","X_17","indep",0,0,NA,"SSL",0,0,200,90
"scenarioA","X_18","weak",0.3,0,NA,"SSL",0,0,200,90
"scenarioA","X_19","weak",0.3,0,NA,"SSL",0,0,200,90
"scenarioA","X_20","weak",0.3,0,NA,"SSL",0,0,200,90
"scenarioA","X_21","weak",0.3,0,NA,"SSL",0,0,200,90
"scenarioA","X_22","strong",0.6,0,NA,"SSL",0,0,200,90
"scenarioA","X_23","strong",0.6,0,NA,"SSL",0,0,200,90
"scenarioA","X_24","strong",0.6,0,NA,"SSL",0,0,200,90
"scenarioA","X_25","strong",0.6,0,NA,"SSL",0,0,200,90
"scenarioA","X_1","strong",0.6,0.4,0.312481898079581,"LASSO",0.0593094808467645,-0.340690519153236,200,90
"scenarioA","X_2","strong",0.6,-0.5,-0.408648000787154,"LASSO",-0.190582072955042,0.309417927044958,200,90
"scenarioA","X_3","weak",0.3,0.6,0.76995543741252,"LASSO",0.630725958910015,0.0307259589100147,200,90
"scenarioA","X_4","weak",0.3,0.75,0.775494722921697,"LASSO",0.578432668262683,-0.171567331737317,200,90
"scenarioA","X_5","indep",0,-0.8,-0.677481834398096,"LASSO",-0.517904404095475,0.282095595904525,200,90
"scenarioA","X_6","indep",0,0,NA,"LASSO",0,0,200,90
"scenarioA","X_7","indep",0,0,NA,"LASSO",0,0,200,90
"scenarioA","X_8","indep",0,0,NA,"LASSO",0,0,200,90
"scenarioA","X_9","indep",0,0,NA,"LASSO",0,0,200,90
"scenarioA","X_10","indep",0,0,NA,"LASSO",0,0,200,90
"scenarioA","X_11","indep",0,0,NA,"LASSO",0,0,200,90
"scenarioA","X_12","indep",0,0,NA,"LASSO",0,0,200,90
"scenarioA","X_13","indep",0,0,NA,"LASSO",0,0,200,90
"scenarioA","X_14","indep",0,0,NA,"LASSO",0,0,200,90
"scenarioA","X_15","indep",0,0,NA,"LASSO",0,0,200,90
"scenarioA","X_16","indep",0,0,NA,"LASSO",-0.0654242235218819,-0.0654242235218819,200,90
"scenarioA","X_17","indep",0,0,NA,"LASSO",0,0,200,90
"scenarioA","X_18","weak",0.3,0,NA,"LASSO",0,0,200,90
"scenarioA","X_19","weak",0.3,0,NA,"LASSO",0,0,200,90
"scenarioA","X_20","weak",0.3,0,NA,"LASSO",0,0,200,90
"scenarioA","X_21","weak",0.3,0,NA,"LASSO",0,0,200,90
"scenarioA","X_22","strong",0.6,0,NA,"LASSO",0,0,200,90
"scenarioA","X_23","strong",0.6,0,NA,"LASSO",0,0,200,90
"scenarioA","X_24","strong",0.6,0,NA,"LASSO",0,0,200,90
"scenarioA","X_25","strong",0.6,0,NA,"LASSO",0,0,200,90
"scenarioA","X_1","strong",0.6,0.4,0.654883015628548,"SSL",0.48221736660247,0.0822173666024696,200,91
"scenarioA","X_2","strong",0.6,-0.5,-0.535429837249699,"SSL",-0.368419167275341,0.131580832724659,200,91
"scenarioA","X_3","weak",0.3,0.6,0.721881605845446,"SSL",0.628408615820921,0.0284086158209212,200,91
"scenarioA","X_4","weak",0.3,0.75,0.917671720147675,"SSL",0.836379336190677,0.0863793361906773,200,91
"scenarioA","X_5","indep",0,-0.8,-0.707226894199845,"SSL",-0.584791158360851,0.215208841639149,200,91
"scenarioA","X_6","indep",0,0,NA,"SSL",0,0,200,91
"scenarioA","X_7","indep",0,0,NA,"SSL",0,0,200,91
"scenarioA","X_8","indep",0,0,NA,"SSL",0,0,200,91
"scenarioA","X_9","indep",0,0,NA,"SSL",0,0,200,91
"scenarioA","X_10","indep",0,0,NA,"SSL",0,0,200,91
"scenarioA","X_11","indep",0,0,NA,"SSL",0.154684336797299,0.154684336797299,200,91
"scenarioA","X_12","indep",0,0,NA,"SSL",0,0,200,91
"scenarioA","X_13","indep",0,0,NA,"SSL",0,0,200,91
"scenarioA","X_14","indep",0,0,NA,"SSL",0,0,200,91
"scenarioA","X_15","indep",0,0,NA,"SSL",0,0,200,91
"scenarioA","X_16","indep",0,0,NA,"SSL",0,0,200,91
"scenarioA","X_17","indep",0,0,NA,"SSL",0,0,200,91
"scenarioA","X_18","weak",0.3,0,NA,"SSL",0,0,200,91
"scenarioA","X_19","weak",0.3,0,NA,"SSL",0,0,200,91
"scenarioA","X_20","weak",0.3,0,NA,"SSL",0,0,200,91
"scenarioA","X_21","weak",0.3,0,NA,"SSL",0,0,200,91
"scenarioA","X_22","strong",0.6,0,NA,"SSL",0,0,200,91
"scenarioA","X_23","strong",0.6,0,NA,"SSL",0,0,200,91
"scenarioA","X_24","strong",0.6,0,NA,"SSL",0,0,200,91
"scenarioA","X_25","strong",0.6,0,NA,"SSL",0,0,200,91
"scenarioA","X_1","strong",0.6,0.4,0.654883015628548,"LASSO",0.297786071890378,-0.102213928109622,200,91
"scenarioA","X_2","strong",0.6,-0.5,-0.535429837249699,"LASSO",-0.283807196502136,0.216192803497864,200,91
"scenarioA","X_3","weak",0.3,0.6,0.721881605845446,"LASSO",0.55398740323941,-0.0460125967605896,200,91
"scenarioA","X_4","weak",0.3,0.75,0.917671720147675,"LASSO",0.768455233600067,0.018455233600067,200,91
"scenarioA","X_5","indep",0,-0.8,-0.707226894199845,"LASSO",-0.503707430330608,0.296292569669392,200,91
"scenarioA","X_6","indep",0,0,NA,"LASSO",0,0,200,91
"scenarioA","X_7","indep",0,0,NA,"LASSO",0,0,200,91
"scenarioA","X_8","indep",0,0,NA,"LASSO",0,0,200,91
"scenarioA","X_9","indep",0,0,NA,"LASSO",0,0,200,91
"scenarioA","X_10","indep",0,0,NA,"LASSO",0,0,200,91
"scenarioA","X_11","indep",0,0,NA,"LASSO",0.112808060759642,0.112808060759642,200,91
"scenarioA","X_12","indep",0,0,NA,"LASSO",0,0,200,91
"scenarioA","X_13","indep",0,0,NA,"LASSO",0,0,200,91
"scenarioA","X_14","indep",0,0,NA,"LASSO",0,0,200,91
"scenarioA","X_15","indep",0,0,NA,"LASSO",0,0,200,91
"scenarioA","X_16","indep",0,0,NA,"LASSO",0,0,200,91
"scenarioA","X_17","indep",0,0,NA,"LASSO",0,0,200,91
"scenarioA","X_18","weak",0.3,0,NA,"LASSO",0,0,200,91
"scenarioA","X_19","weak",0.3,0,NA,"LASSO",0,0,200,91
"scenarioA","X_20","weak",0.3,0,NA,"LASSO",0.0177572495913118,0.0177572495913118,200,91
"scenarioA","X_21","weak",0.3,0,NA,"LASSO",0,0,200,91
"scenarioA","X_22","strong",0.6,0,NA,"LASSO",0.0852137076791357,0.0852137076791357,200,91
"scenarioA","X_23","strong",0.6,0,NA,"LASSO",0,0,200,91
"scenarioA","X_24","strong",0.6,0,NA,"LASSO",0,0,200,91
"scenarioA","X_25","strong",0.6,0,NA,"LASSO",0,0,200,91
"scenarioA","X_1","strong",0.6,0.4,0.505583564959275,"SSL",0.377109221096814,-0.0228907789031859,200,92
"scenarioA","X_2","strong",0.6,-0.5,-0.424495370232006,"SSL",-0.132495253089085,0.367504746910915,200,92
"scenarioA","X_3","weak",0.3,0.6,0.543789343496242,"SSL",0.455331870277623,-0.144668129722377,200,92
"scenarioA","X_4","weak",0.3,0.75,0.748463527064509,"SSL",0.801751048523154,0.0517510485231542,200,92
"scenarioA","X_5","indep",0,-0.8,-0.737156451683377,"SSL",-0.758459668225106,0.041540331774894,200,92
"scenarioA","X_6","indep",0,0,NA,"SSL",0.144558500116925,0.144558500116925,200,92
"scenarioA","X_7","indep",0,0,NA,"SSL",-0.0839611370306578,-0.0839611370306578,200,92
"scenarioA","X_8","indep",0,0,NA,"SSL",-0.0172862559539946,-0.0172862559539946,200,92
"scenarioA","X_9","indep",0,0,NA,"SSL",0,0,200,92
"scenarioA","X_10","indep",0,0,NA,"SSL",0.0305350427870894,0.0305350427870894,200,92
"scenarioA","X_11","indep",0,0,NA,"SSL",0,0,200,92
"scenarioA","X_12","indep",0,0,NA,"SSL",0.244048696463189,0.244048696463189,200,92
"scenarioA","X_13","indep",0,0,NA,"SSL",-0.0933685603821354,-0.0933685603821354,200,92
"scenarioA","X_14","indep",0,0,NA,"SSL",0.134345988645631,0.134345988645631,200,92
"scenarioA","X_15","indep",0,0,NA,"SSL",0,0,200,92
"scenarioA","X_16","indep",0,0,NA,"SSL",-0.0803275830757589,-0.0803275830757589,200,92
"scenarioA","X_17","indep",0,0,NA,"SSL",0.0223889075974445,0.0223889075974445,200,92
"scenarioA","X_18","weak",0.3,0,NA,"SSL",0,0,200,92
"scenarioA","X_19","weak",0.3,0,NA,"SSL",0,0,200,92
"scenarioA","X_20","weak",0.3,0,NA,"SSL",-0.0568179067260255,-0.0568179067260255,200,92
"scenarioA","X_21","weak",0.3,0,NA,"SSL",0,0,200,92
"scenarioA","X_22","strong",0.6,0,NA,"SSL",0,0,200,92
"scenarioA","X_23","strong",0.6,0,NA,"SSL",-0.0693202503683964,-0.0693202503683964,200,92
"scenarioA","X_24","strong",0.6,0,NA,"SSL",-0.0770076331822132,-0.0770076331822132,200,92
"scenarioA","X_25","strong",0.6,0,NA,"SSL",-0.139468924304878,-0.139468924304878,200,92
"scenarioA","X_1","strong",0.6,0.4,0.505583564959275,"LASSO",0,-0.4,200,92
"scenarioA","X_2","strong",0.6,-0.5,-0.424495370232006,"LASSO",0,0.5,200,92
"scenarioA","X_3","weak",0.3,0.6,0.543789343496242,"LASSO",0.241903205658361,-0.358096794341639,200,92
"scenarioA","X_4","weak",0.3,0.75,0.748463527064509,"LASSO",0.470683108402589,-0.279316891597411,200,92
"scenarioA","X_5","indep",0,-0.8,-0.737156451683377,"LASSO",-0.428090982342689,0.371909017657311,200,92
"scenarioA","X_6","indep",0,0,NA,"LASSO",0,0,200,92
"scenarioA","X_7","indep",0,0,NA,"LASSO",0,0,200,92
"scenarioA","X_8","indep",0,0,NA,"LASSO",0,0,200,92
"scenarioA","X_9","indep",0,0,NA,"LASSO",0,0,200,92
"scenarioA","X_10","indep",0,0,NA,"LASSO",0,0,200,92
"scenarioA","X_11","indep",0,0,NA,"LASSO",0,0,200,92
"scenarioA","X_12","indep",0,0,NA,"LASSO",0,0,200,92
"scenarioA","X_13","indep",0,0,NA,"LASSO",0,0,200,92
"scenarioA","X_14","indep",0,0,NA,"LASSO",0,0,200,92
"scenarioA","X_15","indep",0,0,NA,"LASSO",0,0,200,92
"scenarioA","X_16","indep",0,0,NA,"LASSO",0,0,200,92
"scenarioA","X_17","indep",0,0,NA,"LASSO",0,0,200,92
"scenarioA","X_18","weak",0.3,0,NA,"LASSO",0,0,200,92
"scenarioA","X_19","weak",0.3,0,NA,"LASSO",0,0,200,92
"scenarioA","X_20","weak",0.3,0,NA,"LASSO",0,0,200,92
"scenarioA","X_21","weak",0.3,0,NA,"LASSO",0,0,200,92
"scenarioA","X_22","strong",0.6,0,NA,"LASSO",0,0,200,92
"scenarioA","X_23","strong",0.6,0,NA,"LASSO",0,0,200,92
"scenarioA","X_24","strong",0.6,0,NA,"LASSO",0,0,200,92
"scenarioA","X_25","strong",0.6,0,NA,"LASSO",0,0,200,92
"scenarioA","X_1","strong",0.6,0.4,0.449002697296416,"SSL",0,-0.4,200,93
"scenarioA","X_2","strong",0.6,-0.5,-0.685986994062829,"SSL",-0.35925607688101,0.14074392311899,200,93
"scenarioA","X_3","weak",0.3,0.6,0.586992593468796,"SSL",0.500693340695518,-0.0993066593044818,200,93
"scenarioA","X_4","weak",0.3,0.75,0.76688408367746,"SSL",0.703148455820786,-0.0468515441792142,200,93
"scenarioA","X_5","indep",0,-0.8,-0.664023434868986,"SSL",-0.585576338458447,0.214423661541553,200,93
"scenarioA","X_6","indep",0,0,NA,"SSL",0,0,200,93
"scenarioA","X_7","indep",0,0,NA,"SSL",0,0,200,93
"scenarioA","X_8","indep",0,0,NA,"SSL",0,0,200,93
"scenarioA","X_9","indep",0,0,NA,"SSL",0,0,200,93
"scenarioA","X_10","indep",0,0,NA,"SSL",0,0,200,93
"scenarioA","X_11","indep",0,0,NA,"SSL",0,0,200,93
"scenarioA","X_12","indep",0,0,NA,"SSL",0,0,200,93
"scenarioA","X_13","indep",0,0,NA,"SSL",0,0,200,93
"scenarioA","X_14","indep",0,0,NA,"SSL",0,0,200,93
"scenarioA","X_15","indep",0,0,NA,"SSL",0,0,200,93
"scenarioA","X_16","indep",0,0,NA,"SSL",0,0,200,93
"scenarioA","X_17","indep",0,0,NA,"SSL",0,0,200,93
"scenarioA","X_18","weak",0.3,0,NA,"SSL",0,0,200,93
"scenarioA","X_19","weak",0.3,0,NA,"SSL",0,0,200,93
"scenarioA","X_20","weak",0.3,0,NA,"SSL",0,0,200,93
"scenarioA","X_21","weak",0.3,0,NA,"SSL",0,0,200,93
"scenarioA","X_22","strong",0.6,0,NA,"SSL",0,0,200,93
"scenarioA","X_23","strong",0.6,0,NA,"SSL",0,0,200,93
"scenarioA","X_24","strong",0.6,0,NA,"SSL",0,0,200,93
"scenarioA","X_25","strong",0.6,0,NA,"SSL",0,0,200,93
"scenarioA","X_1","strong",0.6,0.4,0.449002697296416,"LASSO",0,-0.4,200,93
"scenarioA","X_2","strong",0.6,-0.5,-0.685986994062829,"LASSO",-0.208583417419983,0.291416582580017,200,93
"scenarioA","X_3","weak",0.3,0.6,0.586992593468796,"LASSO",0.363942974852806,-0.236057025147194,200,93
"scenarioA","X_4","weak",0.3,0.75,0.76688408367746,"LASSO",0.542074043157433,-0.207925956842567,200,93
"scenarioA","X_5","indep",0,-0.8,-0.664023434868986,"LASSO",-0.404604701499641,0.395395298500359,200,93
"scenarioA","X_6","indep",0,0,NA,"LASSO",0,0,200,93
"scenarioA","X_7","indep",0,0,NA,"LASSO",0,0,200,93
"scenarioA","X_8","indep",0,0,NA,"LASSO",0,0,200,93
"scenarioA","X_9","indep",0,0,NA,"LASSO",0,0,200,93
"scenarioA","X_10","indep",0,0,NA,"LASSO",0,0,200,93
"scenarioA","X_11","indep",0,0,NA,"LASSO",0,0,200,93
"scenarioA","X_12","indep",0,0,NA,"LASSO",0,0,200,93
"scenarioA","X_13","indep",0,0,NA,"LASSO",0,0,200,93
"scenarioA","X_14","indep",0,0,NA,"LASSO",0,0,200,93
"scenarioA","X_15","indep",0,0,NA,"LASSO",0,0,200,93
"scenarioA","X_16","indep",0,0,NA,"LASSO",0,0,200,93
"scenarioA","X_17","indep",0,0,NA,"LASSO",0,0,200,93
"scenarioA","X_18","weak",0.3,0,NA,"LASSO",0,0,200,93
"scenarioA","X_19","weak",0.3,0,NA,"LASSO",0,0,200,93
"scenarioA","X_20","weak",0.3,0,NA,"LASSO",0,0,200,93
"scenarioA","X_21","weak",0.3,0,NA,"LASSO",0,0,200,93
"scenarioA","X_22","strong",0.6,0,NA,"LASSO",0,0,200,93
"scenarioA","X_23","strong",0.6,0,NA,"LASSO",0,0,200,93
"scenarioA","X_24","strong",0.6,0,NA,"LASSO",0,0,200,93
"scenarioA","X_25","strong",0.6,0,NA,"LASSO",0,0,200,93
"scenarioA","X_1","strong",0.6,0.4,0.402394104494419,"SSL",0,-0.4,200,94
"scenarioA","X_2","strong",0.6,-0.5,-0.36526237097518,"SSL",0,0.5,200,94
"scenarioA","X_3","weak",0.3,0.6,0.720809483870281,"SSL",0.595255059475706,-0.00474494052429364,200,94
"scenarioA","X_4","weak",0.3,0.75,0.665004086664909,"SSL",0.636397479447091,-0.113602520552909,200,94
"scenarioA","X_5","indep",0,-0.8,-0.841492463784609,"SSL",-0.682931534624255,0.117068465375745,200,94
"scenarioA","X_6","indep",0,0,NA,"SSL",0,0,200,94
"scenarioA","X_7","indep",0,0,NA,"SSL",0,0,200,94
"scenarioA","X_8","indep",0,0,NA,"SSL",0,0,200,94
"scenarioA","X_9","indep",0,0,NA,"SSL",0,0,200,94
"scenarioA","X_10","indep",0,0,NA,"SSL",0,0,200,94
"scenarioA","X_11","indep",0,0,NA,"SSL",0,0,200,94
"scenarioA","X_12","indep",0,0,NA,"SSL",0,0,200,94
"scenarioA","X_13","indep",0,0,NA,"SSL",0,0,200,94
"scenarioA","X_14","indep",0,0,NA,"SSL",0,0,200,94
"scenarioA","X_15","indep",0,0,NA,"SSL",0,0,200,94
"scenarioA","X_16","indep",0,0,NA,"SSL",0,0,200,94
"scenarioA","X_17","indep",0,0,NA,"SSL",0,0,200,94
"scenarioA","X_18","weak",0.3,0,NA,"SSL",0,0,200,94
"scenarioA","X_19","weak",0.3,0,NA,"SSL",0,0,200,94
"scenarioA","X_20","weak",0.3,0,NA,"SSL",0,0,200,94
"scenarioA","X_21","weak",0.3,0,NA,"SSL",0,0,200,94
"scenarioA","X_22","strong",0.6,0,NA,"SSL",0,0,200,94
"scenarioA","X_23","strong",0.6,0,NA,"SSL",0,0,200,94
"scenarioA","X_24","strong",0.6,0,NA,"SSL",0,0,200,94
"scenarioA","X_25","strong",0.6,0,NA,"SSL",0,0,200,94
"scenarioA","X_1","strong",0.6,0.4,0.402394104494419,"LASSO",0,-0.4,200,94
"scenarioA","X_2","strong",0.6,-0.5,-0.36526237097518,"LASSO",0,0.5,200,94
"scenarioA","X_3","weak",0.3,0.6,0.720809483870281,"LASSO",0.401042867776158,-0.198957132223842,200,94
"scenarioA","X_4","weak",0.3,0.75,0.665004086664909,"LASSO",0.47924318703543,-0.27075681296457,200,94
"scenarioA","X_5","indep",0,-0.8,-0.841492463784609,"LASSO",-0.398399744859129,0.401600255140871,200,94
"scenarioA","X_6","indep",0,0,NA,"LASSO",0.0282218987041448,0.0282218987041448,200,94
"scenarioA","X_7","indep",0,0,NA,"LASSO",0,0,200,94
"scenarioA","X_8","indep",0,0,NA,"LASSO",0,0,200,94
"scenarioA","X_9","indep",0,0,NA,"LASSO",0,0,200,94
"scenarioA","X_10","indep",0,0,NA,"LASSO",0,0,200,94
"scenarioA","X_11","indep",0,0,NA,"LASSO",0,0,200,94
"scenarioA","X_12","indep",0,0,NA,"LASSO",0,0,200,94
"scenarioA","X_13","indep",0,0,NA,"LASSO",0,0,200,94
"scenarioA","X_14","indep",0,0,NA,"LASSO",0,0,200,94
"scenarioA","X_15","indep",0,0,NA,"LASSO",0,0,200,94
"scenarioA","X_16","indep",0,0,NA,"LASSO",0,0,200,94
"scenarioA","X_17","indep",0,0,NA,"LASSO",0,0,200,94
"scenarioA","X_18","weak",0.3,0,NA,"LASSO",0,0,200,94
"scenarioA","X_19","weak",0.3,0,NA,"LASSO",0,0,200,94
"scenarioA","X_20","weak",0.3,0,NA,"LASSO",0,0,200,94
"scenarioA","X_21","weak",0.3,0,NA,"LASSO",0,0,200,94
"scenarioA","X_22","strong",0.6,0,NA,"LASSO",0,0,200,94
"scenarioA","X_23","strong",0.6,0,NA,"LASSO",0,0,200,94
"scenarioA","X_24","strong",0.6,0,NA,"LASSO",0,0,200,94
"scenarioA","X_25","strong",0.6,0,NA,"LASSO",0,0,200,94
"scenarioA","X_1","strong",0.6,0.4,0.447062288347138,"SSL",0,-0.4,200,95
"scenarioA","X_2","strong",0.6,-0.5,-0.549263566713061,"SSL",-0.223312592122653,0.276687407877347,200,95
"scenarioA","X_3","weak",0.3,0.6,0.551216738932446,"SSL",0.492559760080128,-0.107440239919872,200,95
"scenarioA","X_4","weak",0.3,0.75,0.73596568118018,"SSL",0.681939932021876,-0.0680600679781238,200,95
"scenarioA","X_5","indep",0,-0.8,-0.736072962072726,"SSL",-0.702614245058828,0.0973857549411725,200,95
"scenarioA","X_6","indep",0,0,NA,"SSL",0,0,200,95
"scenarioA","X_7","indep",0,0,NA,"SSL",0,0,200,95
"scenarioA","X_8","indep",0,0,NA,"SSL",0,0,200,95
"scenarioA","X_9","indep",0,0,NA,"SSL",0,0,200,95
"scenarioA","X_10","indep",0,0,NA,"SSL",0,0,200,95
"scenarioA","X_11","indep",0,0,NA,"SSL",0,0,200,95
"scenarioA","X_12","indep",0,0,NA,"SSL",0,0,200,95
"scenarioA","X_13","indep",0,0,NA,"SSL",0,0,200,95
"scenarioA","X_14","indep",0,0,NA,"SSL",0,0,200,95
"scenarioA","X_15","indep",0,0,NA,"SSL",0,0,200,95
"scenarioA","X_16","indep",0,0,NA,"SSL",0,0,200,95
"scenarioA","X_17","indep",0,0,NA,"SSL",0,0,200,95
"scenarioA","X_18","weak",0.3,0,NA,"SSL",0,0,200,95
"scenarioA","X_19","weak",0.3,0,NA,"SSL",0,0,200,95
"scenarioA","X_20","weak",0.3,0,NA,"SSL",0,0,200,95
"scenarioA","X_21","weak",0.3,0,NA,"SSL",0,0,200,95
"scenarioA","X_22","strong",0.6,0,NA,"SSL",0,0,200,95
"scenarioA","X_23","strong",0.6,0,NA,"SSL",0,0,200,95
"scenarioA","X_24","strong",0.6,0,NA,"SSL",0,0,200,95
"scenarioA","X_25","strong",0.6,0,NA,"SSL",0,0,200,95
"scenarioA","X_1","strong",0.6,0.4,0.447062288347138,"LASSO",0.122725148461262,-0.277274851538738,200,95
"scenarioA","X_2","strong",0.6,-0.5,-0.549263566713061,"LASSO",-0.215785448767624,0.284214551232376,200,95
"scenarioA","X_3","weak",0.3,0.6,0.551216738932446,"LASSO",0.419560235502555,-0.180439764497445,200,95
"scenarioA","X_4","weak",0.3,0.75,0.73596568118018,"LASSO",0.577615485925178,-0.172384514074822,200,95
"scenarioA","X_5","indep",0,-0.8,-0.736072962072726,"LASSO",-0.59976477786655,0.20023522213345,200,95
"scenarioA","X_6","indep",0,0,NA,"LASSO",-0.0388617950599277,-0.0388617950599277,200,95
"scenarioA","X_7","indep",0,0,NA,"LASSO",0,0,200,95
"scenarioA","X_8","indep",0,0,NA,"LASSO",0,0,200,95
"scenarioA","X_9","indep",0,0,NA,"LASSO",0,0,200,95
"scenarioA","X_10","indep",0,0,NA,"LASSO",0,0,200,95
"scenarioA","X_11","indep",0,0,NA,"LASSO",0,0,200,95
"scenarioA","X_12","indep",0,0,NA,"LASSO",0,0,200,95
"scenarioA","X_13","indep",0,0,NA,"LASSO",0,0,200,95
"scenarioA","X_14","indep",0,0,NA,"LASSO",0,0,200,95
"scenarioA","X_15","indep",0,0,NA,"LASSO",0.079144564982476,0.079144564982476,200,95
"scenarioA","X_16","indep",0,0,NA,"LASSO",0,0,200,95
"scenarioA","X_17","indep",0,0,NA,"LASSO",0,0,200,95
"scenarioA","X_18","weak",0.3,0,NA,"LASSO",0,0,200,95
"scenarioA","X_19","weak",0.3,0,NA,"LASSO",0,0,200,95
"scenarioA","X_20","weak",0.3,0,NA,"LASSO",0,0,200,95
"scenarioA","X_21","weak",0.3,0,NA,"LASSO",0,0,200,95
"scenarioA","X_22","strong",0.6,0,NA,"LASSO",0,0,200,95
"scenarioA","X_23","strong",0.6,0,NA,"LASSO",0,0,200,95
"scenarioA","X_24","strong",0.6,0,NA,"LASSO",0,0,200,95
"scenarioA","X_25","strong",0.6,0,NA,"LASSO",0,0,200,95
"scenarioA","X_1","strong",0.6,0.4,0.324711917824989,"SSL",0.180835515440639,-0.219164484559361,200,96
"scenarioA","X_2","strong",0.6,-0.5,-0.620250264958942,"SSL",-0.27796534134059,0.22203465865941,200,96
"scenarioA","X_3","weak",0.3,0.6,0.624120628569078,"SSL",0.517634994327287,-0.0823650056727129,200,96
"scenarioA","X_4","weak",0.3,0.75,0.785592215242905,"SSL",0.764498767858873,0.0144987678588731,200,96
"scenarioA","X_5","indep",0,-0.8,-0.886198439985124,"SSL",-0.738039409029922,0.0619605909700776,200,96
"scenarioA","X_6","indep",0,0,NA,"SSL",0,0,200,96
"scenarioA","X_7","indep",0,0,NA,"SSL",0,0,200,96
"scenarioA","X_8","indep",0,0,NA,"SSL",0,0,200,96
"scenarioA","X_9","indep",0,0,NA,"SSL",0.093307513996543,0.093307513996543,200,96
"scenarioA","X_10","indep",0,0,NA,"SSL",-0.150428913772391,-0.150428913772391,200,96
"scenarioA","X_11","indep",0,0,NA,"SSL",0,0,200,96
"scenarioA","X_12","indep",0,0,NA,"SSL",0,0,200,96
"scenarioA","X_13","indep",0,0,NA,"SSL",0,0,200,96
"scenarioA","X_14","indep",0,0,NA,"SSL",0,0,200,96
"scenarioA","X_15","indep",0,0,NA,"SSL",0,0,200,96
"scenarioA","X_16","indep",0,0,NA,"SSL",0,0,200,96
"scenarioA","X_17","indep",0,0,NA,"SSL",0,0,200,96
"scenarioA","X_18","weak",0.3,0,NA,"SSL",0,0,200,96
"scenarioA","X_19","weak",0.3,0,NA,"SSL",0,0,200,96
"scenarioA","X_20","weak",0.3,0,NA,"SSL",0,0,200,96
"scenarioA","X_21","weak",0.3,0,NA,"SSL",0,0,200,96
"scenarioA","X_22","strong",0.6,0,NA,"SSL",0,0,200,96
"scenarioA","X_23","strong",0.6,0,NA,"SSL",0,0,200,96
"scenarioA","X_24","strong",0.6,0,NA,"SSL",0,0,200,96
"scenarioA","X_25","strong",0.6,0,NA,"SSL",-0.231913142523315,-0.231913142523315,200,96
"scenarioA","X_1","strong",0.6,0.4,0.324711917824989,"LASSO",0,-0.4,200,96
"scenarioA","X_2","strong",0.6,-0.5,-0.620250264958942,"LASSO",-0.100250147001841,0.399749852998159,200,96
"scenarioA","X_3","weak",0.3,0.6,0.624120628569078,"LASSO",0.370641996181185,-0.229358003818815,200,96
"scenarioA","X_4","weak",0.3,0.75,0.785592215242905,"LASSO",0.540043576656462,-0.209956423343538,200,96
"scenarioA","X_5","indep",0,-0.8,-0.886198439985124,"LASSO",-0.518981270990353,0.281018729009647,200,96
"scenarioA","X_6","indep",0,0,NA,"LASSO",0,0,200,96
"scenarioA","X_7","indep",0,0,NA,"LASSO",0,0,200,96
"scenarioA","X_8","indep",0,0,NA,"LASSO",0,0,200,96
"scenarioA","X_9","indep",0,0,NA,"LASSO",0,0,200,96
"scenarioA","X_10","indep",0,0,NA,"LASSO",-0.0216364385528914,-0.0216364385528914,200,96
"scenarioA","X_11","indep",0,0,NA,"LASSO",0,0,200,96
"scenarioA","X_12","indep",0,0,NA,"LASSO",0,0,200,96
"scenarioA","X_13","indep",0,0,NA,"LASSO",0,0,200,96
"scenarioA","X_14","indep",0,0,NA,"LASSO",0,0,200,96
"scenarioA","X_15","indep",0,0,NA,"LASSO",0,0,200,96
"scenarioA","X_16","indep",0,0,NA,"LASSO",0,0,200,96
"scenarioA","X_17","indep",0,0,NA,"LASSO",0,0,200,96
"scenarioA","X_18","weak",0.3,0,NA,"LASSO",0,0,200,96
"scenarioA","X_19","weak",0.3,0,NA,"LASSO",0,0,200,96
"scenarioA","X_20","weak",0.3,0,NA,"LASSO",0,0,200,96
"scenarioA","X_21","weak",0.3,0,NA,"LASSO",0,0,200,96
"scenarioA","X_22","strong",0.6,0,NA,"LASSO",0,0,200,96
"scenarioA","X_23","strong",0.6,0,NA,"LASSO",0,0,200,96
"scenarioA","X_24","strong",0.6,0,NA,"LASSO",0,0,200,96
"scenarioA","X_25","strong",0.6,0,NA,"LASSO",-0.0651186054235268,-0.0651186054235268,200,96
"scenarioA","X_1","strong",0.6,0.4,0.402824771368242,"SSL",0,-0.4,200,97
"scenarioA","X_2","strong",0.6,-0.5,-0.633284968184446,"SSL",-0.350955553641885,0.149044446358115,200,97
"scenarioA","X_3","weak",0.3,0.6,0.636318887396429,"SSL",0.523806598235964,-0.0761934017640358,200,97
"scenarioA","X_4","weak",0.3,0.75,0.509083037470832,"SSL",0.403412347912903,-0.346587652087097,200,97
"scenarioA","X_5","indep",0,-0.8,-0.587397710321185,"SSL",-0.5203533110239,0.2796466889761,200,97
"scenarioA","X_6","indep",0,0,NA,"SSL",0,0,200,97
"scenarioA","X_7","indep",0,0,NA,"SSL",0,0,200,97
"scenarioA","X_8","indep",0,0,NA,"SSL",0,0,200,97
"scenarioA","X_9","indep",0,0,NA,"SSL",0,0,200,97
"scenarioA","X_10","indep",0,0,NA,"SSL",0,0,200,97
"scenarioA","X_11","indep",0,0,NA,"SSL",0,0,200,97
"scenarioA","X_12","indep",0,0,NA,"SSL",0,0,200,97
"scenarioA","X_13","indep",0,0,NA,"SSL",0,0,200,97
"scenarioA","X_14","indep",0,0,NA,"SSL",0,0,200,97
"scenarioA","X_15","indep",0,0,NA,"SSL",0,0,200,97
"scenarioA","X_16","indep",0,0,NA,"SSL",0,0,200,97
"scenarioA","X_17","indep",0,0,NA,"SSL",0,0,200,97
"scenarioA","X_18","weak",0.3,0,NA,"SSL",0,0,200,97
"scenarioA","X_19","weak",0.3,0,NA,"SSL",0,0,200,97
"scenarioA","X_20","weak",0.3,0,NA,"SSL",0.176007807483073,0.176007807483073,200,97
"scenarioA","X_21","weak",0.3,0,NA,"SSL",0,0,200,97
"scenarioA","X_22","strong",0.6,0,NA,"SSL",0,0,200,97
"scenarioA","X_23","strong",0.6,0,NA,"SSL",0,0,200,97
"scenarioA","X_24","strong",0.6,0,NA,"SSL",0,0,200,97
"scenarioA","X_25","strong",0.6,0,NA,"SSL",0,0,200,97
"scenarioA","X_1","strong",0.6,0.4,0.402824771368242,"LASSO",0,-0.4,200,97
"scenarioA","X_2","strong",0.6,-0.5,-0.633284968184446,"LASSO",-0.227754577641104,0.272245422358896,200,97
"scenarioA","X_3","weak",0.3,0.6,0.636318887396429,"LASSO",0.445327922895439,-0.154672077104561,200,97
"scenarioA","X_4","weak",0.3,0.75,0.509083037470832,"LASSO",0.328109461052774,-0.421890538947226,200,97
"scenarioA","X_5","indep",0,-0.8,-0.587397710321185,"LASSO",-0.385254407733548,0.414745592266452,200,97
"scenarioA","X_6","indep",0,0,NA,"LASSO",0,0,200,97
"scenarioA","X_7","indep",0,0,NA,"LASSO",0,0,200,97
"scenarioA","X_8","indep",0,0,NA,"LASSO",0,0,200,97
"scenarioA","X_9","indep",0,0,NA,"LASSO",0,0,200,97
"scenarioA","X_10","indep",0,0,NA,"LASSO",0,0,200,97
"scenarioA","X_11","indep",0,0,NA,"LASSO",0,0,200,97
"scenarioA","X_12","indep",0,0,NA,"LASSO",0,0,200,97
"scenarioA","X_13","indep",0,0,NA,"LASSO",0,0,200,97
"scenarioA","X_14","indep",0,0,NA,"LASSO",0,0,200,97
"scenarioA","X_15","indep",0,0,NA,"LASSO",0,0,200,97
"scenarioA","X_16","indep",0,0,NA,"LASSO",0,0,200,97
"scenarioA","X_17","indep",0,0,NA,"LASSO",0,0,200,97
"scenarioA","X_18","weak",0.3,0,NA,"LASSO",0,0,200,97
"scenarioA","X_19","weak",0.3,0,NA,"LASSO",0,0,200,97
"scenarioA","X_20","weak",0.3,0,NA,"LASSO",0.0973618044264452,0.0973618044264452,200,97
"scenarioA","X_21","weak",0.3,0,NA,"LASSO",0,0,200,97
"scenarioA","X_22","strong",0.6,0,NA,"LASSO",0,0,200,97
"scenarioA","X_23","strong",0.6,0,NA,"LASSO",0,0,200,97
"scenarioA","X_24","strong",0.6,0,NA,"LASSO",0,0,200,97
"scenarioA","X_25","strong",0.6,0,NA,"LASSO",0,0,200,97
"scenarioA","X_1","strong",0.6,0.4,0.472449004947739,"SSL",0.332469450592237,-0.0675305494077628,200,98
"scenarioA","X_2","strong",0.6,-0.5,-0.494756734293793,"SSL",-0.338495301331576,0.161504698668424,200,98
"scenarioA","X_3","weak",0.3,0.6,0.686689882782967,"SSL",0.60314081325815,0.00314081325815041,200,98
"scenarioA","X_4","weak",0.3,0.75,1.01445188714238,"SSL",0.904616113922393,0.154616113922393,200,98
"scenarioA","X_5","indep",0,-0.8,-0.96090831701007,"SSL",-0.795267487333304,0.00473251266669639,200,98
"scenarioA","X_6","indep",0,0,NA,"SSL",0,0,200,98
"scenarioA","X_7","indep",0,0,NA,"SSL",0,0,200,98
"scenarioA","X_8","indep",0,0,NA,"SSL",0,0,200,98
"scenarioA","X_9","indep",0,0,NA,"SSL",0,0,200,98
"scenarioA","X_10","indep",0,0,NA,"SSL",0,0,200,98
"scenarioA","X_11","indep",0,0,NA,"SSL",0,0,200,98
"scenarioA","X_12","indep",0,0,NA,"SSL",0,0,200,98
"scenarioA","X_13","indep",0,0,NA,"SSL",0,0,200,98
"scenarioA","X_14","indep",0,0,NA,"SSL",0,0,200,98
"scenarioA","X_15","indep",0,0,NA,"SSL",0,0,200,98
"scenarioA","X_16","indep",0,0,NA,"SSL",0,0,200,98
"scenarioA","X_17","indep",0,0,NA,"SSL",0,0,200,98
"scenarioA","X_18","weak",0.3,0,NA,"SSL",0,0,200,98
"scenarioA","X_19","weak",0.3,0,NA,"SSL",0,0,200,98
"scenarioA","X_20","weak",0.3,0,NA,"SSL",0,0,200,98
"scenarioA","X_21","weak",0.3,0,NA,"SSL",0,0,200,98
"scenarioA","X_22","strong",0.6,0,NA,"SSL",0,0,200,98
"scenarioA","X_23","strong",0.6,0,NA,"SSL",0,0,200,98
"scenarioA","X_24","strong",0.6,0,NA,"SSL",0,0,200,98
"scenarioA","X_25","strong",0.6,0,NA,"SSL",0,0,200,98
"scenarioA","X_1","strong",0.6,0.4,0.472449004947739,"LASSO",0.221381694936461,-0.178618305063539,200,98
"scenarioA","X_2","strong",0.6,-0.5,-0.494756734293793,"LASSO",-0.216035812055053,0.283964187944947,200,98
"scenarioA","X_3","weak",0.3,0.6,0.686689882782967,"LASSO",0.494272046389425,-0.105727953610575,200,98
"scenarioA","X_4","weak",0.3,0.75,1.01445188714238,"LASSO",0.804720650267629,0.0547206502676292,200,98
"scenarioA","X_5","indep",0,-0.8,-0.96090831701007,"LASSO",-0.699545305951204,0.100454694048796,200,98
"scenarioA","X_6","indep",0,0,NA,"LASSO",0,0,200,98
"scenarioA","X_7","indep",0,0,NA,"LASSO",0,0,200,98
"scenarioA","X_8","indep",0,0,NA,"LASSO",0,0,200,98
"scenarioA","X_9","indep",0,0,NA,"LASSO",0,0,200,98
"scenarioA","X_10","indep",0,0,NA,"LASSO",0,0,200,98
"scenarioA","X_11","indep",0,0,NA,"LASSO",0,0,200,98
"scenarioA","X_12","indep",0,0,NA,"LASSO",0,0,200,98
"scenarioA","X_13","indep",0,0,NA,"LASSO",0.0524102088948734,0.0524102088948734,200,98
"scenarioA","X_14","indep",0,0,NA,"LASSO",0.0899123605945441,0.0899123605945441,200,98
"scenarioA","X_15","indep",0,0,NA,"LASSO",0,0,200,98
"scenarioA","X_16","indep",0,0,NA,"LASSO",-0.0783896634772036,-0.0783896634772036,200,98
"scenarioA","X_17","indep",0,0,NA,"LASSO",0,0,200,98
"scenarioA","X_18","weak",0.3,0,NA,"LASSO",0,0,200,98
"scenarioA","X_19","weak",0.3,0,NA,"LASSO",0,0,200,98
"scenarioA","X_20","weak",0.3,0,NA,"LASSO",0,0,200,98
"scenarioA","X_21","weak",0.3,0,NA,"LASSO",0.085381600880512,0.085381600880512,200,98
"scenarioA","X_22","strong",0.6,0,NA,"LASSO",0,0,200,98
"scenarioA","X_23","strong",0.6,0,NA,"LASSO",0,0,200,98
"scenarioA","X_24","strong",0.6,0,NA,"LASSO",0,0,200,98
"scenarioA","X_25","strong",0.6,0,NA,"LASSO",0,0,200,98
"scenarioA","X_1","strong",0.6,0.4,0.481329663364258,"SSL",0.248374552892583,-0.151625447107417,200,99
"scenarioA","X_2","strong",0.6,-0.5,-0.508237102022764,"SSL",-0.261324876824013,0.238675123175987,200,99
"scenarioA","X_3","weak",0.3,0.6,0.4434289433078,"SSL",0.405624785921726,-0.194375214078274,200,99
"scenarioA","X_4","weak",0.3,0.75,0.820941537436375,"SSL",0.687432662748035,-0.0625673372519646,200,99
"scenarioA","X_5","indep",0,-0.8,-0.981009035312704,"SSL",-0.900797780599217,-0.100797780599217,200,99
"scenarioA","X_6","indep",0,0,NA,"SSL",0.2465125641283,0.2465125641283,200,99
"scenarioA","X_7","indep",0,0,NA,"SSL",0,0,200,99
"scenarioA","X_8","indep",0,0,NA,"SSL",0,0,200,99
"scenarioA","X_9","indep",0,0,NA,"SSL",0,0,200,99
"scenarioA","X_10","indep",0,0,NA,"SSL",0,0,200,99
"scenarioA","X_11","indep",0,0,NA,"SSL",0,0,200,99
"scenarioA","X_12","indep",0,0,NA,"SSL",0,0,200,99
"scenarioA","X_13","indep",0,0,NA,"SSL",0,0,200,99
"scenarioA","X_14","indep",0,0,NA,"SSL",0,0,200,99
"scenarioA","X_15","indep",0,0,NA,"SSL",0,0,200,99
"scenarioA","X_16","indep",0,0,NA,"SSL",0,0,200,99
"scenarioA","X_17","indep",0,0,NA,"SSL",0,0,200,99
"scenarioA","X_18","weak",0.3,0,NA,"SSL",0,0,200,99
"scenarioA","X_19","weak",0.3,0,NA,"SSL",0,0,200,99
"scenarioA","X_20","weak",0.3,0,NA,"SSL",0,0,200,99
"scenarioA","X_21","weak",0.3,0,NA,"SSL",0,0,200,99
"scenarioA","X_22","strong",0.6,0,NA,"SSL",0,0,200,99
"scenarioA","X_23","strong",0.6,0,NA,"SSL",0,0,200,99
"scenarioA","X_24","strong",0.6,0,NA,"SSL",0,0,200,99
"scenarioA","X_25","strong",0.6,0,NA,"SSL",0,0,200,99
"scenarioA","X_1","strong",0.6,0.4,0.481329663364258,"LASSO",0,-0.4,200,99
"scenarioA","X_2","strong",0.6,-0.5,-0.508237102022764,"LASSO",0,0.5,200,99
"scenarioA","X_3","weak",0.3,0.6,0.4434289433078,"LASSO",0.270254746771219,-0.329745253228781,200,99
"scenarioA","X_4","weak",0.3,0.75,0.820941537436375,"LASSO",0.55910984003578,-0.19089015996422,200,99
"scenarioA","X_5","indep",0,-0.8,-0.981009035312704,"LASSO",-0.713754767166885,0.0862452328331146,200,99
"scenarioA","X_6","indep",0,0,NA,"LASSO",0.145512302491615,0.145512302491615,200,99
"scenarioA","X_7","indep",0,0,NA,"LASSO",0,0,200,99
"scenarioA","X_8","indep",0,0,NA,"LASSO",0,0,200,99
"scenarioA","X_9","indep",0,0,NA,"LASSO",0,0,200,99
"scenarioA","X_10","indep",0,0,NA,"LASSO",0,0,200,99
"scenarioA","X_11","indep",0,0,NA,"LASSO",0,0,200,99
"scenarioA","X_12","indep",0,0,NA,"LASSO",0,0,200,99
"scenarioA","X_13","indep",0,0,NA,"LASSO",0,0,200,99
"scenarioA","X_14","indep",0,0,NA,"LASSO",0,0,200,99
"scenarioA","X_15","indep",0,0,NA,"LASSO",0,0,200,99
"scenarioA","X_16","indep",0,0,NA,"LASSO",0,0,200,99
"scenarioA","X_17","indep",0,0,NA,"LASSO",0,0,200,99
"scenarioA","X_18","weak",0.3,0,NA,"LASSO",0,0,200,99
"scenarioA","X_19","weak",0.3,0,NA,"LASSO",0,0,200,99
"scenarioA","X_20","weak",0.3,0,NA,"LASSO",0,0,200,99
"scenarioA","X_21","weak",0.3,0,NA,"LASSO",0,0,200,99
"scenarioA","X_22","strong",0.6,0,NA,"LASSO",0,0,200,99
"scenarioA","X_23","strong",0.6,0,NA,"LASSO",0,0,200,99
"scenarioA","X_24","strong",0.6,0,NA,"LASSO",0,0,200,99
"scenarioA","X_25","strong",0.6,0,NA,"LASSO",0,0,200,99
"scenarioA","X_1","strong",0.6,0.4,0.399816114659892,"SSL",0.470293015146668,0.0702930151466682,200,100
"scenarioA","X_2","strong",0.6,-0.5,-0.494125828904866,"SSL",-0.601440713235286,-0.101440713235286,200,100
"scenarioA","X_3","weak",0.3,0.6,0.522886357474383,"SSL",0.586543122987263,-0.0134568770127373,200,100
"scenarioA","X_4","weak",0.3,0.75,0.766635799106984,"SSL",0.901358569326904,0.151358569326904,200,100
"scenarioA","X_5","indep",0,-0.8,-0.730441034292607,"SSL",-0.705795733606261,0.0942042663937388,200,100
"scenarioA","X_6","indep",0,0,NA,"SSL",0,0,200,100
"scenarioA","X_7","indep",0,0,NA,"SSL",0.0936339088525997,0.0936339088525997,200,100
"scenarioA","X_8","indep",0,0,NA,"SSL",0,0,200,100
"scenarioA","X_9","indep",0,0,NA,"SSL",-0.181319561652334,-0.181319561652334,200,100
"scenarioA","X_10","indep",0,0,NA,"SSL",0,0,200,100
"scenarioA","X_11","indep",0,0,NA,"SSL",-0.188440571851558,-0.188440571851558,200,100
"scenarioA","X_12","indep",0,0,NA,"SSL",0,0,200,100
"scenarioA","X_13","indep",0,0,NA,"SSL",0,0,200,100
"scenarioA","X_14","indep",0,0,NA,"SSL",-0.118158648121082,-0.118158648121082,200,100
"scenarioA","X_15","indep",0,0,NA,"SSL",0,0,200,100
"scenarioA","X_16","indep",0,0,NA,"SSL",-0.238833441206419,-0.238833441206419,200,100
"scenarioA","X_17","indep",0,0,NA,"SSL",0,0,200,100
"scenarioA","X_18","weak",0.3,0,NA,"SSL",0,0,200,100
"scenarioA","X_19","weak",0.3,0,NA,"SSL",-0.150972681311877,-0.150972681311877,200,100
"scenarioA","X_20","weak",0.3,0,NA,"SSL",0,0,200,100
"scenarioA","X_21","weak",0.3,0,NA,"SSL",0,0,200,100
"scenarioA","X_22","strong",0.6,0,NA,"SSL",0,0,200,100
"scenarioA","X_23","strong",0.6,0,NA,"SSL",0,0,200,100
"scenarioA","X_24","strong",0.6,0,NA,"SSL",0,0,200,100
"scenarioA","X_25","strong",0.6,0,NA,"SSL",0,0,200,100
"scenarioA","X_1","strong",0.6,0.4,0.399816114659892,"LASSO",0.10617543626211,-0.29382456373789,200,100
"scenarioA","X_2","strong",0.6,-0.5,-0.494125828904866,"LASSO",-0.137109245632936,0.362890754367064,200,100
"scenarioA","X_3","weak",0.3,0.6,0.522886357474383,"LASSO",0.360306745243143,-0.239693254756857,200,100
"scenarioA","X_4","weak",0.3,0.75,0.766635799106984,"LASSO",0.58634624258456,-0.16365375741544,200,100
"scenarioA","X_5","indep",0,-0.8,-0.730441034292607,"LASSO",-0.498933193172484,0.301066806827516,200,100
"scenarioA","X_6","indep",0,0,NA,"LASSO",0,0,200,100
"scenarioA","X_7","indep",0,0,NA,"LASSO",0,0,200,100
"scenarioA","X_8","indep",0,0,NA,"LASSO",0,0,200,100
"scenarioA","X_9","indep",0,0,NA,"LASSO",0,0,200,100
"scenarioA","X_10","indep",0,0,NA,"LASSO",0,0,200,100
"scenarioA","X_11","indep",0,0,NA,"LASSO",-0.0304070928330214,-0.0304070928330214,200,100
"scenarioA","X_12","indep",0,0,NA,"LASSO",0,0,200,100
"scenarioA","X_13","indep",0,0,NA,"LASSO",0,0,200,100
"scenarioA","X_14","indep",0,0,NA,"LASSO",0,0,200,100
"scenarioA","X_15","indep",0,0,NA,"LASSO",0,0,200,100
"scenarioA","X_16","indep",0,0,NA,"LASSO",0,0,200,100
"scenarioA","X_17","indep",0,0,NA,"LASSO",0,0,200,100
"scenarioA","X_18","weak",0.3,0,NA,"LASSO",0,0,200,100
"scenarioA","X_19","weak",0.3,0,NA,"LASSO",0,0,200,100
"scenarioA","X_20","weak",0.3,0,NA,"LASSO",0,0,200,100
"scenarioA","X_21","weak",0.3,0,NA,"LASSO",0,0,200,100
"scenarioA","X_22","strong",0.6,0,NA,"LASSO",0,0,200,100
"scenarioA","X_23","strong",0.6,0,NA,"LASSO",0,0,200,100
"scenarioA","X_24","strong",0.6,0,NA,"LASSO",0,0,200,100
"scenarioA","X_25","strong",0.6,0,NA,"LASSO",0,0,200,100
