"scenario","predictor","Block","BlockRho","True","FG","Model","Estimate","Bias","nobs","run_number"
"scenarioA","X_1","strong",0.6,0.4,0.530949878466045,"SSL",0.433657874369884,0.0336578743698844,200,1
"scenarioA","X_2","strong",0.6,-0.5,-0.602024794875323,"SSL",-0.41598795996763,0.0840120400323704,200,1
"scenarioA","X_3","weak",0.3,0.6,0.891637980686904,"SSL",0.996312778995873,0.396312778995873,200,1
"scenarioA","X_4","weak",0.3,0.75,0.788427318875682,"SSL",0.814958538594762,0.0649585385947616,200,1
"scenarioA","X_5","indep",0,-0.8,-0.891644163343839,"SSL",-0.868145091395535,-0.0681450913955347,200,1
"scenarioA","X_6","indep",0,0,NA,"SSL",0,0,200,1
"scenarioA","X_7","indep",0,0,NA,"SSL",0,0,200,1
"scenarioA","X_8","indep",0,0,NA,"SSL",0,0,200,1
"scenarioA","X_9","indep",0,0,NA,"SSL",0,0,200,1
"scenarioA","X_10","indep",0,0,NA,"SSL",0,0,200,1
"scenarioA","X_11","indep",0,0,NA,"SSL",0,0,200,1
"scenarioA","X_12","indep",0,0,NA,"SSL",0,0,200,1
"scenarioA","X_13","indep",0,0,NA,"SSL",0,0,200,1
"scenarioA","X_14","indep",0,0,NA,"SSL",0,0,200,1
"scenarioA","X_15","indep",0,0,NA,"SSL",0,0,200,1
"scenarioA","X_16","indep",0,0,NA,"SSL",0,0,200,1
"scenarioA","X_17","indep",0,0,NA,"SSL",0,0,200,1
"scenarioA","X_18","indep",0,0,NA,"SSL",0,0,200,1
"scenarioA","X_19","indep",0,0,NA,"SSL",0,0,200,1
"scenarioA","X_20","indep",0,0,NA,"SSL",0,0,200,1
"scenarioA","X_21","indep",0,0,NA,"SSL",0,0,200,1
"scenarioA","X_22","indep",0,0,NA,"SSL",0,0,200,1
"scenarioA","X_23","indep",0,0,NA,"SSL",0,0,200,1
"scenarioA","X_24","indep",0,0,NA,"SSL",0,0,200,1
"scenarioA","X_25","indep",0,0,NA,"SSL",0,0,200,1
"scenarioA","X_26","indep",0,0,NA,"SSL",0,0,200,1
"scenarioA","X_27","indep",0,0,NA,"SSL",0,0,200,1
"scenarioA","X_28","indep",0,0,NA,"SSL",0,0,200,1
"scenarioA","X_29","indep",0,0,NA,"SSL",0,0,200,1
"scenarioA","X_30","indep",0,0,NA,"SSL",0,0,200,1
"scenarioA","X_31","indep",0,0,NA,"SSL",0,0,200,1
"scenarioA","X_32","indep",0,0,NA,"SSL",0,0,200,1
"scenarioA","X_33","indep",0,0,NA,"SSL",0,0,200,1
"scenarioA","X_34","indep",0,0,NA,"SSL",0,0,200,1
"scenarioA","X_35","indep",0,0,NA,"SSL",0,0,200,1
"scenarioA","X_36","indep",0,0,NA,"SSL",0,0,200,1
"scenarioA","X_37","indep",0,0,NA,"SSL",0,0,200,1
"scenarioA","X_38","indep",0,0,NA,"SSL",0,0,200,1
"scenarioA","X_39","indep",0,0,NA,"SSL",0,0,200,1
"scenarioA","X_40","indep",0,0,NA,"SSL",0,0,200,1
"scenarioA","X_41","indep",0,0,NA,"SSL",0,0,200,1
"scenarioA","X_42","indep",0,0,NA,"SSL",0,0,200,1
"scenarioA","X_43","indep",0,0,NA,"SSL",0,0,200,1
"scenarioA","X_44","indep",0,0,NA,"SSL",0,0,200,1
"scenarioA","X_45","indep",0,0,NA,"SSL",0,0,200,1
"scenarioA","X_46","indep",0,0,NA,"SSL",0,0,200,1
"scenarioA","X_47","indep",0,0,NA,"SSL",0,0,200,1
"scenarioA","X_48","indep",0,0,NA,"SSL",0,0,200,1
"scenarioA","X_49","indep",0,0,NA,"SSL",0,0,200,1
"scenarioA","X_50","indep",0,0,NA,"SSL",0,0,200,1
"scenarioA","X_51","indep",0,0,NA,"SSL",0,0,200,1
"scenarioA","X_52","indep",0,0,NA,"SSL",0,0,200,1
"scenarioA","X_53","indep",0,0,NA,"SSL",0,0,200,1
"scenarioA","X_54","indep",0,0,NA,"SSL",0,0,200,1
"scenarioA","X_55","indep",0,0,NA,"SSL",0,0,200,1
"scenarioA","X_56","indep",0,0,NA,"SSL",0,0,200,1
"scenarioA","X_57","indep",0,0,NA,"SSL",0,0,200,1
"scenarioA","X_58","indep",0,0,NA,"SSL",0,0,200,1
"scenarioA","X_59","indep",0,0,NA,"SSL",0,0,200,1
"scenarioA","X_60","indep",0,0,NA,"SSL",0,0,200,1
"scenarioA","X_61","indep",0,0,NA,"SSL",0,0,200,1
"scenarioA","X_62","indep",0,0,NA,"SSL",0,0,200,1
"scenarioA","X_63","indep",0,0,NA,"SSL",0,0,200,1
"scenarioA","X_64","indep",0,0,NA,"SSL",0,0,200,1
"scenarioA","X_65","indep",0,0,NA,"SSL",0,0,200,1
"scenarioA","X_66","indep",0,0,NA,"SSL",0,0,200,1
"scenarioA","X_67","indep",0,0,NA,"SSL",0,0,200,1
"scenarioA","X_68","indep",0,0,NA,"SSL",0,0,200,1
"scenarioA","X_69","indep",0,0,NA,"SSL",0,0,200,1
"scenarioA","X_70","indep",0,0,NA,"SSL",0,0,200,1
"scenarioA","X_71","indep",0,0,NA,"SSL",0,0,200,1
"scenarioA","X_72","indep",0,0,NA,"SSL",0,0,200,1
"scenarioA","X_73","indep",0,0,NA,"SSL",0,0,200,1
"scenarioA","X_74","indep",0,0,NA,"SSL",0,0,200,1
"scenarioA","X_75","indep",0,0,NA,"SSL",0,0,200,1
"scenarioA","X_76","indep",0,0,NA,"SSL",0,0,200,1
"scenarioA","X_77","indep",0,0,NA,"SSL",0,0,200,1
"scenarioA","X_78","indep",0,0,NA,"SSL",0,0,200,1
"scenarioA","X_79","indep",0,0,NA,"SSL",0,0,200,1
"scenarioA","X_80","indep",0,0,NA,"SSL",0,0,200,1
"scenarioA","X_81","indep",0,0,NA,"SSL",0,0,200,1
"scenarioA","X_82","indep",0,0,NA,"SSL",0,0,200,1
"scenarioA","X_83","indep",0,0,NA,"SSL",0,0,200,1
"scenarioA","X_84","indep",0,0,NA,"SSL",0,0,200,1
"scenarioA","X_85","indep",0,0,NA,"SSL",0,0,200,1
"scenarioA","X_86","indep",0,0,NA,"SSL",0,0,200,1
"scenarioA","X_87","indep",0,0,NA,"SSL",0,0,200,1
"scenarioA","X_88","indep",0,0,NA,"SSL",0,0,200,1
"scenarioA","X_89","indep",0,0,NA,"SSL",0,0,200,1
"scenarioA","X_90","indep",0,0,NA,"SSL",0,0,200,1
"scenarioA","X_91","indep",0,0,NA,"SSL",0,0,200,1
"scenarioA","X_92","indep",0,0,NA,"SSL",0,0,200,1
"scenarioA","X_93","indep",0,0,NA,"SSL",0,0,200,1
"scenarioA","X_94","indep",0,0,NA,"SSL",0,0,200,1
"scenarioA","X_95","indep",0,0,NA,"SSL",0,0,200,1
"scenarioA","X_96","indep",0,0,NA,"SSL",0,0,200,1
"scenarioA","X_97","indep",0,0,NA,"SSL",0,0,200,1
"scenarioA","X_98","indep",0,0,NA,"SSL",0,0,200,1
"scenarioA","X_99","indep",0,0,NA,"SSL",0,0,200,1
"scenarioA","X_100","indep",0,0,NA,"SSL",0,0,200,1
"scenarioA","X_101","indep",0,0,NA,"SSL",0,0,200,1
"scenarioA","X_102","indep",0,0,NA,"SSL",0,0,200,1
"scenarioA","X_103","indep",0,0,NA,"SSL",-0.244962206401012,-0.244962206401012,200,1
"scenarioA","X_104","indep",0,0,NA,"SSL",0,0,200,1
"scenarioA","X_105","indep",0,0,NA,"SSL",0,0,200,1
"scenarioA","X_106","indep",0,0,NA,"SSL",0,0,200,1
"scenarioA","X_107","indep",0,0,NA,"SSL",0,0,200,1
"scenarioA","X_108","indep",0,0,NA,"SSL",0,0,200,1
"scenarioA","X_109","indep",0,0,NA,"SSL",0,0,200,1
"scenarioA","X_110","indep",0,0,NA,"SSL",0,0,200,1
"scenarioA","X_111","indep",0,0,NA,"SSL",0,0,200,1
"scenarioA","X_112","indep",0,0,NA,"SSL",0,0,200,1
"scenarioA","X_113","indep",0,0,NA,"SSL",0,0,200,1
"scenarioA","X_114","indep",0,0,NA,"SSL",0,0,200,1
"scenarioA","X_115","indep",0,0,NA,"SSL",0,0,200,1
"scenarioA","X_116","indep",0,0,NA,"SSL",0,0,200,1
"scenarioA","X_117","indep",0,0,NA,"SSL",0,0,200,1
"scenarioA","X_118","indep",0,0,NA,"SSL",0,0,200,1
"scenarioA","X_119","indep",0,0,NA,"SSL",0,0,200,1
"scenarioA","X_120","indep",0,0,NA,"SSL",0,0,200,1
"scenarioA","X_121","indep",0,0,NA,"SSL",0,0,200,1
"scenarioA","X_122","indep",0,0,NA,"SSL",0,0,200,1
"scenarioA","X_123","indep",0,0,NA,"SSL",0,0,200,1
"scenarioA","X_124","indep",0,0,NA,"SSL",0,0,200,1
"scenarioA","X_125","indep",0,0,NA,"SSL",0,0,200,1
"scenarioA","X_126","indep",0,0,NA,"SSL",0,0,200,1
"scenarioA","X_127","indep",0,0,NA,"SSL",0,0,200,1
"scenarioA","X_128","indep",0,0,NA,"SSL",0,0,200,1
"scenarioA","X_129","indep",0,0,NA,"SSL",0,0,200,1
"scenarioA","X_130","indep",0,0,NA,"SSL",0,0,200,1
"scenarioA","X_131","indep",0,0,NA,"SSL",0,0,200,1
"scenarioA","X_132","indep",0,0,NA,"SSL",0,0,200,1
"scenarioA","X_133","indep",0,0,NA,"SSL",0,0,200,1
"scenarioA","X_134","indep",0,0,NA,"SSL",0,0,200,1
"scenarioA","X_135","indep",0,0,NA,"SSL",0,0,200,1
"scenarioA","X_136","indep",0,0,NA,"SSL",0.319802172827916,0.319802172827916,200,1
"scenarioA","X_137","indep",0,0,NA,"SSL",0,0,200,1
"scenarioA","X_138","indep",0,0,NA,"SSL",0,0,200,1
"scenarioA","X_139","indep",0,0,NA,"SSL",0,0,200,1
"scenarioA","X_140","indep",0,0,NA,"SSL",0,0,200,1
"scenarioA","X_141","indep",0,0,NA,"SSL",0,0,200,1
"scenarioA","X_142","indep",0,0,NA,"SSL",0,0,200,1
"scenarioA","X_143","indep",0,0,NA,"SSL",0,0,200,1
"scenarioA","X_144","indep",0,0,NA,"SSL",0,0,200,1
"scenarioA","X_145","indep",0,0,NA,"SSL",0,0,200,1
"scenarioA","X_146","indep",0,0,NA,"SSL",0,0,200,1
"scenarioA","X_147","indep",0,0,NA,"SSL",0,0,200,1
"scenarioA","X_148","indep",0,0,NA,"SSL",0,0,200,1
"scenarioA","X_149","indep",0,0,NA,"SSL",0,0,200,1
"scenarioA","X_150","indep",0,0,NA,"SSL",0,0,200,1
"scenarioA","X_151","indep",0,0,NA,"SSL",0,0,200,1
"scenarioA","X_152","indep",0,0,NA,"SSL",-0.250992870975169,-0.250992870975169,200,1
"scenarioA","X_153","indep",0,0,NA,"SSL",0,0,200,1
"scenarioA","X_154","indep",0,0,NA,"SSL",0,0,200,1
"scenarioA","X_155","weak",0.3,0,NA,"SSL",0,0,200,1
"scenarioA","X_156","weak",0.3,0,NA,"SSL",0,0,200,1
"scenarioA","X_157","weak",0.3,0,NA,"SSL",0,0,200,1
"scenarioA","X_158","weak",0.3,0,NA,"SSL",0,0,200,1
"scenarioA","X_159","weak",0.3,0,NA,"SSL",0,0,200,1
"scenarioA","X_160","weak",0.3,0,NA,"SSL",0,0,200,1
"scenarioA","X_161","weak",0.3,0,NA,"SSL",0,0,200,1
"scenarioA","X_162","weak",0.3,0,NA,"SSL",0,0,200,1
"scenarioA","X_163","weak",0.3,0,NA,"SSL",0,0,200,1
"scenarioA","X_164","weak",0.3,0,NA,"SSL",0,0,200,1
"scenarioA","X_165","weak",0.3,0,NA,"SSL",0,0,200,1
"scenarioA","X_166","weak",0.3,0,NA,"SSL",0,0,200,1
"scenarioA","X_167","weak",0.3,0,NA,"SSL",0,0,200,1
"scenarioA","X_168","weak",0.3,0,NA,"SSL",0,0,200,1
"scenarioA","X_169","weak",0.3,0,NA,"SSL",0,0,200,1
"scenarioA","X_170","weak",0.3,0,NA,"SSL",0,0,200,1
"scenarioA","X_171","weak",0.3,0,NA,"SSL",0,0,200,1
"scenarioA","X_172","weak",0.3,0,NA,"SSL",0,0,200,1
"scenarioA","X_173","weak",0.3,0,NA,"SSL",0,0,200,1
"scenarioA","X_174","weak",0.3,0,NA,"SSL",0,0,200,1
"scenarioA","X_175","weak",0.3,0,NA,"SSL",0,0,200,1
"scenarioA","X_176","weak",0.3,0,NA,"SSL",0,0,200,1
"scenarioA","X_177","weak",0.3,0,NA,"SSL",0,0,200,1
"scenarioA","X_178","weak",0.3,0,NA,"SSL",0,0,200,1
"scenarioA","X_179","weak",0.3,0,NA,"SSL",0,0,200,1
"scenarioA","X_180","weak",0.3,0,NA,"SSL",0,0,200,1
"scenarioA","X_181","weak",0.3,0,NA,"SSL",0,0,200,1
"scenarioA","X_182","weak",0.3,0,NA,"SSL",0,0,200,1
"scenarioA","X_183","weak",0.3,0,NA,"SSL",0,0,200,1
"scenarioA","X_184","weak",0.3,0,NA,"SSL",0,0,200,1
"scenarioA","X_185","weak",0.3,0,NA,"SSL",0,0,200,1
"scenarioA","X_186","weak",0.3,0,NA,"SSL",0,0,200,1
"scenarioA","X_187","weak",0.3,0,NA,"SSL",0,0,200,1
"scenarioA","X_188","weak",0.3,0,NA,"SSL",0,0,200,1
"scenarioA","X_189","weak",0.3,0,NA,"SSL",0,0,200,1
"scenarioA","X_190","weak",0.3,0,NA,"SSL",0,0,200,1
"scenarioA","X_191","weak",0.3,0,NA,"SSL",0,0,200,1
"scenarioA","X_192","weak",0.3,0,NA,"SSL",0,0,200,1
"scenarioA","X_193","weak",0.3,0,NA,"SSL",0,0,200,1
"scenarioA","X_194","weak",0.3,0,NA,"SSL",0,0,200,1
"scenarioA","X_195","weak",0.3,0,NA,"SSL",0,0,200,1
"scenarioA","X_196","weak",0.3,0,NA,"SSL",0,0,200,1
"scenarioA","X_197","weak",0.3,0,NA,"SSL",0,0,200,1
"scenarioA","X_198","weak",0.3,0,NA,"SSL",0,0,200,1
"scenarioA","X_199","weak",0.3,0,NA,"SSL",0,0,200,1
"scenarioA","X_200","weak",0.3,0,NA,"SSL",0,0,200,1
"scenarioA","X_201","weak",0.3,0,NA,"SSL",0,0,200,1
"scenarioA","X_202","weak",0.3,0,NA,"SSL",0,0,200,1
"scenarioA","X_203","weak",0.3,0,NA,"SSL",0,0,200,1
"scenarioA","X_204","weak",0.3,0,NA,"SSL",0,0,200,1
"scenarioA","X_205","weak",0.3,0,NA,"SSL",0,0,200,1
"scenarioA","X_206","weak",0.3,0,NA,"SSL",0,0,200,1
"scenarioA","X_207","weak",0.3,0,NA,"SSL",0,0,200,1
"scenarioA","X_208","weak",0.3,0,NA,"SSL",0,0,200,1
"scenarioA","X_209","weak",0.3,0,NA,"SSL",0,0,200,1
"scenarioA","X_210","weak",0.3,0,NA,"SSL",0,0,200,1
"scenarioA","X_211","weak",0.3,0,NA,"SSL",0,0,200,1
"scenarioA","X_212","weak",0.3,0,NA,"SSL",0,0,200,1
"scenarioA","X_213","weak",0.3,0,NA,"SSL",0,0,200,1
"scenarioA","X_214","weak",0.3,0,NA,"SSL",0,0,200,1
"scenarioA","X_215","weak",0.3,0,NA,"SSL",0,0,200,1
"scenarioA","X_216","weak",0.3,0,NA,"SSL",0,0,200,1
"scenarioA","X_217","weak",0.3,0,NA,"SSL",0,0,200,1
"scenarioA","X_218","weak",0.3,0,NA,"SSL",0,0,200,1
"scenarioA","X_219","weak",0.3,0,NA,"SSL",0,0,200,1
"scenarioA","X_220","weak",0.3,0,NA,"SSL",0,0,200,1
"scenarioA","X_221","weak",0.3,0,NA,"SSL",0,0,200,1
"scenarioA","X_222","weak",0.3,0,NA,"SSL",0,0,200,1
"scenarioA","X_223","weak",0.3,0,NA,"SSL",-0.324552410821049,-0.324552410821049,200,1
"scenarioA","X_224","weak",0.3,0,NA,"SSL",0,0,200,1
"scenarioA","X_225","weak",0.3,0,NA,"SSL",0,0,200,1
"scenarioA","X_226","weak",0.3,0,NA,"SSL",0,0,200,1
"scenarioA","X_227","weak",0.3,0,NA,"SSL",0,0,200,1
"scenarioA","X_228","strong",0.6,0,NA,"SSL",0,0,200,1
"scenarioA","X_229","strong",0.6,0,NA,"SSL",0,0,200,1
"scenarioA","X_230","strong",0.6,0,NA,"SSL",0,0,200,1
"scenarioA","X_231","strong",0.6,0,NA,"SSL",0,0,200,1
"scenarioA","X_232","strong",0.6,0,NA,"SSL",0,0,200,1
"scenarioA","X_233","strong",0.6,0,NA,"SSL",0,0,200,1
"scenarioA","X_234","strong",0.6,0,NA,"SSL",0,0,200,1
"scenarioA","X_235","strong",0.6,0,NA,"SSL",0,0,200,1
"scenarioA","X_236","strong",0.6,0,NA,"SSL",0,0,200,1
"scenarioA","X_237","strong",0.6,0,NA,"SSL",0,0,200,1
"scenarioA","X_238","strong",0.6,0,NA,"SSL",0,0,200,1
"scenarioA","X_239","strong",0.6,0,NA,"SSL",0,0,200,1
"scenarioA","X_240","strong",0.6,0,NA,"SSL",0,0,200,1
"scenarioA","X_241","strong",0.6,0,NA,"SSL",0,0,200,1
"scenarioA","X_242","strong",0.6,0,NA,"SSL",0,0,200,1
"scenarioA","X_243","strong",0.6,0,NA,"SSL",0,0,200,1
"scenarioA","X_244","strong",0.6,0,NA,"SSL",0,0,200,1
"scenarioA","X_245","strong",0.6,0,NA,"SSL",0,0,200,1
"scenarioA","X_246","strong",0.6,0,NA,"SSL",0,0,200,1
"scenarioA","X_247","strong",0.6,0,NA,"SSL",0,0,200,1
"scenarioA","X_248","strong",0.6,0,NA,"SSL",0,0,200,1
"scenarioA","X_249","strong",0.6,0,NA,"SSL",0,0,200,1
"scenarioA","X_250","strong",0.6,0,NA,"SSL",0,0,200,1
"scenarioA","X_251","strong",0.6,0,NA,"SSL",0,0,200,1
"scenarioA","X_252","strong",0.6,0,NA,"SSL",0,0,200,1
"scenarioA","X_253","strong",0.6,0,NA,"SSL",0,0,200,1
"scenarioA","X_254","strong",0.6,0,NA,"SSL",0,0,200,1
"scenarioA","X_255","strong",0.6,0,NA,"SSL",0,0,200,1
"scenarioA","X_256","strong",0.6,0,NA,"SSL",0,0,200,1
"scenarioA","X_257","strong",0.6,0,NA,"SSL",0,0,200,1
"scenarioA","X_258","strong",0.6,0,NA,"SSL",0,0,200,1
"scenarioA","X_259","strong",0.6,0,NA,"SSL",0,0,200,1
"scenarioA","X_260","strong",0.6,0,NA,"SSL",0,0,200,1
"scenarioA","X_261","strong",0.6,0,NA,"SSL",0,0,200,1
"scenarioA","X_262","strong",0.6,0,NA,"SSL",0,0,200,1
"scenarioA","X_263","strong",0.6,0,NA,"SSL",0,0,200,1
"scenarioA","X_264","strong",0.6,0,NA,"SSL",0,0,200,1
"scenarioA","X_265","strong",0.6,0,NA,"SSL",0,0,200,1
"scenarioA","X_266","strong",0.6,0,NA,"SSL",0,0,200,1
"scenarioA","X_267","strong",0.6,0,NA,"SSL",0,0,200,1
"scenarioA","X_268","strong",0.6,0,NA,"SSL",0,0,200,1
"scenarioA","X_269","strong",0.6,0,NA,"SSL",0,0,200,1
"scenarioA","X_270","strong",0.6,0,NA,"SSL",0,0,200,1
"scenarioA","X_271","strong",0.6,0,NA,"SSL",0,0,200,1
"scenarioA","X_272","strong",0.6,0,NA,"SSL",0,0,200,1
"scenarioA","X_273","strong",0.6,0,NA,"SSL",0,0,200,1
"scenarioA","X_274","strong",0.6,0,NA,"SSL",0,0,200,1
"scenarioA","X_275","strong",0.6,0,NA,"SSL",0,0,200,1
"scenarioA","X_276","strong",0.6,0,NA,"SSL",0,0,200,1
"scenarioA","X_277","strong",0.6,0,NA,"SSL",0,0,200,1
"scenarioA","X_278","strong",0.6,0,NA,"SSL",0,0,200,1
"scenarioA","X_279","strong",0.6,0,NA,"SSL",0,0,200,1
"scenarioA","X_280","strong",0.6,0,NA,"SSL",0,0,200,1
"scenarioA","X_281","strong",0.6,0,NA,"SSL",0,0,200,1
"scenarioA","X_282","strong",0.6,0,NA,"SSL",0,0,200,1
"scenarioA","X_283","strong",0.6,0,NA,"SSL",0,0,200,1
"scenarioA","X_284","strong",0.6,0,NA,"SSL",0,0,200,1
"scenarioA","X_285","strong",0.6,0,NA,"SSL",0,0,200,1
"scenarioA","X_286","strong",0.6,0,NA,"SSL",0,0,200,1
"scenarioA","X_287","strong",0.6,0,NA,"SSL",0,0,200,1
"scenarioA","X_288","strong",0.6,0,NA,"SSL",0,0,200,1
"scenarioA","X_289","strong",0.6,0,NA,"SSL",0,0,200,1
"scenarioA","X_290","strong",0.6,0,NA,"SSL",0,0,200,1
"scenarioA","X_291","strong",0.6,0,NA,"SSL",0,0,200,1
"scenarioA","X_292","strong",0.6,0,NA,"SSL",0,0,200,1
"scenarioA","X_293","strong",0.6,0,NA,"SSL",0,0,200,1
"scenarioA","X_294","strong",0.6,0,NA,"SSL",0,0,200,1
"scenarioA","X_295","strong",0.6,0,NA,"SSL",0,0,200,1
"scenarioA","X_296","strong",0.6,0,NA,"SSL",0,0,200,1
"scenarioA","X_297","strong",0.6,0,NA,"SSL",0,0,200,1
"scenarioA","X_298","strong",0.6,0,NA,"SSL",0,0,200,1
"scenarioA","X_299","strong",0.6,0,NA,"SSL",0,0,200,1
"scenarioA","X_300","strong",0.6,0,NA,"SSL",0,0,200,1
"scenarioA","X_1","strong",0.6,0.4,0.530949878466045,"LASSO",0,-0.4,200,1
"scenarioA","X_2","strong",0.6,-0.5,-0.602024794875323,"LASSO",0,0.5,200,1
"scenarioA","X_3","weak",0.3,0.6,0.891637980686904,"LASSO",0.567996234826335,-0.0320037651736649,200,1
"scenarioA","X_4","weak",0.3,0.75,0.788427318875682,"LASSO",0.358213104762322,-0.391786895237678,200,1
"scenarioA","X_5","indep",0,-0.8,-0.891644163343839,"LASSO",-0.374779532481591,0.425220467518409,200,1
"scenarioA","X_6","indep",0,0,NA,"LASSO",0,0,200,1
"scenarioA","X_7","indep",0,0,NA,"LASSO",0,0,200,1
"scenarioA","X_8","indep",0,0,NA,"LASSO",0,0,200,1
"scenarioA","X_9","indep",0,0,NA,"LASSO",0,0,200,1
"scenarioA","X_10","indep",0,0,NA,"LASSO",0,0,200,1
"scenarioA","X_11","indep",0,0,NA,"LASSO",0,0,200,1
"scenarioA","X_12","indep",0,0,NA,"LASSO",0,0,200,1
"scenarioA","X_13","indep",0,0,NA,"LASSO",0,0,200,1
"scenarioA","X_14","indep",0,0,NA,"LASSO",0,0,200,1
"scenarioA","X_15","indep",0,0,NA,"LASSO",0,0,200,1
"scenarioA","X_16","indep",0,0,NA,"LASSO",0,0,200,1
"scenarioA","X_17","indep",0,0,NA,"LASSO",0,0,200,1
"scenarioA","X_18","indep",0,0,NA,"LASSO",0,0,200,1
"scenarioA","X_19","indep",0,0,NA,"LASSO",0,0,200,1
"scenarioA","X_20","indep",0,0,NA,"LASSO",0,0,200,1
"scenarioA","X_21","indep",0,0,NA,"LASSO",0,0,200,1
"scenarioA","X_22","indep",0,0,NA,"LASSO",0,0,200,1
"scenarioA","X_23","indep",0,0,NA,"LASSO",0,0,200,1
"scenarioA","X_24","indep",0,0,NA,"LASSO",0,0,200,1
"scenarioA","X_25","indep",0,0,NA,"LASSO",0,0,200,1
"scenarioA","X_26","indep",0,0,NA,"LASSO",0,0,200,1
"scenarioA","X_27","indep",0,0,NA,"LASSO",0,0,200,1
"scenarioA","X_28","indep",0,0,NA,"LASSO",0,0,200,1
"scenarioA","X_29","indep",0,0,NA,"LASSO",0,0,200,1
"scenarioA","X_30","indep",0,0,NA,"LASSO",0,0,200,1
"scenarioA","X_31","indep",0,0,NA,"LASSO",0,0,200,1
"scenarioA","X_32","indep",0,0,NA,"LASSO",0,0,200,1
"scenarioA","X_33","indep",0,0,NA,"LASSO",0,0,200,1
"scenarioA","X_34","indep",0,0,NA,"LASSO",0,0,200,1
"scenarioA","X_35","indep",0,0,NA,"LASSO",0,0,200,1
"scenarioA","X_36","indep",0,0,NA,"LASSO",0,0,200,1
"scenarioA","X_37","indep",0,0,NA,"LASSO",0,0,200,1
"scenarioA","X_38","indep",0,0,NA,"LASSO",0,0,200,1
"scenarioA","X_39","indep",0,0,NA,"LASSO",0,0,200,1
"scenarioA","X_40","indep",0,0,NA,"LASSO",0,0,200,1
"scenarioA","X_41","indep",0,0,NA,"LASSO",0,0,200,1
"scenarioA","X_42","indep",0,0,NA,"LASSO",0,0,200,1
"scenarioA","X_43","indep",0,0,NA,"LASSO",0,0,200,1
"scenarioA","X_44","indep",0,0,NA,"LASSO",0,0,200,1
"scenarioA","X_45","indep",0,0,NA,"LASSO",0,0,200,1
"scenarioA","X_46","indep",0,0,NA,"LASSO",0,0,200,1
"scenarioA","X_47","indep",0,0,NA,"LASSO",0,0,200,1
"scenarioA","X_48","indep",0,0,NA,"LASSO",0,0,200,1
"scenarioA","X_49","indep",0,0,NA,"LASSO",0,0,200,1
"scenarioA","X_50","indep",0,0,NA,"LASSO",0,0,200,1
"scenarioA","X_51","indep",0,0,NA,"LASSO",0,0,200,1
"scenarioA","X_52","indep",0,0,NA,"LASSO",0,0,200,1
"scenarioA","X_53","indep",0,0,NA,"LASSO",0,0,200,1
"scenarioA","X_54","indep",0,0,NA,"LASSO",0,0,200,1
"scenarioA","X_55","indep",0,0,NA,"LASSO",0,0,200,1
"scenarioA","X_56","indep",0,0,NA,"LASSO",0,0,200,1
"scenarioA","X_57","indep",0,0,NA,"LASSO",0,0,200,1
"scenarioA","X_58","indep",0,0,NA,"LASSO",0,0,200,1
"scenarioA","X_59","indep",0,0,NA,"LASSO",0,0,200,1
"scenarioA","X_60","indep",0,0,NA,"LASSO",0,0,200,1
"scenarioA","X_61","indep",0,0,NA,"LASSO",0,0,200,1
"scenarioA","X_62","indep",0,0,NA,"LASSO",0,0,200,1
"scenarioA","X_63","indep",0,0,NA,"LASSO",0,0,200,1
"scenarioA","X_64","indep",0,0,NA,"LASSO",0,0,200,1
"scenarioA","X_65","indep",0,0,NA,"LASSO",0,0,200,1
"scenarioA","X_66","indep",0,0,NA,"LASSO",0,0,200,1
"scenarioA","X_67","indep",0,0,NA,"LASSO",0,0,200,1
"scenarioA","X_68","indep",0,0,NA,"LASSO",0,0,200,1
"scenarioA","X_69","indep",0,0,NA,"LASSO",0,0,200,1
"scenarioA","X_70","indep",0,0,NA,"LASSO",0,0,200,1
"scenarioA","X_71","indep",0,0,NA,"LASSO",0,0,200,1
"scenarioA","X_72","indep",0,0,NA,"LASSO",0,0,200,1
"scenarioA","X_73","indep",0,0,NA,"LASSO",0,0,200,1
"scenarioA","X_74","indep",0,0,NA,"LASSO",0,0,200,1
"scenarioA","X_75","indep",0,0,NA,"LASSO",0,0,200,1
"scenarioA","X_76","indep",0,0,NA,"LASSO",0,0,200,1
"scenarioA","X_77","indep",0,0,NA,"LASSO",0,0,200,1
"scenarioA","X_78","indep",0,0,NA,"LASSO",0,0,200,1
"scenarioA","X_79","indep",0,0,NA,"LASSO",0,0,200,1
"scenarioA","X_80","indep",0,0,NA,"LASSO",0,0,200,1
"scenarioA","X_81","indep",0,0,NA,"LASSO",0,0,200,1
"scenarioA","X_82","indep",0,0,NA,"LASSO",0,0,200,1
"scenarioA","X_83","indep",0,0,NA,"LASSO",0,0,200,1
"scenarioA","X_84","indep",0,0,NA,"LASSO",0,0,200,1
"scenarioA","X_85","indep",0,0,NA,"LASSO",0,0,200,1
"scenarioA","X_86","indep",0,0,NA,"LASSO",0,0,200,1
"scenarioA","X_87","indep",0,0,NA,"LASSO",0,0,200,1
"scenarioA","X_88","indep",0,0,NA,"LASSO",0,0,200,1
"scenarioA","X_89","indep",0,0,NA,"LASSO",0,0,200,1
"scenarioA","X_90","indep",0,0,NA,"LASSO",0,0,200,1
"scenarioA","X_91","indep",0,0,NA,"LASSO",0,0,200,1
"scenarioA","X_92","indep",0,0,NA,"LASSO",0,0,200,1
"scenarioA","X_93","indep",0,0,NA,"LASSO",0,0,200,1
"scenarioA","X_94","indep",0,0,NA,"LASSO",0,0,200,1
"scenarioA","X_95","indep",0,0,NA,"LASSO",0,0,200,1
"scenarioA","X_96","indep",0,0,NA,"LASSO",0,0,200,1
"scenarioA","X_97","indep",0,0,NA,"LASSO",0,0,200,1
"scenarioA","X_98","indep",0,0,NA,"LASSO",0,0,200,1
"scenarioA","X_99","indep",0,0,NA,"LASSO",0,0,200,1
"scenarioA","X_100","indep",0,0,NA,"LASSO",0,0,200,1
"scenarioA","X_101","indep",0,0,NA,"LASSO",0,0,200,1
"scenarioA","X_102","indep",0,0,NA,"LASSO",0,0,200,1
"scenarioA","X_103","indep",0,0,NA,"LASSO",0,0,200,1
"scenarioA","X_104","indep",0,0,NA,"LASSO",-0.0486959727527383,-0.0486959727527383,200,1
"scenarioA","X_105","indep",0,0,NA,"LASSO",0,0,200,1
"scenarioA","X_106","indep",0,0,NA,"LASSO",0,0,200,1
"scenarioA","X_107","indep",0,0,NA,"LASSO",0,0,200,1
"scenarioA","X_108","indep",0,0,NA,"LASSO",0,0,200,1
"scenarioA","X_109","indep",0,0,NA,"LASSO",0,0,200,1
"scenarioA","X_110","indep",0,0,NA,"LASSO",0,0,200,1
"scenarioA","X_111","indep",0,0,NA,"LASSO",0,0,200,1
"scenarioA","X_112","indep",0,0,NA,"LASSO",0,0,200,1
"scenarioA","X_113","indep",0,0,NA,"LASSO",0,0,200,1
"scenarioA","X_114","indep",0,0,NA,"LASSO",0,0,200,1
"scenarioA","X_115","indep",0,0,NA,"LASSO",0,0,200,1
"scenarioA","X_116","indep",0,0,NA,"LASSO",0,0,200,1
"scenarioA","X_117","indep",0,0,NA,"LASSO",0,0,200,1
"scenarioA","X_118","indep",0,0,NA,"LASSO",0,0,200,1
"scenarioA","X_119","indep",0,0,NA,"LASSO",0,0,200,1
"scenarioA","X_120","indep",0,0,NA,"LASSO",0,0,200,1
"scenarioA","X_121","indep",0,0,NA,"LASSO",0,0,200,1
"scenarioA","X_122","indep",0,0,NA,"LASSO",0,0,200,1
"scenarioA","X_123","indep",0,0,NA,"LASSO",0,0,200,1
"scenarioA","X_124","indep",0,0,NA,"LASSO",0,0,200,1
"scenarioA","X_125","indep",0,0,NA,"LASSO",0,0,200,1
"scenarioA","X_126","indep",0,0,NA,"LASSO",0,0,200,1
"scenarioA","X_127","indep",0,0,NA,"LASSO",0,0,200,1
"scenarioA","X_128","indep",0,0,NA,"LASSO",0,0,200,1
"scenarioA","X_129","indep",0,0,NA,"LASSO",0,0,200,1
"scenarioA","X_130","indep",0,0,NA,"LASSO",0,0,200,1
"scenarioA","X_131","indep",0,0,NA,"LASSO",0,0,200,1
"scenarioA","X_132","indep",0,0,NA,"LASSO",0,0,200,1
"scenarioA","X_133","indep",0,0,NA,"LASSO",0,0,200,1
"scenarioA","X_134","indep",0,0,NA,"LASSO",0,0,200,1
"scenarioA","X_135","indep",0,0,NA,"LASSO",0,0,200,1
"scenarioA","X_136","indep",0,0,NA,"LASSO",0,0,200,1
"scenarioA","X_137","indep",0,0,NA,"LASSO",0,0,200,1
"scenarioA","X_138","indep",0,0,NA,"LASSO",0,0,200,1
"scenarioA","X_139","indep",0,0,NA,"LASSO",0,0,200,1
"scenarioA","X_140","indep",0,0,NA,"LASSO",0,0,200,1
"scenarioA","X_141","indep",0,0,NA,"LASSO",0,0,200,1
"scenarioA","X_142","indep",0,0,NA,"LASSO",0,0,200,1
"scenarioA","X_143","indep",0,0,NA,"LASSO",0,0,200,1
"scenarioA","X_144","indep",0,0,NA,"LASSO",0,0,200,1
"scenarioA","X_145","indep",0,0,NA,"LASSO",0,0,200,1
"scenarioA","X_146","indep",0,0,NA,"LASSO",0,0,200,1
"scenarioA","X_147","indep",0,0,NA,"LASSO",0,0,200,1
"scenarioA","X_148","indep",0,0,NA,"LASSO",0,0,200,1
"scenarioA","X_149","indep",0,0,NA,"LASSO",0,0,200,1
"scenarioA","X_150","indep",0,0,NA,"LASSO",0,0,200,1
"scenarioA","X_151","indep",0,0,NA,"LASSO",0,0,200,1
"scenarioA","X_152","indep",0,0,NA,"LASSO",0,0,200,1
"scenarioA","X_153","indep",0,0,NA,"LASSO",0,0,200,1
"scenarioA","X_154","indep",0,0,NA,"LASSO",0,0,200,1
"scenarioA","X_155","weak",0.3,0,NA,"LASSO",0,0,200,1
"scenarioA","X_156","weak",0.3,0,NA,"LASSO",0,0,200,1
"scenarioA","X_157","weak",0.3,0,NA,"LASSO",0,0,200,1
"scenarioA","X_158","weak",0.3,0,NA,"LASSO",0,0,200,1
"scenarioA","X_159","weak",0.3,0,NA,"LASSO",0,0,200,1
"scenarioA","X_160","weak",0.3,0,NA,"LASSO",0,0,200,1
"scenarioA","X_161","weak",0.3,0,NA,"LASSO",0,0,200,1
"scenarioA","X_162","weak",0.3,0,NA,"LASSO",0,0,200,1
"scenarioA","X_163","weak",0.3,0,NA,"LASSO",0,0,200,1
"scenarioA","X_164","weak",0.3,0,NA,"LASSO",0,0,200,1
"scenarioA","X_165","weak",0.3,0,NA,"LASSO",0,0,200,1
"scenarioA","X_166","weak",0.3,0,NA,"LASSO",0,0,200,1
"scenarioA","X_167","weak",0.3,0,NA,"LASSO",0,0,200,1
"scenarioA","X_168","weak",0.3,0,NA,"LASSO",0,0,200,1
"scenarioA","X_169","weak",0.3,0,NA,"LASSO",0,0,200,1
"scenarioA","X_170","weak",0.3,0,NA,"LASSO",0,0,200,1
"scenarioA","X_171","weak",0.3,0,NA,"LASSO",0,0,200,1
"scenarioA","X_172","weak",0.3,0,NA,"LASSO",0,0,200,1
"scenarioA","X_173","weak",0.3,0,NA,"LASSO",0,0,200,1
"scenarioA","X_174","weak",0.3,0,NA,"LASSO",0,0,200,1
"scenarioA","X_175","weak",0.3,0,NA,"LASSO",0,0,200,1
"scenarioA","X_176","weak",0.3,0,NA,"LASSO",0,0,200,1
"scenarioA","X_177","weak",0.3,0,NA,"LASSO",0,0,200,1
"scenarioA","X_178","weak",0.3,0,NA,"LASSO",0,0,200,1
"scenarioA","X_179","weak",0.3,0,NA,"LASSO",0,0,200,1
"scenarioA","X_180","weak",0.3,0,NA,"LASSO",0,0,200,1
"scenarioA","X_181","weak",0.3,0,NA,"LASSO",0,0,200,1
"scenarioA","X_182","weak",0.3,0,NA,"LASSO",0,0,200,1
"scenarioA","X_183","weak",0.3,0,NA,"LASSO",0,0,200,1
"scenarioA","X_184","weak",0.3,0,NA,"LASSO",0,0,200,1
"scenarioA","X_185","weak",0.3,0,NA,"LASSO",0,0,200,1
"scenarioA","X_186","weak",0.3,0,NA,"LASSO",0,0,200,1
"scenarioA","X_187","weak",0.3,0,NA,"LASSO",0,0,200,1
"scenarioA","X_188","weak",0.3,0,NA,"LASSO",0,0,200,1
"scenarioA","X_189","weak",0.3,0,NA,"LASSO",0,0,200,1
"scenarioA","X_190","weak",0.3,0,NA,"LASSO",0,0,200,1
"scenarioA","X_191","weak",0.3,0,NA,"LASSO",0,0,200,1
"scenarioA","X_192","weak",0.3,0,NA,"LASSO",0,0,200,1
"scenarioA","X_193","weak",0.3,0,NA,"LASSO",0,0,200,1
"scenarioA","X_194","weak",0.3,0,NA,"LASSO",0,0,200,1
"scenarioA","X_195","weak",0.3,0,NA,"LASSO",0,0,200,1
"scenarioA","X_196","weak",0.3,0,NA,"LASSO",0,0,200,1
"scenarioA","X_197","weak",0.3,0,NA,"LASSO",0,0,200,1
"scenarioA","X_198","weak",0.3,0,NA,"LASSO",0,0,200,1
"scenarioA","X_199","weak",0.3,0,NA,"LASSO",0,0,200,1
"scenarioA","X_200","weak",0.3,0,NA,"LASSO",0,0,200,1
"scenarioA","X_201","weak",0.3,0,NA,"LASSO",0,0,200,1
"scenarioA","X_202","weak",0.3,0,NA,"LASSO",0,0,200,1
"scenarioA","X_203","weak",0.3,0,NA,"LASSO",0,0,200,1
"scenarioA","X_204","weak",0.3,0,NA,"LASSO",0,0,200,1
"scenarioA","X_205","weak",0.3,0,NA,"LASSO",0,0,200,1
"scenarioA","X_206","weak",0.3,0,NA,"LASSO",0,0,200,1
"scenarioA","X_207","weak",0.3,0,NA,"LASSO",0,0,200,1
"scenarioA","X_208","weak",0.3,0,NA,"LASSO",0,0,200,1
"scenarioA","X_209","weak",0.3,0,NA,"LASSO",0,0,200,1
"scenarioA","X_210","weak",0.3,0,NA,"LASSO",0,0,200,1
"scenarioA","X_211","weak",0.3,0,NA,"LASSO",0,0,200,1
"scenarioA","X_212","weak",0.3,0,NA,"LASSO",0,0,200,1
"scenarioA","X_213","weak",0.3,0,NA,"LASSO",0,0,200,1
"scenarioA","X_214","weak",0.3,0,NA,"LASSO",0,0,200,1
"scenarioA","X_215","weak",0.3,0,NA,"LASSO",0,0,200,1
"scenarioA","X_216","weak",0.3,0,NA,"LASSO",0,0,200,1
"scenarioA","X_217","weak",0.3,0,NA,"LASSO",0,0,200,1
"scenarioA","X_218","weak",0.3,0,NA,"LASSO",0,0,200,1
"scenarioA","X_219","weak",0.3,0,NA,"LASSO",0,0,200,1
"scenarioA","X_220","weak",0.3,0,NA,"LASSO",0,0,200,1
"scenarioA","X_221","weak",0.3,0,NA,"LASSO",0,0,200,1
"scenarioA","X_222","weak",0.3,0,NA,"LASSO",0,0,200,1
"scenarioA","X_223","weak",0.3,0,NA,"LASSO",0,0,200,1
"scenarioA","X_224","weak",0.3,0,NA,"LASSO",0,0,200,1
"scenarioA","X_225","weak",0.3,0,NA,"LASSO",0,0,200,1
"scenarioA","X_226","weak",0.3,0,NA,"LASSO",0,0,200,1
"scenarioA","X_227","weak",0.3,0,NA,"LASSO",0,0,200,1
"scenarioA","X_228","strong",0.6,0,NA,"LASSO",0,0,200,1
"scenarioA","X_229","strong",0.6,0,NA,"LASSO",0,0,200,1
"scenarioA","X_230","strong",0.6,0,NA,"LASSO",0,0,200,1
"scenarioA","X_231","strong",0.6,0,NA,"LASSO",0,0,200,1
"scenarioA","X_232","strong",0.6,0,NA,"LASSO",0,0,200,1
"scenarioA","X_233","strong",0.6,0,NA,"LASSO",0,0,200,1
"scenarioA","X_234","strong",0.6,0,NA,"LASSO",0,0,200,1
"scenarioA","X_235","strong",0.6,0,NA,"LASSO",0,0,200,1
"scenarioA","X_236","strong",0.6,0,NA,"LASSO",0,0,200,1
"scenarioA","X_237","strong",0.6,0,NA,"LASSO",0,0,200,1
"scenarioA","X_238","strong",0.6,0,NA,"LASSO",0,0,200,1
"scenarioA","X_239","strong",0.6,0,NA,"LASSO",0,0,200,1
"scenarioA","X_240","strong",0.6,0,NA,"LASSO",0,0,200,1
"scenarioA","X_241","strong",0.6,0,NA,"LASSO",0,0,200,1
"scenarioA","X_242","strong",0.6,0,NA,"LASSO",0,0,200,1
"scenarioA","X_243","strong",0.6,0,NA,"LASSO",0,0,200,1
"scenarioA","X_244","strong",0.6,0,NA,"LASSO",0,0,200,1
"scenarioA","X_245","strong",0.6,0,NA,"LASSO",0,0,200,1
"scenarioA","X_246","strong",0.6,0,NA,"LASSO",0,0,200,1
"scenarioA","X_247","strong",0.6,0,NA,"LASSO",0,0,200,1
"scenarioA","X_248","strong",0.6,0,NA,"LASSO",0,0,200,1
"scenarioA","X_249","strong",0.6,0,NA,"LASSO",0,0,200,1
"scenarioA","X_250","strong",0.6,0,NA,"LASSO",0,0,200,1
"scenarioA","X_251","strong",0.6,0,NA,"LASSO",0,0,200,1
"scenarioA","X_252","strong",0.6,0,NA,"LASSO",0,0,200,1
"scenarioA","X_253","strong",0.6,0,NA,"LASSO",0,0,200,1
"scenarioA","X_254","strong",0.6,0,NA,"LASSO",0,0,200,1
"scenarioA","X_255","strong",0.6,0,NA,"LASSO",0,0,200,1
"scenarioA","X_256","strong",0.6,0,NA,"LASSO",0,0,200,1
"scenarioA","X_257","strong",0.6,0,NA,"LASSO",0,0,200,1
"scenarioA","X_258","strong",0.6,0,NA,"LASSO",0,0,200,1
"scenarioA","X_259","strong",0.6,0,NA,"LASSO",0,0,200,1
"scenarioA","X_260","strong",0.6,0,NA,"LASSO",0,0,200,1
"scenarioA","X_261","strong",0.6,0,NA,"LASSO",0,0,200,1
"scenarioA","X_262","strong",0.6,0,NA,"LASSO",0,0,200,1
"scenarioA","X_263","strong",0.6,0,NA,"LASSO",0,0,200,1
"scenarioA","X_264","strong",0.6,0,NA,"LASSO",0,0,200,1
"scenarioA","X_265","strong",0.6,0,NA,"LASSO",0,0,200,1
"scenarioA","X_266","strong",0.6,0,NA,"LASSO",0,0,200,1
"scenarioA","X_267","strong",0.6,0,NA,"LASSO",0,0,200,1
"scenarioA","X_268","strong",0.6,0,NA,"LASSO",0,0,200,1
"scenarioA","X_269","strong",0.6,0,NA,"LASSO",0,0,200,1
"scenarioA","X_270","strong",0.6,0,NA,"LASSO",0,0,200,1
"scenarioA","X_271","strong",0.6,0,NA,"LASSO",0,0,200,1
"scenarioA","X_272","strong",0.6,0,NA,"LASSO",0,0,200,1
"scenarioA","X_273","strong",0.6,0,NA,"LASSO",0,0,200,1
"scenarioA","X_274","strong",0.6,0,NA,"LASSO",0,0,200,1
"scenarioA","X_275","strong",0.6,0,NA,"LASSO",0,0,200,1
"scenarioA","X_276","strong",0.6,0,NA,"LASSO",0,0,200,1
"scenarioA","X_277","strong",0.6,0,NA,"LASSO",0,0,200,1
"scenarioA","X_278","strong",0.6,0,NA,"LASSO",0,0,200,1
"scenarioA","X_279","strong",0.6,0,NA,"LASSO",0,0,200,1
"scenarioA","X_280","strong",0.6,0,NA,"LASSO",0,0,200,1
"scenarioA","X_281","strong",0.6,0,NA,"LASSO",0,0,200,1
"scenarioA","X_282","strong",0.6,0,NA,"LASSO",0,0,200,1
"scenarioA","X_283","strong",0.6,0,NA,"LASSO",0,0,200,1
"scenarioA","X_284","strong",0.6,0,NA,"LASSO",0,0,200,1
"scenarioA","X_285","strong",0.6,0,NA,"LASSO",0,0,200,1
"scenarioA","X_286","strong",0.6,0,NA,"LASSO",0,0,200,1
"scenarioA","X_287","strong",0.6,0,NA,"LASSO",0,0,200,1
"scenarioA","X_288","strong",0.6,0,NA,"LASSO",0,0,200,1
"scenarioA","X_289","strong",0.6,0,NA,"LASSO",0,0,200,1
"scenarioA","X_290","strong",0.6,0,NA,"LASSO",0,0,200,1
"scenarioA","X_291","strong",0.6,0,NA,"LASSO",0,0,200,1
"scenarioA","X_292","strong",0.6,0,NA,"LASSO",0,0,200,1
"scenarioA","X_293","strong",0.6,0,NA,"LASSO",0,0,200,1
"scenarioA","X_294","strong",0.6,0,NA,"LASSO",0,0,200,1
"scenarioA","X_295","strong",0.6,0,NA,"LASSO",0,0,200,1
"scenarioA","X_296","strong",0.6,0,NA,"LASSO",0,0,200,1
"scenarioA","X_297","strong",0.6,0,NA,"LASSO",0,0,200,1
"scenarioA","X_298","strong",0.6,0,NA,"LASSO",0,0,200,1
"scenarioA","X_299","strong",0.6,0,NA,"LASSO",0,0,200,1
"scenarioA","X_300","strong",0.6,0,NA,"LASSO",0,0,200,1
"scenarioA","X_1","strong",0.6,0.4,0.554810086305062,"SSL",0.319718617877381,-0.0802813821226187,200,2
"scenarioA","X_2","strong",0.6,-0.5,-0.588617949312452,"SSL",-0.628741219243429,-0.128741219243429,200,2
"scenarioA","X_3","weak",0.3,0.6,0.707493079728122,"SSL",0.629767450111995,0.029767450111995,200,2
"scenarioA","X_4","weak",0.3,0.75,0.837124011923184,"SSL",0.78662359788464,0.0366235978846398,200,2
"scenarioA","X_5","indep",0,-0.8,-0.79472572964859,"SSL",-0.709672291184527,0.0903277088154734,200,2
"scenarioA","X_6","indep",0,0,NA,"SSL",0,0,200,2
"scenarioA","X_7","indep",0,0,NA,"SSL",0,0,200,2
"scenarioA","X_8","indep",0,0,NA,"SSL",0,0,200,2
"scenarioA","X_9","indep",0,0,NA,"SSL",0,0,200,2
"scenarioA","X_10","indep",0,0,NA,"SSL",0,0,200,2
"scenarioA","X_11","indep",0,0,NA,"SSL",0,0,200,2
"scenarioA","X_12","indep",0,0,NA,"SSL",0,0,200,2
"scenarioA","X_13","indep",0,0,NA,"SSL",0,0,200,2
"scenarioA","X_14","indep",0,0,NA,"SSL",0,0,200,2
"scenarioA","X_15","indep",0,0,NA,"SSL",0,0,200,2
"scenarioA","X_16","indep",0,0,NA,"SSL",0,0,200,2
"scenarioA","X_17","indep",0,0,NA,"SSL",0,0,200,2
"scenarioA","X_18","indep",0,0,NA,"SSL",0,0,200,2
"scenarioA","X_19","indep",0,0,NA,"SSL",0,0,200,2
"scenarioA","X_20","indep",0,0,NA,"SSL",0,0,200,2
"scenarioA","X_21","indep",0,0,NA,"SSL",0,0,200,2
"scenarioA","X_22","indep",0,0,NA,"SSL",0,0,200,2
"scenarioA","X_23","indep",0,0,NA,"SSL",-0.207587023518556,-0.207587023518556,200,2
"scenarioA","X_24","indep",0,0,NA,"SSL",0,0,200,2
"scenarioA","X_25","indep",0,0,NA,"SSL",0,0,200,2
"scenarioA","X_26","indep",0,0,NA,"SSL",0,0,200,2
"scenarioA","X_27","indep",0,0,NA,"SSL",0,0,200,2
"scenarioA","X_28","indep",0,0,NA,"SSL",0,0,200,2
"scenarioA","X_29","indep",0,0,NA,"SSL",0,0,200,2
"scenarioA","X_30","indep",0,0,NA,"SSL",0,0,200,2
"scenarioA","X_31","indep",0,0,NA,"SSL",-0.14314063270062,-0.14314063270062,200,2
"scenarioA","X_32","indep",0,0,NA,"SSL",0,0,200,2
"scenarioA","X_33","indep",0,0,NA,"SSL",0,0,200,2
"scenarioA","X_34","indep",0,0,NA,"SSL",0.122271798930407,0.122271798930407,200,2
"scenarioA","X_35","indep",0,0,NA,"SSL",0.0518242774812969,0.0518242774812969,200,2
"scenarioA","X_36","indep",0,0,NA,"SSL",0,0,200,2
"scenarioA","X_37","indep",0,0,NA,"SSL",0,0,200,2
"scenarioA","X_38","indep",0,0,NA,"SSL",0.190888877036238,0.190888877036238,200,2
"scenarioA","X_39","indep",0,0,NA,"SSL",0,0,200,2
"scenarioA","X_40","indep",0,0,NA,"SSL",0,0,200,2
"scenarioA","X_41","indep",0,0,NA,"SSL",0,0,200,2
"scenarioA","X_42","indep",0,0,NA,"SSL",0,0,200,2
"scenarioA","X_43","indep",0,0,NA,"SSL",0,0,200,2
"scenarioA","X_44","indep",0,0,NA,"SSL",0.186333247460401,0.186333247460401,200,2
"scenarioA","X_45","indep",0,0,NA,"SSL",0,0,200,2
"scenarioA","X_46","indep",0,0,NA,"SSL",0,0,200,2
"scenarioA","X_47","indep",0,0,NA,"SSL",0.0922256179499634,0.0922256179499634,200,2
"scenarioA","X_48","indep",0,0,NA,"SSL",0,0,200,2
"scenarioA","X_49","indep",0,0,NA,"SSL",0,0,200,2
"scenarioA","X_50","indep",0,0,NA,"SSL",0,0,200,2
"scenarioA","X_51","indep",0,0,NA,"SSL",0,0,200,2
"scenarioA","X_52","indep",0,0,NA,"SSL",0,0,200,2
"scenarioA","X_53","indep",0,0,NA,"SSL",0.0834058418972162,0.0834058418972162,200,2
"scenarioA","X_54","indep",0,0,NA,"SSL",0,0,200,2
"scenarioA","X_55","indep",0,0,NA,"SSL",0,0,200,2
"scenarioA","X_56","indep",0,0,NA,"SSL",0,0,200,2
"scenarioA","X_57","indep",0,0,NA,"SSL",0,0,200,2
"scenarioA","X_58","indep",0,0,NA,"SSL",0,0,200,2
"scenarioA","X_59","indep",0,0,NA,"SSL",0,0,200,2
"scenarioA","X_60","indep",0,0,NA,"SSL",0,0,200,2
"scenarioA","X_61","indep",0,0,NA,"SSL",0,0,200,2
"scenarioA","X_62","indep",0,0,NA,"SSL",0,0,200,2
"scenarioA","X_63","indep",0,0,NA,"SSL",0,0,200,2
"scenarioA","X_64","indep",0,0,NA,"SSL",0,0,200,2
"scenarioA","X_65","indep",0,0,NA,"SSL",0,0,200,2
"scenarioA","X_66","indep",0,0,NA,"SSL",0,0,200,2
"scenarioA","X_67","indep",0,0,NA,"SSL",0,0,200,2
"scenarioA","X_68","indep",0,0,NA,"SSL",0,0,200,2
"scenarioA","X_69","indep",0,0,NA,"SSL",0,0,200,2
"scenarioA","X_70","indep",0,0,NA,"SSL",0,0,200,2
"scenarioA","X_71","indep",0,0,NA,"SSL",0,0,200,2
"scenarioA","X_72","indep",0,0,NA,"SSL",0,0,200,2
"scenarioA","X_73","indep",0,0,NA,"SSL",0,0,200,2
"scenarioA","X_74","indep",0,0,NA,"SSL",0,0,200,2
"scenarioA","X_75","indep",0,0,NA,"SSL",0,0,200,2
"scenarioA","X_76","indep",0,0,NA,"SSL",0,0,200,2
"scenarioA","X_77","indep",0,0,NA,"SSL",0,0,200,2
"scenarioA","X_78","indep",0,0,NA,"SSL",0.16889261118842,0.16889261118842,200,2
"scenarioA","X_79","indep",0,0,NA,"SSL",0,0,200,2
"scenarioA","X_80","indep",0,0,NA,"SSL",0,0,200,2
"scenarioA","X_81","indep",0,0,NA,"SSL",0,0,200,2
"scenarioA","X_82","indep",0,0,NA,"SSL",0,0,200,2
"scenarioA","X_83","indep",0,0,NA,"SSL",0,0,200,2
"scenarioA","X_84","indep",0,0,NA,"SSL",0,0,200,2
"scenarioA","X_85","indep",0,0,NA,"SSL",0,0,200,2
"scenarioA","X_86","indep",0,0,NA,"SSL",0.1645418445849,0.1645418445849,200,2
"scenarioA","X_87","indep",0,0,NA,"SSL",0,0,200,2
"scenarioA","X_88","indep",0,0,NA,"SSL",0,0,200,2
"scenarioA","X_89","indep",0,0,NA,"SSL",-0.0999279394429372,-0.0999279394429372,200,2
"scenarioA","X_90","indep",0,0,NA,"SSL",0,0,200,2
"scenarioA","X_91","indep",0,0,NA,"SSL",0,0,200,2
"scenarioA","X_92","indep",0,0,NA,"SSL",0.0743871784384957,0.0743871784384957,200,2
"scenarioA","X_93","indep",0,0,NA,"SSL",0,0,200,2
"scenarioA","X_94","indep",0,0,NA,"SSL",0,0,200,2
"scenarioA","X_95","indep",0,0,NA,"SSL",0,0,200,2
"scenarioA","X_96","indep",0,0,NA,"SSL",0,0,200,2
"scenarioA","X_97","indep",0,0,NA,"SSL",0,0,200,2
"scenarioA","X_98","indep",0,0,NA,"SSL",0,0,200,2
"scenarioA","X_99","indep",0,0,NA,"SSL",0,0,200,2
"scenarioA","X_100","indep",0,0,NA,"SSL",0,0,200,2
"scenarioA","X_101","indep",0,0,NA,"SSL",0,0,200,2
"scenarioA","X_102","indep",0,0,NA,"SSL",0,0,200,2
"scenarioA","X_103","indep",0,0,NA,"SSL",0,0,200,2
"scenarioA","X_104","indep",0,0,NA,"SSL",0,0,200,2
"scenarioA","X_105","indep",0,0,NA,"SSL",0,0,200,2
"scenarioA","X_106","indep",0,0,NA,"SSL",0,0,200,2
"scenarioA","X_107","indep",0,0,NA,"SSL",0,0,200,2
"scenarioA","X_108","indep",0,0,NA,"SSL",0.314516959228577,0.314516959228577,200,2
"scenarioA","X_109","indep",0,0,NA,"SSL",-0.11333824907226,-0.11333824907226,200,2
"scenarioA","X_110","indep",0,0,NA,"SSL",0,0,200,2
"scenarioA","X_111","indep",0,0,NA,"SSL",0,0,200,2
"scenarioA","X_112","indep",0,0,NA,"SSL",0,0,200,2
"scenarioA","X_113","indep",0,0,NA,"SSL",0,0,200,2
"scenarioA","X_114","indep",0,0,NA,"SSL",0,0,200,2
"scenarioA","X_115","indep",0,0,NA,"SSL",0,0,200,2
"scenarioA","X_116","indep",0,0,NA,"SSL",0,0,200,2
"scenarioA","X_117","indep",0,0,NA,"SSL",0,0,200,2
"scenarioA","X_118","indep",0,0,NA,"SSL",0,0,200,2
"scenarioA","X_119","indep",0,0,NA,"SSL",0,0,200,2
"scenarioA","X_120","indep",0,0,NA,"SSL",0,0,200,2
"scenarioA","X_121","indep",0,0,NA,"SSL",0,0,200,2
"scenarioA","X_122","indep",0,0,NA,"SSL",0,0,200,2
"scenarioA","X_123","indep",0,0,NA,"SSL",0,0,200,2
"scenarioA","X_124","indep",0,0,NA,"SSL",0,0,200,2
"scenarioA","X_125","indep",0,0,NA,"SSL",0,0,200,2
"scenarioA","X_126","indep",0,0,NA,"SSL",-0.21670391352358,-0.21670391352358,200,2
"scenarioA","X_127","indep",0,0,NA,"SSL",0,0,200,2
"scenarioA","X_128","indep",0,0,NA,"SSL",0,0,200,2
"scenarioA","X_129","indep",0,0,NA,"SSL",0,0,200,2
"scenarioA","X_130","indep",0,0,NA,"SSL",0,0,200,2
"scenarioA","X_131","indep",0,0,NA,"SSL",0,0,200,2
"scenarioA","X_132","indep",0,0,NA,"SSL",0,0,200,2
"scenarioA","X_133","indep",0,0,NA,"SSL",0,0,200,2
"scenarioA","X_134","indep",0,0,NA,"SSL",0,0,200,2
"scenarioA","X_135","indep",0,0,NA,"SSL",0,0,200,2
"scenarioA","X_136","indep",0,0,NA,"SSL",0,0,200,2
"scenarioA","X_137","indep",0,0,NA,"SSL",0,0,200,2
"scenarioA","X_138","indep",0,0,NA,"SSL",0,0,200,2
"scenarioA","X_139","indep",0,0,NA,"SSL",0,0,200,2
"scenarioA","X_140","indep",0,0,NA,"SSL",-0.135780391055883,-0.135780391055883,200,2
"scenarioA","X_141","indep",0,0,NA,"SSL",0,0,200,2
"scenarioA","X_142","indep",0,0,NA,"SSL",0,0,200,2
"scenarioA","X_143","indep",0,0,NA,"SSL",0,0,200,2
"scenarioA","X_144","indep",0,0,NA,"SSL",0,0,200,2
"scenarioA","X_145","indep",0,0,NA,"SSL",0,0,200,2
"scenarioA","X_146","indep",0,0,NA,"SSL",0,0,200,2
"scenarioA","X_147","indep",0,0,NA,"SSL",0,0,200,2
"scenarioA","X_148","indep",0,0,NA,"SSL",0,0,200,2
"scenarioA","X_149","indep",0,0,NA,"SSL",0,0,200,2
"scenarioA","X_150","indep",0,0,NA,"SSL",0,0,200,2
"scenarioA","X_151","indep",0,0,NA,"SSL",0,0,200,2
"scenarioA","X_152","indep",0,0,NA,"SSL",0,0,200,2
"scenarioA","X_153","indep",0,0,NA,"SSL",0,0,200,2
"scenarioA","X_154","indep",0,0,NA,"SSL",0.178276684333898,0.178276684333898,200,2
"scenarioA","X_155","weak",0.3,0,NA,"SSL",0,0,200,2
"scenarioA","X_156","weak",0.3,0,NA,"SSL",0,0,200,2
"scenarioA","X_157","weak",0.3,0,NA,"SSL",0,0,200,2
"scenarioA","X_158","weak",0.3,0,NA,"SSL",0,0,200,2
"scenarioA","X_159","weak",0.3,0,NA,"SSL",0,0,200,2
"scenarioA","X_160","weak",0.3,0,NA,"SSL",0,0,200,2
"scenarioA","X_161","weak",0.3,0,NA,"SSL",0,0,200,2
"scenarioA","X_162","weak",0.3,0,NA,"SSL",0,0,200,2
"scenarioA","X_163","weak",0.3,0,NA,"SSL",0,0,200,2
"scenarioA","X_164","weak",0.3,0,NA,"SSL",0,0,200,2
"scenarioA","X_165","weak",0.3,0,NA,"SSL",0,0,200,2
"scenarioA","X_166","weak",0.3,0,NA,"SSL",0,0,200,2
"scenarioA","X_167","weak",0.3,0,NA,"SSL",0,0,200,2
"scenarioA","X_168","weak",0.3,0,NA,"SSL",0,0,200,2
"scenarioA","X_169","weak",0.3,0,NA,"SSL",0,0,200,2
"scenarioA","X_170","weak",0.3,0,NA,"SSL",0,0,200,2
"scenarioA","X_171","weak",0.3,0,NA,"SSL",-0.412674308441906,-0.412674308441906,200,2
"scenarioA","X_172","weak",0.3,0,NA,"SSL",0,0,200,2
"scenarioA","X_173","weak",0.3,0,NA,"SSL",0,0,200,2
"scenarioA","X_174","weak",0.3,0,NA,"SSL",0.214897235607732,0.214897235607732,200,2
"scenarioA","X_175","weak",0.3,0,NA,"SSL",0,0,200,2
"scenarioA","X_176","weak",0.3,0,NA,"SSL",0,0,200,2
"scenarioA","X_177","weak",0.3,0,NA,"SSL",0,0,200,2
"scenarioA","X_178","weak",0.3,0,NA,"SSL",0,0,200,2
"scenarioA","X_179","weak",0.3,0,NA,"SSL",0,0,200,2
"scenarioA","X_180","weak",0.3,0,NA,"SSL",0,0,200,2
"scenarioA","X_181","weak",0.3,0,NA,"SSL",0,0,200,2
"scenarioA","X_182","weak",0.3,0,NA,"SSL",0,0,200,2
"scenarioA","X_183","weak",0.3,0,NA,"SSL",0,0,200,2
"scenarioA","X_184","weak",0.3,0,NA,"SSL",0,0,200,2
"scenarioA","X_185","weak",0.3,0,NA,"SSL",0,0,200,2
"scenarioA","X_186","weak",0.3,0,NA,"SSL",0,0,200,2
"scenarioA","X_187","weak",0.3,0,NA,"SSL",0,0,200,2
"scenarioA","X_188","weak",0.3,0,NA,"SSL",0,0,200,2
"scenarioA","X_189","weak",0.3,0,NA,"SSL",0,0,200,2
"scenarioA","X_190","weak",0.3,0,NA,"SSL",0,0,200,2
"scenarioA","X_191","weak",0.3,0,NA,"SSL",0,0,200,2
"scenarioA","X_192","weak",0.3,0,NA,"SSL",0,0,200,2
"scenarioA","X_193","weak",0.3,0,NA,"SSL",0,0,200,2
"scenarioA","X_194","weak",0.3,0,NA,"SSL",0,0,200,2
"scenarioA","X_195","weak",0.3,0,NA,"SSL",0,0,200,2
"scenarioA","X_196","weak",0.3,0,NA,"SSL",0,0,200,2
"scenarioA","X_197","weak",0.3,0,NA,"SSL",0,0,200,2
"scenarioA","X_198","weak",0.3,0,NA,"SSL",0,0,200,2
"scenarioA","X_199","weak",0.3,0,NA,"SSL",0,0,200,2
"scenarioA","X_200","weak",0.3,0,NA,"SSL",0,0,200,2
"scenarioA","X_201","weak",0.3,0,NA,"SSL",0.112095143895619,0.112095143895619,200,2
"scenarioA","X_202","weak",0.3,0,NA,"SSL",0,0,200,2
"scenarioA","X_203","weak",0.3,0,NA,"SSL",0,0,200,2
"scenarioA","X_204","weak",0.3,0,NA,"SSL",0,0,200,2
"scenarioA","X_205","weak",0.3,0,NA,"SSL",0,0,200,2
"scenarioA","X_206","weak",0.3,0,NA,"SSL",0,0,200,2
"scenarioA","X_207","weak",0.3,0,NA,"SSL",0.126451182921163,0.126451182921163,200,2
"scenarioA","X_208","weak",0.3,0,NA,"SSL",0,0,200,2
"scenarioA","X_209","weak",0.3,0,NA,"SSL",0.266466427243124,0.266466427243124,200,2
"scenarioA","X_210","weak",0.3,0,NA,"SSL",0,0,200,2
"scenarioA","X_211","weak",0.3,0,NA,"SSL",0,0,200,2
"scenarioA","X_212","weak",0.3,0,NA,"SSL",0,0,200,2
"scenarioA","X_213","weak",0.3,0,NA,"SSL",0.186385158711725,0.186385158711725,200,2
"scenarioA","X_214","weak",0.3,0,NA,"SSL",0,0,200,2
"scenarioA","X_215","weak",0.3,0,NA,"SSL",0,0,200,2
"scenarioA","X_216","weak",0.3,0,NA,"SSL",0,0,200,2
"scenarioA","X_217","weak",0.3,0,NA,"SSL",0,0,200,2
"scenarioA","X_218","weak",0.3,0,NA,"SSL",0,0,200,2
"scenarioA","X_219","weak",0.3,0,NA,"SSL",0,0,200,2
"scenarioA","X_220","weak",0.3,0,NA,"SSL",0,0,200,2
"scenarioA","X_221","weak",0.3,0,NA,"SSL",0,0,200,2
"scenarioA","X_222","weak",0.3,0,NA,"SSL",0.113805950988247,0.113805950988247,200,2
"scenarioA","X_223","weak",0.3,0,NA,"SSL",0,0,200,2
"scenarioA","X_224","weak",0.3,0,NA,"SSL",0,0,200,2
"scenarioA","X_225","weak",0.3,0,NA,"SSL",0,0,200,2
"scenarioA","X_226","weak",0.3,0,NA,"SSL",0,0,200,2
"scenarioA","X_227","weak",0.3,0,NA,"SSL",0,0,200,2
"scenarioA","X_228","strong",0.6,0,NA,"SSL",0,0,200,2
"scenarioA","X_229","strong",0.6,0,NA,"SSL",0,0,200,2
"scenarioA","X_230","strong",0.6,0,NA,"SSL",0,0,200,2
"scenarioA","X_231","strong",0.6,0,NA,"SSL",0,0,200,2
"scenarioA","X_232","strong",0.6,0,NA,"SSL",0,0,200,2
"scenarioA","X_233","strong",0.6,0,NA,"SSL",0,0,200,2
"scenarioA","X_234","strong",0.6,0,NA,"SSL",0,0,200,2
"scenarioA","X_235","strong",0.6,0,NA,"SSL",0,0,200,2
"scenarioA","X_236","strong",0.6,0,NA,"SSL",0,0,200,2
"scenarioA","X_237","strong",0.6,0,NA,"SSL",0,0,200,2
"scenarioA","X_238","strong",0.6,0,NA,"SSL",0,0,200,2
"scenarioA","X_239","strong",0.6,0,NA,"SSL",0,0,200,2
"scenarioA","X_240","strong",0.6,0,NA,"SSL",0,0,200,2
"scenarioA","X_241","strong",0.6,0,NA,"SSL",0,0,200,2
"scenarioA","X_242","strong",0.6,0,NA,"SSL",0,0,200,2
"scenarioA","X_243","strong",0.6,0,NA,"SSL",0,0,200,2
"scenarioA","X_244","strong",0.6,0,NA,"SSL",0,0,200,2
"scenarioA","X_245","strong",0.6,0,NA,"SSL",0,0,200,2
"scenarioA","X_246","strong",0.6,0,NA,"SSL",0,0,200,2
"scenarioA","X_247","strong",0.6,0,NA,"SSL",0,0,200,2
"scenarioA","X_248","strong",0.6,0,NA,"SSL",0,0,200,2
"scenarioA","X_249","strong",0.6,0,NA,"SSL",0,0,200,2
"scenarioA","X_250","strong",0.6,0,NA,"SSL",0,0,200,2
"scenarioA","X_251","strong",0.6,0,NA,"SSL",0,0,200,2
"scenarioA","X_252","strong",0.6,0,NA,"SSL",0,0,200,2
"scenarioA","X_253","strong",0.6,0,NA,"SSL",0,0,200,2
"scenarioA","X_254","strong",0.6,0,NA,"SSL",0,0,200,2
"scenarioA","X_255","strong",0.6,0,NA,"SSL",0,0,200,2
"scenarioA","X_256","strong",0.6,0,NA,"SSL",0,0,200,2
"scenarioA","X_257","strong",0.6,0,NA,"SSL",0,0,200,2
"scenarioA","X_258","strong",0.6,0,NA,"SSL",0,0,200,2
"scenarioA","X_259","strong",0.6,0,NA,"SSL",0,0,200,2
"scenarioA","X_260","strong",0.6,0,NA,"SSL",0,0,200,2
"scenarioA","X_261","strong",0.6,0,NA,"SSL",0,0,200,2
"scenarioA","X_262","strong",0.6,0,NA,"SSL",0,0,200,2
"scenarioA","X_263","strong",0.6,0,NA,"SSL",0,0,200,2
"scenarioA","X_264","strong",0.6,0,NA,"SSL",0,0,200,2
"scenarioA","X_265","strong",0.6,0,NA,"SSL",0,0,200,2
"scenarioA","X_266","strong",0.6,0,NA,"SSL",0,0,200,2
"scenarioA","X_267","strong",0.6,0,NA,"SSL",0,0,200,2
"scenarioA","X_268","strong",0.6,0,NA,"SSL",0,0,200,2
"scenarioA","X_269","strong",0.6,0,NA,"SSL",0,0,200,2
"scenarioA","X_270","strong",0.6,0,NA,"SSL",0,0,200,2
"scenarioA","X_271","strong",0.6,0,NA,"SSL",0,0,200,2
"scenarioA","X_272","strong",0.6,0,NA,"SSL",0,0,200,2
"scenarioA","X_273","strong",0.6,0,NA,"SSL",0,0,200,2
"scenarioA","X_274","strong",0.6,0,NA,"SSL",0.273769184655669,0.273769184655669,200,2
"scenarioA","X_275","strong",0.6,0,NA,"SSL",0,0,200,2
"scenarioA","X_276","strong",0.6,0,NA,"SSL",0,0,200,2
"scenarioA","X_277","strong",0.6,0,NA,"SSL",0,0,200,2
"scenarioA","X_278","strong",0.6,0,NA,"SSL",0,0,200,2
"scenarioA","X_279","strong",0.6,0,NA,"SSL",0,0,200,2
"scenarioA","X_280","strong",0.6,0,NA,"SSL",0,0,200,2
"scenarioA","X_281","strong",0.6,0,NA,"SSL",0,0,200,2
"scenarioA","X_282","strong",0.6,0,NA,"SSL",0,0,200,2
"scenarioA","X_283","strong",0.6,0,NA,"SSL",0,0,200,2
"scenarioA","X_284","strong",0.6,0,NA,"SSL",0.167786170702362,0.167786170702362,200,2
"scenarioA","X_285","strong",0.6,0,NA,"SSL",0,0,200,2
"scenarioA","X_286","strong",0.6,0,NA,"SSL",0,0,200,2
"scenarioA","X_287","strong",0.6,0,NA,"SSL",0,0,200,2
"scenarioA","X_288","strong",0.6,0,NA,"SSL",0,0,200,2
"scenarioA","X_289","strong",0.6,0,NA,"SSL",0,0,200,2
"scenarioA","X_290","strong",0.6,0,NA,"SSL",0,0,200,2
"scenarioA","X_291","strong",0.6,0,NA,"SSL",0,0,200,2
"scenarioA","X_292","strong",0.6,0,NA,"SSL",0,0,200,2
"scenarioA","X_293","strong",0.6,0,NA,"SSL",0,0,200,2
"scenarioA","X_294","strong",0.6,0,NA,"SSL",0,0,200,2
"scenarioA","X_295","strong",0.6,0,NA,"SSL",0,0,200,2
"scenarioA","X_296","strong",0.6,0,NA,"SSL",0,0,200,2
"scenarioA","X_297","strong",0.6,0,NA,"SSL",0,0,200,2
"scenarioA","X_298","strong",0.6,0,NA,"SSL",0,0,200,2
"scenarioA","X_299","strong",0.6,0,NA,"SSL",0,0,200,2
"scenarioA","X_300","strong",0.6,0,NA,"SSL",0,0,200,2
"scenarioA","X_1","strong",0.6,0.4,0.554810086305062,"LASSO",0,-0.4,200,2
"scenarioA","X_2","strong",0.6,-0.5,-0.588617949312452,"LASSO",0,0.5,200,2
"scenarioA","X_3","weak",0.3,0.6,0.707493079728122,"LASSO",0.24865463773312,-0.35134536226688,200,2
"scenarioA","X_4","weak",0.3,0.75,0.837124011923184,"LASSO",0.469715964123359,-0.280284035876641,200,2
"scenarioA","X_5","indep",0,-0.8,-0.79472572964859,"LASSO",-0.266379159476098,0.533620840523902,200,2
"scenarioA","X_6","indep",0,0,NA,"LASSO",0,0,200,2
"scenarioA","X_7","indep",0,0,NA,"LASSO",0,0,200,2
"scenarioA","X_8","indep",0,0,NA,"LASSO",0,0,200,2
"scenarioA","X_9","indep",0,0,NA,"LASSO",0,0,200,2
"scenarioA","X_10","indep",0,0,NA,"LASSO",0,0,200,2
"scenarioA","X_11","indep",0,0,NA,"LASSO",0,0,200,2
"scenarioA","X_12","indep",0,0,NA,"LASSO",0,0,200,2
"scenarioA","X_13","indep",0,0,NA,"LASSO",0,0,200,2
"scenarioA","X_14","indep",0,0,NA,"LASSO",0,0,200,2
"scenarioA","X_15","indep",0,0,NA,"LASSO",0,0,200,2
"scenarioA","X_16","indep",0,0,NA,"LASSO",0,0,200,2
"scenarioA","X_17","indep",0,0,NA,"LASSO",0,0,200,2
"scenarioA","X_18","indep",0,0,NA,"LASSO",0,0,200,2
"scenarioA","X_19","indep",0,0,NA,"LASSO",0,0,200,2
"scenarioA","X_20","indep",0,0,NA,"LASSO",0,0,200,2
"scenarioA","X_21","indep",0,0,NA,"LASSO",0,0,200,2
"scenarioA","X_22","indep",0,0,NA,"LASSO",0,0,200,2
"scenarioA","X_23","indep",0,0,NA,"LASSO",0,0,200,2
"scenarioA","X_24","indep",0,0,NA,"LASSO",0,0,200,2
"scenarioA","X_25","indep",0,0,NA,"LASSO",0,0,200,2
"scenarioA","X_26","indep",0,0,NA,"LASSO",0,0,200,2
"scenarioA","X_27","indep",0,0,NA,"LASSO",0,0,200,2
"scenarioA","X_28","indep",0,0,NA,"LASSO",0,0,200,2
"scenarioA","X_29","indep",0,0,NA,"LASSO",0,0,200,2
"scenarioA","X_30","indep",0,0,NA,"LASSO",0,0,200,2
"scenarioA","X_31","indep",0,0,NA,"LASSO",0,0,200,2
"scenarioA","X_32","indep",0,0,NA,"LASSO",0,0,200,2
"scenarioA","X_33","indep",0,0,NA,"LASSO",0,0,200,2
"scenarioA","X_34","indep",0,0,NA,"LASSO",0,0,200,2
"scenarioA","X_35","indep",0,0,NA,"LASSO",0,0,200,2
"scenarioA","X_36","indep",0,0,NA,"LASSO",0,0,200,2
"scenarioA","X_37","indep",0,0,NA,"LASSO",0,0,200,2
"scenarioA","X_38","indep",0,0,NA,"LASSO",0,0,200,2
"scenarioA","X_39","indep",0,0,NA,"LASSO",0,0,200,2
"scenarioA","X_40","indep",0,0,NA,"LASSO",0,0,200,2
"scenarioA","X_41","indep",0,0,NA,"LASSO",0,0,200,2
"scenarioA","X_42","indep",0,0,NA,"LASSO",0,0,200,2
"scenarioA","X_43","indep",0,0,NA,"LASSO",0,0,200,2
"scenarioA","X_44","indep",0,0,NA,"LASSO",0,0,200,2
"scenarioA","X_45","indep",0,0,NA,"LASSO",0,0,200,2
"scenarioA","X_46","indep",0,0,NA,"LASSO",0,0,200,2
"scenarioA","X_47","indep",0,0,NA,"LASSO",0,0,200,2
"scenarioA","X_48","indep",0,0,NA,"LASSO",0,0,200,2
"scenarioA","X_49","indep",0,0,NA,"LASSO",0,0,200,2
"scenarioA","X_50","indep",0,0,NA,"LASSO",0,0,200,2
"scenarioA","X_51","indep",0,0,NA,"LASSO",0,0,200,2
"scenarioA","X_52","indep",0,0,NA,"LASSO",0,0,200,2
"scenarioA","X_53","indep",0,0,NA,"LASSO",0,0,200,2
"scenarioA","X_54","indep",0,0,NA,"LASSO",0,0,200,2
"scenarioA","X_55","indep",0,0,NA,"LASSO",0,0,200,2
"scenarioA","X_56","indep",0,0,NA,"LASSO",0,0,200,2
"scenarioA","X_57","indep",0,0,NA,"LASSO",0,0,200,2
"scenarioA","X_58","indep",0,0,NA,"LASSO",0,0,200,2
"scenarioA","X_59","indep",0,0,NA,"LASSO",0,0,200,2
"scenarioA","X_60","indep",0,0,NA,"LASSO",0,0,200,2
"scenarioA","X_61","indep",0,0,NA,"LASSO",0,0,200,2
"scenarioA","X_62","indep",0,0,NA,"LASSO",0,0,200,2
"scenarioA","X_63","indep",0,0,NA,"LASSO",0,0,200,2
"scenarioA","X_64","indep",0,0,NA,"LASSO",0,0,200,2
"scenarioA","X_65","indep",0,0,NA,"LASSO",0,0,200,2
"scenarioA","X_66","indep",0,0,NA,"LASSO",0,0,200,2
"scenarioA","X_67","indep",0,0,NA,"LASSO",0,0,200,2
"scenarioA","X_68","indep",0,0,NA,"LASSO",0,0,200,2
"scenarioA","X_69","indep",0,0,NA,"LASSO",0,0,200,2
"scenarioA","X_70","indep",0,0,NA,"LASSO",0,0,200,2
"scenarioA","X_71","indep",0,0,NA,"LASSO",0,0,200,2
"scenarioA","X_72","indep",0,0,NA,"LASSO",0,0,200,2
"scenarioA","X_73","indep",0,0,NA,"LASSO",0,0,200,2
"scenarioA","X_74","indep",0,0,NA,"LASSO",0,0,200,2
"scenarioA","X_75","indep",0,0,NA,"LASSO",0,0,200,2
"scenarioA","X_76","indep",0,0,NA,"LASSO",0,0,200,2
"scenarioA","X_77","indep",0,0,NA,"LASSO",0,0,200,2
"scenarioA","X_78","indep",0,0,NA,"LASSO",0,0,200,2
"scenarioA","X_79","indep",0,0,NA,"LASSO",0,0,200,2
"scenarioA","X_80","indep",0,0,NA,"LASSO",0,0,200,2
"scenarioA","X_81","indep",0,0,NA,"LASSO",0,0,200,2
"scenarioA","X_82","indep",0,0,NA,"LASSO",0,0,200,2
"scenarioA","X_83","indep",0,0,NA,"LASSO",0,0,200,2
"scenarioA","X_84","indep",0,0,NA,"LASSO",0,0,200,2
"scenarioA","X_85","indep",0,0,NA,"LASSO",0,0,200,2
"scenarioA","X_86","indep",0,0,NA,"LASSO",0,0,200,2
"scenarioA","X_87","indep",0,0,NA,"LASSO",0,0,200,2
"scenarioA","X_88","indep",0,0,NA,"LASSO",0,0,200,2
"scenarioA","X_89","indep",0,0,NA,"LASSO",0,0,200,2
"scenarioA","X_90","indep",0,0,NA,"LASSO",0,0,200,2
"scenarioA","X_91","indep",0,0,NA,"LASSO",0,0,200,2
"scenarioA","X_92","indep",0,0,NA,"LASSO",0,0,200,2
"scenarioA","X_93","indep",0,0,NA,"LASSO",0,0,200,2
"scenarioA","X_94","indep",0,0,NA,"LASSO",0,0,200,2
"scenarioA","X_95","indep",0,0,NA,"LASSO",0,0,200,2
"scenarioA","X_96","indep",0,0,NA,"LASSO",0,0,200,2
"scenarioA","X_97","indep",0,0,NA,"LASSO",0,0,200,2
"scenarioA","X_98","indep",0,0,NA,"LASSO",0,0,200,2
"scenarioA","X_99","indep",0,0,NA,"LASSO",0,0,200,2
"scenarioA","X_100","indep",0,0,NA,"LASSO",0,0,200,2
"scenarioA","X_101","indep",0,0,NA,"LASSO",0,0,200,2
"scenarioA","X_102","indep",0,0,NA,"LASSO",0,0,200,2
"scenarioA","X_103","indep",0,0,NA,"LASSO",0,0,200,2
"scenarioA","X_104","indep",0,0,NA,"LASSO",0,0,200,2
"scenarioA","X_105","indep",0,0,NA,"LASSO",0,0,200,2
"scenarioA","X_106","indep",0,0,NA,"LASSO",0,0,200,2
"scenarioA","X_107","indep",0,0,NA,"LASSO",0,0,200,2
"scenarioA","X_108","indep",0,0,NA,"LASSO",0,0,200,2
"scenarioA","X_109","indep",0,0,NA,"LASSO",0,0,200,2
"scenarioA","X_110","indep",0,0,NA,"LASSO",0,0,200,2
"scenarioA","X_111","indep",0,0,NA,"LASSO",0,0,200,2
"scenarioA","X_112","indep",0,0,NA,"LASSO",0,0,200,2
"scenarioA","X_113","indep",0,0,NA,"LASSO",0,0,200,2
"scenarioA","X_114","indep",0,0,NA,"LASSO",0,0,200,2
"scenarioA","X_115","indep",0,0,NA,"LASSO",0,0,200,2
"scenarioA","X_116","indep",0,0,NA,"LASSO",0,0,200,2
"scenarioA","X_117","indep",0,0,NA,"LASSO",0,0,200,2
"scenarioA","X_118","indep",0,0,NA,"LASSO",0,0,200,2
"scenarioA","X_119","indep",0,0,NA,"LASSO",0,0,200,2
"scenarioA","X_120","indep",0,0,NA,"LASSO",0,0,200,2
"scenarioA","X_121","indep",0,0,NA,"LASSO",0,0,200,2
"scenarioA","X_122","indep",0,0,NA,"LASSO",0,0,200,2
"scenarioA","X_123","indep",0,0,NA,"LASSO",0,0,200,2
"scenarioA","X_124","indep",0,0,NA,"LASSO",0,0,200,2
"scenarioA","X_125","indep",0,0,NA,"LASSO",0,0,200,2
"scenarioA","X_126","indep",0,0,NA,"LASSO",0,0,200,2
"scenarioA","X_127","indep",0,0,NA,"LASSO",0,0,200,2
"scenarioA","X_128","indep",0,0,NA,"LASSO",0,0,200,2
"scenarioA","X_129","indep",0,0,NA,"LASSO",0,0,200,2
"scenarioA","X_130","indep",0,0,NA,"LASSO",0,0,200,2
"scenarioA","X_131","indep",0,0,NA,"LASSO",0,0,200,2
"scenarioA","X_132","indep",0,0,NA,"LASSO",0,0,200,2
"scenarioA","X_133","indep",0,0,NA,"LASSO",0,0,200,2
"scenarioA","X_134","indep",0,0,NA,"LASSO",0,0,200,2
"scenarioA","X_135","indep",0,0,NA,"LASSO",0,0,200,2
"scenarioA","X_136","indep",0,0,NA,"LASSO",0,0,200,2
"scenarioA","X_137","indep",0,0,NA,"LASSO",0,0,200,2
"scenarioA","X_138","indep",0,0,NA,"LASSO",0,0,200,2
"scenarioA","X_139","indep",0,0,NA,"LASSO",0,0,200,2
"scenarioA","X_140","indep",0,0,NA,"LASSO",0,0,200,2
"scenarioA","X_141","indep",0,0,NA,"LASSO",0,0,200,2
"scenarioA","X_142","indep",0,0,NA,"LASSO",0,0,200,2
"scenarioA","X_143","indep",0,0,NA,"LASSO",0,0,200,2
"scenarioA","X_144","indep",0,0,NA,"LASSO",0,0,200,2
"scenarioA","X_145","indep",0,0,NA,"LASSO",0,0,200,2
"scenarioA","X_146","indep",0,0,NA,"LASSO",0,0,200,2
"scenarioA","X_147","indep",0,0,NA,"LASSO",0,0,200,2
"scenarioA","X_148","indep",0,0,NA,"LASSO",0,0,200,2
"scenarioA","X_149","indep",0,0,NA,"LASSO",0,0,200,2
"scenarioA","X_150","indep",0,0,NA,"LASSO",0,0,200,2
"scenarioA","X_151","indep",0,0,NA,"LASSO",0,0,200,2
"scenarioA","X_152","indep",0,0,NA,"LASSO",0,0,200,2
"scenarioA","X_153","indep",0,0,NA,"LASSO",0,0,200,2
"scenarioA","X_154","indep",0,0,NA,"LASSO",0,0,200,2
"scenarioA","X_155","weak",0.3,0,NA,"LASSO",0,0,200,2
"scenarioA","X_156","weak",0.3,0,NA,"LASSO",0,0,200,2
"scenarioA","X_157","weak",0.3,0,NA,"LASSO",0,0,200,2
"scenarioA","X_158","weak",0.3,0,NA,"LASSO",0,0,200,2
"scenarioA","X_159","weak",0.3,0,NA,"LASSO",0,0,200,2
"scenarioA","X_160","weak",0.3,0,NA,"LASSO",0,0,200,2
"scenarioA","X_161","weak",0.3,0,NA,"LASSO",0,0,200,2
"scenarioA","X_162","weak",0.3,0,NA,"LASSO",0,0,200,2
"scenarioA","X_163","weak",0.3,0,NA,"LASSO",0,0,200,2
"scenarioA","X_164","weak",0.3,0,NA,"LASSO",0,0,200,2
"scenarioA","X_165","weak",0.3,0,NA,"LASSO",0,0,200,2
"scenarioA","X_166","weak",0.3,0,NA,"LASSO",0,0,200,2
"scenarioA","X_167","weak",0.3,0,NA,"LASSO",0,0,200,2
"scenarioA","X_168","weak",0.3,0,NA,"LASSO",0,0,200,2
"scenarioA","X_169","weak",0.3,0,NA,"LASSO",0,0,200,2
"scenarioA","X_170","weak",0.3,0,NA,"LASSO",0,0,200,2
"scenarioA","X_171","weak",0.3,0,NA,"LASSO",0,0,200,2
"scenarioA","X_172","weak",0.3,0,NA,"LASSO",0,0,200,2
"scenarioA","X_173","weak",0.3,0,NA,"LASSO",0,0,200,2
"scenarioA","X_174","weak",0.3,0,NA,"LASSO",0,0,200,2
"scenarioA","X_175","weak",0.3,0,NA,"LASSO",0,0,200,2
"scenarioA","X_176","weak",0.3,0,NA,"LASSO",0,0,200,2
"scenarioA","X_177","weak",0.3,0,NA,"LASSO",0,0,200,2
"scenarioA","X_178","weak",0.3,0,NA,"LASSO",0,0,200,2
"scenarioA","X_179","weak",0.3,0,NA,"LASSO",0,0,200,2
"scenarioA","X_180","weak",0.3,0,NA,"LASSO",0,0,200,2
"scenarioA","X_181","weak",0.3,0,NA,"LASSO",0,0,200,2
"scenarioA","X_182","weak",0.3,0,NA,"LASSO",0,0,200,2
"scenarioA","X_183","weak",0.3,0,NA,"LASSO",0,0,200,2
"scenarioA","X_184","weak",0.3,0,NA,"LASSO",0,0,200,2
"scenarioA","X_185","weak",0.3,0,NA,"LASSO",0,0,200,2
"scenarioA","X_186","weak",0.3,0,NA,"LASSO",0,0,200,2
"scenarioA","X_187","weak",0.3,0,NA,"LASSO",0,0,200,2
"scenarioA","X_188","weak",0.3,0,NA,"LASSO",0,0,200,2
"scenarioA","X_189","weak",0.3,0,NA,"LASSO",0,0,200,2
"scenarioA","X_190","weak",0.3,0,NA,"LASSO",0,0,200,2
"scenarioA","X_191","weak",0.3,0,NA,"LASSO",0,0,200,2
"scenarioA","X_192","weak",0.3,0,NA,"LASSO",0,0,200,2
"scenarioA","X_193","weak",0.3,0,NA,"LASSO",0,0,200,2
"scenarioA","X_194","weak",0.3,0,NA,"LASSO",0,0,200,2
"scenarioA","X_195","weak",0.3,0,NA,"LASSO",0,0,200,2
"scenarioA","X_196","weak",0.3,0,NA,"LASSO",0,0,200,2
"scenarioA","X_197","weak",0.3,0,NA,"LASSO",0,0,200,2
"scenarioA","X_198","weak",0.3,0,NA,"LASSO",0,0,200,2
"scenarioA","X_199","weak",0.3,0,NA,"LASSO",0,0,200,2
"scenarioA","X_200","weak",0.3,0,NA,"LASSO",0,0,200,2
"scenarioA","X_201","weak",0.3,0,NA,"LASSO",0,0,200,2
"scenarioA","X_202","weak",0.3,0,NA,"LASSO",0,0,200,2
"scenarioA","X_203","weak",0.3,0,NA,"LASSO",0,0,200,2
"scenarioA","X_204","weak",0.3,0,NA,"LASSO",0,0,200,2
"scenarioA","X_205","weak",0.3,0,NA,"LASSO",0,0,200,2
"scenarioA","X_206","weak",0.3,0,NA,"LASSO",0,0,200,2
"scenarioA","X_207","weak",0.3,0,NA,"LASSO",0,0,200,2
"scenarioA","X_208","weak",0.3,0,NA,"LASSO",0,0,200,2
"scenarioA","X_209","weak",0.3,0,NA,"LASSO",0.0358514460746659,0.0358514460746659,200,2
"scenarioA","X_210","weak",0.3,0,NA,"LASSO",0,0,200,2
"scenarioA","X_211","weak",0.3,0,NA,"LASSO",0,0,200,2
"scenarioA","X_212","weak",0.3,0,NA,"LASSO",0,0,200,2
"scenarioA","X_213","weak",0.3,0,NA,"LASSO",0,0,200,2
"scenarioA","X_214","weak",0.3,0,NA,"LASSO",0,0,200,2
"scenarioA","X_215","weak",0.3,0,NA,"LASSO",0,0,200,2
"scenarioA","X_216","weak",0.3,0,NA,"LASSO",0,0,200,2
"scenarioA","X_217","weak",0.3,0,NA,"LASSO",0,0,200,2
"scenarioA","X_218","weak",0.3,0,NA,"LASSO",0,0,200,2
"scenarioA","X_219","weak",0.3,0,NA,"LASSO",0,0,200,2
"scenarioA","X_220","weak",0.3,0,NA,"LASSO",0,0,200,2
"scenarioA","X_221","weak",0.3,0,NA,"LASSO",0,0,200,2
"scenarioA","X_222","weak",0.3,0,NA,"LASSO",0,0,200,2
"scenarioA","X_223","weak",0.3,0,NA,"LASSO",0,0,200,2
"scenarioA","X_224","weak",0.3,0,NA,"LASSO",0,0,200,2
"scenarioA","X_225","weak",0.3,0,NA,"LASSO",0,0,200,2
"scenarioA","X_226","weak",0.3,0,NA,"LASSO",0,0,200,2
"scenarioA","X_227","weak",0.3,0,NA,"LASSO",0,0,200,2
"scenarioA","X_228","strong",0.6,0,NA,"LASSO",0,0,200,2
"scenarioA","X_229","strong",0.6,0,NA,"LASSO",0,0,200,2
"scenarioA","X_230","strong",0.6,0,NA,"LASSO",0,0,200,2
"scenarioA","X_231","strong",0.6,0,NA,"LASSO",0,0,200,2
"scenarioA","X_232","strong",0.6,0,NA,"LASSO",0,0,200,2
"scenarioA","X_233","strong",0.6,0,NA,"LASSO",0,0,200,2
"scenarioA","X_234","strong",0.6,0,NA,"LASSO",0,0,200,2
"scenarioA","X_235","strong",0.6,0,NA,"LASSO",0,0,200,2
"scenarioA","X_236","strong",0.6,0,NA,"LASSO",0,0,200,2
"scenarioA","X_237","strong",0.6,0,NA,"LASSO",0,0,200,2
"scenarioA","X_238","strong",0.6,0,NA,"LASSO",0,0,200,2
"scenarioA","X_239","strong",0.6,0,NA,"LASSO",0,0,200,2
"scenarioA","X_240","strong",0.6,0,NA,"LASSO",0,0,200,2
"scenarioA","X_241","strong",0.6,0,NA,"LASSO",0,0,200,2
"scenarioA","X_242","strong",0.6,0,NA,"LASSO",0,0,200,2
"scenarioA","X_243","strong",0.6,0,NA,"LASSO",0,0,200,2
"scenarioA","X_244","strong",0.6,0,NA,"LASSO",0,0,200,2
"scenarioA","X_245","strong",0.6,0,NA,"LASSO",0,0,200,2
"scenarioA","X_246","strong",0.6,0,NA,"LASSO",0,0,200,2
"scenarioA","X_247","strong",0.6,0,NA,"LASSO",0,0,200,2
"scenarioA","X_248","strong",0.6,0,NA,"LASSO",0,0,200,2
"scenarioA","X_249","strong",0.6,0,NA,"LASSO",0,0,200,2
"scenarioA","X_250","strong",0.6,0,NA,"LASSO",0,0,200,2
"scenarioA","X_251","strong",0.6,0,NA,"LASSO",0,0,200,2
"scenarioA","X_252","strong",0.6,0,NA,"LASSO",0,0,200,2
"scenarioA","X_253","strong",0.6,0,NA,"LASSO",0,0,200,2
"scenarioA","X_254","strong",0.6,0,NA,"LASSO",0,0,200,2
"scenarioA","X_255","strong",0.6,0,NA,"LASSO",0,0,200,2
"scenarioA","X_256","strong",0.6,0,NA,"LASSO",0,0,200,2
"scenarioA","X_257","strong",0.6,0,NA,"LASSO",0,0,200,2
"scenarioA","X_258","strong",0.6,0,NA,"LASSO",0,0,200,2
"scenarioA","X_259","strong",0.6,0,NA,"LASSO",0,0,200,2
"scenarioA","X_260","strong",0.6,0,NA,"LASSO",0,0,200,2
"scenarioA","X_261","strong",0.6,0,NA,"LASSO",0,0,200,2
"scenarioA","X_262","strong",0.6,0,NA,"LASSO",0,0,200,2
"scenarioA","X_263","strong",0.6,0,NA,"LASSO",0,0,200,2
"scenarioA","X_264","strong",0.6,0,NA,"LASSO",0,0,200,2
"scenarioA","X_265","strong",0.6,0,NA,"LASSO",0,0,200,2
"scenarioA","X_266","strong",0.6,0,NA,"LASSO",0,0,200,2
"scenarioA","X_267","strong",0.6,0,NA,"LASSO",0,0,200,2
"scenarioA","X_268","strong",0.6,0,NA,"LASSO",0,0,200,2
"scenarioA","X_269","strong",0.6,0,NA,"LASSO",0,0,200,2
"scenarioA","X_270","strong",0.6,0,NA,"LASSO",0,0,200,2
"scenarioA","X_271","strong",0.6,0,NA,"LASSO",0,0,200,2
"scenarioA","X_272","strong",0.6,0,NA,"LASSO",0,0,200,2
"scenarioA","X_273","strong",0.6,0,NA,"LASSO",0,0,200,2
"scenarioA","X_274","strong",0.6,0,NA,"LASSO",0,0,200,2
"scenarioA","X_275","strong",0.6,0,NA,"LASSO",0,0,200,2
"scenarioA","X_276","strong",0.6,0,NA,"LASSO",0,0,200,2
"scenarioA","X_277","strong",0.6,0,NA,"LASSO",0,0,200,2
"scenarioA","X_278","strong",0.6,0,NA,"LASSO",0,0,200,2
"scenarioA","X_279","strong",0.6,0,NA,"LASSO",0,0,200,2
"scenarioA","X_280","strong",0.6,0,NA,"LASSO",0,0,200,2
"scenarioA","X_281","strong",0.6,0,NA,"LASSO",0,0,200,2
"scenarioA","X_282","strong",0.6,0,NA,"LASSO",0,0,200,2
"scenarioA","X_283","strong",0.6,0,NA,"LASSO",0,0,200,2
"scenarioA","X_284","strong",0.6,0,NA,"LASSO",0,0,200,2
"scenarioA","X_285","strong",0.6,0,NA,"LASSO",0,0,200,2
"scenarioA","X_286","strong",0.6,0,NA,"LASSO",0,0,200,2
"scenarioA","X_287","strong",0.6,0,NA,"LASSO",0,0,200,2
"scenarioA","X_288","strong",0.6,0,NA,"LASSO",0,0,200,2
"scenarioA","X_289","strong",0.6,0,NA,"LASSO",0,0,200,2
"scenarioA","X_290","strong",0.6,0,NA,"LASSO",0,0,200,2
"scenarioA","X_291","strong",0.6,0,NA,"LASSO",0,0,200,2
"scenarioA","X_292","strong",0.6,0,NA,"LASSO",0,0,200,2
"scenarioA","X_293","strong",0.6,0,NA,"LASSO",0,0,200,2
"scenarioA","X_294","strong",0.6,0,NA,"LASSO",0,0,200,2
"scenarioA","X_295","strong",0.6,0,NA,"LASSO",0,0,200,2
"scenarioA","X_296","strong",0.6,0,NA,"LASSO",0,0,200,2
"scenarioA","X_297","strong",0.6,0,NA,"LASSO",0,0,200,2
"scenarioA","X_298","strong",0.6,0,NA,"LASSO",0,0,200,2
"scenarioA","X_299","strong",0.6,0,NA,"LASSO",0,0,200,2
"scenarioA","X_300","strong",0.6,0,NA,"LASSO",0,0,200,2
"scenarioA","X_1","strong",0.6,0.4,0.798240572538842,"SSL",0,-0.4,200,3
"scenarioA","X_2","strong",0.6,-0.5,-0.729265813722441,"SSL",-0.193517640934583,0.306482359065417,200,3
"scenarioA","X_3","weak",0.3,0.6,0.560870653098334,"SSL",0.240957545982757,-0.359042454017243,200,3
"scenarioA","X_4","weak",0.3,0.75,0.860873562319869,"SSL",0.661053944945006,-0.0889460550549938,200,3
"scenarioA","X_5","indep",0,-0.8,-0.914431804390991,"SSL",-0.727143055072806,0.0728569449271937,200,3
"scenarioA","X_6","indep",0,0,NA,"SSL",0,0,200,3
"scenarioA","X_7","indep",0,0,NA,"SSL",0,0,200,3
"scenarioA","X_8","indep",0,0,NA,"SSL",0,0,200,3
"scenarioA","X_9","indep",0,0,NA,"SSL",0,0,200,3
"scenarioA","X_10","indep",0,0,NA,"SSL",0,0,200,3
"scenarioA","X_11","indep",0,0,NA,"SSL",0,0,200,3
"scenarioA","X_12","indep",0,0,NA,"SSL",0,0,200,3
"scenarioA","X_13","indep",0,0,NA,"SSL",0,0,200,3
"scenarioA","X_14","indep",0,0,NA,"SSL",0,0,200,3
"scenarioA","X_15","indep",0,0,NA,"SSL",0,0,200,3
"scenarioA","X_16","indep",0,0,NA,"SSL",0,0,200,3
"scenarioA","X_17","indep",0,0,NA,"SSL",0,0,200,3
"scenarioA","X_18","indep",0,0,NA,"SSL",0,0,200,3
"scenarioA","X_19","indep",0,0,NA,"SSL",0,0,200,3
"scenarioA","X_20","indep",0,0,NA,"SSL",0,0,200,3
"scenarioA","X_21","indep",0,0,NA,"SSL",0,0,200,3
"scenarioA","X_22","indep",0,0,NA,"SSL",0,0,200,3
"scenarioA","X_23","indep",0,0,NA,"SSL",0,0,200,3
"scenarioA","X_24","indep",0,0,NA,"SSL",0,0,200,3
"scenarioA","X_25","indep",0,0,NA,"SSL",0,0,200,3
"scenarioA","X_26","indep",0,0,NA,"SSL",0,0,200,3
"scenarioA","X_27","indep",0,0,NA,"SSL",0,0,200,3
"scenarioA","X_28","indep",0,0,NA,"SSL",0,0,200,3
"scenarioA","X_29","indep",0,0,NA,"SSL",0,0,200,3
"scenarioA","X_30","indep",0,0,NA,"SSL",0,0,200,3
"scenarioA","X_31","indep",0,0,NA,"SSL",0,0,200,3
"scenarioA","X_32","indep",0,0,NA,"SSL",0,0,200,3
"scenarioA","X_33","indep",0,0,NA,"SSL",0,0,200,3
"scenarioA","X_34","indep",0,0,NA,"SSL",0,0,200,3
"scenarioA","X_35","indep",0,0,NA,"SSL",0,0,200,3
"scenarioA","X_36","indep",0,0,NA,"SSL",0,0,200,3
"scenarioA","X_37","indep",0,0,NA,"SSL",0,0,200,3
"scenarioA","X_38","indep",0,0,NA,"SSL",0,0,200,3
"scenarioA","X_39","indep",0,0,NA,"SSL",0,0,200,3
"scenarioA","X_40","indep",0,0,NA,"SSL",0,0,200,3
"scenarioA","X_41","indep",0,0,NA,"SSL",0,0,200,3
"scenarioA","X_42","indep",0,0,NA,"SSL",0,0,200,3
"scenarioA","X_43","indep",0,0,NA,"SSL",0,0,200,3
"scenarioA","X_44","indep",0,0,NA,"SSL",0,0,200,3
"scenarioA","X_45","indep",0,0,NA,"SSL",0,0,200,3
"scenarioA","X_46","indep",0,0,NA,"SSL",0,0,200,3
"scenarioA","X_47","indep",0,0,NA,"SSL",0,0,200,3
"scenarioA","X_48","indep",0,0,NA,"SSL",0,0,200,3
"scenarioA","X_49","indep",0,0,NA,"SSL",0,0,200,3
"scenarioA","X_50","indep",0,0,NA,"SSL",0,0,200,3
"scenarioA","X_51","indep",0,0,NA,"SSL",0,0,200,3
"scenarioA","X_52","indep",0,0,NA,"SSL",0,0,200,3
"scenarioA","X_53","indep",0,0,NA,"SSL",0,0,200,3
"scenarioA","X_54","indep",0,0,NA,"SSL",0,0,200,3
"scenarioA","X_55","indep",0,0,NA,"SSL",0,0,200,3
"scenarioA","X_56","indep",0,0,NA,"SSL",0,0,200,3
"scenarioA","X_57","indep",0,0,NA,"SSL",0,0,200,3
"scenarioA","X_58","indep",0,0,NA,"SSL",0,0,200,3
"scenarioA","X_59","indep",0,0,NA,"SSL",0,0,200,3
"scenarioA","X_60","indep",0,0,NA,"SSL",0,0,200,3
"scenarioA","X_61","indep",0,0,NA,"SSL",0,0,200,3
"scenarioA","X_62","indep",0,0,NA,"SSL",0,0,200,3
"scenarioA","X_63","indep",0,0,NA,"SSL",0,0,200,3
"scenarioA","X_64","indep",0,0,NA,"SSL",0,0,200,3
"scenarioA","X_65","indep",0,0,NA,"SSL",0,0,200,3
"scenarioA","X_66","indep",0,0,NA,"SSL",0,0,200,3
"scenarioA","X_67","indep",0,0,NA,"SSL",0,0,200,3
"scenarioA","X_68","indep",0,0,NA,"SSL",0,0,200,3
"scenarioA","X_69","indep",0,0,NA,"SSL",0,0,200,3
"scenarioA","X_70","indep",0,0,NA,"SSL",0,0,200,3
"scenarioA","X_71","indep",0,0,NA,"SSL",0,0,200,3
"scenarioA","X_72","indep",0,0,NA,"SSL",0,0,200,3
"scenarioA","X_73","indep",0,0,NA,"SSL",0,0,200,3
"scenarioA","X_74","indep",0,0,NA,"SSL",0,0,200,3
"scenarioA","X_75","indep",0,0,NA,"SSL",0,0,200,3
"scenarioA","X_76","indep",0,0,NA,"SSL",0,0,200,3
"scenarioA","X_77","indep",0,0,NA,"SSL",0.172565895842898,0.172565895842898,200,3
"scenarioA","X_78","indep",0,0,NA,"SSL",0,0,200,3
"scenarioA","X_79","indep",0,0,NA,"SSL",0,0,200,3
"scenarioA","X_80","indep",0,0,NA,"SSL",0,0,200,3
"scenarioA","X_81","indep",0,0,NA,"SSL",0,0,200,3
"scenarioA","X_82","indep",0,0,NA,"SSL",-0.271077662997394,-0.271077662997394,200,3
"scenarioA","X_83","indep",0,0,NA,"SSL",0,0,200,3
"scenarioA","X_84","indep",0,0,NA,"SSL",0,0,200,3
"scenarioA","X_85","indep",0,0,NA,"SSL",0,0,200,3
"scenarioA","X_86","indep",0,0,NA,"SSL",0,0,200,3
"scenarioA","X_87","indep",0,0,NA,"SSL",0,0,200,3
"scenarioA","X_88","indep",0,0,NA,"SSL",0,0,200,3
"scenarioA","X_89","indep",0,0,NA,"SSL",0,0,200,3
"scenarioA","X_90","indep",0,0,NA,"SSL",0,0,200,3
"scenarioA","X_91","indep",0,0,NA,"SSL",0,0,200,3
"scenarioA","X_92","indep",0,0,NA,"SSL",0,0,200,3
"scenarioA","X_93","indep",0,0,NA,"SSL",0,0,200,3
"scenarioA","X_94","indep",0,0,NA,"SSL",0,0,200,3
"scenarioA","X_95","indep",0,0,NA,"SSL",0,0,200,3
"scenarioA","X_96","indep",0,0,NA,"SSL",0,0,200,3
"scenarioA","X_97","indep",0,0,NA,"SSL",0,0,200,3
"scenarioA","X_98","indep",0,0,NA,"SSL",0,0,200,3
"scenarioA","X_99","indep",0,0,NA,"SSL",0,0,200,3
"scenarioA","X_100","indep",0,0,NA,"SSL",0,0,200,3
"scenarioA","X_101","indep",0,0,NA,"SSL",0,0,200,3
"scenarioA","X_102","indep",0,0,NA,"SSL",0,0,200,3
"scenarioA","X_103","indep",0,0,NA,"SSL",0,0,200,3
"scenarioA","X_104","indep",0,0,NA,"SSL",0,0,200,3
"scenarioA","X_105","indep",0,0,NA,"SSL",0,0,200,3
"scenarioA","X_106","indep",0,0,NA,"SSL",0,0,200,3
"scenarioA","X_107","indep",0,0,NA,"SSL",0,0,200,3
"scenarioA","X_108","indep",0,0,NA,"SSL",0,0,200,3
"scenarioA","X_109","indep",0,0,NA,"SSL",0,0,200,3
"scenarioA","X_110","indep",0,0,NA,"SSL",0,0,200,3
"scenarioA","X_111","indep",0,0,NA,"SSL",0,0,200,3
"scenarioA","X_112","indep",0,0,NA,"SSL",0,0,200,3
"scenarioA","X_113","indep",0,0,NA,"SSL",0,0,200,3
"scenarioA","X_114","indep",0,0,NA,"SSL",0,0,200,3
"scenarioA","X_115","indep",0,0,NA,"SSL",0,0,200,3
"scenarioA","X_116","indep",0,0,NA,"SSL",0,0,200,3
"scenarioA","X_117","indep",0,0,NA,"SSL",0,0,200,3
"scenarioA","X_118","indep",0,0,NA,"SSL",0,0,200,3
"scenarioA","X_119","indep",0,0,NA,"SSL",0,0,200,3
"scenarioA","X_120","indep",0,0,NA,"SSL",0,0,200,3
"scenarioA","X_121","indep",0,0,NA,"SSL",0,0,200,3
"scenarioA","X_122","indep",0,0,NA,"SSL",0,0,200,3
"scenarioA","X_123","indep",0,0,NA,"SSL",0,0,200,3
"scenarioA","X_124","indep",0,0,NA,"SSL",0,0,200,3
"scenarioA","X_125","indep",0,0,NA,"SSL",0,0,200,3
"scenarioA","X_126","indep",0,0,NA,"SSL",0,0,200,3
"scenarioA","X_127","indep",0,0,NA,"SSL",0,0,200,3
"scenarioA","X_128","indep",0,0,NA,"SSL",0,0,200,3
"scenarioA","X_129","indep",0,0,NA,"SSL",0,0,200,3
"scenarioA","X_130","indep",0,0,NA,"SSL",0,0,200,3
"scenarioA","X_131","indep",0,0,NA,"SSL",0.146849499091516,0.146849499091516,200,3
"scenarioA","X_132","indep",0,0,NA,"SSL",0,0,200,3
"scenarioA","X_133","indep",0,0,NA,"SSL",0,0,200,3
"scenarioA","X_134","indep",0,0,NA,"SSL",0,0,200,3
"scenarioA","X_135","indep",0,0,NA,"SSL",0,0,200,3
"scenarioA","X_136","indep",0,0,NA,"SSL",0,0,200,3
"scenarioA","X_137","indep",0,0,NA,"SSL",0,0,200,3
"scenarioA","X_138","indep",0,0,NA,"SSL",0,0,200,3
"scenarioA","X_139","indep",0,0,NA,"SSL",0,0,200,3
"scenarioA","X_140","indep",0,0,NA,"SSL",0,0,200,3
"scenarioA","X_141","indep",0,0,NA,"SSL",0,0,200,3
"scenarioA","X_142","indep",0,0,NA,"SSL",0,0,200,3
"scenarioA","X_143","indep",0,0,NA,"SSL",0,0,200,3
"scenarioA","X_144","indep",0,0,NA,"SSL",0,0,200,3
"scenarioA","X_145","indep",0,0,NA,"SSL",0,0,200,3
"scenarioA","X_146","indep",0,0,NA,"SSL",0,0,200,3
"scenarioA","X_147","indep",0,0,NA,"SSL",0,0,200,3
"scenarioA","X_148","indep",0,0,NA,"SSL",0,0,200,3
"scenarioA","X_149","indep",0,0,NA,"SSL",0,0,200,3
"scenarioA","X_150","indep",0,0,NA,"SSL",0,0,200,3
"scenarioA","X_151","indep",0,0,NA,"SSL",0,0,200,3
"scenarioA","X_152","indep",0,0,NA,"SSL",0,0,200,3
"scenarioA","X_153","indep",0,0,NA,"SSL",0,0,200,3
"scenarioA","X_154","indep",0,0,NA,"SSL",0,0,200,3
"scenarioA","X_155","weak",0.3,0,NA,"SSL",0,0,200,3
"scenarioA","X_156","weak",0.3,0,NA,"SSL",0,0,200,3
"scenarioA","X_157","weak",0.3,0,NA,"SSL",0,0,200,3
"scenarioA","X_158","weak",0.3,0,NA,"SSL",0,0,200,3
"scenarioA","X_159","weak",0.3,0,NA,"SSL",0,0,200,3
"scenarioA","X_160","weak",0.3,0,NA,"SSL",0,0,200,3
"scenarioA","X_161","weak",0.3,0,NA,"SSL",0,0,200,3
"scenarioA","X_162","weak",0.3,0,NA,"SSL",0,0,200,3
"scenarioA","X_163","weak",0.3,0,NA,"SSL",0,0,200,3
"scenarioA","X_164","weak",0.3,0,NA,"SSL",0,0,200,3
"scenarioA","X_165","weak",0.3,0,NA,"SSL",0,0,200,3
"scenarioA","X_166","weak",0.3,0,NA,"SSL",0,0,200,3
"scenarioA","X_167","weak",0.3,0,NA,"SSL",0,0,200,3
"scenarioA","X_168","weak",0.3,0,NA,"SSL",0,0,200,3
"scenarioA","X_169","weak",0.3,0,NA,"SSL",0.155915106154975,0.155915106154975,200,3
"scenarioA","X_170","weak",0.3,0,NA,"SSL",0,0,200,3
"scenarioA","X_171","weak",0.3,0,NA,"SSL",0,0,200,3
"scenarioA","X_172","weak",0.3,0,NA,"SSL",0,0,200,3
"scenarioA","X_173","weak",0.3,0,NA,"SSL",0,0,200,3
"scenarioA","X_174","weak",0.3,0,NA,"SSL",0,0,200,3
"scenarioA","X_175","weak",0.3,0,NA,"SSL",0,0,200,3
"scenarioA","X_176","weak",0.3,0,NA,"SSL",0,0,200,3
"scenarioA","X_177","weak",0.3,0,NA,"SSL",0,0,200,3
"scenarioA","X_178","weak",0.3,0,NA,"SSL",0,0,200,3
"scenarioA","X_179","weak",0.3,0,NA,"SSL",0,0,200,3
"scenarioA","X_180","weak",0.3,0,NA,"SSL",0,0,200,3
"scenarioA","X_181","weak",0.3,0,NA,"SSL",0,0,200,3
"scenarioA","X_182","weak",0.3,0,NA,"SSL",0,0,200,3
"scenarioA","X_183","weak",0.3,0,NA,"SSL",0,0,200,3
"scenarioA","X_184","weak",0.3,0,NA,"SSL",0,0,200,3
"scenarioA","X_185","weak",0.3,0,NA,"SSL",0,0,200,3
"scenarioA","X_186","weak",0.3,0,NA,"SSL",0,0,200,3
"scenarioA","X_187","weak",0.3,0,NA,"SSL",0,0,200,3
"scenarioA","X_188","weak",0.3,0,NA,"SSL",0,0,200,3
"scenarioA","X_189","weak",0.3,0,NA,"SSL",0,0,200,3
"scenarioA","X_190","weak",0.3,0,NA,"SSL",0,0,200,3
"scenarioA","X_191","weak",0.3,0,NA,"SSL",0,0,200,3
"scenarioA","X_192","weak",0.3,0,NA,"SSL",0,0,200,3
"scenarioA","X_193","weak",0.3,0,NA,"SSL",0,0,200,3
"scenarioA","X_194","weak",0.3,0,NA,"SSL",0,0,200,3
"scenarioA","X_195","weak",0.3,0,NA,"SSL",0,0,200,3
"scenarioA","X_196","weak",0.3,0,NA,"SSL",0,0,200,3
"scenarioA","X_197","weak",0.3,0,NA,"SSL",0,0,200,3
"scenarioA","X_198","weak",0.3,0,NA,"SSL",0,0,200,3
"scenarioA","X_199","weak",0.3,0,NA,"SSL",0,0,200,3
"scenarioA","X_200","weak",0.3,0,NA,"SSL",0,0,200,3
"scenarioA","X_201","weak",0.3,0,NA,"SSL",0,0,200,3
"scenarioA","X_202","weak",0.3,0,NA,"SSL",0,0,200,3
"scenarioA","X_203","weak",0.3,0,NA,"SSL",0,0,200,3
"scenarioA","X_204","weak",0.3,0,NA,"SSL",0,0,200,3
"scenarioA","X_205","weak",0.3,0,NA,"SSL",0,0,200,3
"scenarioA","X_206","weak",0.3,0,NA,"SSL",0,0,200,3
"scenarioA","X_207","weak",0.3,0,NA,"SSL",0,0,200,3
"scenarioA","X_208","weak",0.3,0,NA,"SSL",0,0,200,3
"scenarioA","X_209","weak",0.3,0,NA,"SSL",0.0405462682103453,0.0405462682103453,200,3
"scenarioA","X_210","weak",0.3,0,NA,"SSL",0,0,200,3
"scenarioA","X_211","weak",0.3,0,NA,"SSL",0,0,200,3
"scenarioA","X_212","weak",0.3,0,NA,"SSL",0,0,200,3
"scenarioA","X_213","weak",0.3,0,NA,"SSL",0,0,200,3
"scenarioA","X_214","weak",0.3,0,NA,"SSL",0,0,200,3
"scenarioA","X_215","weak",0.3,0,NA,"SSL",0,0,200,3
"scenarioA","X_216","weak",0.3,0,NA,"SSL",0,0,200,3
"scenarioA","X_217","weak",0.3,0,NA,"SSL",0,0,200,3
"scenarioA","X_218","weak",0.3,0,NA,"SSL",0,0,200,3
"scenarioA","X_219","weak",0.3,0,NA,"SSL",0,0,200,3
"scenarioA","X_220","weak",0.3,0,NA,"SSL",0.232395246765241,0.232395246765241,200,3
"scenarioA","X_221","weak",0.3,0,NA,"SSL",0,0,200,3
"scenarioA","X_222","weak",0.3,0,NA,"SSL",0,0,200,3
"scenarioA","X_223","weak",0.3,0,NA,"SSL",0,0,200,3
"scenarioA","X_224","weak",0.3,0,NA,"SSL",0,0,200,3
"scenarioA","X_225","weak",0.3,0,NA,"SSL",0,0,200,3
"scenarioA","X_226","weak",0.3,0,NA,"SSL",0,0,200,3
"scenarioA","X_227","weak",0.3,0,NA,"SSL",0,0,200,3
"scenarioA","X_228","strong",0.6,0,NA,"SSL",0,0,200,3
"scenarioA","X_229","strong",0.6,0,NA,"SSL",0,0,200,3
"scenarioA","X_230","strong",0.6,0,NA,"SSL",0,0,200,3
"scenarioA","X_231","strong",0.6,0,NA,"SSL",0,0,200,3
"scenarioA","X_232","strong",0.6,0,NA,"SSL",0,0,200,3
"scenarioA","X_233","strong",0.6,0,NA,"SSL",0,0,200,3
"scenarioA","X_234","strong",0.6,0,NA,"SSL",0,0,200,3
"scenarioA","X_235","strong",0.6,0,NA,"SSL",0,0,200,3
"scenarioA","X_236","strong",0.6,0,NA,"SSL",0,0,200,3
"scenarioA","X_237","strong",0.6,0,NA,"SSL",0,0,200,3
"scenarioA","X_238","strong",0.6,0,NA,"SSL",0,0,200,3
"scenarioA","X_239","strong",0.6,0,NA,"SSL",0,0,200,3
"scenarioA","X_240","strong",0.6,0,NA,"SSL",0,0,200,3
"scenarioA","X_241","strong",0.6,0,NA,"SSL",0,0,200,3
"scenarioA","X_242","strong",0.6,0,NA,"SSL",0,0,200,3
"scenarioA","X_243","strong",0.6,0,NA,"SSL",0,0,200,3
"scenarioA","X_244","strong",0.6,0,NA,"SSL",0,0,200,3
"scenarioA","X_245","strong",0.6,0,NA,"SSL",0,0,200,3
"scenarioA","X_246","strong",0.6,0,NA,"SSL",0,0,200,3
"scenarioA","X_247","strong",0.6,0,NA,"SSL",0,0,200,3
"scenarioA","X_248","strong",0.6,0,NA,"SSL",0,0,200,3
"scenarioA","X_249","strong",0.6,0,NA,"SSL",0,0,200,3
"scenarioA","X_250","strong",0.6,0,NA,"SSL",0,0,200,3
"scenarioA","X_251","strong",0.6,0,NA,"SSL",0,0,200,3
"scenarioA","X_252","strong",0.6,0,NA,"SSL",0,0,200,3
"scenarioA","X_253","strong",0.6,0,NA,"SSL",0,0,200,3
"scenarioA","X_254","strong",0.6,0,NA,"SSL",0,0,200,3
"scenarioA","X_255","strong",0.6,0,NA,"SSL",0,0,200,3
"scenarioA","X_256","strong",0.6,0,NA,"SSL",0,0,200,3
"scenarioA","X_257","strong",0.6,0,NA,"SSL",0,0,200,3
"scenarioA","X_258","strong",0.6,0,NA,"SSL",0,0,200,3
"scenarioA","X_259","strong",0.6,0,NA,"SSL",0,0,200,3
"scenarioA","X_260","strong",0.6,0,NA,"SSL",0,0,200,3
"scenarioA","X_261","strong",0.6,0,NA,"SSL",0,0,200,3
"scenarioA","X_262","strong",0.6,0,NA,"SSL",0,0,200,3
"scenarioA","X_263","strong",0.6,0,NA,"SSL",0,0,200,3
"scenarioA","X_264","strong",0.6,0,NA,"SSL",0,0,200,3
"scenarioA","X_265","strong",0.6,0,NA,"SSL",0,0,200,3
"scenarioA","X_266","strong",0.6,0,NA,"SSL",0,0,200,3
"scenarioA","X_267","strong",0.6,0,NA,"SSL",0,0,200,3
"scenarioA","X_268","strong",0.6,0,NA,"SSL",0,0,200,3
"scenarioA","X_269","strong",0.6,0,NA,"SSL",0,0,200,3
"scenarioA","X_270","strong",0.6,0,NA,"SSL",0,0,200,3
"scenarioA","X_271","strong",0.6,0,NA,"SSL",0,0,200,3
"scenarioA","X_272","strong",0.6,0,NA,"SSL",0,0,200,3
"scenarioA","X_273","strong",0.6,0,NA,"SSL",0,0,200,3
"scenarioA","X_274","strong",0.6,0,NA,"SSL",0,0,200,3
"scenarioA","X_275","strong",0.6,0,NA,"SSL",0,0,200,3
"scenarioA","X_276","strong",0.6,0,NA,"SSL",0,0,200,3
"scenarioA","X_277","strong",0.6,0,NA,"SSL",0,0,200,3
"scenarioA","X_278","strong",0.6,0,NA,"SSL",0,0,200,3
"scenarioA","X_279","strong",0.6,0,NA,"SSL",0,0,200,3
"scenarioA","X_280","strong",0.6,0,NA,"SSL",0,0,200,3
"scenarioA","X_281","strong",0.6,0,NA,"SSL",0,0,200,3
"scenarioA","X_282","strong",0.6,0,NA,"SSL",0,0,200,3
"scenarioA","X_283","strong",0.6,0,NA,"SSL",0,0,200,3
"scenarioA","X_284","strong",0.6,0,NA,"SSL",0,0,200,3
"scenarioA","X_285","strong",0.6,0,NA,"SSL",0,0,200,3
"scenarioA","X_286","strong",0.6,0,NA,"SSL",0,0,200,3
"scenarioA","X_287","strong",0.6,0,NA,"SSL",0,0,200,3
"scenarioA","X_288","strong",0.6,0,NA,"SSL",0,0,200,3
"scenarioA","X_289","strong",0.6,0,NA,"SSL",0,0,200,3
"scenarioA","X_290","strong",0.6,0,NA,"SSL",0,0,200,3
"scenarioA","X_291","strong",0.6,0,NA,"SSL",0,0,200,3
"scenarioA","X_292","strong",0.6,0,NA,"SSL",0,0,200,3
"scenarioA","X_293","strong",0.6,0,NA,"SSL",0,0,200,3
"scenarioA","X_294","strong",0.6,0,NA,"SSL",0,0,200,3
"scenarioA","X_295","strong",0.6,0,NA,"SSL",0,0,200,3
"scenarioA","X_296","strong",0.6,0,NA,"SSL",0,0,200,3
"scenarioA","X_297","strong",0.6,0,NA,"SSL",0,0,200,3
"scenarioA","X_298","strong",0.6,0,NA,"SSL",0,0,200,3
"scenarioA","X_299","strong",0.6,0,NA,"SSL",0,0,200,3
"scenarioA","X_300","strong",0.6,0,NA,"SSL",0,0,200,3
"scenarioA","X_1","strong",0.6,0.4,0.798240572538842,"LASSO",0,-0.4,200,3
"scenarioA","X_2","strong",0.6,-0.5,-0.729265813722441,"LASSO",-0.0535967701083251,0.446403229891675,200,3
"scenarioA","X_3","weak",0.3,0.6,0.560870653098334,"LASSO",0.0535541226775126,-0.546445877322487,200,3
"scenarioA","X_4","weak",0.3,0.75,0.860873562319869,"LASSO",0.355125042337782,-0.394874957662218,200,3
"scenarioA","X_5","indep",0,-0.8,-0.914431804390991,"LASSO",-0.37690605832407,0.42309394167593,200,3
"scenarioA","X_6","indep",0,0,NA,"LASSO",0,0,200,3
"scenarioA","X_7","indep",0,0,NA,"LASSO",0,0,200,3
"scenarioA","X_8","indep",0,0,NA,"LASSO",0,0,200,3
"scenarioA","X_9","indep",0,0,NA,"LASSO",0,0,200,3
"scenarioA","X_10","indep",0,0,NA,"LASSO",0,0,200,3
"scenarioA","X_11","indep",0,0,NA,"LASSO",0,0,200,3
"scenarioA","X_12","indep",0,0,NA,"LASSO",0,0,200,3
"scenarioA","X_13","indep",0,0,NA,"LASSO",0,0,200,3
"scenarioA","X_14","indep",0,0,NA,"LASSO",0,0,200,3
"scenarioA","X_15","indep",0,0,NA,"LASSO",0,0,200,3
"scenarioA","X_16","indep",0,0,NA,"LASSO",0,0,200,3
"scenarioA","X_17","indep",0,0,NA,"LASSO",0,0,200,3
"scenarioA","X_18","indep",0,0,NA,"LASSO",0,0,200,3
"scenarioA","X_19","indep",0,0,NA,"LASSO",0,0,200,3
"scenarioA","X_20","indep",0,0,NA,"LASSO",0,0,200,3
"scenarioA","X_21","indep",0,0,NA,"LASSO",0,0,200,3
"scenarioA","X_22","indep",0,0,NA,"LASSO",0,0,200,3
"scenarioA","X_23","indep",0,0,NA,"LASSO",0,0,200,3
"scenarioA","X_24","indep",0,0,NA,"LASSO",0,0,200,3
"scenarioA","X_25","indep",0,0,NA,"LASSO",0,0,200,3
"scenarioA","X_26","indep",0,0,NA,"LASSO",0,0,200,3
"scenarioA","X_27","indep",0,0,NA,"LASSO",0,0,200,3
"scenarioA","X_28","indep",0,0,NA,"LASSO",0,0,200,3
"scenarioA","X_29","indep",0,0,NA,"LASSO",0,0,200,3
"scenarioA","X_30","indep",0,0,NA,"LASSO",0,0,200,3
"scenarioA","X_31","indep",0,0,NA,"LASSO",0,0,200,3
"scenarioA","X_32","indep",0,0,NA,"LASSO",0,0,200,3
"scenarioA","X_33","indep",0,0,NA,"LASSO",0,0,200,3
"scenarioA","X_34","indep",0,0,NA,"LASSO",0,0,200,3
"scenarioA","X_35","indep",0,0,NA,"LASSO",0,0,200,3
"scenarioA","X_36","indep",0,0,NA,"LASSO",0,0,200,3
"scenarioA","X_37","indep",0,0,NA,"LASSO",0,0,200,3
"scenarioA","X_38","indep",0,0,NA,"LASSO",0,0,200,3
"scenarioA","X_39","indep",0,0,NA,"LASSO",0,0,200,3
"scenarioA","X_40","indep",0,0,NA,"LASSO",0,0,200,3
"scenarioA","X_41","indep",0,0,NA,"LASSO",0,0,200,3
"scenarioA","X_42","indep",0,0,NA,"LASSO",0,0,200,3
"scenarioA","X_43","indep",0,0,NA,"LASSO",0,0,200,3
"scenarioA","X_44","indep",0,0,NA,"LASSO",0,0,200,3
"scenarioA","X_45","indep",0,0,NA,"LASSO",0,0,200,3
"scenarioA","X_46","indep",0,0,NA,"LASSO",0,0,200,3
"scenarioA","X_47","indep",0,0,NA,"LASSO",0,0,200,3
"scenarioA","X_48","indep",0,0,NA,"LASSO",0,0,200,3
"scenarioA","X_49","indep",0,0,NA,"LASSO",0,0,200,3
"scenarioA","X_50","indep",0,0,NA,"LASSO",0,0,200,3
"scenarioA","X_51","indep",0,0,NA,"LASSO",0,0,200,3
"scenarioA","X_52","indep",0,0,NA,"LASSO",0,0,200,3
"scenarioA","X_53","indep",0,0,NA,"LASSO",0,0,200,3
"scenarioA","X_54","indep",0,0,NA,"LASSO",0,0,200,3
"scenarioA","X_55","indep",0,0,NA,"LASSO",0,0,200,3
"scenarioA","X_56","indep",0,0,NA,"LASSO",0,0,200,3
"scenarioA","X_57","indep",0,0,NA,"LASSO",0,0,200,3
"scenarioA","X_58","indep",0,0,NA,"LASSO",0,0,200,3
"scenarioA","X_59","indep",0,0,NA,"LASSO",0,0,200,3
"scenarioA","X_60","indep",0,0,NA,"LASSO",0,0,200,3
"scenarioA","X_61","indep",0,0,NA,"LASSO",0,0,200,3
"scenarioA","X_62","indep",0,0,NA,"LASSO",0,0,200,3
"scenarioA","X_63","indep",0,0,NA,"LASSO",0,0,200,3
"scenarioA","X_64","indep",0,0,NA,"LASSO",0,0,200,3
"scenarioA","X_65","indep",0,0,NA,"LASSO",0,0,200,3
"scenarioA","X_66","indep",0,0,NA,"LASSO",0,0,200,3
"scenarioA","X_67","indep",0,0,NA,"LASSO",0,0,200,3
"scenarioA","X_68","indep",0,0,NA,"LASSO",0,0,200,3
"scenarioA","X_69","indep",0,0,NA,"LASSO",0,0,200,3
"scenarioA","X_70","indep",0,0,NA,"LASSO",0,0,200,3
"scenarioA","X_71","indep",0,0,NA,"LASSO",0,0,200,3
"scenarioA","X_72","indep",0,0,NA,"LASSO",0,0,200,3
"scenarioA","X_73","indep",0,0,NA,"LASSO",0,0,200,3
"scenarioA","X_74","indep",0,0,NA,"LASSO",0,0,200,3
"scenarioA","X_75","indep",0,0,NA,"LASSO",0,0,200,3
"scenarioA","X_76","indep",0,0,NA,"LASSO",0,0,200,3
"scenarioA","X_77","indep",0,0,NA,"LASSO",0,0,200,3
"scenarioA","X_78","indep",0,0,NA,"LASSO",0,0,200,3
"scenarioA","X_79","indep",0,0,NA,"LASSO",0,0,200,3
"scenarioA","X_80","indep",0,0,NA,"LASSO",0,0,200,3
"scenarioA","X_81","indep",0,0,NA,"LASSO",0,0,200,3
"scenarioA","X_82","indep",0,0,NA,"LASSO",0,0,200,3
"scenarioA","X_83","indep",0,0,NA,"LASSO",0,0,200,3
"scenarioA","X_84","indep",0,0,NA,"LASSO",0,0,200,3
"scenarioA","X_85","indep",0,0,NA,"LASSO",0,0,200,3
"scenarioA","X_86","indep",0,0,NA,"LASSO",0,0,200,3
"scenarioA","X_87","indep",0,0,NA,"LASSO",0,0,200,3
"scenarioA","X_88","indep",0,0,NA,"LASSO",0,0,200,3
"scenarioA","X_89","indep",0,0,NA,"LASSO",0,0,200,3
"scenarioA","X_90","indep",0,0,NA,"LASSO",0,0,200,3
"scenarioA","X_91","indep",0,0,NA,"LASSO",0,0,200,3
"scenarioA","X_92","indep",0,0,NA,"LASSO",0,0,200,3
"scenarioA","X_93","indep",0,0,NA,"LASSO",0,0,200,3
"scenarioA","X_94","indep",0,0,NA,"LASSO",0,0,200,3
"scenarioA","X_95","indep",0,0,NA,"LASSO",0,0,200,3
"scenarioA","X_96","indep",0,0,NA,"LASSO",0,0,200,3
"scenarioA","X_97","indep",0,0,NA,"LASSO",0,0,200,3
"scenarioA","X_98","indep",0,0,NA,"LASSO",0,0,200,3
"scenarioA","X_99","indep",0,0,NA,"LASSO",0,0,200,3
"scenarioA","X_100","indep",0,0,NA,"LASSO",0,0,200,3
"scenarioA","X_101","indep",0,0,NA,"LASSO",0,0,200,3
"scenarioA","X_102","indep",0,0,NA,"LASSO",0,0,200,3
"scenarioA","X_103","indep",0,0,NA,"LASSO",0,0,200,3
"scenarioA","X_104","indep",0,0,NA,"LASSO",0,0,200,3
"scenarioA","X_105","indep",0,0,NA,"LASSO",0,0,200,3
"scenarioA","X_106","indep",0,0,NA,"LASSO",0,0,200,3
"scenarioA","X_107","indep",0,0,NA,"LASSO",0,0,200,3
"scenarioA","X_108","indep",0,0,NA,"LASSO",0,0,200,3
"scenarioA","X_109","indep",0,0,NA,"LASSO",0,0,200,3
"scenarioA","X_110","indep",0,0,NA,"LASSO",0,0,200,3
"scenarioA","X_111","indep",0,0,NA,"LASSO",0,0,200,3
"scenarioA","X_112","indep",0,0,NA,"LASSO",0,0,200,3
"scenarioA","X_113","indep",0,0,NA,"LASSO",0,0,200,3
"scenarioA","X_114","indep",0,0,NA,"LASSO",0,0,200,3
"scenarioA","X_115","indep",0,0,NA,"LASSO",0,0,200,3
"scenarioA","X_116","indep",0,0,NA,"LASSO",0,0,200,3
"scenarioA","X_117","indep",0,0,NA,"LASSO",0,0,200,3
"scenarioA","X_118","indep",0,0,NA,"LASSO",0,0,200,3
"scenarioA","X_119","indep",0,0,NA,"LASSO",0,0,200,3
"scenarioA","X_120","indep",0,0,NA,"LASSO",0,0,200,3
"scenarioA","X_121","indep",0,0,NA,"LASSO",0,0,200,3
"scenarioA","X_122","indep",0,0,NA,"LASSO",0,0,200,3
"scenarioA","X_123","indep",0,0,NA,"LASSO",0,0,200,3
"scenarioA","X_124","indep",0,0,NA,"LASSO",0,0,200,3
"scenarioA","X_125","indep",0,0,NA,"LASSO",0,0,200,3
"scenarioA","X_126","indep",0,0,NA,"LASSO",0,0,200,3
"scenarioA","X_127","indep",0,0,NA,"LASSO",0,0,200,3
"scenarioA","X_128","indep",0,0,NA,"LASSO",0,0,200,3
"scenarioA","X_129","indep",0,0,NA,"LASSO",0,0,200,3
"scenarioA","X_130","indep",0,0,NA,"LASSO",0,0,200,3
"scenarioA","X_131","indep",0,0,NA,"LASSO",0,0,200,3
"scenarioA","X_132","indep",0,0,NA,"LASSO",0,0,200,3
"scenarioA","X_133","indep",0,0,NA,"LASSO",0,0,200,3
"scenarioA","X_134","indep",0,0,NA,"LASSO",0,0,200,3
"scenarioA","X_135","indep",0,0,NA,"LASSO",0,0,200,3
"scenarioA","X_136","indep",0,0,NA,"LASSO",0,0,200,3
"scenarioA","X_137","indep",0,0,NA,"LASSO",0,0,200,3
"scenarioA","X_138","indep",0,0,NA,"LASSO",0,0,200,3
"scenarioA","X_139","indep",0,0,NA,"LASSO",0,0,200,3
"scenarioA","X_140","indep",0,0,NA,"LASSO",0,0,200,3
"scenarioA","X_141","indep",0,0,NA,"LASSO",0,0,200,3
"scenarioA","X_142","indep",0,0,NA,"LASSO",0,0,200,3
"scenarioA","X_143","indep",0,0,NA,"LASSO",0,0,200,3
"scenarioA","X_144","indep",0,0,NA,"LASSO",0,0,200,3
"scenarioA","X_145","indep",0,0,NA,"LASSO",0,0,200,3
"scenarioA","X_146","indep",0,0,NA,"LASSO",0,0,200,3
"scenarioA","X_147","indep",0,0,NA,"LASSO",0,0,200,3
"scenarioA","X_148","indep",0,0,NA,"LASSO",0,0,200,3
"scenarioA","X_149","indep",0,0,NA,"LASSO",0,0,200,3
"scenarioA","X_150","indep",0,0,NA,"LASSO",0,0,200,3
"scenarioA","X_151","indep",0,0,NA,"LASSO",0,0,200,3
"scenarioA","X_152","indep",0,0,NA,"LASSO",0,0,200,3
"scenarioA","X_153","indep",0,0,NA,"LASSO",0,0,200,3
"scenarioA","X_154","indep",0,0,NA,"LASSO",0,0,200,3
"scenarioA","X_155","weak",0.3,0,NA,"LASSO",0,0,200,3
"scenarioA","X_156","weak",0.3,0,NA,"LASSO",0,0,200,3
"scenarioA","X_157","weak",0.3,0,NA,"LASSO",0,0,200,3
"scenarioA","X_158","weak",0.3,0,NA,"LASSO",0,0,200,3
"scenarioA","X_159","weak",0.3,0,NA,"LASSO",0,0,200,3
"scenarioA","X_160","weak",0.3,0,NA,"LASSO",0,0,200,3
"scenarioA","X_161","weak",0.3,0,NA,"LASSO",0,0,200,3
"scenarioA","X_162","weak",0.3,0,NA,"LASSO",0,0,200,3
"scenarioA","X_163","weak",0.3,0,NA,"LASSO",0,0,200,3
"scenarioA","X_164","weak",0.3,0,NA,"LASSO",0,0,200,3
"scenarioA","X_165","weak",0.3,0,NA,"LASSO",0,0,200,3
"scenarioA","X_166","weak",0.3,0,NA,"LASSO",0,0,200,3
"scenarioA","X_167","weak",0.3,0,NA,"LASSO",0,0,200,3
"scenarioA","X_168","weak",0.3,0,NA,"LASSO",0,0,200,3
"scenarioA","X_169","weak",0.3,0,NA,"LASSO",0.012072473179197,0.012072473179197,200,3
"scenarioA","X_170","weak",0.3,0,NA,"LASSO",0,0,200,3
"scenarioA","X_171","weak",0.3,0,NA,"LASSO",0,0,200,3
"scenarioA","X_172","weak",0.3,0,NA,"LASSO",0,0,200,3
"scenarioA","X_173","weak",0.3,0,NA,"LASSO",0,0,200,3
"scenarioA","X_174","weak",0.3,0,NA,"LASSO",0,0,200,3
"scenarioA","X_175","weak",0.3,0,NA,"LASSO",0,0,200,3
"scenarioA","X_176","weak",0.3,0,NA,"LASSO",0,0,200,3
"scenarioA","X_177","weak",0.3,0,NA,"LASSO",0,0,200,3
"scenarioA","X_178","weak",0.3,0,NA,"LASSO",0,0,200,3
"scenarioA","X_179","weak",0.3,0,NA,"LASSO",0,0,200,3
"scenarioA","X_180","weak",0.3,0,NA,"LASSO",0,0,200,3
"scenarioA","X_181","weak",0.3,0,NA,"LASSO",0,0,200,3
"scenarioA","X_182","weak",0.3,0,NA,"LASSO",0,0,200,3
"scenarioA","X_183","weak",0.3,0,NA,"LASSO",0,0,200,3
"scenarioA","X_184","weak",0.3,0,NA,"LASSO",0,0,200,3
"scenarioA","X_185","weak",0.3,0,NA,"LASSO",0,0,200,3
"scenarioA","X_186","weak",0.3,0,NA,"LASSO",0,0,200,3
"scenarioA","X_187","weak",0.3,0,NA,"LASSO",0,0,200,3
"scenarioA","X_188","weak",0.3,0,NA,"LASSO",0,0,200,3
"scenarioA","X_189","weak",0.3,0,NA,"LASSO",0,0,200,3
"scenarioA","X_190","weak",0.3,0,NA,"LASSO",0,0,200,3
"scenarioA","X_191","weak",0.3,0,NA,"LASSO",0,0,200,3
"scenarioA","X_192","weak",0.3,0,NA,"LASSO",0,0,200,3
"scenarioA","X_193","weak",0.3,0,NA,"LASSO",0,0,200,3
"scenarioA","X_194","weak",0.3,0,NA,"LASSO",0,0,200,3
"scenarioA","X_195","weak",0.3,0,NA,"LASSO",0,0,200,3
"scenarioA","X_196","weak",0.3,0,NA,"LASSO",0,0,200,3
"scenarioA","X_197","weak",0.3,0,NA,"LASSO",0,0,200,3
"scenarioA","X_198","weak",0.3,0,NA,"LASSO",0,0,200,3
"scenarioA","X_199","weak",0.3,0,NA,"LASSO",0,0,200,3
"scenarioA","X_200","weak",0.3,0,NA,"LASSO",0,0,200,3
"scenarioA","X_201","weak",0.3,0,NA,"LASSO",0,0,200,3
"scenarioA","X_202","weak",0.3,0,NA,"LASSO",0,0,200,3
"scenarioA","X_203","weak",0.3,0,NA,"LASSO",0,0,200,3
"scenarioA","X_204","weak",0.3,0,NA,"LASSO",0,0,200,3
"scenarioA","X_205","weak",0.3,0,NA,"LASSO",0,0,200,3
"scenarioA","X_206","weak",0.3,0,NA,"LASSO",0,0,200,3
"scenarioA","X_207","weak",0.3,0,NA,"LASSO",0,0,200,3
"scenarioA","X_208","weak",0.3,0,NA,"LASSO",0,0,200,3
"scenarioA","X_209","weak",0.3,0,NA,"LASSO",0,0,200,3
"scenarioA","X_210","weak",0.3,0,NA,"LASSO",0,0,200,3
"scenarioA","X_211","weak",0.3,0,NA,"LASSO",0,0,200,3
"scenarioA","X_212","weak",0.3,0,NA,"LASSO",0,0,200,3
"scenarioA","X_213","weak",0.3,0,NA,"LASSO",0,0,200,3
"scenarioA","X_214","weak",0.3,0,NA,"LASSO",0,0,200,3
"scenarioA","X_215","weak",0.3,0,NA,"LASSO",0,0,200,3
"scenarioA","X_216","weak",0.3,0,NA,"LASSO",0,0,200,3
"scenarioA","X_217","weak",0.3,0,NA,"LASSO",0,0,200,3
"scenarioA","X_218","weak",0.3,0,NA,"LASSO",0,0,200,3
"scenarioA","X_219","weak",0.3,0,NA,"LASSO",0,0,200,3
"scenarioA","X_220","weak",0.3,0,NA,"LASSO",0.0982800992995781,0.0982800992995781,200,3
"scenarioA","X_221","weak",0.3,0,NA,"LASSO",0,0,200,3
"scenarioA","X_222","weak",0.3,0,NA,"LASSO",0,0,200,3
"scenarioA","X_223","weak",0.3,0,NA,"LASSO",0,0,200,3
"scenarioA","X_224","weak",0.3,0,NA,"LASSO",0,0,200,3
"scenarioA","X_225","weak",0.3,0,NA,"LASSO",0,0,200,3
"scenarioA","X_226","weak",0.3,0,NA,"LASSO",0,0,200,3
"scenarioA","X_227","weak",0.3,0,NA,"LASSO",0,0,200,3
"scenarioA","X_228","strong",0.6,0,NA,"LASSO",0,0,200,3
"scenarioA","X_229","strong",0.6,0,NA,"LASSO",0,0,200,3
"scenarioA","X_230","strong",0.6,0,NA,"LASSO",0,0,200,3
"scenarioA","X_231","strong",0.6,0,NA,"LASSO",0,0,200,3
"scenarioA","X_232","strong",0.6,0,NA,"LASSO",0,0,200,3
"scenarioA","X_233","strong",0.6,0,NA,"LASSO",0,0,200,3
"scenarioA","X_234","strong",0.6,0,NA,"LASSO",0,0,200,3
"scenarioA","X_235","strong",0.6,0,NA,"LASSO",0,0,200,3
"scenarioA","X_236","strong",0.6,0,NA,"LASSO",0,0,200,3
"scenarioA","X_237","strong",0.6,0,NA,"LASSO",0,0,200,3
"scenarioA","X_238","strong",0.6,0,NA,"LASSO",0,0,200,3
"scenarioA","X_239","strong",0.6,0,NA,"LASSO",0,0,200,3
"scenarioA","X_240","strong",0.6,0,NA,"LASSO",0,0,200,3
"scenarioA","X_241","strong",0.6,0,NA,"LASSO",0,0,200,3
"scenarioA","X_242","strong",0.6,0,NA,"LASSO",0,0,200,3
"scenarioA","X_243","strong",0.6,0,NA,"LASSO",0,0,200,3
"scenarioA","X_244","strong",0.6,0,NA,"LASSO",0,0,200,3
"scenarioA","X_245","strong",0.6,0,NA,"LASSO",0,0,200,3
"scenarioA","X_246","strong",0.6,0,NA,"LASSO",0,0,200,3
"scenarioA","X_247","strong",0.6,0,NA,"LASSO",0,0,200,3
"scenarioA","X_248","strong",0.6,0,NA,"LASSO",0,0,200,3
"scenarioA","X_249","strong",0.6,0,NA,"LASSO",0,0,200,3
"scenarioA","X_250","strong",0.6,0,NA,"LASSO",0,0,200,3
"scenarioA","X_251","strong",0.6,0,NA,"LASSO",0,0,200,3
"scenarioA","X_252","strong",0.6,0,NA,"LASSO",0,0,200,3
"scenarioA","X_253","strong",0.6,0,NA,"LASSO",0,0,200,3
"scenarioA","X_254","strong",0.6,0,NA,"LASSO",0,0,200,3
"scenarioA","X_255","strong",0.6,0,NA,"LASSO",0,0,200,3
"scenarioA","X_256","strong",0.6,0,NA,"LASSO",0,0,200,3
"scenarioA","X_257","strong",0.6,0,NA,"LASSO",0,0,200,3
"scenarioA","X_258","strong",0.6,0,NA,"LASSO",0,0,200,3
"scenarioA","X_259","strong",0.6,0,NA,"LASSO",0,0,200,3
"scenarioA","X_260","strong",0.6,0,NA,"LASSO",0,0,200,3
"scenarioA","X_261","strong",0.6,0,NA,"LASSO",0,0,200,3
"scenarioA","X_262","strong",0.6,0,NA,"LASSO",0,0,200,3
"scenarioA","X_263","strong",0.6,0,NA,"LASSO",0,0,200,3
"scenarioA","X_264","strong",0.6,0,NA,"LASSO",0,0,200,3
"scenarioA","X_265","strong",0.6,0,NA,"LASSO",0,0,200,3
"scenarioA","X_266","strong",0.6,0,NA,"LASSO",0,0,200,3
"scenarioA","X_267","strong",0.6,0,NA,"LASSO",0,0,200,3
"scenarioA","X_268","strong",0.6,0,NA,"LASSO",0,0,200,3
"scenarioA","X_269","strong",0.6,0,NA,"LASSO",0,0,200,3
"scenarioA","X_270","strong",0.6,0,NA,"LASSO",0,0,200,3
"scenarioA","X_271","strong",0.6,0,NA,"LASSO",0,0,200,3
"scenarioA","X_272","strong",0.6,0,NA,"LASSO",0,0,200,3
"scenarioA","X_273","strong",0.6,0,NA,"LASSO",0,0,200,3
"scenarioA","X_274","strong",0.6,0,NA,"LASSO",0,0,200,3
"scenarioA","X_275","strong",0.6,0,NA,"LASSO",0,0,200,3
"scenarioA","X_276","strong",0.6,0,NA,"LASSO",0,0,200,3
"scenarioA","X_277","strong",0.6,0,NA,"LASSO",0,0,200,3
"scenarioA","X_278","strong",0.6,0,NA,"LASSO",0,0,200,3
"scenarioA","X_279","strong",0.6,0,NA,"LASSO",0,0,200,3
"scenarioA","X_280","strong",0.6,0,NA,"LASSO",0,0,200,3
"scenarioA","X_281","strong",0.6,0,NA,"LASSO",0,0,200,3
"scenarioA","X_282","strong",0.6,0,NA,"LASSO",0,0,200,3
"scenarioA","X_283","strong",0.6,0,NA,"LASSO",0,0,200,3
"scenarioA","X_284","strong",0.6,0,NA,"LASSO",0,0,200,3
"scenarioA","X_285","strong",0.6,0,NA,"LASSO",0,0,200,3
"scenarioA","X_286","strong",0.6,0,NA,"LASSO",0,0,200,3
"scenarioA","X_287","strong",0.6,0,NA,"LASSO",0,0,200,3
"scenarioA","X_288","strong",0.6,0,NA,"LASSO",0,0,200,3
"scenarioA","X_289","strong",0.6,0,NA,"LASSO",0,0,200,3
"scenarioA","X_290","strong",0.6,0,NA,"LASSO",0,0,200,3
"scenarioA","X_291","strong",0.6,0,NA,"LASSO",0,0,200,3
"scenarioA","X_292","strong",0.6,0,NA,"LASSO",0,0,200,3
"scenarioA","X_293","strong",0.6,0,NA,"LASSO",0,0,200,3
"scenarioA","X_294","strong",0.6,0,NA,"LASSO",0,0,200,3
"scenarioA","X_295","strong",0.6,0,NA,"LASSO",0,0,200,3
"scenarioA","X_296","strong",0.6,0,NA,"LASSO",0,0,200,3
"scenarioA","X_297","strong",0.6,0,NA,"LASSO",0,0,200,3
"scenarioA","X_298","strong",0.6,0,NA,"LASSO",0,0,200,3
"scenarioA","X_299","strong",0.6,0,NA,"LASSO",0,0,200,3
"scenarioA","X_300","strong",0.6,0,NA,"LASSO",0,0,200,3
"scenarioA","X_1","strong",0.6,0.4,0.218476399898114,"SSL",0,-0.4,200,4
"scenarioA","X_2","strong",0.6,-0.5,-0.256352380107098,"SSL",0,0.5,200,4
"scenarioA","X_3","weak",0.3,0.6,0.59781806623317,"SSL",0.449490138244695,-0.150509861755305,200,4
"scenarioA","X_4","weak",0.3,0.75,0.712491308999104,"SSL",0.437476334164889,-0.312523665835111,200,4
"scenarioA","X_5","indep",0,-0.8,-0.784217424531766,"SSL",-0.713393550354074,0.0866064496459261,200,4
"scenarioA","X_6","indep",0,0,NA,"SSL",0,0,200,4
"scenarioA","X_7","indep",0,0,NA,"SSL",0,0,200,4
"scenarioA","X_8","indep",0,0,NA,"SSL",0,0,200,4
"scenarioA","X_9","indep",0,0,NA,"SSL",0,0,200,4
"scenarioA","X_10","indep",0,0,NA,"SSL",0,0,200,4
"scenarioA","X_11","indep",0,0,NA,"SSL",0,0,200,4
"scenarioA","X_12","indep",0,0,NA,"SSL",0,0,200,4
"scenarioA","X_13","indep",0,0,NA,"SSL",0,0,200,4
"scenarioA","X_14","indep",0,0,NA,"SSL",0,0,200,4
"scenarioA","X_15","indep",0,0,NA,"SSL",0,0,200,4
"scenarioA","X_16","indep",0,0,NA,"SSL",0,0,200,4
"scenarioA","X_17","indep",0,0,NA,"SSL",0,0,200,4
"scenarioA","X_18","indep",0,0,NA,"SSL",0,0,200,4
"scenarioA","X_19","indep",0,0,NA,"SSL",0,0,200,4
"scenarioA","X_20","indep",0,0,NA,"SSL",0,0,200,4
"scenarioA","X_21","indep",0,0,NA,"SSL",0,0,200,4
"scenarioA","X_22","indep",0,0,NA,"SSL",0,0,200,4
"scenarioA","X_23","indep",0,0,NA,"SSL",0,0,200,4
"scenarioA","X_24","indep",0,0,NA,"SSL",0,0,200,4
"scenarioA","X_25","indep",0,0,NA,"SSL",0,0,200,4
"scenarioA","X_26","indep",0,0,NA,"SSL",0,0,200,4
"scenarioA","X_27","indep",0,0,NA,"SSL",0,0,200,4
"scenarioA","X_28","indep",0,0,NA,"SSL",0,0,200,4
"scenarioA","X_29","indep",0,0,NA,"SSL",0,0,200,4
"scenarioA","X_30","indep",0,0,NA,"SSL",0,0,200,4
"scenarioA","X_31","indep",0,0,NA,"SSL",0,0,200,4
"scenarioA","X_32","indep",0,0,NA,"SSL",0,0,200,4
"scenarioA","X_33","indep",0,0,NA,"SSL",0,0,200,4
"scenarioA","X_34","indep",0,0,NA,"SSL",0,0,200,4
"scenarioA","X_35","indep",0,0,NA,"SSL",0,0,200,4
"scenarioA","X_36","indep",0,0,NA,"SSL",-0.288487821804119,-0.288487821804119,200,4
"scenarioA","X_37","indep",0,0,NA,"SSL",0,0,200,4
"scenarioA","X_38","indep",0,0,NA,"SSL",0,0,200,4
"scenarioA","X_39","indep",0,0,NA,"SSL",0,0,200,4
"scenarioA","X_40","indep",0,0,NA,"SSL",0,0,200,4
"scenarioA","X_41","indep",0,0,NA,"SSL",0,0,200,4
"scenarioA","X_42","indep",0,0,NA,"SSL",0,0,200,4
"scenarioA","X_43","indep",0,0,NA,"SSL",0,0,200,4
"scenarioA","X_44","indep",0,0,NA,"SSL",0,0,200,4
"scenarioA","X_45","indep",0,0,NA,"SSL",0,0,200,4
"scenarioA","X_46","indep",0,0,NA,"SSL",0,0,200,4
"scenarioA","X_47","indep",0,0,NA,"SSL",0,0,200,4
"scenarioA","X_48","indep",0,0,NA,"SSL",0,0,200,4
"scenarioA","X_49","indep",0,0,NA,"SSL",0,0,200,4
"scenarioA","X_50","indep",0,0,NA,"SSL",0,0,200,4
"scenarioA","X_51","indep",0,0,NA,"SSL",0,0,200,4
"scenarioA","X_52","indep",0,0,NA,"SSL",0,0,200,4
"scenarioA","X_53","indep",0,0,NA,"SSL",0,0,200,4
"scenarioA","X_54","indep",0,0,NA,"SSL",0,0,200,4
"scenarioA","X_55","indep",0,0,NA,"SSL",0,0,200,4
"scenarioA","X_56","indep",0,0,NA,"SSL",0,0,200,4
"scenarioA","X_57","indep",0,0,NA,"SSL",0,0,200,4
"scenarioA","X_58","indep",0,0,NA,"SSL",0,0,200,4
"scenarioA","X_59","indep",0,0,NA,"SSL",0,0,200,4
"scenarioA","X_60","indep",0,0,NA,"SSL",0,0,200,4
"scenarioA","X_61","indep",0,0,NA,"SSL",0,0,200,4
"scenarioA","X_62","indep",0,0,NA,"SSL",0,0,200,4
"scenarioA","X_63","indep",0,0,NA,"SSL",0,0,200,4
"scenarioA","X_64","indep",0,0,NA,"SSL",0,0,200,4
"scenarioA","X_65","indep",0,0,NA,"SSL",0,0,200,4
"scenarioA","X_66","indep",0,0,NA,"SSL",0,0,200,4
"scenarioA","X_67","indep",0,0,NA,"SSL",0,0,200,4
"scenarioA","X_68","indep",0,0,NA,"SSL",0,0,200,4
"scenarioA","X_69","indep",0,0,NA,"SSL",0,0,200,4
"scenarioA","X_70","indep",0,0,NA,"SSL",0,0,200,4
"scenarioA","X_71","indep",0,0,NA,"SSL",0,0,200,4
"scenarioA","X_72","indep",0,0,NA,"SSL",0,0,200,4
"scenarioA","X_73","indep",0,0,NA,"SSL",0,0,200,4
"scenarioA","X_74","indep",0,0,NA,"SSL",0,0,200,4
"scenarioA","X_75","indep",0,0,NA,"SSL",0,0,200,4
"scenarioA","X_76","indep",0,0,NA,"SSL",0,0,200,4
"scenarioA","X_77","indep",0,0,NA,"SSL",0,0,200,4
"scenarioA","X_78","indep",0,0,NA,"SSL",0,0,200,4
"scenarioA","X_79","indep",0,0,NA,"SSL",0,0,200,4
"scenarioA","X_80","indep",0,0,NA,"SSL",0,0,200,4
"scenarioA","X_81","indep",0,0,NA,"SSL",0,0,200,4
"scenarioA","X_82","indep",0,0,NA,"SSL",0,0,200,4
"scenarioA","X_83","indep",0,0,NA,"SSL",0,0,200,4
"scenarioA","X_84","indep",0,0,NA,"SSL",0,0,200,4
"scenarioA","X_85","indep",0,0,NA,"SSL",0,0,200,4
"scenarioA","X_86","indep",0,0,NA,"SSL",0,0,200,4
"scenarioA","X_87","indep",0,0,NA,"SSL",0,0,200,4
"scenarioA","X_88","indep",0,0,NA,"SSL",0,0,200,4
"scenarioA","X_89","indep",0,0,NA,"SSL",0,0,200,4
"scenarioA","X_90","indep",0,0,NA,"SSL",0,0,200,4
"scenarioA","X_91","indep",0,0,NA,"SSL",0,0,200,4
"scenarioA","X_92","indep",0,0,NA,"SSL",0,0,200,4
"scenarioA","X_93","indep",0,0,NA,"SSL",0,0,200,4
"scenarioA","X_94","indep",0,0,NA,"SSL",0,0,200,4
"scenarioA","X_95","indep",0,0,NA,"SSL",0,0,200,4
"scenarioA","X_96","indep",0,0,NA,"SSL",0,0,200,4
"scenarioA","X_97","indep",0,0,NA,"SSL",0,0,200,4
"scenarioA","X_98","indep",0,0,NA,"SSL",0,0,200,4
"scenarioA","X_99","indep",0,0,NA,"SSL",0,0,200,4
"scenarioA","X_100","indep",0,0,NA,"SSL",0,0,200,4
"scenarioA","X_101","indep",0,0,NA,"SSL",0,0,200,4
"scenarioA","X_102","indep",0,0,NA,"SSL",0,0,200,4
"scenarioA","X_103","indep",0,0,NA,"SSL",0,0,200,4
"scenarioA","X_104","indep",0,0,NA,"SSL",0,0,200,4
"scenarioA","X_105","indep",0,0,NA,"SSL",0,0,200,4
"scenarioA","X_106","indep",0,0,NA,"SSL",0,0,200,4
"scenarioA","X_107","indep",0,0,NA,"SSL",0,0,200,4
"scenarioA","X_108","indep",0,0,NA,"SSL",0,0,200,4
"scenarioA","X_109","indep",0,0,NA,"SSL",0,0,200,4
"scenarioA","X_110","indep",0,0,NA,"SSL",0,0,200,4
"scenarioA","X_111","indep",0,0,NA,"SSL",0,0,200,4
"scenarioA","X_112","indep",0,0,NA,"SSL",0,0,200,4
"scenarioA","X_113","indep",0,0,NA,"SSL",0,0,200,4
"scenarioA","X_114","indep",0,0,NA,"SSL",0,0,200,4
"scenarioA","X_115","indep",0,0,NA,"SSL",0,0,200,4
"scenarioA","X_116","indep",0,0,NA,"SSL",0,0,200,4
"scenarioA","X_117","indep",0,0,NA,"SSL",0,0,200,4
"scenarioA","X_118","indep",0,0,NA,"SSL",0,0,200,4
"scenarioA","X_119","indep",0,0,NA,"SSL",0,0,200,4
"scenarioA","X_120","indep",0,0,NA,"SSL",0,0,200,4
"scenarioA","X_121","indep",0,0,NA,"SSL",0,0,200,4
"scenarioA","X_122","indep",0,0,NA,"SSL",0,0,200,4
"scenarioA","X_123","indep",0,0,NA,"SSL",0,0,200,4
"scenarioA","X_124","indep",0,0,NA,"SSL",0,0,200,4
"scenarioA","X_125","indep",0,0,NA,"SSL",0,0,200,4
"scenarioA","X_126","indep",0,0,NA,"SSL",0,0,200,4
"scenarioA","X_127","indep",0,0,NA,"SSL",0,0,200,4
"scenarioA","X_128","indep",0,0,NA,"SSL",0,0,200,4
"scenarioA","X_129","indep",0,0,NA,"SSL",0,0,200,4
"scenarioA","X_130","indep",0,0,NA,"SSL",0,0,200,4
"scenarioA","X_131","indep",0,0,NA,"SSL",0,0,200,4
"scenarioA","X_132","indep",0,0,NA,"SSL",0,0,200,4
"scenarioA","X_133","indep",0,0,NA,"SSL",0,0,200,4
"scenarioA","X_134","indep",0,0,NA,"SSL",0,0,200,4
"scenarioA","X_135","indep",0,0,NA,"SSL",0,0,200,4
"scenarioA","X_136","indep",0,0,NA,"SSL",0,0,200,4
"scenarioA","X_137","indep",0,0,NA,"SSL",0,0,200,4
"scenarioA","X_138","indep",0,0,NA,"SSL",0,0,200,4
"scenarioA","X_139","indep",0,0,NA,"SSL",0,0,200,4
"scenarioA","X_140","indep",0,0,NA,"SSL",0,0,200,4
"scenarioA","X_141","indep",0,0,NA,"SSL",0,0,200,4
"scenarioA","X_142","indep",0,0,NA,"SSL",0,0,200,4
"scenarioA","X_143","indep",0,0,NA,"SSL",0,0,200,4
"scenarioA","X_144","indep",0,0,NA,"SSL",0,0,200,4
"scenarioA","X_145","indep",0,0,NA,"SSL",0,0,200,4
"scenarioA","X_146","indep",0,0,NA,"SSL",0,0,200,4
"scenarioA","X_147","indep",0,0,NA,"SSL",0,0,200,4
"scenarioA","X_148","indep",0,0,NA,"SSL",0,0,200,4
"scenarioA","X_149","indep",0,0,NA,"SSL",0,0,200,4
"scenarioA","X_150","indep",0,0,NA,"SSL",0,0,200,4
"scenarioA","X_151","indep",0,0,NA,"SSL",0,0,200,4
"scenarioA","X_152","indep",0,0,NA,"SSL",0,0,200,4
"scenarioA","X_153","indep",0,0,NA,"SSL",0,0,200,4
"scenarioA","X_154","indep",0,0,NA,"SSL",0,0,200,4
"scenarioA","X_155","weak",0.3,0,NA,"SSL",0,0,200,4
"scenarioA","X_156","weak",0.3,0,NA,"SSL",0,0,200,4
"scenarioA","X_157","weak",0.3,0,NA,"SSL",0,0,200,4
"scenarioA","X_158","weak",0.3,0,NA,"SSL",0,0,200,4
"scenarioA","X_159","weak",0.3,0,NA,"SSL",0,0,200,4
"scenarioA","X_160","weak",0.3,0,NA,"SSL",0,0,200,4
"scenarioA","X_161","weak",0.3,0,NA,"SSL",0,0,200,4
"scenarioA","X_162","weak",0.3,0,NA,"SSL",0,0,200,4
"scenarioA","X_163","weak",0.3,0,NA,"SSL",0,0,200,4
"scenarioA","X_164","weak",0.3,0,NA,"SSL",0,0,200,4
"scenarioA","X_165","weak",0.3,0,NA,"SSL",0,0,200,4
"scenarioA","X_166","weak",0.3,0,NA,"SSL",0,0,200,4
"scenarioA","X_167","weak",0.3,0,NA,"SSL",0,0,200,4
"scenarioA","X_168","weak",0.3,0,NA,"SSL",0,0,200,4
"scenarioA","X_169","weak",0.3,0,NA,"SSL",0,0,200,4
"scenarioA","X_170","weak",0.3,0,NA,"SSL",0,0,200,4
"scenarioA","X_171","weak",0.3,0,NA,"SSL",0,0,200,4
"scenarioA","X_172","weak",0.3,0,NA,"SSL",0.379344739942315,0.379344739942315,200,4
"scenarioA","X_173","weak",0.3,0,NA,"SSL",0,0,200,4
"scenarioA","X_174","weak",0.3,0,NA,"SSL",0,0,200,4
"scenarioA","X_175","weak",0.3,0,NA,"SSL",0,0,200,4
"scenarioA","X_176","weak",0.3,0,NA,"SSL",0,0,200,4
"scenarioA","X_177","weak",0.3,0,NA,"SSL",0,0,200,4
"scenarioA","X_178","weak",0.3,0,NA,"SSL",0.177056875500476,0.177056875500476,200,4
"scenarioA","X_179","weak",0.3,0,NA,"SSL",0,0,200,4
"scenarioA","X_180","weak",0.3,0,NA,"SSL",0,0,200,4
"scenarioA","X_181","weak",0.3,0,NA,"SSL",0,0,200,4
"scenarioA","X_182","weak",0.3,0,NA,"SSL",0,0,200,4
"scenarioA","X_183","weak",0.3,0,NA,"SSL",0,0,200,4
"scenarioA","X_184","weak",0.3,0,NA,"SSL",0,0,200,4
"scenarioA","X_185","weak",0.3,0,NA,"SSL",0,0,200,4
"scenarioA","X_186","weak",0.3,0,NA,"SSL",0,0,200,4
"scenarioA","X_187","weak",0.3,0,NA,"SSL",0,0,200,4
"scenarioA","X_188","weak",0.3,0,NA,"SSL",0,0,200,4
"scenarioA","X_189","weak",0.3,0,NA,"SSL",0,0,200,4
"scenarioA","X_190","weak",0.3,0,NA,"SSL",0,0,200,4
"scenarioA","X_191","weak",0.3,0,NA,"SSL",0,0,200,4
"scenarioA","X_192","weak",0.3,0,NA,"SSL",0,0,200,4
"scenarioA","X_193","weak",0.3,0,NA,"SSL",0,0,200,4
"scenarioA","X_194","weak",0.3,0,NA,"SSL",0,0,200,4
"scenarioA","X_195","weak",0.3,0,NA,"SSL",0,0,200,4
"scenarioA","X_196","weak",0.3,0,NA,"SSL",0,0,200,4
"scenarioA","X_197","weak",0.3,0,NA,"SSL",0,0,200,4
"scenarioA","X_198","weak",0.3,0,NA,"SSL",0,0,200,4
"scenarioA","X_199","weak",0.3,0,NA,"SSL",0,0,200,4
"scenarioA","X_200","weak",0.3,0,NA,"SSL",0,0,200,4
"scenarioA","X_201","weak",0.3,0,NA,"SSL",0,0,200,4
"scenarioA","X_202","weak",0.3,0,NA,"SSL",0,0,200,4
"scenarioA","X_203","weak",0.3,0,NA,"SSL",0,0,200,4
"scenarioA","X_204","weak",0.3,0,NA,"SSL",0,0,200,4
"scenarioA","X_205","weak",0.3,0,NA,"SSL",0,0,200,4
"scenarioA","X_206","weak",0.3,0,NA,"SSL",0,0,200,4
"scenarioA","X_207","weak",0.3,0,NA,"SSL",0,0,200,4
"scenarioA","X_208","weak",0.3,0,NA,"SSL",0,0,200,4
"scenarioA","X_209","weak",0.3,0,NA,"SSL",0,0,200,4
"scenarioA","X_210","weak",0.3,0,NA,"SSL",0,0,200,4
"scenarioA","X_211","weak",0.3,0,NA,"SSL",0,0,200,4
"scenarioA","X_212","weak",0.3,0,NA,"SSL",0,0,200,4
"scenarioA","X_213","weak",0.3,0,NA,"SSL",0,0,200,4
"scenarioA","X_214","weak",0.3,0,NA,"SSL",0,0,200,4
"scenarioA","X_215","weak",0.3,0,NA,"SSL",0,0,200,4
"scenarioA","X_216","weak",0.3,0,NA,"SSL",0,0,200,4
"scenarioA","X_217","weak",0.3,0,NA,"SSL",0,0,200,4
"scenarioA","X_218","weak",0.3,0,NA,"SSL",0,0,200,4
"scenarioA","X_219","weak",0.3,0,NA,"SSL",0,0,200,4
"scenarioA","X_220","weak",0.3,0,NA,"SSL",0,0,200,4
"scenarioA","X_221","weak",0.3,0,NA,"SSL",0,0,200,4
"scenarioA","X_222","weak",0.3,0,NA,"SSL",0,0,200,4
"scenarioA","X_223","weak",0.3,0,NA,"SSL",0,0,200,4
"scenarioA","X_224","weak",0.3,0,NA,"SSL",0,0,200,4
"scenarioA","X_225","weak",0.3,0,NA,"SSL",0,0,200,4
"scenarioA","X_226","weak",0.3,0,NA,"SSL",0,0,200,4
"scenarioA","X_227","weak",0.3,0,NA,"SSL",0,0,200,4
"scenarioA","X_228","strong",0.6,0,NA,"SSL",0,0,200,4
"scenarioA","X_229","strong",0.6,0,NA,"SSL",0,0,200,4
"scenarioA","X_230","strong",0.6,0,NA,"SSL",0,0,200,4
"scenarioA","X_231","strong",0.6,0,NA,"SSL",0,0,200,4
"scenarioA","X_232","strong",0.6,0,NA,"SSL",0,0,200,4
"scenarioA","X_233","strong",0.6,0,NA,"SSL",0,0,200,4
"scenarioA","X_234","strong",0.6,0,NA,"SSL",0,0,200,4
"scenarioA","X_235","strong",0.6,0,NA,"SSL",0,0,200,4
"scenarioA","X_236","strong",0.6,0,NA,"SSL",0,0,200,4
"scenarioA","X_237","strong",0.6,0,NA,"SSL",0,0,200,4
"scenarioA","X_238","strong",0.6,0,NA,"SSL",0,0,200,4
"scenarioA","X_239","strong",0.6,0,NA,"SSL",0,0,200,4
"scenarioA","X_240","strong",0.6,0,NA,"SSL",0,0,200,4
"scenarioA","X_241","strong",0.6,0,NA,"SSL",0,0,200,4
"scenarioA","X_242","strong",0.6,0,NA,"SSL",0,0,200,4
"scenarioA","X_243","strong",0.6,0,NA,"SSL",0,0,200,4
"scenarioA","X_244","strong",0.6,0,NA,"SSL",0,0,200,4
"scenarioA","X_245","strong",0.6,0,NA,"SSL",0,0,200,4
"scenarioA","X_246","strong",0.6,0,NA,"SSL",0,0,200,4
"scenarioA","X_247","strong",0.6,0,NA,"SSL",0,0,200,4
"scenarioA","X_248","strong",0.6,0,NA,"SSL",0,0,200,4
"scenarioA","X_249","strong",0.6,0,NA,"SSL",0,0,200,4
"scenarioA","X_250","strong",0.6,0,NA,"SSL",0,0,200,4
"scenarioA","X_251","strong",0.6,0,NA,"SSL",0,0,200,4
"scenarioA","X_252","strong",0.6,0,NA,"SSL",0,0,200,4
"scenarioA","X_253","strong",0.6,0,NA,"SSL",0,0,200,4
"scenarioA","X_254","strong",0.6,0,NA,"SSL",0,0,200,4
"scenarioA","X_255","strong",0.6,0,NA,"SSL",0,0,200,4
"scenarioA","X_256","strong",0.6,0,NA,"SSL",0,0,200,4
"scenarioA","X_257","strong",0.6,0,NA,"SSL",0,0,200,4
"scenarioA","X_258","strong",0.6,0,NA,"SSL",0,0,200,4
"scenarioA","X_259","strong",0.6,0,NA,"SSL",0,0,200,4
"scenarioA","X_260","strong",0.6,0,NA,"SSL",0,0,200,4
"scenarioA","X_261","strong",0.6,0,NA,"SSL",0,0,200,4
"scenarioA","X_262","strong",0.6,0,NA,"SSL",0,0,200,4
"scenarioA","X_263","strong",0.6,0,NA,"SSL",0,0,200,4
"scenarioA","X_264","strong",0.6,0,NA,"SSL",0,0,200,4
"scenarioA","X_265","strong",0.6,0,NA,"SSL",0,0,200,4
"scenarioA","X_266","strong",0.6,0,NA,"SSL",0,0,200,4
"scenarioA","X_267","strong",0.6,0,NA,"SSL",0,0,200,4
"scenarioA","X_268","strong",0.6,0,NA,"SSL",0,0,200,4
"scenarioA","X_269","strong",0.6,0,NA,"SSL",0,0,200,4
"scenarioA","X_270","strong",0.6,0,NA,"SSL",0,0,200,4
"scenarioA","X_271","strong",0.6,0,NA,"SSL",0,0,200,4
"scenarioA","X_272","strong",0.6,0,NA,"SSL",0,0,200,4
"scenarioA","X_273","strong",0.6,0,NA,"SSL",0,0,200,4
"scenarioA","X_274","strong",0.6,0,NA,"SSL",0,0,200,4
"scenarioA","X_275","strong",0.6,0,NA,"SSL",0,0,200,4
"scenarioA","X_276","strong",0.6,0,NA,"SSL",0,0,200,4
"scenarioA","X_277","strong",0.6,0,NA,"SSL",0,0,200,4
"scenarioA","X_278","strong",0.6,0,NA,"SSL",0,0,200,4
"scenarioA","X_279","strong",0.6,0,NA,"SSL",0,0,200,4
"scenarioA","X_280","strong",0.6,0,NA,"SSL",0,0,200,4
"scenarioA","X_281","strong",0.6,0,NA,"SSL",0,0,200,4
"scenarioA","X_282","strong",0.6,0,NA,"SSL",0,0,200,4
"scenarioA","X_283","strong",0.6,0,NA,"SSL",0,0,200,4
"scenarioA","X_284","strong",0.6,0,NA,"SSL",0,0,200,4
"scenarioA","X_285","strong",0.6,0,NA,"SSL",0,0,200,4
"scenarioA","X_286","strong",0.6,0,NA,"SSL",0,0,200,4
"scenarioA","X_287","strong",0.6,0,NA,"SSL",0,0,200,4
"scenarioA","X_288","strong",0.6,0,NA,"SSL",0,0,200,4
"scenarioA","X_289","strong",0.6,0,NA,"SSL",0,0,200,4
"scenarioA","X_290","strong",0.6,0,NA,"SSL",0,0,200,4
"scenarioA","X_291","strong",0.6,0,NA,"SSL",0,0,200,4
"scenarioA","X_292","strong",0.6,0,NA,"SSL",0,0,200,4
"scenarioA","X_293","strong",0.6,0,NA,"SSL",0,0,200,4
"scenarioA","X_294","strong",0.6,0,NA,"SSL",0,0,200,4
"scenarioA","X_295","strong",0.6,0,NA,"SSL",0,0,200,4
"scenarioA","X_296","strong",0.6,0,NA,"SSL",0,0,200,4
"scenarioA","X_297","strong",0.6,0,NA,"SSL",0,0,200,4
"scenarioA","X_298","strong",0.6,0,NA,"SSL",0,0,200,4
"scenarioA","X_299","strong",0.6,0,NA,"SSL",0,0,200,4
"scenarioA","X_300","strong",0.6,0,NA,"SSL",0,0,200,4
"scenarioA","X_1","strong",0.6,0.4,0.218476399898114,"LASSO",0,-0.4,200,4
"scenarioA","X_2","strong",0.6,-0.5,-0.256352380107098,"LASSO",0,0.5,200,4
"scenarioA","X_3","weak",0.3,0.6,0.59781806623317,"LASSO",0.247242057863911,-0.352757942136089,200,4
"scenarioA","X_4","weak",0.3,0.75,0.712491308999104,"LASSO",0.255188533270485,-0.494811466729515,200,4
"scenarioA","X_5","indep",0,-0.8,-0.784217424531766,"LASSO",-0.321425978330254,0.478574021669746,200,4
"scenarioA","X_6","indep",0,0,NA,"LASSO",0,0,200,4
"scenarioA","X_7","indep",0,0,NA,"LASSO",0,0,200,4
"scenarioA","X_8","indep",0,0,NA,"LASSO",0,0,200,4
"scenarioA","X_9","indep",0,0,NA,"LASSO",0,0,200,4
"scenarioA","X_10","indep",0,0,NA,"LASSO",0,0,200,4
"scenarioA","X_11","indep",0,0,NA,"LASSO",0,0,200,4
"scenarioA","X_12","indep",0,0,NA,"LASSO",0,0,200,4
"scenarioA","X_13","indep",0,0,NA,"LASSO",0,0,200,4
"scenarioA","X_14","indep",0,0,NA,"LASSO",0,0,200,4
"scenarioA","X_15","indep",0,0,NA,"LASSO",0,0,200,4
"scenarioA","X_16","indep",0,0,NA,"LASSO",0,0,200,4
"scenarioA","X_17","indep",0,0,NA,"LASSO",0,0,200,4
"scenarioA","X_18","indep",0,0,NA,"LASSO",0,0,200,4
"scenarioA","X_19","indep",0,0,NA,"LASSO",0,0,200,4
"scenarioA","X_20","indep",0,0,NA,"LASSO",0,0,200,4
"scenarioA","X_21","indep",0,0,NA,"LASSO",0,0,200,4
"scenarioA","X_22","indep",0,0,NA,"LASSO",0,0,200,4
"scenarioA","X_23","indep",0,0,NA,"LASSO",0,0,200,4
"scenarioA","X_24","indep",0,0,NA,"LASSO",0,0,200,4
"scenarioA","X_25","indep",0,0,NA,"LASSO",0,0,200,4
"scenarioA","X_26","indep",0,0,NA,"LASSO",0,0,200,4
"scenarioA","X_27","indep",0,0,NA,"LASSO",0,0,200,4
"scenarioA","X_28","indep",0,0,NA,"LASSO",0,0,200,4
"scenarioA","X_29","indep",0,0,NA,"LASSO",0,0,200,4
"scenarioA","X_30","indep",0,0,NA,"LASSO",0,0,200,4
"scenarioA","X_31","indep",0,0,NA,"LASSO",0,0,200,4
"scenarioA","X_32","indep",0,0,NA,"LASSO",0,0,200,4
"scenarioA","X_33","indep",0,0,NA,"LASSO",0,0,200,4
"scenarioA","X_34","indep",0,0,NA,"LASSO",0,0,200,4
"scenarioA","X_35","indep",0,0,NA,"LASSO",0,0,200,4
"scenarioA","X_36","indep",0,0,NA,"LASSO",0,0,200,4
"scenarioA","X_37","indep",0,0,NA,"LASSO",0,0,200,4
"scenarioA","X_38","indep",0,0,NA,"LASSO",0,0,200,4
"scenarioA","X_39","indep",0,0,NA,"LASSO",0,0,200,4
"scenarioA","X_40","indep",0,0,NA,"LASSO",0,0,200,4
"scenarioA","X_41","indep",0,0,NA,"LASSO",0,0,200,4
"scenarioA","X_42","indep",0,0,NA,"LASSO",0,0,200,4
"scenarioA","X_43","indep",0,0,NA,"LASSO",0,0,200,4
"scenarioA","X_44","indep",0,0,NA,"LASSO",0,0,200,4
"scenarioA","X_45","indep",0,0,NA,"LASSO",0,0,200,4
"scenarioA","X_46","indep",0,0,NA,"LASSO",0,0,200,4
"scenarioA","X_47","indep",0,0,NA,"LASSO",0,0,200,4
"scenarioA","X_48","indep",0,0,NA,"LASSO",0,0,200,4
"scenarioA","X_49","indep",0,0,NA,"LASSO",0,0,200,4
"scenarioA","X_50","indep",0,0,NA,"LASSO",0,0,200,4
"scenarioA","X_51","indep",0,0,NA,"LASSO",0,0,200,4
"scenarioA","X_52","indep",0,0,NA,"LASSO",0,0,200,4
"scenarioA","X_53","indep",0,0,NA,"LASSO",0,0,200,4
"scenarioA","X_54","indep",0,0,NA,"LASSO",0,0,200,4
"scenarioA","X_55","indep",0,0,NA,"LASSO",0,0,200,4
"scenarioA","X_56","indep",0,0,NA,"LASSO",0,0,200,4
"scenarioA","X_57","indep",0,0,NA,"LASSO",0,0,200,4
"scenarioA","X_58","indep",0,0,NA,"LASSO",0,0,200,4
"scenarioA","X_59","indep",0,0,NA,"LASSO",0,0,200,4
"scenarioA","X_60","indep",0,0,NA,"LASSO",0,0,200,4
"scenarioA","X_61","indep",0,0,NA,"LASSO",0,0,200,4
"scenarioA","X_62","indep",0,0,NA,"LASSO",0,0,200,4
"scenarioA","X_63","indep",0,0,NA,"LASSO",0,0,200,4
"scenarioA","X_64","indep",0,0,NA,"LASSO",0,0,200,4
"scenarioA","X_65","indep",0,0,NA,"LASSO",0,0,200,4
"scenarioA","X_66","indep",0,0,NA,"LASSO",0,0,200,4
"scenarioA","X_67","indep",0,0,NA,"LASSO",0,0,200,4
"scenarioA","X_68","indep",0,0,NA,"LASSO",0,0,200,4
"scenarioA","X_69","indep",0,0,NA,"LASSO",0,0,200,4
"scenarioA","X_70","indep",0,0,NA,"LASSO",0,0,200,4
"scenarioA","X_71","indep",0,0,NA,"LASSO",0,0,200,4
"scenarioA","X_72","indep",0,0,NA,"LASSO",0,0,200,4
"scenarioA","X_73","indep",0,0,NA,"LASSO",0,0,200,4
"scenarioA","X_74","indep",0,0,NA,"LASSO",0,0,200,4
"scenarioA","X_75","indep",0,0,NA,"LASSO",0,0,200,4
"scenarioA","X_76","indep",0,0,NA,"LASSO",0,0,200,4
"scenarioA","X_77","indep",0,0,NA,"LASSO",0,0,200,4
"scenarioA","X_78","indep",0,0,NA,"LASSO",0,0,200,4
"scenarioA","X_79","indep",0,0,NA,"LASSO",0,0,200,4
"scenarioA","X_80","indep",0,0,NA,"LASSO",0,0,200,4
"scenarioA","X_81","indep",0,0,NA,"LASSO",0,0,200,4
"scenarioA","X_82","indep",0,0,NA,"LASSO",0,0,200,4
"scenarioA","X_83","indep",0,0,NA,"LASSO",0,0,200,4
"scenarioA","X_84","indep",0,0,NA,"LASSO",0,0,200,4
"scenarioA","X_85","indep",0,0,NA,"LASSO",0,0,200,4
"scenarioA","X_86","indep",0,0,NA,"LASSO",0,0,200,4
"scenarioA","X_87","indep",0,0,NA,"LASSO",0,0,200,4
"scenarioA","X_88","indep",0,0,NA,"LASSO",0,0,200,4
"scenarioA","X_89","indep",0,0,NA,"LASSO",0,0,200,4
"scenarioA","X_90","indep",0,0,NA,"LASSO",0,0,200,4
"scenarioA","X_91","indep",0,0,NA,"LASSO",0,0,200,4
"scenarioA","X_92","indep",0,0,NA,"LASSO",0,0,200,4
"scenarioA","X_93","indep",0,0,NA,"LASSO",0,0,200,4
"scenarioA","X_94","indep",0,0,NA,"LASSO",0,0,200,4
"scenarioA","X_95","indep",0,0,NA,"LASSO",0,0,200,4
"scenarioA","X_96","indep",0,0,NA,"LASSO",0,0,200,4
"scenarioA","X_97","indep",0,0,NA,"LASSO",0,0,200,4
"scenarioA","X_98","indep",0,0,NA,"LASSO",0,0,200,4
"scenarioA","X_99","indep",0,0,NA,"LASSO",0,0,200,4
"scenarioA","X_100","indep",0,0,NA,"LASSO",0,0,200,4
"scenarioA","X_101","indep",0,0,NA,"LASSO",0,0,200,4
"scenarioA","X_102","indep",0,0,NA,"LASSO",0,0,200,4
"scenarioA","X_103","indep",0,0,NA,"LASSO",0,0,200,4
"scenarioA","X_104","indep",0,0,NA,"LASSO",0,0,200,4
"scenarioA","X_105","indep",0,0,NA,"LASSO",0,0,200,4
"scenarioA","X_106","indep",0,0,NA,"LASSO",0,0,200,4
"scenarioA","X_107","indep",0,0,NA,"LASSO",0,0,200,4
"scenarioA","X_108","indep",0,0,NA,"LASSO",0,0,200,4
"scenarioA","X_109","indep",0,0,NA,"LASSO",0,0,200,4
"scenarioA","X_110","indep",0,0,NA,"LASSO",0,0,200,4
"scenarioA","X_111","indep",0,0,NA,"LASSO",0,0,200,4
"scenarioA","X_112","indep",0,0,NA,"LASSO",0,0,200,4
"scenarioA","X_113","indep",0,0,NA,"LASSO",0,0,200,4
"scenarioA","X_114","indep",0,0,NA,"LASSO",0,0,200,4
"scenarioA","X_115","indep",0,0,NA,"LASSO",0,0,200,4
"scenarioA","X_116","indep",0,0,NA,"LASSO",0,0,200,4
"scenarioA","X_117","indep",0,0,NA,"LASSO",0,0,200,4
"scenarioA","X_118","indep",0,0,NA,"LASSO",0,0,200,4
"scenarioA","X_119","indep",0,0,NA,"LASSO",0,0,200,4
"scenarioA","X_120","indep",0,0,NA,"LASSO",0,0,200,4
"scenarioA","X_121","indep",0,0,NA,"LASSO",0,0,200,4
"scenarioA","X_122","indep",0,0,NA,"LASSO",0,0,200,4
"scenarioA","X_123","indep",0,0,NA,"LASSO",0,0,200,4
"scenarioA","X_124","indep",0,0,NA,"LASSO",0,0,200,4
"scenarioA","X_125","indep",0,0,NA,"LASSO",0,0,200,4
"scenarioA","X_126","indep",0,0,NA,"LASSO",0,0,200,4
"scenarioA","X_127","indep",0,0,NA,"LASSO",0,0,200,4
"scenarioA","X_128","indep",0,0,NA,"LASSO",0,0,200,4
"scenarioA","X_129","indep",0,0,NA,"LASSO",0,0,200,4
"scenarioA","X_130","indep",0,0,NA,"LASSO",0,0,200,4
"scenarioA","X_131","indep",0,0,NA,"LASSO",0,0,200,4
"scenarioA","X_132","indep",0,0,NA,"LASSO",0,0,200,4
"scenarioA","X_133","indep",0,0,NA,"LASSO",0,0,200,4
"scenarioA","X_134","indep",0,0,NA,"LASSO",0,0,200,4
"scenarioA","X_135","indep",0,0,NA,"LASSO",0,0,200,4
"scenarioA","X_136","indep",0,0,NA,"LASSO",0,0,200,4
"scenarioA","X_137","indep",0,0,NA,"LASSO",0,0,200,4
"scenarioA","X_138","indep",0,0,NA,"LASSO",0,0,200,4
"scenarioA","X_139","indep",0,0,NA,"LASSO",0,0,200,4
"scenarioA","X_140","indep",0,0,NA,"LASSO",0,0,200,4
"scenarioA","X_141","indep",0,0,NA,"LASSO",0,0,200,4
"scenarioA","X_142","indep",0,0,NA,"LASSO",0,0,200,4
"scenarioA","X_143","indep",0,0,NA,"LASSO",0,0,200,4
"scenarioA","X_144","indep",0,0,NA,"LASSO",0,0,200,4
"scenarioA","X_145","indep",0,0,NA,"LASSO",0,0,200,4
"scenarioA","X_146","indep",0,0,NA,"LASSO",0,0,200,4
"scenarioA","X_147","indep",0,0,NA,"LASSO",0,0,200,4
"scenarioA","X_148","indep",0,0,NA,"LASSO",0,0,200,4
"scenarioA","X_149","indep",0,0,NA,"LASSO",0,0,200,4
"scenarioA","X_150","indep",0,0,NA,"LASSO",0,0,200,4
"scenarioA","X_151","indep",0,0,NA,"LASSO",0,0,200,4
"scenarioA","X_152","indep",0,0,NA,"LASSO",0,0,200,4
"scenarioA","X_153","indep",0,0,NA,"LASSO",0,0,200,4
"scenarioA","X_154","indep",0,0,NA,"LASSO",0,0,200,4
"scenarioA","X_155","weak",0.3,0,NA,"LASSO",0,0,200,4
"scenarioA","X_156","weak",0.3,0,NA,"LASSO",0,0,200,4
"scenarioA","X_157","weak",0.3,0,NA,"LASSO",0,0,200,4
"scenarioA","X_158","weak",0.3,0,NA,"LASSO",0,0,200,4
"scenarioA","X_159","weak",0.3,0,NA,"LASSO",0,0,200,4
"scenarioA","X_160","weak",0.3,0,NA,"LASSO",0,0,200,4
"scenarioA","X_161","weak",0.3,0,NA,"LASSO",0,0,200,4
"scenarioA","X_162","weak",0.3,0,NA,"LASSO",0,0,200,4
"scenarioA","X_163","weak",0.3,0,NA,"LASSO",0,0,200,4
"scenarioA","X_164","weak",0.3,0,NA,"LASSO",0,0,200,4
"scenarioA","X_165","weak",0.3,0,NA,"LASSO",0,0,200,4
"scenarioA","X_166","weak",0.3,0,NA,"LASSO",0,0,200,4
"scenarioA","X_167","weak",0.3,0,NA,"LASSO",0,0,200,4
"scenarioA","X_168","weak",0.3,0,NA,"LASSO",0,0,200,4
"scenarioA","X_169","weak",0.3,0,NA,"LASSO",0,0,200,4
"scenarioA","X_170","weak",0.3,0,NA,"LASSO",0,0,200,4
"scenarioA","X_171","weak",0.3,0,NA,"LASSO",0,0,200,4
"scenarioA","X_172","weak",0.3,0,NA,"LASSO",0.126092759241702,0.126092759241702,200,4
"scenarioA","X_173","weak",0.3,0,NA,"LASSO",0,0,200,4
"scenarioA","X_174","weak",0.3,0,NA,"LASSO",0,0,200,4
"scenarioA","X_175","weak",0.3,0,NA,"LASSO",0,0,200,4
"scenarioA","X_176","weak",0.3,0,NA,"LASSO",0,0,200,4
"scenarioA","X_177","weak",0.3,0,NA,"LASSO",0,0,200,4
"scenarioA","X_178","weak",0.3,0,NA,"LASSO",0.0220807302469722,0.0220807302469722,200,4
"scenarioA","X_179","weak",0.3,0,NA,"LASSO",0,0,200,4
"scenarioA","X_180","weak",0.3,0,NA,"LASSO",0,0,200,4
"scenarioA","X_181","weak",0.3,0,NA,"LASSO",0,0,200,4
"scenarioA","X_182","weak",0.3,0,NA,"LASSO",0,0,200,4
"scenarioA","X_183","weak",0.3,0,NA,"LASSO",0,0,200,4
"scenarioA","X_184","weak",0.3,0,NA,"LASSO",0,0,200,4
"scenarioA","X_185","weak",0.3,0,NA,"LASSO",0,0,200,4
"scenarioA","X_186","weak",0.3,0,NA,"LASSO",0,0,200,4
"scenarioA","X_187","weak",0.3,0,NA,"LASSO",0,0,200,4
"scenarioA","X_188","weak",0.3,0,NA,"LASSO",0,0,200,4
"scenarioA","X_189","weak",0.3,0,NA,"LASSO",0,0,200,4
"scenarioA","X_190","weak",0.3,0,NA,"LASSO",0,0,200,4
"scenarioA","X_191","weak",0.3,0,NA,"LASSO",0,0,200,4
"scenarioA","X_192","weak",0.3,0,NA,"LASSO",0,0,200,4
"scenarioA","X_193","weak",0.3,0,NA,"LASSO",0,0,200,4
"scenarioA","X_194","weak",0.3,0,NA,"LASSO",0,0,200,4
"scenarioA","X_195","weak",0.3,0,NA,"LASSO",0,0,200,4
"scenarioA","X_196","weak",0.3,0,NA,"LASSO",0,0,200,4
"scenarioA","X_197","weak",0.3,0,NA,"LASSO",0,0,200,4
"scenarioA","X_198","weak",0.3,0,NA,"LASSO",0,0,200,4
"scenarioA","X_199","weak",0.3,0,NA,"LASSO",0,0,200,4
"scenarioA","X_200","weak",0.3,0,NA,"LASSO",0,0,200,4
"scenarioA","X_201","weak",0.3,0,NA,"LASSO",0,0,200,4
"scenarioA","X_202","weak",0.3,0,NA,"LASSO",0,0,200,4
"scenarioA","X_203","weak",0.3,0,NA,"LASSO",0,0,200,4
"scenarioA","X_204","weak",0.3,0,NA,"LASSO",0,0,200,4
"scenarioA","X_205","weak",0.3,0,NA,"LASSO",0,0,200,4
"scenarioA","X_206","weak",0.3,0,NA,"LASSO",0,0,200,4
"scenarioA","X_207","weak",0.3,0,NA,"LASSO",0,0,200,4
"scenarioA","X_208","weak",0.3,0,NA,"LASSO",0,0,200,4
"scenarioA","X_209","weak",0.3,0,NA,"LASSO",0,0,200,4
"scenarioA","X_210","weak",0.3,0,NA,"LASSO",0,0,200,4
"scenarioA","X_211","weak",0.3,0,NA,"LASSO",0,0,200,4
"scenarioA","X_212","weak",0.3,0,NA,"LASSO",0,0,200,4
"scenarioA","X_213","weak",0.3,0,NA,"LASSO",0,0,200,4
"scenarioA","X_214","weak",0.3,0,NA,"LASSO",0,0,200,4
"scenarioA","X_215","weak",0.3,0,NA,"LASSO",0,0,200,4
"scenarioA","X_216","weak",0.3,0,NA,"LASSO",0,0,200,4
"scenarioA","X_217","weak",0.3,0,NA,"LASSO",0,0,200,4
"scenarioA","X_218","weak",0.3,0,NA,"LASSO",0,0,200,4
"scenarioA","X_219","weak",0.3,0,NA,"LASSO",0,0,200,4
"scenarioA","X_220","weak",0.3,0,NA,"LASSO",0,0,200,4
"scenarioA","X_221","weak",0.3,0,NA,"LASSO",0,0,200,4
"scenarioA","X_222","weak",0.3,0,NA,"LASSO",0,0,200,4
"scenarioA","X_223","weak",0.3,0,NA,"LASSO",0,0,200,4
"scenarioA","X_224","weak",0.3,0,NA,"LASSO",0,0,200,4
"scenarioA","X_225","weak",0.3,0,NA,"LASSO",0,0,200,4
"scenarioA","X_226","weak",0.3,0,NA,"LASSO",0,0,200,4
"scenarioA","X_227","weak",0.3,0,NA,"LASSO",0,0,200,4
"scenarioA","X_228","strong",0.6,0,NA,"LASSO",0,0,200,4
"scenarioA","X_229","strong",0.6,0,NA,"LASSO",0,0,200,4
"scenarioA","X_230","strong",0.6,0,NA,"LASSO",0,0,200,4
"scenarioA","X_231","strong",0.6,0,NA,"LASSO",0,0,200,4
"scenarioA","X_232","strong",0.6,0,NA,"LASSO",0,0,200,4
"scenarioA","X_233","strong",0.6,0,NA,"LASSO",0,0,200,4
"scenarioA","X_234","strong",0.6,0,NA,"LASSO",0,0,200,4
"scenarioA","X_235","strong",0.6,0,NA,"LASSO",0,0,200,4
"scenarioA","X_236","strong",0.6,0,NA,"LASSO",0,0,200,4
"scenarioA","X_237","strong",0.6,0,NA,"LASSO",0,0,200,4
"scenarioA","X_238","strong",0.6,0,NA,"LASSO",0,0,200,4
"scenarioA","X_239","strong",0.6,0,NA,"LASSO",0,0,200,4
"scenarioA","X_240","strong",0.6,0,NA,"LASSO",0,0,200,4
"scenarioA","X_241","strong",0.6,0,NA,"LASSO",0,0,200,4
"scenarioA","X_242","strong",0.6,0,NA,"LASSO",0,0,200,4
"scenarioA","X_243","strong",0.6,0,NA,"LASSO",0,0,200,4
"scenarioA","X_244","strong",0.6,0,NA,"LASSO",0,0,200,4
"scenarioA","X_245","strong",0.6,0,NA,"LASSO",0,0,200,4
"scenarioA","X_246","strong",0.6,0,NA,"LASSO",0,0,200,4
"scenarioA","X_247","strong",0.6,0,NA,"LASSO",0,0,200,4
"scenarioA","X_248","strong",0.6,0,NA,"LASSO",0,0,200,4
"scenarioA","X_249","strong",0.6,0,NA,"LASSO",0,0,200,4
"scenarioA","X_250","strong",0.6,0,NA,"LASSO",0,0,200,4
"scenarioA","X_251","strong",0.6,0,NA,"LASSO",0,0,200,4
"scenarioA","X_252","strong",0.6,0,NA,"LASSO",0,0,200,4
"scenarioA","X_253","strong",0.6,0,NA,"LASSO",0,0,200,4
"scenarioA","X_254","strong",0.6,0,NA,"LASSO",0,0,200,4
"scenarioA","X_255","strong",0.6,0,NA,"LASSO",0,0,200,4
"scenarioA","X_256","strong",0.6,0,NA,"LASSO",0,0,200,4
"scenarioA","X_257","strong",0.6,0,NA,"LASSO",0,0,200,4
"scenarioA","X_258","strong",0.6,0,NA,"LASSO",0,0,200,4
"scenarioA","X_259","strong",0.6,0,NA,"LASSO",0,0,200,4
"scenarioA","X_260","strong",0.6,0,NA,"LASSO",0,0,200,4
"scenarioA","X_261","strong",0.6,0,NA,"LASSO",0,0,200,4
"scenarioA","X_262","strong",0.6,0,NA,"LASSO",0,0,200,4
"scenarioA","X_263","strong",0.6,0,NA,"LASSO",0,0,200,4
"scenarioA","X_264","strong",0.6,0,NA,"LASSO",0,0,200,4
"scenarioA","X_265","strong",0.6,0,NA,"LASSO",0,0,200,4
"scenarioA","X_266","strong",0.6,0,NA,"LASSO",0,0,200,4
"scenarioA","X_267","strong",0.6,0,NA,"LASSO",0,0,200,4
"scenarioA","X_268","strong",0.6,0,NA,"LASSO",0,0,200,4
"scenarioA","X_269","strong",0.6,0,NA,"LASSO",0,0,200,4
"scenarioA","X_270","strong",0.6,0,NA,"LASSO",0,0,200,4
"scenarioA","X_271","strong",0.6,0,NA,"LASSO",0,0,200,4
"scenarioA","X_272","strong",0.6,0,NA,"LASSO",0,0,200,4
"scenarioA","X_273","strong",0.6,0,NA,"LASSO",0,0,200,4
"scenarioA","X_274","strong",0.6,0,NA,"LASSO",0,0,200,4
"scenarioA","X_275","strong",0.6,0,NA,"LASSO",0,0,200,4
"scenarioA","X_276","strong",0.6,0,NA,"LASSO",0,0,200,4
"scenarioA","X_277","strong",0.6,0,NA,"LASSO",0,0,200,4
"scenarioA","X_278","strong",0.6,0,NA,"LASSO",0,0,200,4
"scenarioA","X_279","strong",0.6,0,NA,"LASSO",0,0,200,4
"scenarioA","X_280","strong",0.6,0,NA,"LASSO",0,0,200,4
"scenarioA","X_281","strong",0.6,0,NA,"LASSO",0,0,200,4
"scenarioA","X_282","strong",0.6,0,NA,"LASSO",0,0,200,4
"scenarioA","X_283","strong",0.6,0,NA,"LASSO",0,0,200,4
"scenarioA","X_284","strong",0.6,0,NA,"LASSO",0,0,200,4
"scenarioA","X_285","strong",0.6,0,NA,"LASSO",0,0,200,4
"scenarioA","X_286","strong",0.6,0,NA,"LASSO",0,0,200,4
"scenarioA","X_287","strong",0.6,0,NA,"LASSO",0,0,200,4
"scenarioA","X_288","strong",0.6,0,NA,"LASSO",0,0,200,4
"scenarioA","X_289","strong",0.6,0,NA,"LASSO",0,0,200,4
"scenarioA","X_290","strong",0.6,0,NA,"LASSO",0,0,200,4
"scenarioA","X_291","strong",0.6,0,NA,"LASSO",0,0,200,4
"scenarioA","X_292","strong",0.6,0,NA,"LASSO",0,0,200,4
"scenarioA","X_293","strong",0.6,0,NA,"LASSO",0,0,200,4
"scenarioA","X_294","strong",0.6,0,NA,"LASSO",0,0,200,4
"scenarioA","X_295","strong",0.6,0,NA,"LASSO",0,0,200,4
"scenarioA","X_296","strong",0.6,0,NA,"LASSO",0,0,200,4
"scenarioA","X_297","strong",0.6,0,NA,"LASSO",0,0,200,4
"scenarioA","X_298","strong",0.6,0,NA,"LASSO",0,0,200,4
"scenarioA","X_299","strong",0.6,0,NA,"LASSO",0,0,200,4
"scenarioA","X_300","strong",0.6,0,NA,"LASSO",0,0,200,4
"scenarioA","X_1","strong",0.6,0.4,0.66827089645403,"SSL",0.288878767456162,-0.111121232543838,200,5
"scenarioA","X_2","strong",0.6,-0.5,-0.648448020166325,"SSL",-0.706504744770709,-0.206504744770709,200,5
"scenarioA","X_3","weak",0.3,0.6,0.708548944922568,"SSL",0.976900021614028,0.376900021614028,200,5
"scenarioA","X_4","weak",0.3,0.75,0.746706345809461,"SSL",0.563545295774285,-0.186454704225715,200,5
"scenarioA","X_5","indep",0,-0.8,-0.908126251041622,"SSL",-1.3677631325428,-0.567763132542803,200,5
"scenarioA","X_6","indep",0,0,NA,"SSL",0,0,200,5
"scenarioA","X_7","indep",0,0,NA,"SSL",0,0,200,5
"scenarioA","X_8","indep",0,0,NA,"SSL",0,0,200,5
"scenarioA","X_9","indep",0,0,NA,"SSL",0,0,200,5
"scenarioA","X_10","indep",0,0,NA,"SSL",0,0,200,5
"scenarioA","X_11","indep",0,0,NA,"SSL",0,0,200,5
"scenarioA","X_12","indep",0,0,NA,"SSL",0,0,200,5
"scenarioA","X_13","indep",0,0,NA,"SSL",0,0,200,5
"scenarioA","X_14","indep",0,0,NA,"SSL",0,0,200,5
"scenarioA","X_15","indep",0,0,NA,"SSL",0,0,200,5
"scenarioA","X_16","indep",0,0,NA,"SSL",0,0,200,5
"scenarioA","X_17","indep",0,0,NA,"SSL",0,0,200,5
"scenarioA","X_18","indep",0,0,NA,"SSL",0,0,200,5
"scenarioA","X_19","indep",0,0,NA,"SSL",0,0,200,5
"scenarioA","X_20","indep",0,0,NA,"SSL",0,0,200,5
"scenarioA","X_21","indep",0,0,NA,"SSL",0,0,200,5
"scenarioA","X_22","indep",0,0,NA,"SSL",0,0,200,5
"scenarioA","X_23","indep",0,0,NA,"SSL",0,0,200,5
"scenarioA","X_24","indep",0,0,NA,"SSL",0,0,200,5
"scenarioA","X_25","indep",0,0,NA,"SSL",0,0,200,5
"scenarioA","X_26","indep",0,0,NA,"SSL",0.163940080686835,0.163940080686835,200,5
"scenarioA","X_27","indep",0,0,NA,"SSL",0,0,200,5
"scenarioA","X_28","indep",0,0,NA,"SSL",0,0,200,5
"scenarioA","X_29","indep",0,0,NA,"SSL",0,0,200,5
"scenarioA","X_30","indep",0,0,NA,"SSL",0,0,200,5
"scenarioA","X_31","indep",0,0,NA,"SSL",0.185517928801023,0.185517928801023,200,5
"scenarioA","X_32","indep",0,0,NA,"SSL",0,0,200,5
"scenarioA","X_33","indep",0,0,NA,"SSL",0,0,200,5
"scenarioA","X_34","indep",0,0,NA,"SSL",0,0,200,5
"scenarioA","X_35","indep",0,0,NA,"SSL",0,0,200,5
"scenarioA","X_36","indep",0,0,NA,"SSL",0,0,200,5
"scenarioA","X_37","indep",0,0,NA,"SSL",0,0,200,5
"scenarioA","X_38","indep",0,0,NA,"SSL",0,0,200,5
"scenarioA","X_39","indep",0,0,NA,"SSL",0.265548290391542,0.265548290391542,200,5
"scenarioA","X_40","indep",0,0,NA,"SSL",-0.133901343414336,-0.133901343414336,200,5
"scenarioA","X_41","indep",0,0,NA,"SSL",0,0,200,5
"scenarioA","X_42","indep",0,0,NA,"SSL",0,0,200,5
"scenarioA","X_43","indep",0,0,NA,"SSL",0,0,200,5
"scenarioA","X_44","indep",0,0,NA,"SSL",0,0,200,5
"scenarioA","X_45","indep",0,0,NA,"SSL",0,0,200,5
"scenarioA","X_46","indep",0,0,NA,"SSL",0,0,200,5
"scenarioA","X_47","indep",0,0,NA,"SSL",0,0,200,5
"scenarioA","X_48","indep",0,0,NA,"SSL",0.151634256964709,0.151634256964709,200,5
"scenarioA","X_49","indep",0,0,NA,"SSL",0,0,200,5
"scenarioA","X_50","indep",0,0,NA,"SSL",0,0,200,5
"scenarioA","X_51","indep",0,0,NA,"SSL",0,0,200,5
"scenarioA","X_52","indep",0,0,NA,"SSL",0,0,200,5
"scenarioA","X_53","indep",0,0,NA,"SSL",0,0,200,5
"scenarioA","X_54","indep",0,0,NA,"SSL",0,0,200,5
"scenarioA","X_55","indep",0,0,NA,"SSL",0,0,200,5
"scenarioA","X_56","indep",0,0,NA,"SSL",-0.176542738818339,-0.176542738818339,200,5
"scenarioA","X_57","indep",0,0,NA,"SSL",0,0,200,5
"scenarioA","X_58","indep",0,0,NA,"SSL",0,0,200,5
"scenarioA","X_59","indep",0,0,NA,"SSL",0,0,200,5
"scenarioA","X_60","indep",0,0,NA,"SSL",0,0,200,5
"scenarioA","X_61","indep",0,0,NA,"SSL",0,0,200,5
"scenarioA","X_62","indep",0,0,NA,"SSL",0,0,200,5
"scenarioA","X_63","indep",0,0,NA,"SSL",0.190554173642595,0.190554173642595,200,5
"scenarioA","X_64","indep",0,0,NA,"SSL",0,0,200,5
"scenarioA","X_65","indep",0,0,NA,"SSL",0,0,200,5
"scenarioA","X_66","indep",0,0,NA,"SSL",0,0,200,5
"scenarioA","X_67","indep",0,0,NA,"SSL",0,0,200,5
"scenarioA","X_68","indep",0,0,NA,"SSL",-0.219965451051368,-0.219965451051368,200,5
"scenarioA","X_69","indep",0,0,NA,"SSL",0,0,200,5
"scenarioA","X_70","indep",0,0,NA,"SSL",0,0,200,5
"scenarioA","X_71","indep",0,0,NA,"SSL",0,0,200,5
"scenarioA","X_72","indep",0,0,NA,"SSL",0,0,200,5
"scenarioA","X_73","indep",0,0,NA,"SSL",0.374850796867821,0.374850796867821,200,5
"scenarioA","X_74","indep",0,0,NA,"SSL",0,0,200,5
"scenarioA","X_75","indep",0,0,NA,"SSL",0,0,200,5
"scenarioA","X_76","indep",0,0,NA,"SSL",0,0,200,5
"scenarioA","X_77","indep",0,0,NA,"SSL",0,0,200,5
"scenarioA","X_78","indep",0,0,NA,"SSL",0,0,200,5
"scenarioA","X_79","indep",0,0,NA,"SSL",0.168471333990782,0.168471333990782,200,5
"scenarioA","X_80","indep",0,0,NA,"SSL",0,0,200,5
"scenarioA","X_81","indep",0,0,NA,"SSL",0.143482063958112,0.143482063958112,200,5
"scenarioA","X_82","indep",0,0,NA,"SSL",0,0,200,5
"scenarioA","X_83","indep",0,0,NA,"SSL",0,0,200,5
"scenarioA","X_84","indep",0,0,NA,"SSL",0,0,200,5
"scenarioA","X_85","indep",0,0,NA,"SSL",0,0,200,5
"scenarioA","X_86","indep",0,0,NA,"SSL",0,0,200,5
"scenarioA","X_87","indep",0,0,NA,"SSL",0,0,200,5
"scenarioA","X_88","indep",0,0,NA,"SSL",0,0,200,5
"scenarioA","X_89","indep",0,0,NA,"SSL",0,0,200,5
"scenarioA","X_90","indep",0,0,NA,"SSL",0,0,200,5
"scenarioA","X_91","indep",0,0,NA,"SSL",0,0,200,5
"scenarioA","X_92","indep",0,0,NA,"SSL",0.346601599868872,0.346601599868872,200,5
"scenarioA","X_93","indep",0,0,NA,"SSL",0.169930655122579,0.169930655122579,200,5
"scenarioA","X_94","indep",0,0,NA,"SSL",0,0,200,5
"scenarioA","X_95","indep",0,0,NA,"SSL",0,0,200,5
"scenarioA","X_96","indep",0,0,NA,"SSL",0,0,200,5
"scenarioA","X_97","indep",0,0,NA,"SSL",0,0,200,5
"scenarioA","X_98","indep",0,0,NA,"SSL",0.103396641181672,0.103396641181672,200,5
"scenarioA","X_99","indep",0,0,NA,"SSL",-0.14012621160397,-0.14012621160397,200,5
"scenarioA","X_100","indep",0,0,NA,"SSL",0,0,200,5
"scenarioA","X_101","indep",0,0,NA,"SSL",0,0,200,5
"scenarioA","X_102","indep",0,0,NA,"SSL",0,0,200,5
"scenarioA","X_103","indep",0,0,NA,"SSL",0,0,200,5
"scenarioA","X_104","indep",0,0,NA,"SSL",-0.168350318598037,-0.168350318598037,200,5
"scenarioA","X_105","indep",0,0,NA,"SSL",0,0,200,5
"scenarioA","X_106","indep",0,0,NA,"SSL",0,0,200,5
"scenarioA","X_107","indep",0,0,NA,"SSL",0,0,200,5
"scenarioA","X_108","indep",0,0,NA,"SSL",0,0,200,5
"scenarioA","X_109","indep",0,0,NA,"SSL",0,0,200,5
"scenarioA","X_110","indep",0,0,NA,"SSL",0,0,200,5
"scenarioA","X_111","indep",0,0,NA,"SSL",0.224584055202418,0.224584055202418,200,5
"scenarioA","X_112","indep",0,0,NA,"SSL",0,0,200,5
"scenarioA","X_113","indep",0,0,NA,"SSL",0,0,200,5
"scenarioA","X_114","indep",0,0,NA,"SSL",0,0,200,5
"scenarioA","X_115","indep",0,0,NA,"SSL",0,0,200,5
"scenarioA","X_116","indep",0,0,NA,"SSL",0,0,200,5
"scenarioA","X_117","indep",0,0,NA,"SSL",0,0,200,5
"scenarioA","X_118","indep",0,0,NA,"SSL",-0.232822512361912,-0.232822512361912,200,5
"scenarioA","X_119","indep",0,0,NA,"SSL",0.208628441775179,0.208628441775179,200,5
"scenarioA","X_120","indep",0,0,NA,"SSL",0,0,200,5
"scenarioA","X_121","indep",0,0,NA,"SSL",0,0,200,5
"scenarioA","X_122","indep",0,0,NA,"SSL",0,0,200,5
"scenarioA","X_123","indep",0,0,NA,"SSL",0,0,200,5
"scenarioA","X_124","indep",0,0,NA,"SSL",0,0,200,5
"scenarioA","X_125","indep",0,0,NA,"SSL",0,0,200,5
"scenarioA","X_126","indep",0,0,NA,"SSL",0,0,200,5
"scenarioA","X_127","indep",0,0,NA,"SSL",0,0,200,5
"scenarioA","X_128","indep",0,0,NA,"SSL",0,0,200,5
"scenarioA","X_129","indep",0,0,NA,"SSL",-0.19245450128007,-0.19245450128007,200,5
"scenarioA","X_130","indep",0,0,NA,"SSL",0,0,200,5
"scenarioA","X_131","indep",0,0,NA,"SSL",0,0,200,5
"scenarioA","X_132","indep",0,0,NA,"SSL",0,0,200,5
"scenarioA","X_133","indep",0,0,NA,"SSL",0,0,200,5
"scenarioA","X_134","indep",0,0,NA,"SSL",0,0,200,5
"scenarioA","X_135","indep",0,0,NA,"SSL",0,0,200,5
"scenarioA","X_136","indep",0,0,NA,"SSL",0,0,200,5
"scenarioA","X_137","indep",0,0,NA,"SSL",0,0,200,5
"scenarioA","X_138","indep",0,0,NA,"SSL",0,0,200,5
"scenarioA","X_139","indep",0,0,NA,"SSL",0,0,200,5
"scenarioA","X_140","indep",0,0,NA,"SSL",0,0,200,5
"scenarioA","X_141","indep",0,0,NA,"SSL",0,0,200,5
"scenarioA","X_142","indep",0,0,NA,"SSL",0,0,200,5
"scenarioA","X_143","indep",0,0,NA,"SSL",0,0,200,5
"scenarioA","X_144","indep",0,0,NA,"SSL",0,0,200,5
"scenarioA","X_145","indep",0,0,NA,"SSL",0,0,200,5
"scenarioA","X_146","indep",0,0,NA,"SSL",0.226027608538408,0.226027608538408,200,5
"scenarioA","X_147","indep",0,0,NA,"SSL",-0.204588967830805,-0.204588967830805,200,5
"scenarioA","X_148","indep",0,0,NA,"SSL",-0.271260108686417,-0.271260108686417,200,5
"scenarioA","X_149","indep",0,0,NA,"SSL",0,0,200,5
"scenarioA","X_150","indep",0,0,NA,"SSL",0,0,200,5
"scenarioA","X_151","indep",0,0,NA,"SSL",0,0,200,5
"scenarioA","X_152","indep",0,0,NA,"SSL",0,0,200,5
"scenarioA","X_153","indep",0,0,NA,"SSL",0.348273019300563,0.348273019300563,200,5
"scenarioA","X_154","indep",0,0,NA,"SSL",0,0,200,5
"scenarioA","X_155","weak",0.3,0,NA,"SSL",0,0,200,5
"scenarioA","X_156","weak",0.3,0,NA,"SSL",0,0,200,5
"scenarioA","X_157","weak",0.3,0,NA,"SSL",0,0,200,5
"scenarioA","X_158","weak",0.3,0,NA,"SSL",0,0,200,5
"scenarioA","X_159","weak",0.3,0,NA,"SSL",0,0,200,5
"scenarioA","X_160","weak",0.3,0,NA,"SSL",0,0,200,5
"scenarioA","X_161","weak",0.3,0,NA,"SSL",0,0,200,5
"scenarioA","X_162","weak",0.3,0,NA,"SSL",0,0,200,5
"scenarioA","X_163","weak",0.3,0,NA,"SSL",0,0,200,5
"scenarioA","X_164","weak",0.3,0,NA,"SSL",0,0,200,5
"scenarioA","X_165","weak",0.3,0,NA,"SSL",0,0,200,5
"scenarioA","X_166","weak",0.3,0,NA,"SSL",0,0,200,5
"scenarioA","X_167","weak",0.3,0,NA,"SSL",0,0,200,5
"scenarioA","X_168","weak",0.3,0,NA,"SSL",0,0,200,5
"scenarioA","X_169","weak",0.3,0,NA,"SSL",0,0,200,5
"scenarioA","X_170","weak",0.3,0,NA,"SSL",0.241662859502553,0.241662859502553,200,5
"scenarioA","X_171","weak",0.3,0,NA,"SSL",0,0,200,5
"scenarioA","X_172","weak",0.3,0,NA,"SSL",-0.280450091346882,-0.280450091346882,200,5
"scenarioA","X_173","weak",0.3,0,NA,"SSL",0,0,200,5
"scenarioA","X_174","weak",0.3,0,NA,"SSL",0,0,200,5
"scenarioA","X_175","weak",0.3,0,NA,"SSL",0,0,200,5
"scenarioA","X_176","weak",0.3,0,NA,"SSL",0,0,200,5
"scenarioA","X_177","weak",0.3,0,NA,"SSL",0,0,200,5
"scenarioA","X_178","weak",0.3,0,NA,"SSL",0,0,200,5
"scenarioA","X_179","weak",0.3,0,NA,"SSL",0,0,200,5
"scenarioA","X_180","weak",0.3,0,NA,"SSL",0,0,200,5
"scenarioA","X_181","weak",0.3,0,NA,"SSL",0,0,200,5
"scenarioA","X_182","weak",0.3,0,NA,"SSL",0,0,200,5
"scenarioA","X_183","weak",0.3,0,NA,"SSL",0,0,200,5
"scenarioA","X_184","weak",0.3,0,NA,"SSL",0,0,200,5
"scenarioA","X_185","weak",0.3,0,NA,"SSL",0,0,200,5
"scenarioA","X_186","weak",0.3,0,NA,"SSL",0,0,200,5
"scenarioA","X_187","weak",0.3,0,NA,"SSL",0,0,200,5
"scenarioA","X_188","weak",0.3,0,NA,"SSL",0,0,200,5
"scenarioA","X_189","weak",0.3,0,NA,"SSL",0,0,200,5
"scenarioA","X_190","weak",0.3,0,NA,"SSL",0,0,200,5
"scenarioA","X_191","weak",0.3,0,NA,"SSL",0,0,200,5
"scenarioA","X_192","weak",0.3,0,NA,"SSL",-0.164773944178751,-0.164773944178751,200,5
"scenarioA","X_193","weak",0.3,0,NA,"SSL",0,0,200,5
"scenarioA","X_194","weak",0.3,0,NA,"SSL",0,0,200,5
"scenarioA","X_195","weak",0.3,0,NA,"SSL",0.205886997931206,0.205886997931206,200,5
"scenarioA","X_196","weak",0.3,0,NA,"SSL",0,0,200,5
"scenarioA","X_197","weak",0.3,0,NA,"SSL",0,0,200,5
"scenarioA","X_198","weak",0.3,0,NA,"SSL",0.246131167433191,0.246131167433191,200,5
"scenarioA","X_199","weak",0.3,0,NA,"SSL",0,0,200,5
"scenarioA","X_200","weak",0.3,0,NA,"SSL",0,0,200,5
"scenarioA","X_201","weak",0.3,0,NA,"SSL",0,0,200,5
"scenarioA","X_202","weak",0.3,0,NA,"SSL",0,0,200,5
"scenarioA","X_203","weak",0.3,0,NA,"SSL",0.332749664319184,0.332749664319184,200,5
"scenarioA","X_204","weak",0.3,0,NA,"SSL",0,0,200,5
"scenarioA","X_205","weak",0.3,0,NA,"SSL",0,0,200,5
"scenarioA","X_206","weak",0.3,0,NA,"SSL",0,0,200,5
"scenarioA","X_207","weak",0.3,0,NA,"SSL",0,0,200,5
"scenarioA","X_208","weak",0.3,0,NA,"SSL",0,0,200,5
"scenarioA","X_209","weak",0.3,0,NA,"SSL",0,0,200,5
"scenarioA","X_210","weak",0.3,0,NA,"SSL",-0.16168084959218,-0.16168084959218,200,5
"scenarioA","X_211","weak",0.3,0,NA,"SSL",0,0,200,5
"scenarioA","X_212","weak",0.3,0,NA,"SSL",0,0,200,5
"scenarioA","X_213","weak",0.3,0,NA,"SSL",0,0,200,5
"scenarioA","X_214","weak",0.3,0,NA,"SSL",0,0,200,5
"scenarioA","X_215","weak",0.3,0,NA,"SSL",0,0,200,5
"scenarioA","X_216","weak",0.3,0,NA,"SSL",-0.196399223694594,-0.196399223694594,200,5
"scenarioA","X_217","weak",0.3,0,NA,"SSL",0,0,200,5
"scenarioA","X_218","weak",0.3,0,NA,"SSL",0,0,200,5
"scenarioA","X_219","weak",0.3,0,NA,"SSL",0,0,200,5
"scenarioA","X_220","weak",0.3,0,NA,"SSL",0,0,200,5
"scenarioA","X_221","weak",0.3,0,NA,"SSL",0,0,200,5
"scenarioA","X_222","weak",0.3,0,NA,"SSL",0,0,200,5
"scenarioA","X_223","weak",0.3,0,NA,"SSL",0,0,200,5
"scenarioA","X_224","weak",0.3,0,NA,"SSL",0,0,200,5
"scenarioA","X_225","weak",0.3,0,NA,"SSL",0,0,200,5
"scenarioA","X_226","weak",0.3,0,NA,"SSL",0,0,200,5
"scenarioA","X_227","weak",0.3,0,NA,"SSL",0,0,200,5
"scenarioA","X_228","strong",0.6,0,NA,"SSL",0,0,200,5
"scenarioA","X_229","strong",0.6,0,NA,"SSL",0,0,200,5
"scenarioA","X_230","strong",0.6,0,NA,"SSL",0,0,200,5
"scenarioA","X_231","strong",0.6,0,NA,"SSL",0,0,200,5
"scenarioA","X_232","strong",0.6,0,NA,"SSL",0,0,200,5
"scenarioA","X_233","strong",0.6,0,NA,"SSL",0,0,200,5
"scenarioA","X_234","strong",0.6,0,NA,"SSL",0,0,200,5
"scenarioA","X_235","strong",0.6,0,NA,"SSL",0,0,200,5
"scenarioA","X_236","strong",0.6,0,NA,"SSL",0,0,200,5
"scenarioA","X_237","strong",0.6,0,NA,"SSL",0,0,200,5
"scenarioA","X_238","strong",0.6,0,NA,"SSL",0,0,200,5
"scenarioA","X_239","strong",0.6,0,NA,"SSL",0,0,200,5
"scenarioA","X_240","strong",0.6,0,NA,"SSL",0,0,200,5
"scenarioA","X_241","strong",0.6,0,NA,"SSL",0,0,200,5
"scenarioA","X_242","strong",0.6,0,NA,"SSL",0,0,200,5
"scenarioA","X_243","strong",0.6,0,NA,"SSL",0,0,200,5
"scenarioA","X_244","strong",0.6,0,NA,"SSL",0,0,200,5
"scenarioA","X_245","strong",0.6,0,NA,"SSL",0,0,200,5
"scenarioA","X_246","strong",0.6,0,NA,"SSL",0,0,200,5
"scenarioA","X_247","strong",0.6,0,NA,"SSL",0,0,200,5
"scenarioA","X_248","strong",0.6,0,NA,"SSL",0,0,200,5
"scenarioA","X_249","strong",0.6,0,NA,"SSL",0,0,200,5
"scenarioA","X_250","strong",0.6,0,NA,"SSL",0,0,200,5
"scenarioA","X_251","strong",0.6,0,NA,"SSL",0,0,200,5
"scenarioA","X_252","strong",0.6,0,NA,"SSL",0,0,200,5
"scenarioA","X_253","strong",0.6,0,NA,"SSL",0,0,200,5
"scenarioA","X_254","strong",0.6,0,NA,"SSL",0,0,200,5
"scenarioA","X_255","strong",0.6,0,NA,"SSL",0.153077026313123,0.153077026313123,200,5
"scenarioA","X_256","strong",0.6,0,NA,"SSL",0,0,200,5
"scenarioA","X_257","strong",0.6,0,NA,"SSL",0,0,200,5
"scenarioA","X_258","strong",0.6,0,NA,"SSL",-0.283070077981008,-0.283070077981008,200,5
"scenarioA","X_259","strong",0.6,0,NA,"SSL",0,0,200,5
"scenarioA","X_260","strong",0.6,0,NA,"SSL",0,0,200,5
"scenarioA","X_261","strong",0.6,0,NA,"SSL",0,0,200,5
"scenarioA","X_262","strong",0.6,0,NA,"SSL",0,0,200,5
"scenarioA","X_263","strong",0.6,0,NA,"SSL",0,0,200,5
"scenarioA","X_264","strong",0.6,0,NA,"SSL",0,0,200,5
"scenarioA","X_265","strong",0.6,0,NA,"SSL",0,0,200,5
"scenarioA","X_266","strong",0.6,0,NA,"SSL",0,0,200,5
"scenarioA","X_267","strong",0.6,0,NA,"SSL",0,0,200,5
"scenarioA","X_268","strong",0.6,0,NA,"SSL",0,0,200,5
"scenarioA","X_269","strong",0.6,0,NA,"SSL",0,0,200,5
"scenarioA","X_270","strong",0.6,0,NA,"SSL",0,0,200,5
"scenarioA","X_271","strong",0.6,0,NA,"SSL",0,0,200,5
"scenarioA","X_272","strong",0.6,0,NA,"SSL",0,0,200,5
"scenarioA","X_273","strong",0.6,0,NA,"SSL",0,0,200,5
"scenarioA","X_274","strong",0.6,0,NA,"SSL",0,0,200,5
"scenarioA","X_275","strong",0.6,0,NA,"SSL",0,0,200,5
"scenarioA","X_276","strong",0.6,0,NA,"SSL",0,0,200,5
"scenarioA","X_277","strong",0.6,0,NA,"SSL",0,0,200,5
"scenarioA","X_278","strong",0.6,0,NA,"SSL",0,0,200,5
"scenarioA","X_279","strong",0.6,0,NA,"SSL",0,0,200,5
"scenarioA","X_280","strong",0.6,0,NA,"SSL",0,0,200,5
"scenarioA","X_281","strong",0.6,0,NA,"SSL",0,0,200,5
"scenarioA","X_282","strong",0.6,0,NA,"SSL",0,0,200,5
"scenarioA","X_283","strong",0.6,0,NA,"SSL",0,0,200,5
"scenarioA","X_284","strong",0.6,0,NA,"SSL",0,0,200,5
"scenarioA","X_285","strong",0.6,0,NA,"SSL",0,0,200,5
"scenarioA","X_286","strong",0.6,0,NA,"SSL",0,0,200,5
"scenarioA","X_287","strong",0.6,0,NA,"SSL",0,0,200,5
"scenarioA","X_288","strong",0.6,0,NA,"SSL",0,0,200,5
"scenarioA","X_289","strong",0.6,0,NA,"SSL",0,0,200,5
"scenarioA","X_290","strong",0.6,0,NA,"SSL",0,0,200,5
"scenarioA","X_291","strong",0.6,0,NA,"SSL",0,0,200,5
"scenarioA","X_292","strong",0.6,0,NA,"SSL",0,0,200,5
"scenarioA","X_293","strong",0.6,0,NA,"SSL",0,0,200,5
"scenarioA","X_294","strong",0.6,0,NA,"SSL",0.427731624780913,0.427731624780913,200,5
"scenarioA","X_295","strong",0.6,0,NA,"SSL",0,0,200,5
"scenarioA","X_296","strong",0.6,0,NA,"SSL",0,0,200,5
"scenarioA","X_297","strong",0.6,0,NA,"SSL",0,0,200,5
"scenarioA","X_298","strong",0.6,0,NA,"SSL",0,0,200,5
"scenarioA","X_299","strong",0.6,0,NA,"SSL",0,0,200,5
"scenarioA","X_300","strong",0.6,0,NA,"SSL",0,0,200,5
"scenarioA","X_1","strong",0.6,0.4,0.66827089645403,"LASSO",0,-0.4,200,5
"scenarioA","X_2","strong",0.6,-0.5,-0.648448020166325,"LASSO",0,0.5,200,5
"scenarioA","X_3","weak",0.3,0.6,0.708548944922568,"LASSO",0.272216586066615,-0.327783413933385,200,5
"scenarioA","X_4","weak",0.3,0.75,0.746706345809461,"LASSO",0.327794059215837,-0.422205940784163,200,5
"scenarioA","X_5","indep",0,-0.8,-0.908126251041622,"LASSO",-0.443492043740249,0.356507956259751,200,5
"scenarioA","X_6","indep",0,0,NA,"LASSO",0,0,200,5
"scenarioA","X_7","indep",0,0,NA,"LASSO",0,0,200,5
"scenarioA","X_8","indep",0,0,NA,"LASSO",0,0,200,5
"scenarioA","X_9","indep",0,0,NA,"LASSO",0,0,200,5
"scenarioA","X_10","indep",0,0,NA,"LASSO",0,0,200,5
"scenarioA","X_11","indep",0,0,NA,"LASSO",0,0,200,5
"scenarioA","X_12","indep",0,0,NA,"LASSO",0,0,200,5
"scenarioA","X_13","indep",0,0,NA,"LASSO",0,0,200,5
"scenarioA","X_14","indep",0,0,NA,"LASSO",0,0,200,5
"scenarioA","X_15","indep",0,0,NA,"LASSO",0,0,200,5
"scenarioA","X_16","indep",0,0,NA,"LASSO",0,0,200,5
"scenarioA","X_17","indep",0,0,NA,"LASSO",0,0,200,5
"scenarioA","X_18","indep",0,0,NA,"LASSO",0,0,200,5
"scenarioA","X_19","indep",0,0,NA,"LASSO",0,0,200,5
"scenarioA","X_20","indep",0,0,NA,"LASSO",0,0,200,5
"scenarioA","X_21","indep",0,0,NA,"LASSO",0,0,200,5
"scenarioA","X_22","indep",0,0,NA,"LASSO",0,0,200,5
"scenarioA","X_23","indep",0,0,NA,"LASSO",0,0,200,5
"scenarioA","X_24","indep",0,0,NA,"LASSO",0,0,200,5
"scenarioA","X_25","indep",0,0,NA,"LASSO",0,0,200,5
"scenarioA","X_26","indep",0,0,NA,"LASSO",0,0,200,5
"scenarioA","X_27","indep",0,0,NA,"LASSO",0,0,200,5
"scenarioA","X_28","indep",0,0,NA,"LASSO",0,0,200,5
"scenarioA","X_29","indep",0,0,NA,"LASSO",0,0,200,5
"scenarioA","X_30","indep",0,0,NA,"LASSO",0,0,200,5
"scenarioA","X_31","indep",0,0,NA,"LASSO",0,0,200,5
"scenarioA","X_32","indep",0,0,NA,"LASSO",0,0,200,5
"scenarioA","X_33","indep",0,0,NA,"LASSO",0,0,200,5
"scenarioA","X_34","indep",0,0,NA,"LASSO",0,0,200,5
"scenarioA","X_35","indep",0,0,NA,"LASSO",0,0,200,5
"scenarioA","X_36","indep",0,0,NA,"LASSO",0,0,200,5
"scenarioA","X_37","indep",0,0,NA,"LASSO",0,0,200,5
"scenarioA","X_38","indep",0,0,NA,"LASSO",0,0,200,5
"scenarioA","X_39","indep",0,0,NA,"LASSO",0,0,200,5
"scenarioA","X_40","indep",0,0,NA,"LASSO",0,0,200,5
"scenarioA","X_41","indep",0,0,NA,"LASSO",0,0,200,5
"scenarioA","X_42","indep",0,0,NA,"LASSO",0,0,200,5
"scenarioA","X_43","indep",0,0,NA,"LASSO",0,0,200,5
"scenarioA","X_44","indep",0,0,NA,"LASSO",0,0,200,5
"scenarioA","X_45","indep",0,0,NA,"LASSO",0,0,200,5
"scenarioA","X_46","indep",0,0,NA,"LASSO",0,0,200,5
"scenarioA","X_47","indep",0,0,NA,"LASSO",0,0,200,5
"scenarioA","X_48","indep",0,0,NA,"LASSO",0,0,200,5
"scenarioA","X_49","indep",0,0,NA,"LASSO",0,0,200,5
"scenarioA","X_50","indep",0,0,NA,"LASSO",0,0,200,5
"scenarioA","X_51","indep",0,0,NA,"LASSO",0,0,200,5
"scenarioA","X_52","indep",0,0,NA,"LASSO",0,0,200,5
"scenarioA","X_53","indep",0,0,NA,"LASSO",0,0,200,5
"scenarioA","X_54","indep",0,0,NA,"LASSO",0,0,200,5
"scenarioA","X_55","indep",0,0,NA,"LASSO",0,0,200,5
"scenarioA","X_56","indep",0,0,NA,"LASSO",0,0,200,5
"scenarioA","X_57","indep",0,0,NA,"LASSO",0,0,200,5
"scenarioA","X_58","indep",0,0,NA,"LASSO",0,0,200,5
"scenarioA","X_59","indep",0,0,NA,"LASSO",0,0,200,5
"scenarioA","X_60","indep",0,0,NA,"LASSO",0,0,200,5
"scenarioA","X_61","indep",0,0,NA,"LASSO",0,0,200,5
"scenarioA","X_62","indep",0,0,NA,"LASSO",0,0,200,5
"scenarioA","X_63","indep",0,0,NA,"LASSO",0,0,200,5
"scenarioA","X_64","indep",0,0,NA,"LASSO",0,0,200,5
"scenarioA","X_65","indep",0,0,NA,"LASSO",0,0,200,5
"scenarioA","X_66","indep",0,0,NA,"LASSO",0,0,200,5
"scenarioA","X_67","indep",0,0,NA,"LASSO",0,0,200,5
"scenarioA","X_68","indep",0,0,NA,"LASSO",0,0,200,5
"scenarioA","X_69","indep",0,0,NA,"LASSO",0,0,200,5
"scenarioA","X_70","indep",0,0,NA,"LASSO",0,0,200,5
"scenarioA","X_71","indep",0,0,NA,"LASSO",0,0,200,5
"scenarioA","X_72","indep",0,0,NA,"LASSO",0,0,200,5
"scenarioA","X_73","indep",0,0,NA,"LASSO",0,0,200,5
"scenarioA","X_74","indep",0,0,NA,"LASSO",0,0,200,5
"scenarioA","X_75","indep",0,0,NA,"LASSO",0,0,200,5
"scenarioA","X_76","indep",0,0,NA,"LASSO",0,0,200,5
"scenarioA","X_77","indep",0,0,NA,"LASSO",0,0,200,5
"scenarioA","X_78","indep",0,0,NA,"LASSO",0,0,200,5
"scenarioA","X_79","indep",0,0,NA,"LASSO",0,0,200,5
"scenarioA","X_80","indep",0,0,NA,"LASSO",0,0,200,5
"scenarioA","X_81","indep",0,0,NA,"LASSO",0,0,200,5
"scenarioA","X_82","indep",0,0,NA,"LASSO",0,0,200,5
"scenarioA","X_83","indep",0,0,NA,"LASSO",0,0,200,5
"scenarioA","X_84","indep",0,0,NA,"LASSO",0,0,200,5
"scenarioA","X_85","indep",0,0,NA,"LASSO",0,0,200,5
"scenarioA","X_86","indep",0,0,NA,"LASSO",0,0,200,5
"scenarioA","X_87","indep",0,0,NA,"LASSO",0,0,200,5
"scenarioA","X_88","indep",0,0,NA,"LASSO",0,0,200,5
"scenarioA","X_89","indep",0,0,NA,"LASSO",0,0,200,5
"scenarioA","X_90","indep",0,0,NA,"LASSO",0,0,200,5
"scenarioA","X_91","indep",0,0,NA,"LASSO",0,0,200,5
"scenarioA","X_92","indep",0,0,NA,"LASSO",0,0,200,5
"scenarioA","X_93","indep",0,0,NA,"LASSO",0,0,200,5
"scenarioA","X_94","indep",0,0,NA,"LASSO",0,0,200,5
"scenarioA","X_95","indep",0,0,NA,"LASSO",0,0,200,5
"scenarioA","X_96","indep",0,0,NA,"LASSO",0,0,200,5
"scenarioA","X_97","indep",0,0,NA,"LASSO",0,0,200,5
"scenarioA","X_98","indep",0,0,NA,"LASSO",0,0,200,5
"scenarioA","X_99","indep",0,0,NA,"LASSO",0,0,200,5
"scenarioA","X_100","indep",0,0,NA,"LASSO",0,0,200,5
"scenarioA","X_101","indep",0,0,NA,"LASSO",0,0,200,5
"scenarioA","X_102","indep",0,0,NA,"LASSO",0,0,200,5
"scenarioA","X_103","indep",0,0,NA,"LASSO",0,0,200,5
"scenarioA","X_104","indep",0,0,NA,"LASSO",0,0,200,5
"scenarioA","X_105","indep",0,0,NA,"LASSO",0,0,200,5
"scenarioA","X_106","indep",0,0,NA,"LASSO",0,0,200,5
"scenarioA","X_107","indep",0,0,NA,"LASSO",0,0,200,5
"scenarioA","X_108","indep",0,0,NA,"LASSO",0,0,200,5
"scenarioA","X_109","indep",0,0,NA,"LASSO",0,0,200,5
"scenarioA","X_110","indep",0,0,NA,"LASSO",0,0,200,5
"scenarioA","X_111","indep",0,0,NA,"LASSO",0,0,200,5
"scenarioA","X_112","indep",0,0,NA,"LASSO",0,0,200,5
"scenarioA","X_113","indep",0,0,NA,"LASSO",0,0,200,5
"scenarioA","X_114","indep",0,0,NA,"LASSO",0,0,200,5
"scenarioA","X_115","indep",0,0,NA,"LASSO",0,0,200,5
"scenarioA","X_116","indep",0,0,NA,"LASSO",0,0,200,5
"scenarioA","X_117","indep",0,0,NA,"LASSO",0,0,200,5
"scenarioA","X_118","indep",0,0,NA,"LASSO",0,0,200,5
"scenarioA","X_119","indep",0,0,NA,"LASSO",0,0,200,5
"scenarioA","X_120","indep",0,0,NA,"LASSO",0,0,200,5
"scenarioA","X_121","indep",0,0,NA,"LASSO",0,0,200,5
"scenarioA","X_122","indep",0,0,NA,"LASSO",0,0,200,5
"scenarioA","X_123","indep",0,0,NA,"LASSO",0,0,200,5
"scenarioA","X_124","indep",0,0,NA,"LASSO",0,0,200,5
"scenarioA","X_125","indep",0,0,NA,"LASSO",0,0,200,5
"scenarioA","X_126","indep",0,0,NA,"LASSO",0,0,200,5
"scenarioA","X_127","indep",0,0,NA,"LASSO",0,0,200,5
"scenarioA","X_128","indep",0,0,NA,"LASSO",0,0,200,5
"scenarioA","X_129","indep",0,0,NA,"LASSO",-0.0430212771613782,-0.0430212771613782,200,5
"scenarioA","X_130","indep",0,0,NA,"LASSO",0,0,200,5
"scenarioA","X_131","indep",0,0,NA,"LASSO",0,0,200,5
"scenarioA","X_132","indep",0,0,NA,"LASSO",0,0,200,5
"scenarioA","X_133","indep",0,0,NA,"LASSO",0,0,200,5
"scenarioA","X_134","indep",0,0,NA,"LASSO",0,0,200,5
"scenarioA","X_135","indep",0,0,NA,"LASSO",0,0,200,5
"scenarioA","X_136","indep",0,0,NA,"LASSO",0,0,200,5
"scenarioA","X_137","indep",0,0,NA,"LASSO",0,0,200,5
"scenarioA","X_138","indep",0,0,NA,"LASSO",0,0,200,5
"scenarioA","X_139","indep",0,0,NA,"LASSO",0,0,200,5
"scenarioA","X_140","indep",0,0,NA,"LASSO",0,0,200,5
"scenarioA","X_141","indep",0,0,NA,"LASSO",0,0,200,5
"scenarioA","X_142","indep",0,0,NA,"LASSO",0,0,200,5
"scenarioA","X_143","indep",0,0,NA,"LASSO",0,0,200,5
"scenarioA","X_144","indep",0,0,NA,"LASSO",0,0,200,5
"scenarioA","X_145","indep",0,0,NA,"LASSO",0,0,200,5
"scenarioA","X_146","indep",0,0,NA,"LASSO",0,0,200,5
"scenarioA","X_147","indep",0,0,NA,"LASSO",0,0,200,5
"scenarioA","X_148","indep",0,0,NA,"LASSO",0,0,200,5
"scenarioA","X_149","indep",0,0,NA,"LASSO",0,0,200,5
"scenarioA","X_150","indep",0,0,NA,"LASSO",0,0,200,5
"scenarioA","X_151","indep",0,0,NA,"LASSO",0,0,200,5
"scenarioA","X_152","indep",0,0,NA,"LASSO",0,0,200,5
"scenarioA","X_153","indep",0,0,NA,"LASSO",0,0,200,5
"scenarioA","X_154","indep",0,0,NA,"LASSO",0,0,200,5
"scenarioA","X_155","weak",0.3,0,NA,"LASSO",0,0,200,5
"scenarioA","X_156","weak",0.3,0,NA,"LASSO",0,0,200,5
"scenarioA","X_157","weak",0.3,0,NA,"LASSO",0,0,200,5
"scenarioA","X_158","weak",0.3,0,NA,"LASSO",0,0,200,5
"scenarioA","X_159","weak",0.3,0,NA,"LASSO",0,0,200,5
"scenarioA","X_160","weak",0.3,0,NA,"LASSO",0,0,200,5
"scenarioA","X_161","weak",0.3,0,NA,"LASSO",0,0,200,5
"scenarioA","X_162","weak",0.3,0,NA,"LASSO",0,0,200,5
"scenarioA","X_163","weak",0.3,0,NA,"LASSO",0,0,200,5
"scenarioA","X_164","weak",0.3,0,NA,"LASSO",0,0,200,5
"scenarioA","X_165","weak",0.3,0,NA,"LASSO",0,0,200,5
"scenarioA","X_166","weak",0.3,0,NA,"LASSO",0,0,200,5
"scenarioA","X_167","weak",0.3,0,NA,"LASSO",0,0,200,5
"scenarioA","X_168","weak",0.3,0,NA,"LASSO",0,0,200,5
"scenarioA","X_169","weak",0.3,0,NA,"LASSO",0,0,200,5
"scenarioA","X_170","weak",0.3,0,NA,"LASSO",0.0764236060199129,0.0764236060199129,200,5
"scenarioA","X_171","weak",0.3,0,NA,"LASSO",0,0,200,5
"scenarioA","X_172","weak",0.3,0,NA,"LASSO",0,0,200,5
"scenarioA","X_173","weak",0.3,0,NA,"LASSO",0,0,200,5
"scenarioA","X_174","weak",0.3,0,NA,"LASSO",0,0,200,5
"scenarioA","X_175","weak",0.3,0,NA,"LASSO",0,0,200,5
"scenarioA","X_176","weak",0.3,0,NA,"LASSO",0,0,200,5
"scenarioA","X_177","weak",0.3,0,NA,"LASSO",0,0,200,5
"scenarioA","X_178","weak",0.3,0,NA,"LASSO",0,0,200,5
"scenarioA","X_179","weak",0.3,0,NA,"LASSO",0,0,200,5
"scenarioA","X_180","weak",0.3,0,NA,"LASSO",0,0,200,5
"scenarioA","X_181","weak",0.3,0,NA,"LASSO",0,0,200,5
"scenarioA","X_182","weak",0.3,0,NA,"LASSO",0,0,200,5
"scenarioA","X_183","weak",0.3,0,NA,"LASSO",0,0,200,5
"scenarioA","X_184","weak",0.3,0,NA,"LASSO",0,0,200,5
"scenarioA","X_185","weak",0.3,0,NA,"LASSO",0,0,200,5
"scenarioA","X_186","weak",0.3,0,NA,"LASSO",0,0,200,5
"scenarioA","X_187","weak",0.3,0,NA,"LASSO",0,0,200,5
"scenarioA","X_188","weak",0.3,0,NA,"LASSO",0,0,200,5
"scenarioA","X_189","weak",0.3,0,NA,"LASSO",0,0,200,5
"scenarioA","X_190","weak",0.3,0,NA,"LASSO",0,0,200,5
"scenarioA","X_191","weak",0.3,0,NA,"LASSO",0,0,200,5
"scenarioA","X_192","weak",0.3,0,NA,"LASSO",0,0,200,5
"scenarioA","X_193","weak",0.3,0,NA,"LASSO",0,0,200,5
"scenarioA","X_194","weak",0.3,0,NA,"LASSO",0,0,200,5
"scenarioA","X_195","weak",0.3,0,NA,"LASSO",0,0,200,5
"scenarioA","X_196","weak",0.3,0,NA,"LASSO",0,0,200,5
"scenarioA","X_197","weak",0.3,0,NA,"LASSO",0,0,200,5
"scenarioA","X_198","weak",0.3,0,NA,"LASSO",0,0,200,5
"scenarioA","X_199","weak",0.3,0,NA,"LASSO",0,0,200,5
"scenarioA","X_200","weak",0.3,0,NA,"LASSO",0,0,200,5
"scenarioA","X_201","weak",0.3,0,NA,"LASSO",0,0,200,5
"scenarioA","X_202","weak",0.3,0,NA,"LASSO",0,0,200,5
"scenarioA","X_203","weak",0.3,0,NA,"LASSO",0.0371687278389859,0.0371687278389859,200,5
"scenarioA","X_204","weak",0.3,0,NA,"LASSO",0,0,200,5
"scenarioA","X_205","weak",0.3,0,NA,"LASSO",0,0,200,5
"scenarioA","X_206","weak",0.3,0,NA,"LASSO",0,0,200,5
"scenarioA","X_207","weak",0.3,0,NA,"LASSO",0,0,200,5
"scenarioA","X_208","weak",0.3,0,NA,"LASSO",0,0,200,5
"scenarioA","X_209","weak",0.3,0,NA,"LASSO",0,0,200,5
"scenarioA","X_210","weak",0.3,0,NA,"LASSO",0,0,200,5
"scenarioA","X_211","weak",0.3,0,NA,"LASSO",0,0,200,5
"scenarioA","X_212","weak",0.3,0,NA,"LASSO",0,0,200,5
"scenarioA","X_213","weak",0.3,0,NA,"LASSO",0.0186656673657745,0.0186656673657745,200,5
"scenarioA","X_214","weak",0.3,0,NA,"LASSO",0,0,200,5
"scenarioA","X_215","weak",0.3,0,NA,"LASSO",0,0,200,5
"scenarioA","X_216","weak",0.3,0,NA,"LASSO",0,0,200,5
"scenarioA","X_217","weak",0.3,0,NA,"LASSO",0,0,200,5
"scenarioA","X_218","weak",0.3,0,NA,"LASSO",0,0,200,5
"scenarioA","X_219","weak",0.3,0,NA,"LASSO",0,0,200,5
"scenarioA","X_220","weak",0.3,0,NA,"LASSO",0,0,200,5
"scenarioA","X_221","weak",0.3,0,NA,"LASSO",0,0,200,5
"scenarioA","X_222","weak",0.3,0,NA,"LASSO",0,0,200,5
"scenarioA","X_223","weak",0.3,0,NA,"LASSO",0,0,200,5
"scenarioA","X_224","weak",0.3,0,NA,"LASSO",0,0,200,5
"scenarioA","X_225","weak",0.3,0,NA,"LASSO",0,0,200,5
"scenarioA","X_226","weak",0.3,0,NA,"LASSO",0,0,200,5
"scenarioA","X_227","weak",0.3,0,NA,"LASSO",0,0,200,5
"scenarioA","X_228","strong",0.6,0,NA,"LASSO",0,0,200,5
"scenarioA","X_229","strong",0.6,0,NA,"LASSO",0,0,200,5
"scenarioA","X_230","strong",0.6,0,NA,"LASSO",0,0,200,5
"scenarioA","X_231","strong",0.6,0,NA,"LASSO",0,0,200,5
"scenarioA","X_232","strong",0.6,0,NA,"LASSO",0,0,200,5
"scenarioA","X_233","strong",0.6,0,NA,"LASSO",0,0,200,5
"scenarioA","X_234","strong",0.6,0,NA,"LASSO",0,0,200,5
"scenarioA","X_235","strong",0.6,0,NA,"LASSO",0,0,200,5
"scenarioA","X_236","strong",0.6,0,NA,"LASSO",0,0,200,5
"scenarioA","X_237","strong",0.6,0,NA,"LASSO",0,0,200,5
"scenarioA","X_238","strong",0.6,0,NA,"LASSO",0,0,200,5
"scenarioA","X_239","strong",0.6,0,NA,"LASSO",0,0,200,5
"scenarioA","X_240","strong",0.6,0,NA,"LASSO",0,0,200,5
"scenarioA","X_241","strong",0.6,0,NA,"LASSO",0,0,200,5
"scenarioA","X_242","strong",0.6,0,NA,"LASSO",0,0,200,5
"scenarioA","X_243","strong",0.6,0,NA,"LASSO",0,0,200,5
"scenarioA","X_244","strong",0.6,0,NA,"LASSO",0,0,200,5
"scenarioA","X_245","strong",0.6,0,NA,"LASSO",0,0,200,5
"scenarioA","X_246","strong",0.6,0,NA,"LASSO",0,0,200,5
"scenarioA","X_247","strong",0.6,0,NA,"LASSO",0,0,200,5
"scenarioA","X_248","strong",0.6,0,NA,"LASSO",0,0,200,5
"scenarioA","X_249","strong",0.6,0,NA,"LASSO",0,0,200,5
"scenarioA","X_250","strong",0.6,0,NA,"LASSO",0,0,200,5
"scenarioA","X_251","strong",0.6,0,NA,"LASSO",0,0,200,5
"scenarioA","X_252","strong",0.6,0,NA,"LASSO",0,0,200,5
"scenarioA","X_253","strong",0.6,0,NA,"LASSO",0,0,200,5
"scenarioA","X_254","strong",0.6,0,NA,"LASSO",0,0,200,5
"scenarioA","X_255","strong",0.6,0,NA,"LASSO",0,0,200,5
"scenarioA","X_256","strong",0.6,0,NA,"LASSO",0,0,200,5
"scenarioA","X_257","strong",0.6,0,NA,"LASSO",0,0,200,5
"scenarioA","X_258","strong",0.6,0,NA,"LASSO",0,0,200,5
"scenarioA","X_259","strong",0.6,0,NA,"LASSO",0,0,200,5
"scenarioA","X_260","strong",0.6,0,NA,"LASSO",0,0,200,5
"scenarioA","X_261","strong",0.6,0,NA,"LASSO",0,0,200,5
"scenarioA","X_262","strong",0.6,0,NA,"LASSO",0,0,200,5
"scenarioA","X_263","strong",0.6,0,NA,"LASSO",0,0,200,5
"scenarioA","X_264","strong",0.6,0,NA,"LASSO",0,0,200,5
"scenarioA","X_265","strong",0.6,0,NA,"LASSO",0,0,200,5
"scenarioA","X_266","strong",0.6,0,NA,"LASSO",0,0,200,5
"scenarioA","X_267","strong",0.6,0,NA,"LASSO",0,0,200,5
"scenarioA","X_268","strong",0.6,0,NA,"LASSO",0,0,200,5
"scenarioA","X_269","strong",0.6,0,NA,"LASSO",0,0,200,5
"scenarioA","X_270","strong",0.6,0,NA,"LASSO",0,0,200,5
"scenarioA","X_271","strong",0.6,0,NA,"LASSO",0,0,200,5
"scenarioA","X_272","strong",0.6,0,NA,"LASSO",0,0,200,5
"scenarioA","X_273","strong",0.6,0,NA,"LASSO",0,0,200,5
"scenarioA","X_274","strong",0.6,0,NA,"LASSO",0,0,200,5
"scenarioA","X_275","strong",0.6,0,NA,"LASSO",0,0,200,5
"scenarioA","X_276","strong",0.6,0,NA,"LASSO",0,0,200,5
"scenarioA","X_277","strong",0.6,0,NA,"LASSO",0,0,200,5
"scenarioA","X_278","strong",0.6,0,NA,"LASSO",0,0,200,5
"scenarioA","X_279","strong",0.6,0,NA,"LASSO",0,0,200,5
"scenarioA","X_280","strong",0.6,0,NA,"LASSO",0,0,200,5
"scenarioA","X_281","strong",0.6,0,NA,"LASSO",0,0,200,5
"scenarioA","X_282","strong",0.6,0,NA,"LASSO",0,0,200,5
"scenarioA","X_283","strong",0.6,0,NA,"LASSO",0,0,200,5
"scenarioA","X_284","strong",0.6,0,NA,"LASSO",0,0,200,5
"scenarioA","X_285","strong",0.6,0,NA,"LASSO",0,0,200,5
"scenarioA","X_286","strong",0.6,0,NA,"LASSO",0,0,200,5
"scenarioA","X_287","strong",0.6,0,NA,"LASSO",0,0,200,5
"scenarioA","X_288","strong",0.6,0,NA,"LASSO",0,0,200,5
"scenarioA","X_289","strong",0.6,0,NA,"LASSO",0,0,200,5
"scenarioA","X_290","strong",0.6,0,NA,"LASSO",0,0,200,5
"scenarioA","X_291","strong",0.6,0,NA,"LASSO",0,0,200,5
"scenarioA","X_292","strong",0.6,0,NA,"LASSO",0,0,200,5
"scenarioA","X_293","strong",0.6,0,NA,"LASSO",0,0,200,5
"scenarioA","X_294","strong",0.6,0,NA,"LASSO",0,0,200,5
"scenarioA","X_295","strong",0.6,0,NA,"LASSO",0,0,200,5
"scenarioA","X_296","strong",0.6,0,NA,"LASSO",0,0,200,5
"scenarioA","X_297","strong",0.6,0,NA,"LASSO",0,0,200,5
"scenarioA","X_298","strong",0.6,0,NA,"LASSO",0,0,200,5
"scenarioA","X_299","strong",0.6,0,NA,"LASSO",0,0,200,5
"scenarioA","X_300","strong",0.6,0,NA,"LASSO",0,0,200,5
"scenarioA","X_1","strong",0.6,0.4,0.478567892081595,"SSL",0,-0.4,200,6
"scenarioA","X_2","strong",0.6,-0.5,-0.551998593544591,"SSL",0,0.5,200,6
"scenarioA","X_3","weak",0.3,0.6,0.485113658983704,"SSL",0.406397505779547,-0.193602494220453,200,6
"scenarioA","X_4","weak",0.3,0.75,0.728691171489013,"SSL",0.603530914708535,-0.146469085291465,200,6
"scenarioA","X_5","indep",0,-0.8,-0.690585729400456,"SSL",-0.610597449778094,0.189402550221906,200,6
"scenarioA","X_6","indep",0,0,NA,"SSL",0,0,200,6
"scenarioA","X_7","indep",0,0,NA,"SSL",0,0,200,6
"scenarioA","X_8","indep",0,0,NA,"SSL",0,0,200,6
"scenarioA","X_9","indep",0,0,NA,"SSL",0,0,200,6
"scenarioA","X_10","indep",0,0,NA,"SSL",0,0,200,6
"scenarioA","X_11","indep",0,0,NA,"SSL",0,0,200,6
"scenarioA","X_12","indep",0,0,NA,"SSL",0,0,200,6
"scenarioA","X_13","indep",0,0,NA,"SSL",0,0,200,6
"scenarioA","X_14","indep",0,0,NA,"SSL",0,0,200,6
"scenarioA","X_15","indep",0,0,NA,"SSL",0,0,200,6
"scenarioA","X_16","indep",0,0,NA,"SSL",0,0,200,6
"scenarioA","X_17","indep",0,0,NA,"SSL",0,0,200,6
"scenarioA","X_18","indep",0,0,NA,"SSL",0,0,200,6
"scenarioA","X_19","indep",0,0,NA,"SSL",0,0,200,6
"scenarioA","X_20","indep",0,0,NA,"SSL",0,0,200,6
"scenarioA","X_21","indep",0,0,NA,"SSL",0,0,200,6
"scenarioA","X_22","indep",0,0,NA,"SSL",0,0,200,6
"scenarioA","X_23","indep",0,0,NA,"SSL",0,0,200,6
"scenarioA","X_24","indep",0,0,NA,"SSL",0,0,200,6
"scenarioA","X_25","indep",0,0,NA,"SSL",0,0,200,6
"scenarioA","X_26","indep",0,0,NA,"SSL",0,0,200,6
"scenarioA","X_27","indep",0,0,NA,"SSL",0,0,200,6
"scenarioA","X_28","indep",0,0,NA,"SSL",0,0,200,6
"scenarioA","X_29","indep",0,0,NA,"SSL",0,0,200,6
"scenarioA","X_30","indep",0,0,NA,"SSL",0,0,200,6
"scenarioA","X_31","indep",0,0,NA,"SSL",0,0,200,6
"scenarioA","X_32","indep",0,0,NA,"SSL",0,0,200,6
"scenarioA","X_33","indep",0,0,NA,"SSL",0,0,200,6
"scenarioA","X_34","indep",0,0,NA,"SSL",0,0,200,6
"scenarioA","X_35","indep",0,0,NA,"SSL",0,0,200,6
"scenarioA","X_36","indep",0,0,NA,"SSL",0,0,200,6
"scenarioA","X_37","indep",0,0,NA,"SSL",0,0,200,6
"scenarioA","X_38","indep",0,0,NA,"SSL",0,0,200,6
"scenarioA","X_39","indep",0,0,NA,"SSL",0,0,200,6
"scenarioA","X_40","indep",0,0,NA,"SSL",0,0,200,6
"scenarioA","X_41","indep",0,0,NA,"SSL",0,0,200,6
"scenarioA","X_42","indep",0,0,NA,"SSL",0,0,200,6
"scenarioA","X_43","indep",0,0,NA,"SSL",0,0,200,6
"scenarioA","X_44","indep",0,0,NA,"SSL",0,0,200,6
"scenarioA","X_45","indep",0,0,NA,"SSL",0,0,200,6
"scenarioA","X_46","indep",0,0,NA,"SSL",0,0,200,6
"scenarioA","X_47","indep",0,0,NA,"SSL",0,0,200,6
"scenarioA","X_48","indep",0,0,NA,"SSL",0,0,200,6
"scenarioA","X_49","indep",0,0,NA,"SSL",0,0,200,6
"scenarioA","X_50","indep",0,0,NA,"SSL",0,0,200,6
"scenarioA","X_51","indep",0,0,NA,"SSL",0,0,200,6
"scenarioA","X_52","indep",0,0,NA,"SSL",0,0,200,6
"scenarioA","X_53","indep",0,0,NA,"SSL",0,0,200,6
"scenarioA","X_54","indep",0,0,NA,"SSL",0,0,200,6
"scenarioA","X_55","indep",0,0,NA,"SSL",0,0,200,6
"scenarioA","X_56","indep",0,0,NA,"SSL",0,0,200,6
"scenarioA","X_57","indep",0,0,NA,"SSL",0,0,200,6
"scenarioA","X_58","indep",0,0,NA,"SSL",0,0,200,6
"scenarioA","X_59","indep",0,0,NA,"SSL",0,0,200,6
"scenarioA","X_60","indep",0,0,NA,"SSL",0,0,200,6
"scenarioA","X_61","indep",0,0,NA,"SSL",0,0,200,6
"scenarioA","X_62","indep",0,0,NA,"SSL",0,0,200,6
"scenarioA","X_63","indep",0,0,NA,"SSL",0,0,200,6
"scenarioA","X_64","indep",0,0,NA,"SSL",0,0,200,6
"scenarioA","X_65","indep",0,0,NA,"SSL",0,0,200,6
"scenarioA","X_66","indep",0,0,NA,"SSL",0,0,200,6
"scenarioA","X_67","indep",0,0,NA,"SSL",0,0,200,6
"scenarioA","X_68","indep",0,0,NA,"SSL",0,0,200,6
"scenarioA","X_69","indep",0,0,NA,"SSL",0,0,200,6
"scenarioA","X_70","indep",0,0,NA,"SSL",0,0,200,6
"scenarioA","X_71","indep",0,0,NA,"SSL",0,0,200,6
"scenarioA","X_72","indep",0,0,NA,"SSL",0,0,200,6
"scenarioA","X_73","indep",0,0,NA,"SSL",0,0,200,6
"scenarioA","X_74","indep",0,0,NA,"SSL",0,0,200,6
"scenarioA","X_75","indep",0,0,NA,"SSL",0,0,200,6
"scenarioA","X_76","indep",0,0,NA,"SSL",0,0,200,6
"scenarioA","X_77","indep",0,0,NA,"SSL",0,0,200,6
"scenarioA","X_78","indep",0,0,NA,"SSL",0,0,200,6
"scenarioA","X_79","indep",0,0,NA,"SSL",0,0,200,6
"scenarioA","X_80","indep",0,0,NA,"SSL",0,0,200,6
"scenarioA","X_81","indep",0,0,NA,"SSL",0,0,200,6
"scenarioA","X_82","indep",0,0,NA,"SSL",0,0,200,6
"scenarioA","X_83","indep",0,0,NA,"SSL",0,0,200,6
"scenarioA","X_84","indep",0,0,NA,"SSL",0,0,200,6
"scenarioA","X_85","indep",0,0,NA,"SSL",0,0,200,6
"scenarioA","X_86","indep",0,0,NA,"SSL",0,0,200,6
"scenarioA","X_87","indep",0,0,NA,"SSL",0,0,200,6
"scenarioA","X_88","indep",0,0,NA,"SSL",0,0,200,6
"scenarioA","X_89","indep",0,0,NA,"SSL",0,0,200,6
"scenarioA","X_90","indep",0,0,NA,"SSL",0,0,200,6
"scenarioA","X_91","indep",0,0,NA,"SSL",0,0,200,6
"scenarioA","X_92","indep",0,0,NA,"SSL",0,0,200,6
"scenarioA","X_93","indep",0,0,NA,"SSL",0,0,200,6
"scenarioA","X_94","indep",0,0,NA,"SSL",0,0,200,6
"scenarioA","X_95","indep",0,0,NA,"SSL",0,0,200,6
"scenarioA","X_96","indep",0,0,NA,"SSL",0,0,200,6
"scenarioA","X_97","indep",0,0,NA,"SSL",0,0,200,6
"scenarioA","X_98","indep",0,0,NA,"SSL",0,0,200,6
"scenarioA","X_99","indep",0,0,NA,"SSL",0,0,200,6
"scenarioA","X_100","indep",0,0,NA,"SSL",0,0,200,6
"scenarioA","X_101","indep",0,0,NA,"SSL",0,0,200,6
"scenarioA","X_102","indep",0,0,NA,"SSL",0,0,200,6
"scenarioA","X_103","indep",0,0,NA,"SSL",0,0,200,6
"scenarioA","X_104","indep",0,0,NA,"SSL",0,0,200,6
"scenarioA","X_105","indep",0,0,NA,"SSL",0,0,200,6
"scenarioA","X_106","indep",0,0,NA,"SSL",0,0,200,6
"scenarioA","X_107","indep",0,0,NA,"SSL",0,0,200,6
"scenarioA","X_108","indep",0,0,NA,"SSL",0,0,200,6
"scenarioA","X_109","indep",0,0,NA,"SSL",0,0,200,6
"scenarioA","X_110","indep",0,0,NA,"SSL",0,0,200,6
"scenarioA","X_111","indep",0,0,NA,"SSL",0,0,200,6
"scenarioA","X_112","indep",0,0,NA,"SSL",0,0,200,6
"scenarioA","X_113","indep",0,0,NA,"SSL",0,0,200,6
"scenarioA","X_114","indep",0,0,NA,"SSL",0,0,200,6
"scenarioA","X_115","indep",0,0,NA,"SSL",0,0,200,6
"scenarioA","X_116","indep",0,0,NA,"SSL",0,0,200,6
"scenarioA","X_117","indep",0,0,NA,"SSL",0,0,200,6
"scenarioA","X_118","indep",0,0,NA,"SSL",0,0,200,6
"scenarioA","X_119","indep",0,0,NA,"SSL",0,0,200,6
"scenarioA","X_120","indep",0,0,NA,"SSL",0,0,200,6
"scenarioA","X_121","indep",0,0,NA,"SSL",0,0,200,6
"scenarioA","X_122","indep",0,0,NA,"SSL",0,0,200,6
"scenarioA","X_123","indep",0,0,NA,"SSL",0,0,200,6
"scenarioA","X_124","indep",0,0,NA,"SSL",0,0,200,6
"scenarioA","X_125","indep",0,0,NA,"SSL",0,0,200,6
"scenarioA","X_126","indep",0,0,NA,"SSL",0,0,200,6
"scenarioA","X_127","indep",0,0,NA,"SSL",0,0,200,6
"scenarioA","X_128","indep",0,0,NA,"SSL",0,0,200,6
"scenarioA","X_129","indep",0,0,NA,"SSL",0,0,200,6
"scenarioA","X_130","indep",0,0,NA,"SSL",0,0,200,6
"scenarioA","X_131","indep",0,0,NA,"SSL",0,0,200,6
"scenarioA","X_132","indep",0,0,NA,"SSL",0,0,200,6
"scenarioA","X_133","indep",0,0,NA,"SSL",0,0,200,6
"scenarioA","X_134","indep",0,0,NA,"SSL",0,0,200,6
"scenarioA","X_135","indep",0,0,NA,"SSL",0,0,200,6
"scenarioA","X_136","indep",0,0,NA,"SSL",0,0,200,6
"scenarioA","X_137","indep",0,0,NA,"SSL",0,0,200,6
"scenarioA","X_138","indep",0,0,NA,"SSL",0,0,200,6
"scenarioA","X_139","indep",0,0,NA,"SSL",0,0,200,6
"scenarioA","X_140","indep",0,0,NA,"SSL",0,0,200,6
"scenarioA","X_141","indep",0,0,NA,"SSL",0,0,200,6
"scenarioA","X_142","indep",0,0,NA,"SSL",0,0,200,6
"scenarioA","X_143","indep",0,0,NA,"SSL",0,0,200,6
"scenarioA","X_144","indep",0,0,NA,"SSL",0,0,200,6
"scenarioA","X_145","indep",0,0,NA,"SSL",0,0,200,6
"scenarioA","X_146","indep",0,0,NA,"SSL",0,0,200,6
"scenarioA","X_147","indep",0,0,NA,"SSL",0,0,200,6
"scenarioA","X_148","indep",0,0,NA,"SSL",0,0,200,6
"scenarioA","X_149","indep",0,0,NA,"SSL",0,0,200,6
"scenarioA","X_150","indep",0,0,NA,"SSL",0,0,200,6
"scenarioA","X_151","indep",0,0,NA,"SSL",0,0,200,6
"scenarioA","X_152","indep",0,0,NA,"SSL",0,0,200,6
"scenarioA","X_153","indep",0,0,NA,"SSL",0,0,200,6
"scenarioA","X_154","indep",0,0,NA,"SSL",0,0,200,6
"scenarioA","X_155","weak",0.3,0,NA,"SSL",0,0,200,6
"scenarioA","X_156","weak",0.3,0,NA,"SSL",0,0,200,6
"scenarioA","X_157","weak",0.3,0,NA,"SSL",0,0,200,6
"scenarioA","X_158","weak",0.3,0,NA,"SSL",0,0,200,6
"scenarioA","X_159","weak",0.3,0,NA,"SSL",0,0,200,6
"scenarioA","X_160","weak",0.3,0,NA,"SSL",0,0,200,6
"scenarioA","X_161","weak",0.3,0,NA,"SSL",0,0,200,6
"scenarioA","X_162","weak",0.3,0,NA,"SSL",0,0,200,6
"scenarioA","X_163","weak",0.3,0,NA,"SSL",0,0,200,6
"scenarioA","X_164","weak",0.3,0,NA,"SSL",0,0,200,6
"scenarioA","X_165","weak",0.3,0,NA,"SSL",0,0,200,6
"scenarioA","X_166","weak",0.3,0,NA,"SSL",0,0,200,6
"scenarioA","X_167","weak",0.3,0,NA,"SSL",0,0,200,6
"scenarioA","X_168","weak",0.3,0,NA,"SSL",0,0,200,6
"scenarioA","X_169","weak",0.3,0,NA,"SSL",0,0,200,6
"scenarioA","X_170","weak",0.3,0,NA,"SSL",0,0,200,6
"scenarioA","X_171","weak",0.3,0,NA,"SSL",0,0,200,6
"scenarioA","X_172","weak",0.3,0,NA,"SSL",0,0,200,6
"scenarioA","X_173","weak",0.3,0,NA,"SSL",0,0,200,6
"scenarioA","X_174","weak",0.3,0,NA,"SSL",0,0,200,6
"scenarioA","X_175","weak",0.3,0,NA,"SSL",0,0,200,6
"scenarioA","X_176","weak",0.3,0,NA,"SSL",0,0,200,6
"scenarioA","X_177","weak",0.3,0,NA,"SSL",0,0,200,6
"scenarioA","X_178","weak",0.3,0,NA,"SSL",0,0,200,6
"scenarioA","X_179","weak",0.3,0,NA,"SSL",0,0,200,6
"scenarioA","X_180","weak",0.3,0,NA,"SSL",0,0,200,6
"scenarioA","X_181","weak",0.3,0,NA,"SSL",0,0,200,6
"scenarioA","X_182","weak",0.3,0,NA,"SSL",0,0,200,6
"scenarioA","X_183","weak",0.3,0,NA,"SSL",0,0,200,6
"scenarioA","X_184","weak",0.3,0,NA,"SSL",0,0,200,6
"scenarioA","X_185","weak",0.3,0,NA,"SSL",0,0,200,6
"scenarioA","X_186","weak",0.3,0,NA,"SSL",0,0,200,6
"scenarioA","X_187","weak",0.3,0,NA,"SSL",0,0,200,6
"scenarioA","X_188","weak",0.3,0,NA,"SSL",0,0,200,6
"scenarioA","X_189","weak",0.3,0,NA,"SSL",0,0,200,6
"scenarioA","X_190","weak",0.3,0,NA,"SSL",0,0,200,6
"scenarioA","X_191","weak",0.3,0,NA,"SSL",0,0,200,6
"scenarioA","X_192","weak",0.3,0,NA,"SSL",0,0,200,6
"scenarioA","X_193","weak",0.3,0,NA,"SSL",0,0,200,6
"scenarioA","X_194","weak",0.3,0,NA,"SSL",0,0,200,6
"scenarioA","X_195","weak",0.3,0,NA,"SSL",0,0,200,6
"scenarioA","X_196","weak",0.3,0,NA,"SSL",0,0,200,6
"scenarioA","X_197","weak",0.3,0,NA,"SSL",0,0,200,6
"scenarioA","X_198","weak",0.3,0,NA,"SSL",0,0,200,6
"scenarioA","X_199","weak",0.3,0,NA,"SSL",0,0,200,6
"scenarioA","X_200","weak",0.3,0,NA,"SSL",0,0,200,6
"scenarioA","X_201","weak",0.3,0,NA,"SSL",0,0,200,6
"scenarioA","X_202","weak",0.3,0,NA,"SSL",0,0,200,6
"scenarioA","X_203","weak",0.3,0,NA,"SSL",0,0,200,6
"scenarioA","X_204","weak",0.3,0,NA,"SSL",0,0,200,6
"scenarioA","X_205","weak",0.3,0,NA,"SSL",0,0,200,6
"scenarioA","X_206","weak",0.3,0,NA,"SSL",0,0,200,6
"scenarioA","X_207","weak",0.3,0,NA,"SSL",0,0,200,6
"scenarioA","X_208","weak",0.3,0,NA,"SSL",0,0,200,6
"scenarioA","X_209","weak",0.3,0,NA,"SSL",0,0,200,6
"scenarioA","X_210","weak",0.3,0,NA,"SSL",0,0,200,6
"scenarioA","X_211","weak",0.3,0,NA,"SSL",0,0,200,6
"scenarioA","X_212","weak",0.3,0,NA,"SSL",0,0,200,6
"scenarioA","X_213","weak",0.3,0,NA,"SSL",0,0,200,6
"scenarioA","X_214","weak",0.3,0,NA,"SSL",0,0,200,6
"scenarioA","X_215","weak",0.3,0,NA,"SSL",0,0,200,6
"scenarioA","X_216","weak",0.3,0,NA,"SSL",0,0,200,6
"scenarioA","X_217","weak",0.3,0,NA,"SSL",0,0,200,6
"scenarioA","X_218","weak",0.3,0,NA,"SSL",0,0,200,6
"scenarioA","X_219","weak",0.3,0,NA,"SSL",0,0,200,6
"scenarioA","X_220","weak",0.3,0,NA,"SSL",0,0,200,6
"scenarioA","X_221","weak",0.3,0,NA,"SSL",0,0,200,6
"scenarioA","X_222","weak",0.3,0,NA,"SSL",0,0,200,6
"scenarioA","X_223","weak",0.3,0,NA,"SSL",0,0,200,6
"scenarioA","X_224","weak",0.3,0,NA,"SSL",0,0,200,6
"scenarioA","X_225","weak",0.3,0,NA,"SSL",0,0,200,6
"scenarioA","X_226","weak",0.3,0,NA,"SSL",0,0,200,6
"scenarioA","X_227","weak",0.3,0,NA,"SSL",0,0,200,6
"scenarioA","X_228","strong",0.6,0,NA,"SSL",0,0,200,6
"scenarioA","X_229","strong",0.6,0,NA,"SSL",0,0,200,6
"scenarioA","X_230","strong",0.6,0,NA,"SSL",0,0,200,6
"scenarioA","X_231","strong",0.6,0,NA,"SSL",0,0,200,6
"scenarioA","X_232","strong",0.6,0,NA,"SSL",0,0,200,6
"scenarioA","X_233","strong",0.6,0,NA,"SSL",0,0,200,6
"scenarioA","X_234","strong",0.6,0,NA,"SSL",0,0,200,6
"scenarioA","X_235","strong",0.6,0,NA,"SSL",0,0,200,6
"scenarioA","X_236","strong",0.6,0,NA,"SSL",0,0,200,6
"scenarioA","X_237","strong",0.6,0,NA,"SSL",0,0,200,6
"scenarioA","X_238","strong",0.6,0,NA,"SSL",0,0,200,6
"scenarioA","X_239","strong",0.6,0,NA,"SSL",0,0,200,6
"scenarioA","X_240","strong",0.6,0,NA,"SSL",0,0,200,6
"scenarioA","X_241","strong",0.6,0,NA,"SSL",0,0,200,6
"scenarioA","X_242","strong",0.6,0,NA,"SSL",0,0,200,6
"scenarioA","X_243","strong",0.6,0,NA,"SSL",0,0,200,6
"scenarioA","X_244","strong",0.6,0,NA,"SSL",0,0,200,6
"scenarioA","X_245","strong",0.6,0,NA,"SSL",0,0,200,6
"scenarioA","X_246","strong",0.6,0,NA,"SSL",0,0,200,6
"scenarioA","X_247","strong",0.6,0,NA,"SSL",0,0,200,6
"scenarioA","X_248","strong",0.6,0,NA,"SSL",0,0,200,6
"scenarioA","X_249","strong",0.6,0,NA,"SSL",0,0,200,6
"scenarioA","X_250","strong",0.6,0,NA,"SSL",0,0,200,6
"scenarioA","X_251","strong",0.6,0,NA,"SSL",0,0,200,6
"scenarioA","X_252","strong",0.6,0,NA,"SSL",0,0,200,6
"scenarioA","X_253","strong",0.6,0,NA,"SSL",0,0,200,6
"scenarioA","X_254","strong",0.6,0,NA,"SSL",0,0,200,6
"scenarioA","X_255","strong",0.6,0,NA,"SSL",0,0,200,6
"scenarioA","X_256","strong",0.6,0,NA,"SSL",0,0,200,6
"scenarioA","X_257","strong",0.6,0,NA,"SSL",0,0,200,6
"scenarioA","X_258","strong",0.6,0,NA,"SSL",0,0,200,6
"scenarioA","X_259","strong",0.6,0,NA,"SSL",0,0,200,6
"scenarioA","X_260","strong",0.6,0,NA,"SSL",0,0,200,6
"scenarioA","X_261","strong",0.6,0,NA,"SSL",0,0,200,6
"scenarioA","X_262","strong",0.6,0,NA,"SSL",0,0,200,6
"scenarioA","X_263","strong",0.6,0,NA,"SSL",0,0,200,6
"scenarioA","X_264","strong",0.6,0,NA,"SSL",0,0,200,6
"scenarioA","X_265","strong",0.6,0,NA,"SSL",0,0,200,6
"scenarioA","X_266","strong",0.6,0,NA,"SSL",0,0,200,6
"scenarioA","X_267","strong",0.6,0,NA,"SSL",0,0,200,6
"scenarioA","X_268","strong",0.6,0,NA,"SSL",0,0,200,6
"scenarioA","X_269","strong",0.6,0,NA,"SSL",0,0,200,6
"scenarioA","X_270","strong",0.6,0,NA,"SSL",0,0,200,6
"scenarioA","X_271","strong",0.6,0,NA,"SSL",0,0,200,6
"scenarioA","X_272","strong",0.6,0,NA,"SSL",0,0,200,6
"scenarioA","X_273","strong",0.6,0,NA,"SSL",0,0,200,6
"scenarioA","X_274","strong",0.6,0,NA,"SSL",0,0,200,6
"scenarioA","X_275","strong",0.6,0,NA,"SSL",0,0,200,6
"scenarioA","X_276","strong",0.6,0,NA,"SSL",0,0,200,6
"scenarioA","X_277","strong",0.6,0,NA,"SSL",0,0,200,6
"scenarioA","X_278","strong",0.6,0,NA,"SSL",0,0,200,6
"scenarioA","X_279","strong",0.6,0,NA,"SSL",0,0,200,6
"scenarioA","X_280","strong",0.6,0,NA,"SSL",0,0,200,6
"scenarioA","X_281","strong",0.6,0,NA,"SSL",0,0,200,6
"scenarioA","X_282","strong",0.6,0,NA,"SSL",0,0,200,6
"scenarioA","X_283","strong",0.6,0,NA,"SSL",0,0,200,6
"scenarioA","X_284","strong",0.6,0,NA,"SSL",0,0,200,6
"scenarioA","X_285","strong",0.6,0,NA,"SSL",0,0,200,6
"scenarioA","X_286","strong",0.6,0,NA,"SSL",0,0,200,6
"scenarioA","X_287","strong",0.6,0,NA,"SSL",0,0,200,6
"scenarioA","X_288","strong",0.6,0,NA,"SSL",0,0,200,6
"scenarioA","X_289","strong",0.6,0,NA,"SSL",0,0,200,6
"scenarioA","X_290","strong",0.6,0,NA,"SSL",0,0,200,6
"scenarioA","X_291","strong",0.6,0,NA,"SSL",0,0,200,6
"scenarioA","X_292","strong",0.6,0,NA,"SSL",0,0,200,6
"scenarioA","X_293","strong",0.6,0,NA,"SSL",0,0,200,6
"scenarioA","X_294","strong",0.6,0,NA,"SSL",0,0,200,6
"scenarioA","X_295","strong",0.6,0,NA,"SSL",0,0,200,6
"scenarioA","X_296","strong",0.6,0,NA,"SSL",0,0,200,6
"scenarioA","X_297","strong",0.6,0,NA,"SSL",0,0,200,6
"scenarioA","X_298","strong",0.6,0,NA,"SSL",0,0,200,6
"scenarioA","X_299","strong",0.6,0,NA,"SSL",0,0,200,6
"scenarioA","X_300","strong",0.6,0,NA,"SSL",0,0,200,6
"scenarioA","X_1","strong",0.6,0.4,0.478567892081595,"LASSO",0,-0.4,200,6
"scenarioA","X_2","strong",0.6,-0.5,-0.551998593544591,"LASSO",0,0.5,200,6
"scenarioA","X_3","weak",0.3,0.6,0.485113658983704,"LASSO",0.225146943557814,-0.374853056442186,200,6
"scenarioA","X_4","weak",0.3,0.75,0.728691171489013,"LASSO",0.417354442129581,-0.332645557870419,200,6
"scenarioA","X_5","indep",0,-0.8,-0.690585729400456,"LASSO",-0.397905567440655,0.402094432559345,200,6
"scenarioA","X_6","indep",0,0,NA,"LASSO",0,0,200,6
"scenarioA","X_7","indep",0,0,NA,"LASSO",0,0,200,6
"scenarioA","X_8","indep",0,0,NA,"LASSO",0,0,200,6
"scenarioA","X_9","indep",0,0,NA,"LASSO",0,0,200,6
"scenarioA","X_10","indep",0,0,NA,"LASSO",0,0,200,6
"scenarioA","X_11","indep",0,0,NA,"LASSO",0,0,200,6
"scenarioA","X_12","indep",0,0,NA,"LASSO",0,0,200,6
"scenarioA","X_13","indep",0,0,NA,"LASSO",0,0,200,6
"scenarioA","X_14","indep",0,0,NA,"LASSO",0,0,200,6
"scenarioA","X_15","indep",0,0,NA,"LASSO",0,0,200,6
"scenarioA","X_16","indep",0,0,NA,"LASSO",0,0,200,6
"scenarioA","X_17","indep",0,0,NA,"LASSO",0,0,200,6
"scenarioA","X_18","indep",0,0,NA,"LASSO",0,0,200,6
"scenarioA","X_19","indep",0,0,NA,"LASSO",0,0,200,6
"scenarioA","X_20","indep",0,0,NA,"LASSO",0,0,200,6
"scenarioA","X_21","indep",0,0,NA,"LASSO",0,0,200,6
"scenarioA","X_22","indep",0,0,NA,"LASSO",0,0,200,6
"scenarioA","X_23","indep",0,0,NA,"LASSO",0,0,200,6
"scenarioA","X_24","indep",0,0,NA,"LASSO",0,0,200,6
"scenarioA","X_25","indep",0,0,NA,"LASSO",0,0,200,6
"scenarioA","X_26","indep",0,0,NA,"LASSO",0,0,200,6
"scenarioA","X_27","indep",0,0,NA,"LASSO",0,0,200,6
"scenarioA","X_28","indep",0,0,NA,"LASSO",0,0,200,6
"scenarioA","X_29","indep",0,0,NA,"LASSO",0,0,200,6
"scenarioA","X_30","indep",0,0,NA,"LASSO",0,0,200,6
"scenarioA","X_31","indep",0,0,NA,"LASSO",0,0,200,6
"scenarioA","X_32","indep",0,0,NA,"LASSO",0,0,200,6
"scenarioA","X_33","indep",0,0,NA,"LASSO",0,0,200,6
"scenarioA","X_34","indep",0,0,NA,"LASSO",0,0,200,6
"scenarioA","X_35","indep",0,0,NA,"LASSO",0,0,200,6
"scenarioA","X_36","indep",0,0,NA,"LASSO",0,0,200,6
"scenarioA","X_37","indep",0,0,NA,"LASSO",0,0,200,6
"scenarioA","X_38","indep",0,0,NA,"LASSO",0,0,200,6
"scenarioA","X_39","indep",0,0,NA,"LASSO",0,0,200,6
"scenarioA","X_40","indep",0,0,NA,"LASSO",0,0,200,6
"scenarioA","X_41","indep",0,0,NA,"LASSO",0,0,200,6
"scenarioA","X_42","indep",0,0,NA,"LASSO",0,0,200,6
"scenarioA","X_43","indep",0,0,NA,"LASSO",0,0,200,6
"scenarioA","X_44","indep",0,0,NA,"LASSO",0,0,200,6
"scenarioA","X_45","indep",0,0,NA,"LASSO",0,0,200,6
"scenarioA","X_46","indep",0,0,NA,"LASSO",0,0,200,6
"scenarioA","X_47","indep",0,0,NA,"LASSO",0,0,200,6
"scenarioA","X_48","indep",0,0,NA,"LASSO",0,0,200,6
"scenarioA","X_49","indep",0,0,NA,"LASSO",0,0,200,6
"scenarioA","X_50","indep",0,0,NA,"LASSO",0,0,200,6
"scenarioA","X_51","indep",0,0,NA,"LASSO",0,0,200,6
"scenarioA","X_52","indep",0,0,NA,"LASSO",0,0,200,6
"scenarioA","X_53","indep",0,0,NA,"LASSO",0,0,200,6
"scenarioA","X_54","indep",0,0,NA,"LASSO",0,0,200,6
"scenarioA","X_55","indep",0,0,NA,"LASSO",0,0,200,6
"scenarioA","X_56","indep",0,0,NA,"LASSO",0,0,200,6
"scenarioA","X_57","indep",0,0,NA,"LASSO",0,0,200,6
"scenarioA","X_58","indep",0,0,NA,"LASSO",0,0,200,6
"scenarioA","X_59","indep",0,0,NA,"LASSO",0,0,200,6
"scenarioA","X_60","indep",0,0,NA,"LASSO",0,0,200,6
"scenarioA","X_61","indep",0,0,NA,"LASSO",0,0,200,6
"scenarioA","X_62","indep",0,0,NA,"LASSO",0,0,200,6
"scenarioA","X_63","indep",0,0,NA,"LASSO",0,0,200,6
"scenarioA","X_64","indep",0,0,NA,"LASSO",0,0,200,6
"scenarioA","X_65","indep",0,0,NA,"LASSO",0,0,200,6
"scenarioA","X_66","indep",0,0,NA,"LASSO",0,0,200,6
"scenarioA","X_67","indep",0,0,NA,"LASSO",0,0,200,6
"scenarioA","X_68","indep",0,0,NA,"LASSO",0,0,200,6
"scenarioA","X_69","indep",0,0,NA,"LASSO",0,0,200,6
"scenarioA","X_70","indep",0,0,NA,"LASSO",0,0,200,6
"scenarioA","X_71","indep",0,0,NA,"LASSO",0,0,200,6
"scenarioA","X_72","indep",0,0,NA,"LASSO",0,0,200,6
"scenarioA","X_73","indep",0,0,NA,"LASSO",0,0,200,6
"scenarioA","X_74","indep",0,0,NA,"LASSO",0,0,200,6
"scenarioA","X_75","indep",0,0,NA,"LASSO",0,0,200,6
"scenarioA","X_76","indep",0,0,NA,"LASSO",0,0,200,6
"scenarioA","X_77","indep",0,0,NA,"LASSO",0,0,200,6
"scenarioA","X_78","indep",0,0,NA,"LASSO",0,0,200,6
"scenarioA","X_79","indep",0,0,NA,"LASSO",0,0,200,6
"scenarioA","X_80","indep",0,0,NA,"LASSO",0,0,200,6
"scenarioA","X_81","indep",0,0,NA,"LASSO",0,0,200,6
"scenarioA","X_82","indep",0,0,NA,"LASSO",0,0,200,6
"scenarioA","X_83","indep",0,0,NA,"LASSO",0,0,200,6
"scenarioA","X_84","indep",0,0,NA,"LASSO",0,0,200,6
"scenarioA","X_85","indep",0,0,NA,"LASSO",0,0,200,6
"scenarioA","X_86","indep",0,0,NA,"LASSO",0,0,200,6
"scenarioA","X_87","indep",0,0,NA,"LASSO",0,0,200,6
"scenarioA","X_88","indep",0,0,NA,"LASSO",0,0,200,6
"scenarioA","X_89","indep",0,0,NA,"LASSO",0,0,200,6
"scenarioA","X_90","indep",0,0,NA,"LASSO",0,0,200,6
"scenarioA","X_91","indep",0,0,NA,"LASSO",0,0,200,6
"scenarioA","X_92","indep",0,0,NA,"LASSO",0,0,200,6
"scenarioA","X_93","indep",0,0,NA,"LASSO",0,0,200,6
"scenarioA","X_94","indep",0,0,NA,"LASSO",0,0,200,6
"scenarioA","X_95","indep",0,0,NA,"LASSO",0,0,200,6
"scenarioA","X_96","indep",0,0,NA,"LASSO",0,0,200,6
"scenarioA","X_97","indep",0,0,NA,"LASSO",0,0,200,6
"scenarioA","X_98","indep",0,0,NA,"LASSO",0,0,200,6
"scenarioA","X_99","indep",0,0,NA,"LASSO",0,0,200,6
"scenarioA","X_100","indep",0,0,NA,"LASSO",0,0,200,6
"scenarioA","X_101","indep",0,0,NA,"LASSO",0,0,200,6
"scenarioA","X_102","indep",0,0,NA,"LASSO",0,0,200,6
"scenarioA","X_103","indep",0,0,NA,"LASSO",0,0,200,6
"scenarioA","X_104","indep",0,0,NA,"LASSO",0,0,200,6
"scenarioA","X_105","indep",0,0,NA,"LASSO",0,0,200,6
"scenarioA","X_106","indep",0,0,NA,"LASSO",0,0,200,6
"scenarioA","X_107","indep",0,0,NA,"LASSO",0,0,200,6
"scenarioA","X_108","indep",0,0,NA,"LASSO",0,0,200,6
"scenarioA","X_109","indep",0,0,NA,"LASSO",0,0,200,6
"scenarioA","X_110","indep",0,0,NA,"LASSO",0,0,200,6
"scenarioA","X_111","indep",0,0,NA,"LASSO",0,0,200,6
"scenarioA","X_112","indep",0,0,NA,"LASSO",0,0,200,6
"scenarioA","X_113","indep",0,0,NA,"LASSO",0,0,200,6
"scenarioA","X_114","indep",0,0,NA,"LASSO",0,0,200,6
"scenarioA","X_115","indep",0,0,NA,"LASSO",0,0,200,6
"scenarioA","X_116","indep",0,0,NA,"LASSO",0,0,200,6
"scenarioA","X_117","indep",0,0,NA,"LASSO",0,0,200,6
"scenarioA","X_118","indep",0,0,NA,"LASSO",0,0,200,6
"scenarioA","X_119","indep",0,0,NA,"LASSO",0,0,200,6
"scenarioA","X_120","indep",0,0,NA,"LASSO",0,0,200,6
"scenarioA","X_121","indep",0,0,NA,"LASSO",0,0,200,6
"scenarioA","X_122","indep",0,0,NA,"LASSO",0,0,200,6
"scenarioA","X_123","indep",0,0,NA,"LASSO",0,0,200,6
"scenarioA","X_124","indep",0,0,NA,"LASSO",0,0,200,6
"scenarioA","X_125","indep",0,0,NA,"LASSO",0,0,200,6
"scenarioA","X_126","indep",0,0,NA,"LASSO",0,0,200,6
"scenarioA","X_127","indep",0,0,NA,"LASSO",0,0,200,6
"scenarioA","X_128","indep",0,0,NA,"LASSO",0,0,200,6
"scenarioA","X_129","indep",0,0,NA,"LASSO",0,0,200,6
"scenarioA","X_130","indep",0,0,NA,"LASSO",0,0,200,6
"scenarioA","X_131","indep",0,0,NA,"LASSO",0,0,200,6
"scenarioA","X_132","indep",0,0,NA,"LASSO",0,0,200,6
"scenarioA","X_133","indep",0,0,NA,"LASSO",0,0,200,6
"scenarioA","X_134","indep",0,0,NA,"LASSO",0,0,200,6
"scenarioA","X_135","indep",0,0,NA,"LASSO",0,0,200,6
"scenarioA","X_136","indep",0,0,NA,"LASSO",0,0,200,6
"scenarioA","X_137","indep",0,0,NA,"LASSO",0,0,200,6
"scenarioA","X_138","indep",0,0,NA,"LASSO",0,0,200,6
"scenarioA","X_139","indep",0,0,NA,"LASSO",0,0,200,6
"scenarioA","X_140","indep",0,0,NA,"LASSO",0,0,200,6
"scenarioA","X_141","indep",0,0,NA,"LASSO",0,0,200,6
"scenarioA","X_142","indep",0,0,NA,"LASSO",0,0,200,6
"scenarioA","X_143","indep",0,0,NA,"LASSO",0,0,200,6
"scenarioA","X_144","indep",0,0,NA,"LASSO",0,0,200,6
"scenarioA","X_145","indep",0,0,NA,"LASSO",0,0,200,6
"scenarioA","X_146","indep",0,0,NA,"LASSO",0,0,200,6
"scenarioA","X_147","indep",0,0,NA,"LASSO",0,0,200,6
"scenarioA","X_148","indep",0,0,NA,"LASSO",0,0,200,6
"scenarioA","X_149","indep",0,0,NA,"LASSO",0,0,200,6
"scenarioA","X_150","indep",0,0,NA,"LASSO",0,0,200,6
"scenarioA","X_151","indep",0,0,NA,"LASSO",0,0,200,6
"scenarioA","X_152","indep",0,0,NA,"LASSO",0,0,200,6
"scenarioA","X_153","indep",0,0,NA,"LASSO",0,0,200,6
"scenarioA","X_154","indep",0,0,NA,"LASSO",0,0,200,6
"scenarioA","X_155","weak",0.3,0,NA,"LASSO",0,0,200,6
"scenarioA","X_156","weak",0.3,0,NA,"LASSO",0,0,200,6
"scenarioA","X_157","weak",0.3,0,NA,"LASSO",0,0,200,6
"scenarioA","X_158","weak",0.3,0,NA,"LASSO",0,0,200,6
"scenarioA","X_159","weak",0.3,0,NA,"LASSO",0,0,200,6
"scenarioA","X_160","weak",0.3,0,NA,"LASSO",0,0,200,6
"scenarioA","X_161","weak",0.3,0,NA,"LASSO",0,0,200,6
"scenarioA","X_162","weak",0.3,0,NA,"LASSO",0,0,200,6
"scenarioA","X_163","weak",0.3,0,NA,"LASSO",0,0,200,6
"scenarioA","X_164","weak",0.3,0,NA,"LASSO",0,0,200,6
"scenarioA","X_165","weak",0.3,0,NA,"LASSO",0,0,200,6
"scenarioA","X_166","weak",0.3,0,NA,"LASSO",0,0,200,6
"scenarioA","X_167","weak",0.3,0,NA,"LASSO",0,0,200,6
"scenarioA","X_168","weak",0.3,0,NA,"LASSO",0,0,200,6
"scenarioA","X_169","weak",0.3,0,NA,"LASSO",0,0,200,6
"scenarioA","X_170","weak",0.3,0,NA,"LASSO",0,0,200,6
"scenarioA","X_171","weak",0.3,0,NA,"LASSO",0,0,200,6
"scenarioA","X_172","weak",0.3,0,NA,"LASSO",0,0,200,6
"scenarioA","X_173","weak",0.3,0,NA,"LASSO",0,0,200,6
"scenarioA","X_174","weak",0.3,0,NA,"LASSO",0,0,200,6
"scenarioA","X_175","weak",0.3,0,NA,"LASSO",0,0,200,6
"scenarioA","X_176","weak",0.3,0,NA,"LASSO",0,0,200,6
"scenarioA","X_177","weak",0.3,0,NA,"LASSO",0,0,200,6
"scenarioA","X_178","weak",0.3,0,NA,"LASSO",0,0,200,6
"scenarioA","X_179","weak",0.3,0,NA,"LASSO",0,0,200,6
"scenarioA","X_180","weak",0.3,0,NA,"LASSO",0,0,200,6
"scenarioA","X_181","weak",0.3,0,NA,"LASSO",0,0,200,6
"scenarioA","X_182","weak",0.3,0,NA,"LASSO",0,0,200,6
"scenarioA","X_183","weak",0.3,0,NA,"LASSO",0,0,200,6
"scenarioA","X_184","weak",0.3,0,NA,"LASSO",0,0,200,6
"scenarioA","X_185","weak",0.3,0,NA,"LASSO",0,0,200,6
"scenarioA","X_186","weak",0.3,0,NA,"LASSO",0,0,200,6
"scenarioA","X_187","weak",0.3,0,NA,"LASSO",0,0,200,6
"scenarioA","X_188","weak",0.3,0,NA,"LASSO",0,0,200,6
"scenarioA","X_189","weak",0.3,0,NA,"LASSO",0,0,200,6
"scenarioA","X_190","weak",0.3,0,NA,"LASSO",0,0,200,6
"scenarioA","X_191","weak",0.3,0,NA,"LASSO",0,0,200,6
"scenarioA","X_192","weak",0.3,0,NA,"LASSO",0,0,200,6
"scenarioA","X_193","weak",0.3,0,NA,"LASSO",0.0312708227686627,0.0312708227686627,200,6
"scenarioA","X_194","weak",0.3,0,NA,"LASSO",0,0,200,6
"scenarioA","X_195","weak",0.3,0,NA,"LASSO",0,0,200,6
"scenarioA","X_196","weak",0.3,0,NA,"LASSO",0,0,200,6
"scenarioA","X_197","weak",0.3,0,NA,"LASSO",0.0726742950591252,0.0726742950591252,200,6
"scenarioA","X_198","weak",0.3,0,NA,"LASSO",0,0,200,6
"scenarioA","X_199","weak",0.3,0,NA,"LASSO",0,0,200,6
"scenarioA","X_200","weak",0.3,0,NA,"LASSO",0,0,200,6
"scenarioA","X_201","weak",0.3,0,NA,"LASSO",0,0,200,6
"scenarioA","X_202","weak",0.3,0,NA,"LASSO",0,0,200,6
"scenarioA","X_203","weak",0.3,0,NA,"LASSO",0.0814782769117043,0.0814782769117043,200,6
"scenarioA","X_204","weak",0.3,0,NA,"LASSO",0,0,200,6
"scenarioA","X_205","weak",0.3,0,NA,"LASSO",0,0,200,6
"scenarioA","X_206","weak",0.3,0,NA,"LASSO",0,0,200,6
"scenarioA","X_207","weak",0.3,0,NA,"LASSO",0,0,200,6
"scenarioA","X_208","weak",0.3,0,NA,"LASSO",0,0,200,6
"scenarioA","X_209","weak",0.3,0,NA,"LASSO",0,0,200,6
"scenarioA","X_210","weak",0.3,0,NA,"LASSO",0,0,200,6
"scenarioA","X_211","weak",0.3,0,NA,"LASSO",0,0,200,6
"scenarioA","X_212","weak",0.3,0,NA,"LASSO",0,0,200,6
"scenarioA","X_213","weak",0.3,0,NA,"LASSO",0,0,200,6
"scenarioA","X_214","weak",0.3,0,NA,"LASSO",0,0,200,6
"scenarioA","X_215","weak",0.3,0,NA,"LASSO",0,0,200,6
"scenarioA","X_216","weak",0.3,0,NA,"LASSO",0,0,200,6
"scenarioA","X_217","weak",0.3,0,NA,"LASSO",0,0,200,6
"scenarioA","X_218","weak",0.3,0,NA,"LASSO",0,0,200,6
"scenarioA","X_219","weak",0.3,0,NA,"LASSO",0,0,200,6
"scenarioA","X_220","weak",0.3,0,NA,"LASSO",0,0,200,6
"scenarioA","X_221","weak",0.3,0,NA,"LASSO",0,0,200,6
"scenarioA","X_222","weak",0.3,0,NA,"LASSO",0,0,200,6
"scenarioA","X_223","weak",0.3,0,NA,"LASSO",0,0,200,6
"scenarioA","X_224","weak",0.3,0,NA,"LASSO",0,0,200,6
"scenarioA","X_225","weak",0.3,0,NA,"LASSO",0,0,200,6
"scenarioA","X_226","weak",0.3,0,NA,"LASSO",0,0,200,6
"scenarioA","X_227","weak",0.3,0,NA,"LASSO",0,0,200,6
"scenarioA","X_228","strong",0.6,0,NA,"LASSO",0,0,200,6
"scenarioA","X_229","strong",0.6,0,NA,"LASSO",0,0,200,6
"scenarioA","X_230","strong",0.6,0,NA,"LASSO",0,0,200,6
"scenarioA","X_231","strong",0.6,0,NA,"LASSO",0,0,200,6
"scenarioA","X_232","strong",0.6,0,NA,"LASSO",0,0,200,6
"scenarioA","X_233","strong",0.6,0,NA,"LASSO",0,0,200,6
"scenarioA","X_234","strong",0.6,0,NA,"LASSO",0,0,200,6
"scenarioA","X_235","strong",0.6,0,NA,"LASSO",0,0,200,6
"scenarioA","X_236","strong",0.6,0,NA,"LASSO",0,0,200,6
"scenarioA","X_237","strong",0.6,0,NA,"LASSO",0,0,200,6
"scenarioA","X_238","strong",0.6,0,NA,"LASSO",0,0,200,6
"scenarioA","X_239","strong",0.6,0,NA,"LASSO",0,0,200,6
"scenarioA","X_240","strong",0.6,0,NA,"LASSO",0,0,200,6
"scenarioA","X_241","strong",0.6,0,NA,"LASSO",0,0,200,6
"scenarioA","X_242","strong",0.6,0,NA,"LASSO",0,0,200,6
"scenarioA","X_243","strong",0.6,0,NA,"LASSO",0,0,200,6
"scenarioA","X_244","strong",0.6,0,NA,"LASSO",0,0,200,6
"scenarioA","X_245","strong",0.6,0,NA,"LASSO",0,0,200,6
"scenarioA","X_246","strong",0.6,0,NA,"LASSO",0,0,200,6
"scenarioA","X_247","strong",0.6,0,NA,"LASSO",0,0,200,6
"scenarioA","X_248","strong",0.6,0,NA,"LASSO",0,0,200,6
"scenarioA","X_249","strong",0.6,0,NA,"LASSO",0,0,200,6
"scenarioA","X_250","strong",0.6,0,NA,"LASSO",0,0,200,6
"scenarioA","X_251","strong",0.6,0,NA,"LASSO",0,0,200,6
"scenarioA","X_252","strong",0.6,0,NA,"LASSO",0,0,200,6
"scenarioA","X_253","strong",0.6,0,NA,"LASSO",0,0,200,6
"scenarioA","X_254","strong",0.6,0,NA,"LASSO",0,0,200,6
"scenarioA","X_255","strong",0.6,0,NA,"LASSO",0,0,200,6
"scenarioA","X_256","strong",0.6,0,NA,"LASSO",0,0,200,6
"scenarioA","X_257","strong",0.6,0,NA,"LASSO",0,0,200,6
"scenarioA","X_258","strong",0.6,0,NA,"LASSO",0,0,200,6
"scenarioA","X_259","strong",0.6,0,NA,"LASSO",0,0,200,6
"scenarioA","X_260","strong",0.6,0,NA,"LASSO",0,0,200,6
"scenarioA","X_261","strong",0.6,0,NA,"LASSO",0,0,200,6
"scenarioA","X_262","strong",0.6,0,NA,"LASSO",0,0,200,6
"scenarioA","X_263","strong",0.6,0,NA,"LASSO",0,0,200,6
"scenarioA","X_264","strong",0.6,0,NA,"LASSO",0,0,200,6
"scenarioA","X_265","strong",0.6,0,NA,"LASSO",0,0,200,6
"scenarioA","X_266","strong",0.6,0,NA,"LASSO",0,0,200,6
"scenarioA","X_267","strong",0.6,0,NA,"LASSO",0,0,200,6
"scenarioA","X_268","strong",0.6,0,NA,"LASSO",0,0,200,6
"scenarioA","X_269","strong",0.6,0,NA,"LASSO",0,0,200,6
"scenarioA","X_270","strong",0.6,0,NA,"LASSO",0,0,200,6
"scenarioA","X_271","strong",0.6,0,NA,"LASSO",0,0,200,6
"scenarioA","X_272","strong",0.6,0,NA,"LASSO",0,0,200,6
"scenarioA","X_273","strong",0.6,0,NA,"LASSO",0,0,200,6
"scenarioA","X_274","strong",0.6,0,NA,"LASSO",0,0,200,6
"scenarioA","X_275","strong",0.6,0,NA,"LASSO",0,0,200,6
"scenarioA","X_276","strong",0.6,0,NA,"LASSO",0,0,200,6
"scenarioA","X_277","strong",0.6,0,NA,"LASSO",0,0,200,6
"scenarioA","X_278","strong",0.6,0,NA,"LASSO",0,0,200,6
"scenarioA","X_279","strong",0.6,0,NA,"LASSO",0,0,200,6
"scenarioA","X_280","strong",0.6,0,NA,"LASSO",0,0,200,6
"scenarioA","X_281","strong",0.6,0,NA,"LASSO",0,0,200,6
"scenarioA","X_282","strong",0.6,0,NA,"LASSO",0,0,200,6
"scenarioA","X_283","strong",0.6,0,NA,"LASSO",0,0,200,6
"scenarioA","X_284","strong",0.6,0,NA,"LASSO",0,0,200,6
"scenarioA","X_285","strong",0.6,0,NA,"LASSO",0,0,200,6
"scenarioA","X_286","strong",0.6,0,NA,"LASSO",0,0,200,6
"scenarioA","X_287","strong",0.6,0,NA,"LASSO",0,0,200,6
"scenarioA","X_288","strong",0.6,0,NA,"LASSO",0,0,200,6
"scenarioA","X_289","strong",0.6,0,NA,"LASSO",0,0,200,6
"scenarioA","X_290","strong",0.6,0,NA,"LASSO",0,0,200,6
"scenarioA","X_291","strong",0.6,0,NA,"LASSO",0,0,200,6
"scenarioA","X_292","strong",0.6,0,NA,"LASSO",0,0,200,6
"scenarioA","X_293","strong",0.6,0,NA,"LASSO",0,0,200,6
"scenarioA","X_294","strong",0.6,0,NA,"LASSO",0,0,200,6
"scenarioA","X_295","strong",0.6,0,NA,"LASSO",0,0,200,6
"scenarioA","X_296","strong",0.6,0,NA,"LASSO",0,0,200,6
"scenarioA","X_297","strong",0.6,0,NA,"LASSO",0,0,200,6
"scenarioA","X_298","strong",0.6,0,NA,"LASSO",0,0,200,6
"scenarioA","X_299","strong",0.6,0,NA,"LASSO",0,0,200,6
"scenarioA","X_300","strong",0.6,0,NA,"LASSO",0,0,200,6
"scenarioA","X_1","strong",0.6,0.4,0.429411998237953,"SSL",0.371073733818348,-0.0289262661816519,200,7
"scenarioA","X_2","strong",0.6,-0.5,-0.594686801363412,"SSL",-0.436344948920853,0.063655051079147,200,7
"scenarioA","X_3","weak",0.3,0.6,0.58681574224076,"SSL",0.447554548668336,-0.152445451331664,200,7
"scenarioA","X_4","weak",0.3,0.75,0.766826744562184,"SSL",0.601598473114149,-0.148401526885851,200,7
"scenarioA","X_5","indep",0,-0.8,-0.812832864064697,"SSL",-0.684246751354837,0.115753248645163,200,7
"scenarioA","X_6","indep",0,0,NA,"SSL",0,0,200,7
"scenarioA","X_7","indep",0,0,NA,"SSL",0,0,200,7
"scenarioA","X_8","indep",0,0,NA,"SSL",0,0,200,7
"scenarioA","X_9","indep",0,0,NA,"SSL",0,0,200,7
"scenarioA","X_10","indep",0,0,NA,"SSL",0,0,200,7
"scenarioA","X_11","indep",0,0,NA,"SSL",0,0,200,7
"scenarioA","X_12","indep",0,0,NA,"SSL",0,0,200,7
"scenarioA","X_13","indep",0,0,NA,"SSL",0,0,200,7
"scenarioA","X_14","indep",0,0,NA,"SSL",0,0,200,7
"scenarioA","X_15","indep",0,0,NA,"SSL",0,0,200,7
"scenarioA","X_16","indep",0,0,NA,"SSL",0,0,200,7
"scenarioA","X_17","indep",0,0,NA,"SSL",0,0,200,7
"scenarioA","X_18","indep",0,0,NA,"SSL",0,0,200,7
"scenarioA","X_19","indep",0,0,NA,"SSL",0,0,200,7
"scenarioA","X_20","indep",0,0,NA,"SSL",0,0,200,7
"scenarioA","X_21","indep",0,0,NA,"SSL",0,0,200,7
"scenarioA","X_22","indep",0,0,NA,"SSL",0,0,200,7
"scenarioA","X_23","indep",0,0,NA,"SSL",0,0,200,7
"scenarioA","X_24","indep",0,0,NA,"SSL",0,0,200,7
"scenarioA","X_25","indep",0,0,NA,"SSL",0,0,200,7
"scenarioA","X_26","indep",0,0,NA,"SSL",0,0,200,7
"scenarioA","X_27","indep",0,0,NA,"SSL",0,0,200,7
"scenarioA","X_28","indep",0,0,NA,"SSL",0,0,200,7
"scenarioA","X_29","indep",0,0,NA,"SSL",0,0,200,7
"scenarioA","X_30","indep",0,0,NA,"SSL",0,0,200,7
"scenarioA","X_31","indep",0,0,NA,"SSL",0,0,200,7
"scenarioA","X_32","indep",0,0,NA,"SSL",0,0,200,7
"scenarioA","X_33","indep",0,0,NA,"SSL",-0.235081591408325,-0.235081591408325,200,7
"scenarioA","X_34","indep",0,0,NA,"SSL",0,0,200,7
"scenarioA","X_35","indep",0,0,NA,"SSL",0,0,200,7
"scenarioA","X_36","indep",0,0,NA,"SSL",0,0,200,7
"scenarioA","X_37","indep",0,0,NA,"SSL",0,0,200,7
"scenarioA","X_38","indep",0,0,NA,"SSL",0,0,200,7
"scenarioA","X_39","indep",0,0,NA,"SSL",0,0,200,7
"scenarioA","X_40","indep",0,0,NA,"SSL",0,0,200,7
"scenarioA","X_41","indep",0,0,NA,"SSL",0,0,200,7
"scenarioA","X_42","indep",0,0,NA,"SSL",0,0,200,7
"scenarioA","X_43","indep",0,0,NA,"SSL",0,0,200,7
"scenarioA","X_44","indep",0,0,NA,"SSL",0,0,200,7
"scenarioA","X_45","indep",0,0,NA,"SSL",0,0,200,7
"scenarioA","X_46","indep",0,0,NA,"SSL",0,0,200,7
"scenarioA","X_47","indep",0,0,NA,"SSL",0,0,200,7
"scenarioA","X_48","indep",0,0,NA,"SSL",0,0,200,7
"scenarioA","X_49","indep",0,0,NA,"SSL",0,0,200,7
"scenarioA","X_50","indep",0,0,NA,"SSL",0,0,200,7
"scenarioA","X_51","indep",0,0,NA,"SSL",0.276749339832627,0.276749339832627,200,7
"scenarioA","X_52","indep",0,0,NA,"SSL",0,0,200,7
"scenarioA","X_53","indep",0,0,NA,"SSL",0,0,200,7
"scenarioA","X_54","indep",0,0,NA,"SSL",0,0,200,7
"scenarioA","X_55","indep",0,0,NA,"SSL",0,0,200,7
"scenarioA","X_56","indep",0,0,NA,"SSL",0,0,200,7
"scenarioA","X_57","indep",0,0,NA,"SSL",0,0,200,7
"scenarioA","X_58","indep",0,0,NA,"SSL",0,0,200,7
"scenarioA","X_59","indep",0,0,NA,"SSL",0,0,200,7
"scenarioA","X_60","indep",0,0,NA,"SSL",0,0,200,7
"scenarioA","X_61","indep",0,0,NA,"SSL",0,0,200,7
"scenarioA","X_62","indep",0,0,NA,"SSL",0,0,200,7
"scenarioA","X_63","indep",0,0,NA,"SSL",0,0,200,7
"scenarioA","X_64","indep",0,0,NA,"SSL",0,0,200,7
"scenarioA","X_65","indep",0,0,NA,"SSL",0,0,200,7
"scenarioA","X_66","indep",0,0,NA,"SSL",0,0,200,7
"scenarioA","X_67","indep",0,0,NA,"SSL",0,0,200,7
"scenarioA","X_68","indep",0,0,NA,"SSL",0,0,200,7
"scenarioA","X_69","indep",0,0,NA,"SSL",0,0,200,7
"scenarioA","X_70","indep",0,0,NA,"SSL",0,0,200,7
"scenarioA","X_71","indep",0,0,NA,"SSL",0,0,200,7
"scenarioA","X_72","indep",0,0,NA,"SSL",0,0,200,7
"scenarioA","X_73","indep",0,0,NA,"SSL",0,0,200,7
"scenarioA","X_74","indep",0,0,NA,"SSL",0,0,200,7
"scenarioA","X_75","indep",0,0,NA,"SSL",0,0,200,7
"scenarioA","X_76","indep",0,0,NA,"SSL",0,0,200,7
"scenarioA","X_77","indep",0,0,NA,"SSL",0,0,200,7
"scenarioA","X_78","indep",0,0,NA,"SSL",0,0,200,7
"scenarioA","X_79","indep",0,0,NA,"SSL",0,0,200,7
"scenarioA","X_80","indep",0,0,NA,"SSL",0,0,200,7
"scenarioA","X_81","indep",0,0,NA,"SSL",0,0,200,7
"scenarioA","X_82","indep",0,0,NA,"SSL",0,0,200,7
"scenarioA","X_83","indep",0,0,NA,"SSL",0,0,200,7
"scenarioA","X_84","indep",0,0,NA,"SSL",0,0,200,7
"scenarioA","X_85","indep",0,0,NA,"SSL",0,0,200,7
"scenarioA","X_86","indep",0,0,NA,"SSL",0,0,200,7
"scenarioA","X_87","indep",0,0,NA,"SSL",0,0,200,7
"scenarioA","X_88","indep",0,0,NA,"SSL",0,0,200,7
"scenarioA","X_89","indep",0,0,NA,"SSL",0,0,200,7
"scenarioA","X_90","indep",0,0,NA,"SSL",0,0,200,7
"scenarioA","X_91","indep",0,0,NA,"SSL",0,0,200,7
"scenarioA","X_92","indep",0,0,NA,"SSL",0,0,200,7
"scenarioA","X_93","indep",0,0,NA,"SSL",0,0,200,7
"scenarioA","X_94","indep",0,0,NA,"SSL",0,0,200,7
"scenarioA","X_95","indep",0,0,NA,"SSL",0,0,200,7
"scenarioA","X_96","indep",0,0,NA,"SSL",0,0,200,7
"scenarioA","X_97","indep",0,0,NA,"SSL",0,0,200,7
"scenarioA","X_98","indep",0,0,NA,"SSL",0,0,200,7
"scenarioA","X_99","indep",0,0,NA,"SSL",0,0,200,7
"scenarioA","X_100","indep",0,0,NA,"SSL",0,0,200,7
"scenarioA","X_101","indep",0,0,NA,"SSL",0,0,200,7
"scenarioA","X_102","indep",0,0,NA,"SSL",0,0,200,7
"scenarioA","X_103","indep",0,0,NA,"SSL",0,0,200,7
"scenarioA","X_104","indep",0,0,NA,"SSL",0,0,200,7
"scenarioA","X_105","indep",0,0,NA,"SSL",0,0,200,7
"scenarioA","X_106","indep",0,0,NA,"SSL",0,0,200,7
"scenarioA","X_107","indep",0,0,NA,"SSL",0,0,200,7
"scenarioA","X_108","indep",0,0,NA,"SSL",0,0,200,7
"scenarioA","X_109","indep",0,0,NA,"SSL",0,0,200,7
"scenarioA","X_110","indep",0,0,NA,"SSL",0,0,200,7
"scenarioA","X_111","indep",0,0,NA,"SSL",0,0,200,7
"scenarioA","X_112","indep",0,0,NA,"SSL",0,0,200,7
"scenarioA","X_113","indep",0,0,NA,"SSL",0,0,200,7
"scenarioA","X_114","indep",0,0,NA,"SSL",-0.213438639071046,-0.213438639071046,200,7
"scenarioA","X_115","indep",0,0,NA,"SSL",0,0,200,7
"scenarioA","X_116","indep",0,0,NA,"SSL",0,0,200,7
"scenarioA","X_117","indep",0,0,NA,"SSL",0,0,200,7
"scenarioA","X_118","indep",0,0,NA,"SSL",0,0,200,7
"scenarioA","X_119","indep",0,0,NA,"SSL",0,0,200,7
"scenarioA","X_120","indep",0,0,NA,"SSL",0,0,200,7
"scenarioA","X_121","indep",0,0,NA,"SSL",-0.141875863498751,-0.141875863498751,200,7
"scenarioA","X_122","indep",0,0,NA,"SSL",0,0,200,7
"scenarioA","X_123","indep",0,0,NA,"SSL",0,0,200,7
"scenarioA","X_124","indep",0,0,NA,"SSL",0,0,200,7
"scenarioA","X_125","indep",0,0,NA,"SSL",0.224824771081296,0.224824771081296,200,7
"scenarioA","X_126","indep",0,0,NA,"SSL",0,0,200,7
"scenarioA","X_127","indep",0,0,NA,"SSL",0,0,200,7
"scenarioA","X_128","indep",0,0,NA,"SSL",0,0,200,7
"scenarioA","X_129","indep",0,0,NA,"SSL",0,0,200,7
"scenarioA","X_130","indep",0,0,NA,"SSL",0,0,200,7
"scenarioA","X_131","indep",0,0,NA,"SSL",0,0,200,7
"scenarioA","X_132","indep",0,0,NA,"SSL",0,0,200,7
"scenarioA","X_133","indep",0,0,NA,"SSL",0,0,200,7
"scenarioA","X_134","indep",0,0,NA,"SSL",0,0,200,7
"scenarioA","X_135","indep",0,0,NA,"SSL",0,0,200,7
"scenarioA","X_136","indep",0,0,NA,"SSL",0,0,200,7
"scenarioA","X_137","indep",0,0,NA,"SSL",0,0,200,7
"scenarioA","X_138","indep",0,0,NA,"SSL",0,0,200,7
"scenarioA","X_139","indep",0,0,NA,"SSL",0,0,200,7
"scenarioA","X_140","indep",0,0,NA,"SSL",0,0,200,7
"scenarioA","X_141","indep",0,0,NA,"SSL",0,0,200,7
"scenarioA","X_142","indep",0,0,NA,"SSL",0,0,200,7
"scenarioA","X_143","indep",0,0,NA,"SSL",0,0,200,7
"scenarioA","X_144","indep",0,0,NA,"SSL",0,0,200,7
"scenarioA","X_145","indep",0,0,NA,"SSL",0,0,200,7
"scenarioA","X_146","indep",0,0,NA,"SSL",0,0,200,7
"scenarioA","X_147","indep",0,0,NA,"SSL",0,0,200,7
"scenarioA","X_148","indep",0,0,NA,"SSL",0,0,200,7
"scenarioA","X_149","indep",0,0,NA,"SSL",0,0,200,7
"scenarioA","X_150","indep",0,0,NA,"SSL",0,0,200,7
"scenarioA","X_151","indep",0,0,NA,"SSL",-0.306170729230308,-0.306170729230308,200,7
"scenarioA","X_152","indep",0,0,NA,"SSL",0,0,200,7
"scenarioA","X_153","indep",0,0,NA,"SSL",0,0,200,7
"scenarioA","X_154","indep",0,0,NA,"SSL",0,0,200,7
"scenarioA","X_155","weak",0.3,0,NA,"SSL",0,0,200,7
"scenarioA","X_156","weak",0.3,0,NA,"SSL",0,0,200,7
"scenarioA","X_157","weak",0.3,0,NA,"SSL",0,0,200,7
"scenarioA","X_158","weak",0.3,0,NA,"SSL",0,0,200,7
"scenarioA","X_159","weak",0.3,0,NA,"SSL",0,0,200,7
"scenarioA","X_160","weak",0.3,0,NA,"SSL",0,0,200,7
"scenarioA","X_161","weak",0.3,0,NA,"SSL",0,0,200,7
"scenarioA","X_162","weak",0.3,0,NA,"SSL",0,0,200,7
"scenarioA","X_163","weak",0.3,0,NA,"SSL",0,0,200,7
"scenarioA","X_164","weak",0.3,0,NA,"SSL",0,0,200,7
"scenarioA","X_165","weak",0.3,0,NA,"SSL",0,0,200,7
"scenarioA","X_166","weak",0.3,0,NA,"SSL",0,0,200,7
"scenarioA","X_167","weak",0.3,0,NA,"SSL",0,0,200,7
"scenarioA","X_168","weak",0.3,0,NA,"SSL",0,0,200,7
"scenarioA","X_169","weak",0.3,0,NA,"SSL",0,0,200,7
"scenarioA","X_170","weak",0.3,0,NA,"SSL",0,0,200,7
"scenarioA","X_171","weak",0.3,0,NA,"SSL",0,0,200,7
"scenarioA","X_172","weak",0.3,0,NA,"SSL",0,0,200,7
"scenarioA","X_173","weak",0.3,0,NA,"SSL",0,0,200,7
"scenarioA","X_174","weak",0.3,0,NA,"SSL",0,0,200,7
"scenarioA","X_175","weak",0.3,0,NA,"SSL",0,0,200,7
"scenarioA","X_176","weak",0.3,0,NA,"SSL",0,0,200,7
"scenarioA","X_177","weak",0.3,0,NA,"SSL",0,0,200,7
"scenarioA","X_178","weak",0.3,0,NA,"SSL",0,0,200,7
"scenarioA","X_179","weak",0.3,0,NA,"SSL",0.201588412650132,0.201588412650132,200,7
"scenarioA","X_180","weak",0.3,0,NA,"SSL",0,0,200,7
"scenarioA","X_181","weak",0.3,0,NA,"SSL",0.228692200648943,0.228692200648943,200,7
"scenarioA","X_182","weak",0.3,0,NA,"SSL",0,0,200,7
"scenarioA","X_183","weak",0.3,0,NA,"SSL",0,0,200,7
"scenarioA","X_184","weak",0.3,0,NA,"SSL",0,0,200,7
"scenarioA","X_185","weak",0.3,0,NA,"SSL",0,0,200,7
"scenarioA","X_186","weak",0.3,0,NA,"SSL",0,0,200,7
"scenarioA","X_187","weak",0.3,0,NA,"SSL",0,0,200,7
"scenarioA","X_188","weak",0.3,0,NA,"SSL",0,0,200,7
"scenarioA","X_189","weak",0.3,0,NA,"SSL",0,0,200,7
"scenarioA","X_190","weak",0.3,0,NA,"SSL",0,0,200,7
"scenarioA","X_191","weak",0.3,0,NA,"SSL",0,0,200,7
"scenarioA","X_192","weak",0.3,0,NA,"SSL",0,0,200,7
"scenarioA","X_193","weak",0.3,0,NA,"SSL",0,0,200,7
"scenarioA","X_194","weak",0.3,0,NA,"SSL",0,0,200,7
"scenarioA","X_195","weak",0.3,0,NA,"SSL",0,0,200,7
"scenarioA","X_196","weak",0.3,0,NA,"SSL",0,0,200,7
"scenarioA","X_197","weak",0.3,0,NA,"SSL",0,0,200,7
"scenarioA","X_198","weak",0.3,0,NA,"SSL",0,0,200,7
"scenarioA","X_199","weak",0.3,0,NA,"SSL",0,0,200,7
"scenarioA","X_200","weak",0.3,0,NA,"SSL",0,0,200,7
"scenarioA","X_201","weak",0.3,0,NA,"SSL",0,0,200,7
"scenarioA","X_202","weak",0.3,0,NA,"SSL",0,0,200,7
"scenarioA","X_203","weak",0.3,0,NA,"SSL",0,0,200,7
"scenarioA","X_204","weak",0.3,0,NA,"SSL",0,0,200,7
"scenarioA","X_205","weak",0.3,0,NA,"SSL",0,0,200,7
"scenarioA","X_206","weak",0.3,0,NA,"SSL",0,0,200,7
"scenarioA","X_207","weak",0.3,0,NA,"SSL",0,0,200,7
"scenarioA","X_208","weak",0.3,0,NA,"SSL",0,0,200,7
"scenarioA","X_209","weak",0.3,0,NA,"SSL",0,0,200,7
"scenarioA","X_210","weak",0.3,0,NA,"SSL",0,0,200,7
"scenarioA","X_211","weak",0.3,0,NA,"SSL",0,0,200,7
"scenarioA","X_212","weak",0.3,0,NA,"SSL",0,0,200,7
"scenarioA","X_213","weak",0.3,0,NA,"SSL",0,0,200,7
"scenarioA","X_214","weak",0.3,0,NA,"SSL",0,0,200,7
"scenarioA","X_215","weak",0.3,0,NA,"SSL",0,0,200,7
"scenarioA","X_216","weak",0.3,0,NA,"SSL",0,0,200,7
"scenarioA","X_217","weak",0.3,0,NA,"SSL",0,0,200,7
"scenarioA","X_218","weak",0.3,0,NA,"SSL",0,0,200,7
"scenarioA","X_219","weak",0.3,0,NA,"SSL",0,0,200,7
"scenarioA","X_220","weak",0.3,0,NA,"SSL",0,0,200,7
"scenarioA","X_221","weak",0.3,0,NA,"SSL",0,0,200,7
"scenarioA","X_222","weak",0.3,0,NA,"SSL",0,0,200,7
"scenarioA","X_223","weak",0.3,0,NA,"SSL",0,0,200,7
"scenarioA","X_224","weak",0.3,0,NA,"SSL",0,0,200,7
"scenarioA","X_225","weak",0.3,0,NA,"SSL",0,0,200,7
"scenarioA","X_226","weak",0.3,0,NA,"SSL",0,0,200,7
"scenarioA","X_227","weak",0.3,0,NA,"SSL",0,0,200,7
"scenarioA","X_228","strong",0.6,0,NA,"SSL",0,0,200,7
"scenarioA","X_229","strong",0.6,0,NA,"SSL",0,0,200,7
"scenarioA","X_230","strong",0.6,0,NA,"SSL",0,0,200,7
"scenarioA","X_231","strong",0.6,0,NA,"SSL",0,0,200,7
"scenarioA","X_232","strong",0.6,0,NA,"SSL",0,0,200,7
"scenarioA","X_233","strong",0.6,0,NA,"SSL",0,0,200,7
"scenarioA","X_234","strong",0.6,0,NA,"SSL",0,0,200,7
"scenarioA","X_235","strong",0.6,0,NA,"SSL",0,0,200,7
"scenarioA","X_236","strong",0.6,0,NA,"SSL",0,0,200,7
"scenarioA","X_237","strong",0.6,0,NA,"SSL",0,0,200,7
"scenarioA","X_238","strong",0.6,0,NA,"SSL",0,0,200,7
"scenarioA","X_239","strong",0.6,0,NA,"SSL",0,0,200,7
"scenarioA","X_240","strong",0.6,0,NA,"SSL",0,0,200,7
"scenarioA","X_241","strong",0.6,0,NA,"SSL",0,0,200,7
"scenarioA","X_242","strong",0.6,0,NA,"SSL",0,0,200,7
"scenarioA","X_243","strong",0.6,0,NA,"SSL",0,0,200,7
"scenarioA","X_244","strong",0.6,0,NA,"SSL",0,0,200,7
"scenarioA","X_245","strong",0.6,0,NA,"SSL",0,0,200,7
"scenarioA","X_246","strong",0.6,0,NA,"SSL",0,0,200,7
"scenarioA","X_247","strong",0.6,0,NA,"SSL",-0.153155093275835,-0.153155093275835,200,7
"scenarioA","X_248","strong",0.6,0,NA,"SSL",0,0,200,7
"scenarioA","X_249","strong",0.6,0,NA,"SSL",0,0,200,7
"scenarioA","X_250","strong",0.6,0,NA,"SSL",0,0,200,7
"scenarioA","X_251","strong",0.6,0,NA,"SSL",0,0,200,7
"scenarioA","X_252","strong",0.6,0,NA,"SSL",0,0,200,7
"scenarioA","X_253","strong",0.6,0,NA,"SSL",0,0,200,7
"scenarioA","X_254","strong",0.6,0,NA,"SSL",0,0,200,7
"scenarioA","X_255","strong",0.6,0,NA,"SSL",0,0,200,7
"scenarioA","X_256","strong",0.6,0,NA,"SSL",0,0,200,7
"scenarioA","X_257","strong",0.6,0,NA,"SSL",0,0,200,7
"scenarioA","X_258","strong",0.6,0,NA,"SSL",0,0,200,7
"scenarioA","X_259","strong",0.6,0,NA,"SSL",0,0,200,7
"scenarioA","X_260","strong",0.6,0,NA,"SSL",0,0,200,7
"scenarioA","X_261","strong",0.6,0,NA,"SSL",0,0,200,7
"scenarioA","X_262","strong",0.6,0,NA,"SSL",0,0,200,7
"scenarioA","X_263","strong",0.6,0,NA,"SSL",0,0,200,7
"scenarioA","X_264","strong",0.6,0,NA,"SSL",0,0,200,7
"scenarioA","X_265","strong",0.6,0,NA,"SSL",0,0,200,7
"scenarioA","X_266","strong",0.6,0,NA,"SSL",0,0,200,7
"scenarioA","X_267","strong",0.6,0,NA,"SSL",0,0,200,7
"scenarioA","X_268","strong",0.6,0,NA,"SSL",0,0,200,7
"scenarioA","X_269","strong",0.6,0,NA,"SSL",0,0,200,7
"scenarioA","X_270","strong",0.6,0,NA,"SSL",0,0,200,7
"scenarioA","X_271","strong",0.6,0,NA,"SSL",0,0,200,7
"scenarioA","X_272","strong",0.6,0,NA,"SSL",0,0,200,7
"scenarioA","X_273","strong",0.6,0,NA,"SSL",0,0,200,7
"scenarioA","X_274","strong",0.6,0,NA,"SSL",0,0,200,7
"scenarioA","X_275","strong",0.6,0,NA,"SSL",0,0,200,7
"scenarioA","X_276","strong",0.6,0,NA,"SSL",0,0,200,7
"scenarioA","X_277","strong",0.6,0,NA,"SSL",0,0,200,7
"scenarioA","X_278","strong",0.6,0,NA,"SSL",0,0,200,7
"scenarioA","X_279","strong",0.6,0,NA,"SSL",0,0,200,7
"scenarioA","X_280","strong",0.6,0,NA,"SSL",0,0,200,7
"scenarioA","X_281","strong",0.6,0,NA,"SSL",0,0,200,7
"scenarioA","X_282","strong",0.6,0,NA,"SSL",0,0,200,7
"scenarioA","X_283","strong",0.6,0,NA,"SSL",0,0,200,7
"scenarioA","X_284","strong",0.6,0,NA,"SSL",0,0,200,7
"scenarioA","X_285","strong",0.6,0,NA,"SSL",0,0,200,7
"scenarioA","X_286","strong",0.6,0,NA,"SSL",0,0,200,7
"scenarioA","X_287","strong",0.6,0,NA,"SSL",0,0,200,7
"scenarioA","X_288","strong",0.6,0,NA,"SSL",0,0,200,7
"scenarioA","X_289","strong",0.6,0,NA,"SSL",0,0,200,7
"scenarioA","X_290","strong",0.6,0,NA,"SSL",0,0,200,7
"scenarioA","X_291","strong",0.6,0,NA,"SSL",0,0,200,7
"scenarioA","X_292","strong",0.6,0,NA,"SSL",0,0,200,7
"scenarioA","X_293","strong",0.6,0,NA,"SSL",0,0,200,7
"scenarioA","X_294","strong",0.6,0,NA,"SSL",0,0,200,7
"scenarioA","X_295","strong",0.6,0,NA,"SSL",0,0,200,7
"scenarioA","X_296","strong",0.6,0,NA,"SSL",0,0,200,7
"scenarioA","X_297","strong",0.6,0,NA,"SSL",0,0,200,7
"scenarioA","X_298","strong",0.6,0,NA,"SSL",0,0,200,7
"scenarioA","X_299","strong",0.6,0,NA,"SSL",0,0,200,7
"scenarioA","X_300","strong",0.6,0,NA,"SSL",0,0,200,7
"scenarioA","X_1","strong",0.6,0.4,0.429411998237953,"LASSO",0,-0.4,200,7
"scenarioA","X_2","strong",0.6,-0.5,-0.594686801363412,"LASSO",0,0.5,200,7
"scenarioA","X_3","weak",0.3,0.6,0.58681574224076,"LASSO",0.187045034041377,-0.412954965958623,200,7
"scenarioA","X_4","weak",0.3,0.75,0.766826744562184,"LASSO",0.334793722753773,-0.415206277246227,200,7
"scenarioA","X_5","indep",0,-0.8,-0.812832864064697,"LASSO",-0.255292506495657,0.544707493504343,200,7
"scenarioA","X_6","indep",0,0,NA,"LASSO",0,0,200,7
"scenarioA","X_7","indep",0,0,NA,"LASSO",0,0,200,7
"scenarioA","X_8","indep",0,0,NA,"LASSO",0,0,200,7
"scenarioA","X_9","indep",0,0,NA,"LASSO",0,0,200,7
"scenarioA","X_10","indep",0,0,NA,"LASSO",0,0,200,7
"scenarioA","X_11","indep",0,0,NA,"LASSO",0,0,200,7
"scenarioA","X_12","indep",0,0,NA,"LASSO",0,0,200,7
"scenarioA","X_13","indep",0,0,NA,"LASSO",0,0,200,7
"scenarioA","X_14","indep",0,0,NA,"LASSO",0,0,200,7
"scenarioA","X_15","indep",0,0,NA,"LASSO",0,0,200,7
"scenarioA","X_16","indep",0,0,NA,"LASSO",0,0,200,7
"scenarioA","X_17","indep",0,0,NA,"LASSO",0,0,200,7
"scenarioA","X_18","indep",0,0,NA,"LASSO",0,0,200,7
"scenarioA","X_19","indep",0,0,NA,"LASSO",0,0,200,7
"scenarioA","X_20","indep",0,0,NA,"LASSO",0,0,200,7
"scenarioA","X_21","indep",0,0,NA,"LASSO",0,0,200,7
"scenarioA","X_22","indep",0,0,NA,"LASSO",0,0,200,7
"scenarioA","X_23","indep",0,0,NA,"LASSO",0,0,200,7
"scenarioA","X_24","indep",0,0,NA,"LASSO",0,0,200,7
"scenarioA","X_25","indep",0,0,NA,"LASSO",0,0,200,7
"scenarioA","X_26","indep",0,0,NA,"LASSO",0,0,200,7
"scenarioA","X_27","indep",0,0,NA,"LASSO",0,0,200,7
"scenarioA","X_28","indep",0,0,NA,"LASSO",0,0,200,7
"scenarioA","X_29","indep",0,0,NA,"LASSO",0,0,200,7
"scenarioA","X_30","indep",0,0,NA,"LASSO",0,0,200,7
"scenarioA","X_31","indep",0,0,NA,"LASSO",0,0,200,7
"scenarioA","X_32","indep",0,0,NA,"LASSO",0,0,200,7
"scenarioA","X_33","indep",0,0,NA,"LASSO",0,0,200,7
"scenarioA","X_34","indep",0,0,NA,"LASSO",0,0,200,7
"scenarioA","X_35","indep",0,0,NA,"LASSO",0,0,200,7
"scenarioA","X_36","indep",0,0,NA,"LASSO",0,0,200,7
"scenarioA","X_37","indep",0,0,NA,"LASSO",0,0,200,7
"scenarioA","X_38","indep",0,0,NA,"LASSO",0,0,200,7
"scenarioA","X_39","indep",0,0,NA,"LASSO",0,0,200,7
"scenarioA","X_40","indep",0,0,NA,"LASSO",0,0,200,7
"scenarioA","X_41","indep",0,0,NA,"LASSO",0,0,200,7
"scenarioA","X_42","indep",0,0,NA,"LASSO",0,0,200,7
"scenarioA","X_43","indep",0,0,NA,"LASSO",0,0,200,7
"scenarioA","X_44","indep",0,0,NA,"LASSO",0,0,200,7
"scenarioA","X_45","indep",0,0,NA,"LASSO",0,0,200,7
"scenarioA","X_46","indep",0,0,NA,"LASSO",0,0,200,7
"scenarioA","X_47","indep",0,0,NA,"LASSO",0,0,200,7
"scenarioA","X_48","indep",0,0,NA,"LASSO",0,0,200,7
"scenarioA","X_49","indep",0,0,NA,"LASSO",0,0,200,7
"scenarioA","X_50","indep",0,0,NA,"LASSO",0,0,200,7
"scenarioA","X_51","indep",0,0,NA,"LASSO",0,0,200,7
"scenarioA","X_52","indep",0,0,NA,"LASSO",0,0,200,7
"scenarioA","X_53","indep",0,0,NA,"LASSO",0,0,200,7
"scenarioA","X_54","indep",0,0,NA,"LASSO",0,0,200,7
"scenarioA","X_55","indep",0,0,NA,"LASSO",0,0,200,7
"scenarioA","X_56","indep",0,0,NA,"LASSO",0,0,200,7
"scenarioA","X_57","indep",0,0,NA,"LASSO",0,0,200,7
"scenarioA","X_58","indep",0,0,NA,"LASSO",0,0,200,7
"scenarioA","X_59","indep",0,0,NA,"LASSO",0,0,200,7
"scenarioA","X_60","indep",0,0,NA,"LASSO",0,0,200,7
"scenarioA","X_61","indep",0,0,NA,"LASSO",0,0,200,7
"scenarioA","X_62","indep",0,0,NA,"LASSO",0,0,200,7
"scenarioA","X_63","indep",0,0,NA,"LASSO",0,0,200,7
"scenarioA","X_64","indep",0,0,NA,"LASSO",0,0,200,7
"scenarioA","X_65","indep",0,0,NA,"LASSO",0,0,200,7
"scenarioA","X_66","indep",0,0,NA,"LASSO",0,0,200,7
"scenarioA","X_67","indep",0,0,NA,"LASSO",0,0,200,7
"scenarioA","X_68","indep",0,0,NA,"LASSO",0,0,200,7
"scenarioA","X_69","indep",0,0,NA,"LASSO",0,0,200,7
"scenarioA","X_70","indep",0,0,NA,"LASSO",0,0,200,7
"scenarioA","X_71","indep",0,0,NA,"LASSO",0,0,200,7
"scenarioA","X_72","indep",0,0,NA,"LASSO",0,0,200,7
"scenarioA","X_73","indep",0,0,NA,"LASSO",0,0,200,7
"scenarioA","X_74","indep",0,0,NA,"LASSO",0,0,200,7
"scenarioA","X_75","indep",0,0,NA,"LASSO",0,0,200,7
"scenarioA","X_76","indep",0,0,NA,"LASSO",0,0,200,7
"scenarioA","X_77","indep",0,0,NA,"LASSO",0,0,200,7
"scenarioA","X_78","indep",0,0,NA,"LASSO",0,0,200,7
"scenarioA","X_79","indep",0,0,NA,"LASSO",0,0,200,7
"scenarioA","X_80","indep",0,0,NA,"LASSO",0,0,200,7
"scenarioA","X_81","indep",0,0,NA,"LASSO",0,0,200,7
"scenarioA","X_82","indep",0,0,NA,"LASSO",0,0,200,7
"scenarioA","X_83","indep",0,0,NA,"LASSO",0,0,200,7
"scenarioA","X_84","indep",0,0,NA,"LASSO",0,0,200,7
"scenarioA","X_85","indep",0,0,NA,"LASSO",0,0,200,7
"scenarioA","X_86","indep",0,0,NA,"LASSO",0,0,200,7
"scenarioA","X_87","indep",0,0,NA,"LASSO",0,0,200,7
"scenarioA","X_88","indep",0,0,NA,"LASSO",0,0,200,7
"scenarioA","X_89","indep",0,0,NA,"LASSO",0,0,200,7
"scenarioA","X_90","indep",0,0,NA,"LASSO",0,0,200,7
"scenarioA","X_91","indep",0,0,NA,"LASSO",0,0,200,7
"scenarioA","X_92","indep",0,0,NA,"LASSO",0,0,200,7
"scenarioA","X_93","indep",0,0,NA,"LASSO",0,0,200,7
"scenarioA","X_94","indep",0,0,NA,"LASSO",0,0,200,7
"scenarioA","X_95","indep",0,0,NA,"LASSO",0,0,200,7
"scenarioA","X_96","indep",0,0,NA,"LASSO",0,0,200,7
"scenarioA","X_97","indep",0,0,NA,"LASSO",0,0,200,7
"scenarioA","X_98","indep",0,0,NA,"LASSO",0,0,200,7
"scenarioA","X_99","indep",0,0,NA,"LASSO",0,0,200,7
"scenarioA","X_100","indep",0,0,NA,"LASSO",0,0,200,7
"scenarioA","X_101","indep",0,0,NA,"LASSO",0,0,200,7
"scenarioA","X_102","indep",0,0,NA,"LASSO",0,0,200,7
"scenarioA","X_103","indep",0,0,NA,"LASSO",0,0,200,7
"scenarioA","X_104","indep",0,0,NA,"LASSO",0,0,200,7
"scenarioA","X_105","indep",0,0,NA,"LASSO",0,0,200,7
"scenarioA","X_106","indep",0,0,NA,"LASSO",0,0,200,7
"scenarioA","X_107","indep",0,0,NA,"LASSO",0,0,200,7
"scenarioA","X_108","indep",0,0,NA,"LASSO",0,0,200,7
"scenarioA","X_109","indep",0,0,NA,"LASSO",0,0,200,7
"scenarioA","X_110","indep",0,0,NA,"LASSO",0,0,200,7
"scenarioA","X_111","indep",0,0,NA,"LASSO",0,0,200,7
"scenarioA","X_112","indep",0,0,NA,"LASSO",0,0,200,7
"scenarioA","X_113","indep",0,0,NA,"LASSO",0,0,200,7
"scenarioA","X_114","indep",0,0,NA,"LASSO",0,0,200,7
"scenarioA","X_115","indep",0,0,NA,"LASSO",0,0,200,7
"scenarioA","X_116","indep",0,0,NA,"LASSO",0,0,200,7
"scenarioA","X_117","indep",0,0,NA,"LASSO",0,0,200,7
"scenarioA","X_118","indep",0,0,NA,"LASSO",0,0,200,7
"scenarioA","X_119","indep",0,0,NA,"LASSO",0,0,200,7
"scenarioA","X_120","indep",0,0,NA,"LASSO",0,0,200,7
"scenarioA","X_121","indep",0,0,NA,"LASSO",0,0,200,7
"scenarioA","X_122","indep",0,0,NA,"LASSO",0,0,200,7
"scenarioA","X_123","indep",0,0,NA,"LASSO",0,0,200,7
"scenarioA","X_124","indep",0,0,NA,"LASSO",0,0,200,7
"scenarioA","X_125","indep",0,0,NA,"LASSO",0,0,200,7
"scenarioA","X_126","indep",0,0,NA,"LASSO",0,0,200,7
"scenarioA","X_127","indep",0,0,NA,"LASSO",0,0,200,7
"scenarioA","X_128","indep",0,0,NA,"LASSO",0,0,200,7
"scenarioA","X_129","indep",0,0,NA,"LASSO",0,0,200,7
"scenarioA","X_130","indep",0,0,NA,"LASSO",0,0,200,7
"scenarioA","X_131","indep",0,0,NA,"LASSO",0,0,200,7
"scenarioA","X_132","indep",0,0,NA,"LASSO",0,0,200,7
"scenarioA","X_133","indep",0,0,NA,"LASSO",0,0,200,7
"scenarioA","X_134","indep",0,0,NA,"LASSO",0,0,200,7
"scenarioA","X_135","indep",0,0,NA,"LASSO",0,0,200,7
"scenarioA","X_136","indep",0,0,NA,"LASSO",0,0,200,7
"scenarioA","X_137","indep",0,0,NA,"LASSO",0,0,200,7
"scenarioA","X_138","indep",0,0,NA,"LASSO",0,0,200,7
"scenarioA","X_139","indep",0,0,NA,"LASSO",0,0,200,7
"scenarioA","X_140","indep",0,0,NA,"LASSO",0,0,200,7
"scenarioA","X_141","indep",0,0,NA,"LASSO",0,0,200,7
"scenarioA","X_142","indep",0,0,NA,"LASSO",0,0,200,7
"scenarioA","X_143","indep",0,0,NA,"LASSO",0,0,200,7
"scenarioA","X_144","indep",0,0,NA,"LASSO",0,0,200,7
"scenarioA","X_145","indep",0,0,NA,"LASSO",0,0,200,7
"scenarioA","X_146","indep",0,0,NA,"LASSO",0,0,200,7
"scenarioA","X_147","indep",0,0,NA,"LASSO",0,0,200,7
"scenarioA","X_148","indep",0,0,NA,"LASSO",0,0,200,7
"scenarioA","X_149","indep",0,0,NA,"LASSO",0,0,200,7
"scenarioA","X_150","indep",0,0,NA,"LASSO",0,0,200,7
"scenarioA","X_151","indep",0,0,NA,"LASSO",0,0,200,7
"scenarioA","X_152","indep",0,0,NA,"LASSO",0,0,200,7
"scenarioA","X_153","indep",0,0,NA,"LASSO",0,0,200,7
"scenarioA","X_154","indep",0,0,NA,"LASSO",0,0,200,7
"scenarioA","X_155","weak",0.3,0,NA,"LASSO",0,0,200,7
"scenarioA","X_156","weak",0.3,0,NA,"LASSO",0,0,200,7
"scenarioA","X_157","weak",0.3,0,NA,"LASSO",0,0,200,7
"scenarioA","X_158","weak",0.3,0,NA,"LASSO",0,0,200,7
"scenarioA","X_159","weak",0.3,0,NA,"LASSO",0,0,200,7
"scenarioA","X_160","weak",0.3,0,NA,"LASSO",0,0,200,7
"scenarioA","X_161","weak",0.3,0,NA,"LASSO",0,0,200,7
"scenarioA","X_162","weak",0.3,0,NA,"LASSO",0,0,200,7
"scenarioA","X_163","weak",0.3,0,NA,"LASSO",0,0,200,7
"scenarioA","X_164","weak",0.3,0,NA,"LASSO",0,0,200,7
"scenarioA","X_165","weak",0.3,0,NA,"LASSO",0,0,200,7
"scenarioA","X_166","weak",0.3,0,NA,"LASSO",0,0,200,7
"scenarioA","X_167","weak",0.3,0,NA,"LASSO",0,0,200,7
"scenarioA","X_168","weak",0.3,0,NA,"LASSO",0,0,200,7
"scenarioA","X_169","weak",0.3,0,NA,"LASSO",0,0,200,7
"scenarioA","X_170","weak",0.3,0,NA,"LASSO",0,0,200,7
"scenarioA","X_171","weak",0.3,0,NA,"LASSO",0,0,200,7
"scenarioA","X_172","weak",0.3,0,NA,"LASSO",0,0,200,7
"scenarioA","X_173","weak",0.3,0,NA,"LASSO",0,0,200,7
"scenarioA","X_174","weak",0.3,0,NA,"LASSO",0,0,200,7
"scenarioA","X_175","weak",0.3,0,NA,"LASSO",0,0,200,7
"scenarioA","X_176","weak",0.3,0,NA,"LASSO",0,0,200,7
"scenarioA","X_177","weak",0.3,0,NA,"LASSO",0,0,200,7
"scenarioA","X_178","weak",0.3,0,NA,"LASSO",0,0,200,7
"scenarioA","X_179","weak",0.3,0,NA,"LASSO",0.0914255316287162,0.0914255316287162,200,7
"scenarioA","X_180","weak",0.3,0,NA,"LASSO",0,0,200,7
"scenarioA","X_181","weak",0.3,0,NA,"LASSO",0.0254217750151393,0.0254217750151393,200,7
"scenarioA","X_182","weak",0.3,0,NA,"LASSO",0,0,200,7
"scenarioA","X_183","weak",0.3,0,NA,"LASSO",0,0,200,7
"scenarioA","X_184","weak",0.3,0,NA,"LASSO",0,0,200,7
"scenarioA","X_185","weak",0.3,0,NA,"LASSO",0,0,200,7
"scenarioA","X_186","weak",0.3,0,NA,"LASSO",0,0,200,7
"scenarioA","X_187","weak",0.3,0,NA,"LASSO",0,0,200,7
"scenarioA","X_188","weak",0.3,0,NA,"LASSO",0,0,200,7
"scenarioA","X_189","weak",0.3,0,NA,"LASSO",0,0,200,7
"scenarioA","X_190","weak",0.3,0,NA,"LASSO",0,0,200,7
"scenarioA","X_191","weak",0.3,0,NA,"LASSO",0,0,200,7
"scenarioA","X_192","weak",0.3,0,NA,"LASSO",0,0,200,7
"scenarioA","X_193","weak",0.3,0,NA,"LASSO",0,0,200,7
"scenarioA","X_194","weak",0.3,0,NA,"LASSO",0,0,200,7
"scenarioA","X_195","weak",0.3,0,NA,"LASSO",0,0,200,7
"scenarioA","X_196","weak",0.3,0,NA,"LASSO",0,0,200,7
"scenarioA","X_197","weak",0.3,0,NA,"LASSO",0,0,200,7
"scenarioA","X_198","weak",0.3,0,NA,"LASSO",0,0,200,7
"scenarioA","X_199","weak",0.3,0,NA,"LASSO",0,0,200,7
"scenarioA","X_200","weak",0.3,0,NA,"LASSO",0,0,200,7
"scenarioA","X_201","weak",0.3,0,NA,"LASSO",0,0,200,7
"scenarioA","X_202","weak",0.3,0,NA,"LASSO",0,0,200,7
"scenarioA","X_203","weak",0.3,0,NA,"LASSO",0,0,200,7
"scenarioA","X_204","weak",0.3,0,NA,"LASSO",0,0,200,7
"scenarioA","X_205","weak",0.3,0,NA,"LASSO",0,0,200,7
"scenarioA","X_206","weak",0.3,0,NA,"LASSO",0,0,200,7
"scenarioA","X_207","weak",0.3,0,NA,"LASSO",0,0,200,7
"scenarioA","X_208","weak",0.3,0,NA,"LASSO",0,0,200,7
"scenarioA","X_209","weak",0.3,0,NA,"LASSO",0,0,200,7
"scenarioA","X_210","weak",0.3,0,NA,"LASSO",0,0,200,7
"scenarioA","X_211","weak",0.3,0,NA,"LASSO",0,0,200,7
"scenarioA","X_212","weak",0.3,0,NA,"LASSO",0,0,200,7
"scenarioA","X_213","weak",0.3,0,NA,"LASSO",0,0,200,7
"scenarioA","X_214","weak",0.3,0,NA,"LASSO",0,0,200,7
"scenarioA","X_215","weak",0.3,0,NA,"LASSO",0,0,200,7
"scenarioA","X_216","weak",0.3,0,NA,"LASSO",0,0,200,7
"scenarioA","X_217","weak",0.3,0,NA,"LASSO",0,0,200,7
"scenarioA","X_218","weak",0.3,0,NA,"LASSO",0,0,200,7
"scenarioA","X_219","weak",0.3,0,NA,"LASSO",0,0,200,7
"scenarioA","X_220","weak",0.3,0,NA,"LASSO",0,0,200,7
"scenarioA","X_221","weak",0.3,0,NA,"LASSO",0,0,200,7
"scenarioA","X_222","weak",0.3,0,NA,"LASSO",0,0,200,7
"scenarioA","X_223","weak",0.3,0,NA,"LASSO",0,0,200,7
"scenarioA","X_224","weak",0.3,0,NA,"LASSO",0,0,200,7
"scenarioA","X_225","weak",0.3,0,NA,"LASSO",0,0,200,7
"scenarioA","X_226","weak",0.3,0,NA,"LASSO",0,0,200,7
"scenarioA","X_227","weak",0.3,0,NA,"LASSO",0,0,200,7
"scenarioA","X_228","strong",0.6,0,NA,"LASSO",0,0,200,7
"scenarioA","X_229","strong",0.6,0,NA,"LASSO",0,0,200,7
"scenarioA","X_230","strong",0.6,0,NA,"LASSO",0,0,200,7
"scenarioA","X_231","strong",0.6,0,NA,"LASSO",0,0,200,7
"scenarioA","X_232","strong",0.6,0,NA,"LASSO",0,0,200,7
"scenarioA","X_233","strong",0.6,0,NA,"LASSO",0,0,200,7
"scenarioA","X_234","strong",0.6,0,NA,"LASSO",0,0,200,7
"scenarioA","X_235","strong",0.6,0,NA,"LASSO",0,0,200,7
"scenarioA","X_236","strong",0.6,0,NA,"LASSO",0,0,200,7
"scenarioA","X_237","strong",0.6,0,NA,"LASSO",0,0,200,7
"scenarioA","X_238","strong",0.6,0,NA,"LASSO",0,0,200,7
"scenarioA","X_239","strong",0.6,0,NA,"LASSO",0,0,200,7
"scenarioA","X_240","strong",0.6,0,NA,"LASSO",0,0,200,7
"scenarioA","X_241","strong",0.6,0,NA,"LASSO",0,0,200,7
"scenarioA","X_242","strong",0.6,0,NA,"LASSO",0,0,200,7
"scenarioA","X_243","strong",0.6,0,NA,"LASSO",0,0,200,7
"scenarioA","X_244","strong",0.6,0,NA,"LASSO",0,0,200,7
"scenarioA","X_245","strong",0.6,0,NA,"LASSO",0,0,200,7
"scenarioA","X_246","strong",0.6,0,NA,"LASSO",0,0,200,7
"scenarioA","X_247","strong",0.6,0,NA,"LASSO",0,0,200,7
"scenarioA","X_248","strong",0.6,0,NA,"LASSO",0,0,200,7
"scenarioA","X_249","strong",0.6,0,NA,"LASSO",0,0,200,7
"scenarioA","X_250","strong",0.6,0,NA,"LASSO",0,0,200,7
"scenarioA","X_251","strong",0.6,0,NA,"LASSO",0,0,200,7
"scenarioA","X_252","strong",0.6,0,NA,"LASSO",0,0,200,7
"scenarioA","X_253","strong",0.6,0,NA,"LASSO",0,0,200,7
"scenarioA","X_254","strong",0.6,0,NA,"LASSO",0,0,200,7
"scenarioA","X_255","strong",0.6,0,NA,"LASSO",0,0,200,7
"scenarioA","X_256","strong",0.6,0,NA,"LASSO",0,0,200,7
"scenarioA","X_257","strong",0.6,0,NA,"LASSO",0,0,200,7
"scenarioA","X_258","strong",0.6,0,NA,"LASSO",0,0,200,7
"scenarioA","X_259","strong",0.6,0,NA,"LASSO",0,0,200,7
"scenarioA","X_260","strong",0.6,0,NA,"LASSO",0,0,200,7
"scenarioA","X_261","strong",0.6,0,NA,"LASSO",0,0,200,7
"scenarioA","X_262","strong",0.6,0,NA,"LASSO",0,0,200,7
"scenarioA","X_263","strong",0.6,0,NA,"LASSO",0,0,200,7
"scenarioA","X_264","strong",0.6,0,NA,"LASSO",0,0,200,7
"scenarioA","X_265","strong",0.6,0,NA,"LASSO",0,0,200,7
"scenarioA","X_266","strong",0.6,0,NA,"LASSO",0,0,200,7
"scenarioA","X_267","strong",0.6,0,NA,"LASSO",0,0,200,7
"scenarioA","X_268","strong",0.6,0,NA,"LASSO",0,0,200,7
"scenarioA","X_269","strong",0.6,0,NA,"LASSO",0,0,200,7
"scenarioA","X_270","strong",0.6,0,NA,"LASSO",0,0,200,7
"scenarioA","X_271","strong",0.6,0,NA,"LASSO",0,0,200,7
"scenarioA","X_272","strong",0.6,0,NA,"LASSO",0,0,200,7
"scenarioA","X_273","strong",0.6,0,NA,"LASSO",0,0,200,7
"scenarioA","X_274","strong",0.6,0,NA,"LASSO",0,0,200,7
"scenarioA","X_275","strong",0.6,0,NA,"LASSO",0,0,200,7
"scenarioA","X_276","strong",0.6,0,NA,"LASSO",0,0,200,7
"scenarioA","X_277","strong",0.6,0,NA,"LASSO",0,0,200,7
"scenarioA","X_278","strong",0.6,0,NA,"LASSO",0,0,200,7
"scenarioA","X_279","strong",0.6,0,NA,"LASSO",0,0,200,7
"scenarioA","X_280","strong",0.6,0,NA,"LASSO",0,0,200,7
"scenarioA","X_281","strong",0.6,0,NA,"LASSO",0,0,200,7
"scenarioA","X_282","strong",0.6,0,NA,"LASSO",0,0,200,7
"scenarioA","X_283","strong",0.6,0,NA,"LASSO",0,0,200,7
"scenarioA","X_284","strong",0.6,0,NA,"LASSO",0,0,200,7
"scenarioA","X_285","strong",0.6,0,NA,"LASSO",0,0,200,7
"scenarioA","X_286","strong",0.6,0,NA,"LASSO",0,0,200,7
"scenarioA","X_287","strong",0.6,0,NA,"LASSO",0,0,200,7
"scenarioA","X_288","strong",0.6,0,NA,"LASSO",0,0,200,7
"scenarioA","X_289","strong",0.6,0,NA,"LASSO",0,0,200,7
"scenarioA","X_290","strong",0.6,0,NA,"LASSO",0,0,200,7
"scenarioA","X_291","strong",0.6,0,NA,"LASSO",0,0,200,7
"scenarioA","X_292","strong",0.6,0,NA,"LASSO",0,0,200,7
"scenarioA","X_293","strong",0.6,0,NA,"LASSO",0,0,200,7
"scenarioA","X_294","strong",0.6,0,NA,"LASSO",0,0,200,7
"scenarioA","X_295","strong",0.6,0,NA,"LASSO",0,0,200,7
"scenarioA","X_296","strong",0.6,0,NA,"LASSO",0,0,200,7
"scenarioA","X_297","strong",0.6,0,NA,"LASSO",0,0,200,7
"scenarioA","X_298","strong",0.6,0,NA,"LASSO",0,0,200,7
"scenarioA","X_299","strong",0.6,0,NA,"LASSO",0,0,200,7
"scenarioA","X_300","strong",0.6,0,NA,"LASSO",0,0,200,7
"scenarioA","X_1","strong",0.6,0.4,0.30554755579783,"SSL",0,-0.4,200,8
"scenarioA","X_2","strong",0.6,-0.5,-0.375407027612424,"SSL",0,0.5,200,8
"scenarioA","X_3","weak",0.3,0.6,0.74642431523144,"SSL",0.612629434977453,0.0126294349774531,200,8
"scenarioA","X_4","weak",0.3,0.75,0.839876899006005,"SSL",0.755843012258851,0.00584301225885064,200,8
"scenarioA","X_5","indep",0,-0.8,-1.01288962922824,"SSL",-0.894325156128885,-0.0943251561288848,200,8
"scenarioA","X_6","indep",0,0,NA,"SSL",0,0,200,8
"scenarioA","X_7","indep",0,0,NA,"SSL",0,0,200,8
"scenarioA","X_8","indep",0,0,NA,"SSL",0,0,200,8
"scenarioA","X_9","indep",0,0,NA,"SSL",0,0,200,8
"scenarioA","X_10","indep",0,0,NA,"SSL",0,0,200,8
"scenarioA","X_11","indep",0,0,NA,"SSL",0,0,200,8
"scenarioA","X_12","indep",0,0,NA,"SSL",0,0,200,8
"scenarioA","X_13","indep",0,0,NA,"SSL",0,0,200,8
"scenarioA","X_14","indep",0,0,NA,"SSL",0,0,200,8
"scenarioA","X_15","indep",0,0,NA,"SSL",0,0,200,8
"scenarioA","X_16","indep",0,0,NA,"SSL",0,0,200,8
"scenarioA","X_17","indep",0,0,NA,"SSL",0,0,200,8
"scenarioA","X_18","indep",0,0,NA,"SSL",0,0,200,8
"scenarioA","X_19","indep",0,0,NA,"SSL",0,0,200,8
"scenarioA","X_20","indep",0,0,NA,"SSL",0,0,200,8
"scenarioA","X_21","indep",0,0,NA,"SSL",0,0,200,8
"scenarioA","X_22","indep",0,0,NA,"SSL",0,0,200,8
"scenarioA","X_23","indep",0,0,NA,"SSL",0,0,200,8
"scenarioA","X_24","indep",0,0,NA,"SSL",0,0,200,8
"scenarioA","X_25","indep",0,0,NA,"SSL",0,0,200,8
"scenarioA","X_26","indep",0,0,NA,"SSL",0,0,200,8
"scenarioA","X_27","indep",0,0,NA,"SSL",0,0,200,8
"scenarioA","X_28","indep",0,0,NA,"SSL",0,0,200,8
"scenarioA","X_29","indep",0,0,NA,"SSL",0,0,200,8
"scenarioA","X_30","indep",0,0,NA,"SSL",0,0,200,8
"scenarioA","X_31","indep",0,0,NA,"SSL",0,0,200,8
"scenarioA","X_32","indep",0,0,NA,"SSL",0,0,200,8
"scenarioA","X_33","indep",0,0,NA,"SSL",0,0,200,8
"scenarioA","X_34","indep",0,0,NA,"SSL",0,0,200,8
"scenarioA","X_35","indep",0,0,NA,"SSL",0,0,200,8
"scenarioA","X_36","indep",0,0,NA,"SSL",0,0,200,8
"scenarioA","X_37","indep",0,0,NA,"SSL",0,0,200,8
"scenarioA","X_38","indep",0,0,NA,"SSL",0,0,200,8
"scenarioA","X_39","indep",0,0,NA,"SSL",0,0,200,8
"scenarioA","X_40","indep",0,0,NA,"SSL",0,0,200,8
"scenarioA","X_41","indep",0,0,NA,"SSL",0,0,200,8
"scenarioA","X_42","indep",0,0,NA,"SSL",0,0,200,8
"scenarioA","X_43","indep",0,0,NA,"SSL",0,0,200,8
"scenarioA","X_44","indep",0,0,NA,"SSL",0,0,200,8
"scenarioA","X_45","indep",0,0,NA,"SSL",0,0,200,8
"scenarioA","X_46","indep",0,0,NA,"SSL",0,0,200,8
"scenarioA","X_47","indep",0,0,NA,"SSL",0,0,200,8
"scenarioA","X_48","indep",0,0,NA,"SSL",0,0,200,8
"scenarioA","X_49","indep",0,0,NA,"SSL",0,0,200,8
"scenarioA","X_50","indep",0,0,NA,"SSL",0,0,200,8
"scenarioA","X_51","indep",0,0,NA,"SSL",0,0,200,8
"scenarioA","X_52","indep",0,0,NA,"SSL",0,0,200,8
"scenarioA","X_53","indep",0,0,NA,"SSL",0,0,200,8
"scenarioA","X_54","indep",0,0,NA,"SSL",0,0,200,8
"scenarioA","X_55","indep",0,0,NA,"SSL",0,0,200,8
"scenarioA","X_56","indep",0,0,NA,"SSL",0.195651345553945,0.195651345553945,200,8
"scenarioA","X_57","indep",0,0,NA,"SSL",0,0,200,8
"scenarioA","X_58","indep",0,0,NA,"SSL",0,0,200,8
"scenarioA","X_59","indep",0,0,NA,"SSL",0,0,200,8
"scenarioA","X_60","indep",0,0,NA,"SSL",0,0,200,8
"scenarioA","X_61","indep",0,0,NA,"SSL",0,0,200,8
"scenarioA","X_62","indep",0,0,NA,"SSL",0,0,200,8
"scenarioA","X_63","indep",0,0,NA,"SSL",0,0,200,8
"scenarioA","X_64","indep",0,0,NA,"SSL",0,0,200,8
"scenarioA","X_65","indep",0,0,NA,"SSL",0,0,200,8
"scenarioA","X_66","indep",0,0,NA,"SSL",0,0,200,8
"scenarioA","X_67","indep",0,0,NA,"SSL",0,0,200,8
"scenarioA","X_68","indep",0,0,NA,"SSL",0,0,200,8
"scenarioA","X_69","indep",0,0,NA,"SSL",0,0,200,8
"scenarioA","X_70","indep",0,0,NA,"SSL",0,0,200,8
"scenarioA","X_71","indep",0,0,NA,"SSL",0,0,200,8
"scenarioA","X_72","indep",0,0,NA,"SSL",0,0,200,8
"scenarioA","X_73","indep",0,0,NA,"SSL",0,0,200,8
"scenarioA","X_74","indep",0,0,NA,"SSL",0,0,200,8
"scenarioA","X_75","indep",0,0,NA,"SSL",0,0,200,8
"scenarioA","X_76","indep",0,0,NA,"SSL",0,0,200,8
"scenarioA","X_77","indep",0,0,NA,"SSL",0,0,200,8
"scenarioA","X_78","indep",0,0,NA,"SSL",0,0,200,8
"scenarioA","X_79","indep",0,0,NA,"SSL",0,0,200,8
"scenarioA","X_80","indep",0,0,NA,"SSL",0,0,200,8
"scenarioA","X_81","indep",0,0,NA,"SSL",0,0,200,8
"scenarioA","X_82","indep",0,0,NA,"SSL",0,0,200,8
"scenarioA","X_83","indep",0,0,NA,"SSL",0,0,200,8
"scenarioA","X_84","indep",0,0,NA,"SSL",0,0,200,8
"scenarioA","X_85","indep",0,0,NA,"SSL",0,0,200,8
"scenarioA","X_86","indep",0,0,NA,"SSL",0,0,200,8
"scenarioA","X_87","indep",0,0,NA,"SSL",0,0,200,8
"scenarioA","X_88","indep",0,0,NA,"SSL",0,0,200,8
"scenarioA","X_89","indep",0,0,NA,"SSL",0,0,200,8
"scenarioA","X_90","indep",0,0,NA,"SSL",0,0,200,8
"scenarioA","X_91","indep",0,0,NA,"SSL",0,0,200,8
"scenarioA","X_92","indep",0,0,NA,"SSL",0,0,200,8
"scenarioA","X_93","indep",0,0,NA,"SSL",0,0,200,8
"scenarioA","X_94","indep",0,0,NA,"SSL",0,0,200,8
"scenarioA","X_95","indep",0,0,NA,"SSL",0,0,200,8
"scenarioA","X_96","indep",0,0,NA,"SSL",0,0,200,8
"scenarioA","X_97","indep",0,0,NA,"SSL",0,0,200,8
"scenarioA","X_98","indep",0,0,NA,"SSL",0,0,200,8
"scenarioA","X_99","indep",0,0,NA,"SSL",0,0,200,8
"scenarioA","X_100","indep",0,0,NA,"SSL",0,0,200,8
"scenarioA","X_101","indep",0,0,NA,"SSL",0,0,200,8
"scenarioA","X_102","indep",0,0,NA,"SSL",0,0,200,8
"scenarioA","X_103","indep",0,0,NA,"SSL",0,0,200,8
"scenarioA","X_104","indep",0,0,NA,"SSL",0,0,200,8
"scenarioA","X_105","indep",0,0,NA,"SSL",0,0,200,8
"scenarioA","X_106","indep",0,0,NA,"SSL",0,0,200,8
"scenarioA","X_107","indep",0,0,NA,"SSL",0,0,200,8
"scenarioA","X_108","indep",0,0,NA,"SSL",0,0,200,8
"scenarioA","X_109","indep",0,0,NA,"SSL",0,0,200,8
"scenarioA","X_110","indep",0,0,NA,"SSL",0,0,200,8
"scenarioA","X_111","indep",0,0,NA,"SSL",0,0,200,8
"scenarioA","X_112","indep",0,0,NA,"SSL",-0.268912026450466,-0.268912026450466,200,8
"scenarioA","X_113","indep",0,0,NA,"SSL",0,0,200,8
"scenarioA","X_114","indep",0,0,NA,"SSL",0,0,200,8
"scenarioA","X_115","indep",0,0,NA,"SSL",0,0,200,8
"scenarioA","X_116","indep",0,0,NA,"SSL",0,0,200,8
"scenarioA","X_117","indep",0,0,NA,"SSL",0,0,200,8
"scenarioA","X_118","indep",0,0,NA,"SSL",0,0,200,8
"scenarioA","X_119","indep",0,0,NA,"SSL",0,0,200,8
"scenarioA","X_120","indep",0,0,NA,"SSL",0,0,200,8
"scenarioA","X_121","indep",0,0,NA,"SSL",0,0,200,8
"scenarioA","X_122","indep",0,0,NA,"SSL",0,0,200,8
"scenarioA","X_123","indep",0,0,NA,"SSL",0,0,200,8
"scenarioA","X_124","indep",0,0,NA,"SSL",0,0,200,8
"scenarioA","X_125","indep",0,0,NA,"SSL",0,0,200,8
"scenarioA","X_126","indep",0,0,NA,"SSL",0,0,200,8
"scenarioA","X_127","indep",0,0,NA,"SSL",0,0,200,8
"scenarioA","X_128","indep",0,0,NA,"SSL",0,0,200,8
"scenarioA","X_129","indep",0,0,NA,"SSL",0,0,200,8
"scenarioA","X_130","indep",0,0,NA,"SSL",0,0,200,8
"scenarioA","X_131","indep",0,0,NA,"SSL",0,0,200,8
"scenarioA","X_132","indep",0,0,NA,"SSL",0,0,200,8
"scenarioA","X_133","indep",0,0,NA,"SSL",0,0,200,8
"scenarioA","X_134","indep",0,0,NA,"SSL",0,0,200,8
"scenarioA","X_135","indep",0,0,NA,"SSL",0,0,200,8
"scenarioA","X_136","indep",0,0,NA,"SSL",0,0,200,8
"scenarioA","X_137","indep",0,0,NA,"SSL",0,0,200,8
"scenarioA","X_138","indep",0,0,NA,"SSL",0,0,200,8
"scenarioA","X_139","indep",0,0,NA,"SSL",0,0,200,8
"scenarioA","X_140","indep",0,0,NA,"SSL",0,0,200,8
"scenarioA","X_141","indep",0,0,NA,"SSL",0,0,200,8
"scenarioA","X_142","indep",0,0,NA,"SSL",0,0,200,8
"scenarioA","X_143","indep",0,0,NA,"SSL",0,0,200,8
"scenarioA","X_144","indep",0,0,NA,"SSL",0,0,200,8
"scenarioA","X_145","indep",0,0,NA,"SSL",0,0,200,8
"scenarioA","X_146","indep",0,0,NA,"SSL",0,0,200,8
"scenarioA","X_147","indep",0,0,NA,"SSL",0,0,200,8
"scenarioA","X_148","indep",0,0,NA,"SSL",-0.208769787985851,-0.208769787985851,200,8
"scenarioA","X_149","indep",0,0,NA,"SSL",0,0,200,8
"scenarioA","X_150","indep",0,0,NA,"SSL",0,0,200,8
"scenarioA","X_151","indep",0,0,NA,"SSL",0,0,200,8
"scenarioA","X_152","indep",0,0,NA,"SSL",0,0,200,8
"scenarioA","X_153","indep",0,0,NA,"SSL",0,0,200,8
"scenarioA","X_154","indep",0,0,NA,"SSL",0,0,200,8
"scenarioA","X_155","weak",0.3,0,NA,"SSL",0,0,200,8
"scenarioA","X_156","weak",0.3,0,NA,"SSL",0,0,200,8
"scenarioA","X_157","weak",0.3,0,NA,"SSL",0,0,200,8
"scenarioA","X_158","weak",0.3,0,NA,"SSL",0,0,200,8
"scenarioA","X_159","weak",0.3,0,NA,"SSL",0,0,200,8
"scenarioA","X_160","weak",0.3,0,NA,"SSL",0,0,200,8
"scenarioA","X_161","weak",0.3,0,NA,"SSL",0,0,200,8
"scenarioA","X_162","weak",0.3,0,NA,"SSL",0,0,200,8
"scenarioA","X_163","weak",0.3,0,NA,"SSL",0,0,200,8
"scenarioA","X_164","weak",0.3,0,NA,"SSL",0,0,200,8
"scenarioA","X_165","weak",0.3,0,NA,"SSL",0,0,200,8
"scenarioA","X_166","weak",0.3,0,NA,"SSL",0,0,200,8
"scenarioA","X_167","weak",0.3,0,NA,"SSL",0,0,200,8
"scenarioA","X_168","weak",0.3,0,NA,"SSL",0,0,200,8
"scenarioA","X_169","weak",0.3,0,NA,"SSL",0,0,200,8
"scenarioA","X_170","weak",0.3,0,NA,"SSL",0,0,200,8
"scenarioA","X_171","weak",0.3,0,NA,"SSL",0,0,200,8
"scenarioA","X_172","weak",0.3,0,NA,"SSL",0,0,200,8
"scenarioA","X_173","weak",0.3,0,NA,"SSL",0,0,200,8
"scenarioA","X_174","weak",0.3,0,NA,"SSL",0,0,200,8
"scenarioA","X_175","weak",0.3,0,NA,"SSL",0,0,200,8
"scenarioA","X_176","weak",0.3,0,NA,"SSL",0,0,200,8
"scenarioA","X_177","weak",0.3,0,NA,"SSL",0,0,200,8
"scenarioA","X_178","weak",0.3,0,NA,"SSL",0,0,200,8
"scenarioA","X_179","weak",0.3,0,NA,"SSL",0,0,200,8
"scenarioA","X_180","weak",0.3,0,NA,"SSL",0,0,200,8
"scenarioA","X_181","weak",0.3,0,NA,"SSL",0,0,200,8
"scenarioA","X_182","weak",0.3,0,NA,"SSL",0,0,200,8
"scenarioA","X_183","weak",0.3,0,NA,"SSL",0,0,200,8
"scenarioA","X_184","weak",0.3,0,NA,"SSL",0,0,200,8
"scenarioA","X_185","weak",0.3,0,NA,"SSL",0,0,200,8
"scenarioA","X_186","weak",0.3,0,NA,"SSL",0,0,200,8
"scenarioA","X_187","weak",0.3,0,NA,"SSL",0,0,200,8
"scenarioA","X_188","weak",0.3,0,NA,"SSL",0,0,200,8
"scenarioA","X_189","weak",0.3,0,NA,"SSL",0,0,200,8
"scenarioA","X_190","weak",0.3,0,NA,"SSL",0,0,200,8
"scenarioA","X_191","weak",0.3,0,NA,"SSL",0,0,200,8
"scenarioA","X_192","weak",0.3,0,NA,"SSL",0,0,200,8
"scenarioA","X_193","weak",0.3,0,NA,"SSL",0,0,200,8
"scenarioA","X_194","weak",0.3,0,NA,"SSL",0,0,200,8
"scenarioA","X_195","weak",0.3,0,NA,"SSL",0,0,200,8
"scenarioA","X_196","weak",0.3,0,NA,"SSL",0,0,200,8
"scenarioA","X_197","weak",0.3,0,NA,"SSL",0,0,200,8
"scenarioA","X_198","weak",0.3,0,NA,"SSL",0,0,200,8
"scenarioA","X_199","weak",0.3,0,NA,"SSL",0,0,200,8
"scenarioA","X_200","weak",0.3,0,NA,"SSL",0,0,200,8
"scenarioA","X_201","weak",0.3,0,NA,"SSL",0,0,200,8
"scenarioA","X_202","weak",0.3,0,NA,"SSL",0,0,200,8
"scenarioA","X_203","weak",0.3,0,NA,"SSL",0,0,200,8
"scenarioA","X_204","weak",0.3,0,NA,"SSL",0,0,200,8
"scenarioA","X_205","weak",0.3,0,NA,"SSL",0,0,200,8
"scenarioA","X_206","weak",0.3,0,NA,"SSL",0,0,200,8
"scenarioA","X_207","weak",0.3,0,NA,"SSL",0,0,200,8
"scenarioA","X_208","weak",0.3,0,NA,"SSL",0,0,200,8
"scenarioA","X_209","weak",0.3,0,NA,"SSL",0,0,200,8
"scenarioA","X_210","weak",0.3,0,NA,"SSL",0,0,200,8
"scenarioA","X_211","weak",0.3,0,NA,"SSL",0,0,200,8
"scenarioA","X_212","weak",0.3,0,NA,"SSL",0,0,200,8
"scenarioA","X_213","weak",0.3,0,NA,"SSL",0,0,200,8
"scenarioA","X_214","weak",0.3,0,NA,"SSL",0,0,200,8
"scenarioA","X_215","weak",0.3,0,NA,"SSL",0,0,200,8
"scenarioA","X_216","weak",0.3,0,NA,"SSL",0,0,200,8
"scenarioA","X_217","weak",0.3,0,NA,"SSL",0,0,200,8
"scenarioA","X_218","weak",0.3,0,NA,"SSL",0,0,200,8
"scenarioA","X_219","weak",0.3,0,NA,"SSL",0,0,200,8
"scenarioA","X_220","weak",0.3,0,NA,"SSL",0,0,200,8
"scenarioA","X_221","weak",0.3,0,NA,"SSL",0,0,200,8
"scenarioA","X_222","weak",0.3,0,NA,"SSL",0,0,200,8
"scenarioA","X_223","weak",0.3,0,NA,"SSL",0,0,200,8
"scenarioA","X_224","weak",0.3,0,NA,"SSL",0,0,200,8
"scenarioA","X_225","weak",0.3,0,NA,"SSL",0,0,200,8
"scenarioA","X_226","weak",0.3,0,NA,"SSL",0,0,200,8
"scenarioA","X_227","weak",0.3,0,NA,"SSL",0,0,200,8
"scenarioA","X_228","strong",0.6,0,NA,"SSL",0,0,200,8
"scenarioA","X_229","strong",0.6,0,NA,"SSL",0,0,200,8
"scenarioA","X_230","strong",0.6,0,NA,"SSL",0,0,200,8
"scenarioA","X_231","strong",0.6,0,NA,"SSL",0,0,200,8
"scenarioA","X_232","strong",0.6,0,NA,"SSL",0,0,200,8
"scenarioA","X_233","strong",0.6,0,NA,"SSL",0,0,200,8
"scenarioA","X_234","strong",0.6,0,NA,"SSL",0,0,200,8
"scenarioA","X_235","strong",0.6,0,NA,"SSL",0,0,200,8
"scenarioA","X_236","strong",0.6,0,NA,"SSL",0,0,200,8
"scenarioA","X_237","strong",0.6,0,NA,"SSL",0,0,200,8
"scenarioA","X_238","strong",0.6,0,NA,"SSL",0,0,200,8
"scenarioA","X_239","strong",0.6,0,NA,"SSL",0,0,200,8
"scenarioA","X_240","strong",0.6,0,NA,"SSL",0,0,200,8
"scenarioA","X_241","strong",0.6,0,NA,"SSL",0,0,200,8
"scenarioA","X_242","strong",0.6,0,NA,"SSL",0,0,200,8
"scenarioA","X_243","strong",0.6,0,NA,"SSL",0,0,200,8
"scenarioA","X_244","strong",0.6,0,NA,"SSL",0,0,200,8
"scenarioA","X_245","strong",0.6,0,NA,"SSL",0,0,200,8
"scenarioA","X_246","strong",0.6,0,NA,"SSL",0,0,200,8
"scenarioA","X_247","strong",0.6,0,NA,"SSL",0,0,200,8
"scenarioA","X_248","strong",0.6,0,NA,"SSL",0,0,200,8
"scenarioA","X_249","strong",0.6,0,NA,"SSL",0,0,200,8
"scenarioA","X_250","strong",0.6,0,NA,"SSL",0,0,200,8
"scenarioA","X_251","strong",0.6,0,NA,"SSL",0,0,200,8
"scenarioA","X_252","strong",0.6,0,NA,"SSL",0,0,200,8
"scenarioA","X_253","strong",0.6,0,NA,"SSL",0,0,200,8
"scenarioA","X_254","strong",0.6,0,NA,"SSL",0,0,200,8
"scenarioA","X_255","strong",0.6,0,NA,"SSL",0,0,200,8
"scenarioA","X_256","strong",0.6,0,NA,"SSL",0,0,200,8
"scenarioA","X_257","strong",0.6,0,NA,"SSL",0,0,200,8
"scenarioA","X_258","strong",0.6,0,NA,"SSL",0,0,200,8
"scenarioA","X_259","strong",0.6,0,NA,"SSL",0,0,200,8
"scenarioA","X_260","strong",0.6,0,NA,"SSL",0,0,200,8
"scenarioA","X_261","strong",0.6,0,NA,"SSL",0,0,200,8
"scenarioA","X_262","strong",0.6,0,NA,"SSL",0,0,200,8
"scenarioA","X_263","strong",0.6,0,NA,"SSL",0,0,200,8
"scenarioA","X_264","strong",0.6,0,NA,"SSL",0,0,200,8
"scenarioA","X_265","strong",0.6,0,NA,"SSL",0,0,200,8
"scenarioA","X_266","strong",0.6,0,NA,"SSL",0,0,200,8
"scenarioA","X_267","strong",0.6,0,NA,"SSL",0,0,200,8
"scenarioA","X_268","strong",0.6,0,NA,"SSL",0,0,200,8
"scenarioA","X_269","strong",0.6,0,NA,"SSL",0,0,200,8
"scenarioA","X_270","strong",0.6,0,NA,"SSL",0,0,200,8
"scenarioA","X_271","strong",0.6,0,NA,"SSL",0,0,200,8
"scenarioA","X_272","strong",0.6,0,NA,"SSL",0,0,200,8
"scenarioA","X_273","strong",0.6,0,NA,"SSL",0,0,200,8
"scenarioA","X_274","strong",0.6,0,NA,"SSL",0,0,200,8
"scenarioA","X_275","strong",0.6,0,NA,"SSL",0,0,200,8
"scenarioA","X_276","strong",0.6,0,NA,"SSL",0,0,200,8
"scenarioA","X_277","strong",0.6,0,NA,"SSL",0,0,200,8
"scenarioA","X_278","strong",0.6,0,NA,"SSL",0,0,200,8
"scenarioA","X_279","strong",0.6,0,NA,"SSL",0,0,200,8
"scenarioA","X_280","strong",0.6,0,NA,"SSL",0,0,200,8
"scenarioA","X_281","strong",0.6,0,NA,"SSL",0,0,200,8
"scenarioA","X_282","strong",0.6,0,NA,"SSL",0,0,200,8
"scenarioA","X_283","strong",0.6,0,NA,"SSL",0,0,200,8
"scenarioA","X_284","strong",0.6,0,NA,"SSL",0,0,200,8
"scenarioA","X_285","strong",0.6,0,NA,"SSL",0,0,200,8
"scenarioA","X_286","strong",0.6,0,NA,"SSL",0,0,200,8
"scenarioA","X_287","strong",0.6,0,NA,"SSL",0,0,200,8
"scenarioA","X_288","strong",0.6,0,NA,"SSL",0,0,200,8
"scenarioA","X_289","strong",0.6,0,NA,"SSL",0,0,200,8
"scenarioA","X_290","strong",0.6,0,NA,"SSL",0,0,200,8
"scenarioA","X_291","strong",0.6,0,NA,"SSL",0,0,200,8
"scenarioA","X_292","strong",0.6,0,NA,"SSL",0,0,200,8
"scenarioA","X_293","strong",0.6,0,NA,"SSL",0,0,200,8
"scenarioA","X_294","strong",0.6,0,NA,"SSL",0,0,200,8
"scenarioA","X_295","strong",0.6,0,NA,"SSL",0,0,200,8
"scenarioA","X_296","strong",0.6,0,NA,"SSL",0,0,200,8
"scenarioA","X_297","strong",0.6,0,NA,"SSL",0,0,200,8
"scenarioA","X_298","strong",0.6,0,NA,"SSL",0,0,200,8
"scenarioA","X_299","strong",0.6,0,NA,"SSL",0,0,200,8
"scenarioA","X_300","strong",0.6,0,NA,"SSL",0,0,200,8
"scenarioA","X_1","strong",0.6,0.4,0.30554755579783,"LASSO",0,-0.4,200,8
"scenarioA","X_2","strong",0.6,-0.5,-0.375407027612424,"LASSO",0,0.5,200,8
"scenarioA","X_3","weak",0.3,0.6,0.74642431523144,"LASSO",0.305442409488775,-0.294557590511225,200,8
"scenarioA","X_4","weak",0.3,0.75,0.839876899006005,"LASSO",0.431326772338085,-0.318673227661915,200,8
"scenarioA","X_5","indep",0,-0.8,-1.01288962922824,"LASSO",-0.506243021114835,0.293756978885165,200,8
"scenarioA","X_6","indep",0,0,NA,"LASSO",0,0,200,8
"scenarioA","X_7","indep",0,0,NA,"LASSO",0,0,200,8
"scenarioA","X_8","indep",0,0,NA,"LASSO",0,0,200,8
"scenarioA","X_9","indep",0,0,NA,"LASSO",0,0,200,8
"scenarioA","X_10","indep",0,0,NA,"LASSO",0,0,200,8
"scenarioA","X_11","indep",0,0,NA,"LASSO",0,0,200,8
"scenarioA","X_12","indep",0,0,NA,"LASSO",0,0,200,8
"scenarioA","X_13","indep",0,0,NA,"LASSO",0,0,200,8
"scenarioA","X_14","indep",0,0,NA,"LASSO",0,0,200,8
"scenarioA","X_15","indep",0,0,NA,"LASSO",0,0,200,8
"scenarioA","X_16","indep",0,0,NA,"LASSO",0,0,200,8
"scenarioA","X_17","indep",0,0,NA,"LASSO",0,0,200,8
"scenarioA","X_18","indep",0,0,NA,"LASSO",0,0,200,8
"scenarioA","X_19","indep",0,0,NA,"LASSO",0,0,200,8
"scenarioA","X_20","indep",0,0,NA,"LASSO",0,0,200,8
"scenarioA","X_21","indep",0,0,NA,"LASSO",0,0,200,8
"scenarioA","X_22","indep",0,0,NA,"LASSO",0,0,200,8
"scenarioA","X_23","indep",0,0,NA,"LASSO",0,0,200,8
"scenarioA","X_24","indep",0,0,NA,"LASSO",0,0,200,8
"scenarioA","X_25","indep",0,0,NA,"LASSO",0,0,200,8
"scenarioA","X_26","indep",0,0,NA,"LASSO",0,0,200,8
"scenarioA","X_27","indep",0,0,NA,"LASSO",0,0,200,8
"scenarioA","X_28","indep",0,0,NA,"LASSO",0,0,200,8
"scenarioA","X_29","indep",0,0,NA,"LASSO",0,0,200,8
"scenarioA","X_30","indep",0,0,NA,"LASSO",0,0,200,8
"scenarioA","X_31","indep",0,0,NA,"LASSO",0,0,200,8
"scenarioA","X_32","indep",0,0,NA,"LASSO",0,0,200,8
"scenarioA","X_33","indep",0,0,NA,"LASSO",0,0,200,8
"scenarioA","X_34","indep",0,0,NA,"LASSO",0,0,200,8
"scenarioA","X_35","indep",0,0,NA,"LASSO",0,0,200,8
"scenarioA","X_36","indep",0,0,NA,"LASSO",0,0,200,8
"scenarioA","X_37","indep",0,0,NA,"LASSO",0,0,200,8
"scenarioA","X_38","indep",0,0,NA,"LASSO",0,0,200,8
"scenarioA","X_39","indep",0,0,NA,"LASSO",0,0,200,8
"scenarioA","X_40","indep",0,0,NA,"LASSO",0,0,200,8
"scenarioA","X_41","indep",0,0,NA,"LASSO",0,0,200,8
"scenarioA","X_42","indep",0,0,NA,"LASSO",0,0,200,8
"scenarioA","X_43","indep",0,0,NA,"LASSO",0,0,200,8
"scenarioA","X_44","indep",0,0,NA,"LASSO",0,0,200,8
"scenarioA","X_45","indep",0,0,NA,"LASSO",0,0,200,8
"scenarioA","X_46","indep",0,0,NA,"LASSO",0,0,200,8
"scenarioA","X_47","indep",0,0,NA,"LASSO",0,0,200,8
"scenarioA","X_48","indep",0,0,NA,"LASSO",0,0,200,8
"scenarioA","X_49","indep",0,0,NA,"LASSO",0,0,200,8
"scenarioA","X_50","indep",0,0,NA,"LASSO",0,0,200,8
"scenarioA","X_51","indep",0,0,NA,"LASSO",0,0,200,8
"scenarioA","X_52","indep",0,0,NA,"LASSO",0,0,200,8
"scenarioA","X_53","indep",0,0,NA,"LASSO",0,0,200,8
"scenarioA","X_54","indep",0,0,NA,"LASSO",0,0,200,8
"scenarioA","X_55","indep",0,0,NA,"LASSO",0,0,200,8
"scenarioA","X_56","indep",0,0,NA,"LASSO",0,0,200,8
"scenarioA","X_57","indep",0,0,NA,"LASSO",0,0,200,8
"scenarioA","X_58","indep",0,0,NA,"LASSO",0,0,200,8
"scenarioA","X_59","indep",0,0,NA,"LASSO",0,0,200,8
"scenarioA","X_60","indep",0,0,NA,"LASSO",0,0,200,8
"scenarioA","X_61","indep",0,0,NA,"LASSO",0,0,200,8
"scenarioA","X_62","indep",0,0,NA,"LASSO",0,0,200,8
"scenarioA","X_63","indep",0,0,NA,"LASSO",0,0,200,8
"scenarioA","X_64","indep",0,0,NA,"LASSO",0,0,200,8
"scenarioA","X_65","indep",0,0,NA,"LASSO",0,0,200,8
"scenarioA","X_66","indep",0,0,NA,"LASSO",0,0,200,8
"scenarioA","X_67","indep",0,0,NA,"LASSO",0,0,200,8
"scenarioA","X_68","indep",0,0,NA,"LASSO",0,0,200,8
"scenarioA","X_69","indep",0,0,NA,"LASSO",0,0,200,8
"scenarioA","X_70","indep",0,0,NA,"LASSO",0,0,200,8
"scenarioA","X_71","indep",0,0,NA,"LASSO",0,0,200,8
"scenarioA","X_72","indep",0,0,NA,"LASSO",0,0,200,8
"scenarioA","X_73","indep",0,0,NA,"LASSO",0,0,200,8
"scenarioA","X_74","indep",0,0,NA,"LASSO",0,0,200,8
"scenarioA","X_75","indep",0,0,NA,"LASSO",0,0,200,8
"scenarioA","X_76","indep",0,0,NA,"LASSO",0,0,200,8
"scenarioA","X_77","indep",0,0,NA,"LASSO",0,0,200,8
"scenarioA","X_78","indep",0,0,NA,"LASSO",0,0,200,8
"scenarioA","X_79","indep",0,0,NA,"LASSO",0,0,200,8
"scenarioA","X_80","indep",0,0,NA,"LASSO",0,0,200,8
"scenarioA","X_81","indep",0,0,NA,"LASSO",0,0,200,8
"scenarioA","X_82","indep",0,0,NA,"LASSO",0,0,200,8
"scenarioA","X_83","indep",0,0,NA,"LASSO",0,0,200,8
"scenarioA","X_84","indep",0,0,NA,"LASSO",0,0,200,8
"scenarioA","X_85","indep",0,0,NA,"LASSO",0,0,200,8
"scenarioA","X_86","indep",0,0,NA,"LASSO",0,0,200,8
"scenarioA","X_87","indep",0,0,NA,"LASSO",0,0,200,8
"scenarioA","X_88","indep",0,0,NA,"LASSO",0,0,200,8
"scenarioA","X_89","indep",0,0,NA,"LASSO",0,0,200,8
"scenarioA","X_90","indep",0,0,NA,"LASSO",0,0,200,8
"scenarioA","X_91","indep",0,0,NA,"LASSO",0,0,200,8
"scenarioA","X_92","indep",0,0,NA,"LASSO",0,0,200,8
"scenarioA","X_93","indep",0,0,NA,"LASSO",0,0,200,8
"scenarioA","X_94","indep",0,0,NA,"LASSO",0,0,200,8
"scenarioA","X_95","indep",0,0,NA,"LASSO",0,0,200,8
"scenarioA","X_96","indep",0,0,NA,"LASSO",0,0,200,8
"scenarioA","X_97","indep",0,0,NA,"LASSO",0,0,200,8
"scenarioA","X_98","indep",0,0,NA,"LASSO",0,0,200,8
"scenarioA","X_99","indep",0,0,NA,"LASSO",0,0,200,8
"scenarioA","X_100","indep",0,0,NA,"LASSO",0,0,200,8
"scenarioA","X_101","indep",0,0,NA,"LASSO",0,0,200,8
"scenarioA","X_102","indep",0,0,NA,"LASSO",0,0,200,8
"scenarioA","X_103","indep",0,0,NA,"LASSO",0,0,200,8
"scenarioA","X_104","indep",0,0,NA,"LASSO",0,0,200,8
"scenarioA","X_105","indep",0,0,NA,"LASSO",0,0,200,8
"scenarioA","X_106","indep",0,0,NA,"LASSO",0,0,200,8
"scenarioA","X_107","indep",0,0,NA,"LASSO",0,0,200,8
"scenarioA","X_108","indep",0,0,NA,"LASSO",0,0,200,8
"scenarioA","X_109","indep",0,0,NA,"LASSO",0,0,200,8
"scenarioA","X_110","indep",0,0,NA,"LASSO",0,0,200,8
"scenarioA","X_111","indep",0,0,NA,"LASSO",0,0,200,8
"scenarioA","X_112","indep",0,0,NA,"LASSO",0,0,200,8
"scenarioA","X_113","indep",0,0,NA,"LASSO",0,0,200,8
"scenarioA","X_114","indep",0,0,NA,"LASSO",0,0,200,8
"scenarioA","X_115","indep",0,0,NA,"LASSO",0,0,200,8
"scenarioA","X_116","indep",0,0,NA,"LASSO",0,0,200,8
"scenarioA","X_117","indep",0,0,NA,"LASSO",0,0,200,8
"scenarioA","X_118","indep",0,0,NA,"LASSO",0,0,200,8
"scenarioA","X_119","indep",0,0,NA,"LASSO",0,0,200,8
"scenarioA","X_120","indep",0,0,NA,"LASSO",0,0,200,8
"scenarioA","X_121","indep",0,0,NA,"LASSO",0,0,200,8
"scenarioA","X_122","indep",0,0,NA,"LASSO",0,0,200,8
"scenarioA","X_123","indep",0,0,NA,"LASSO",0,0,200,8
"scenarioA","X_124","indep",0,0,NA,"LASSO",0,0,200,8
"scenarioA","X_125","indep",0,0,NA,"LASSO",0,0,200,8
"scenarioA","X_126","indep",0,0,NA,"LASSO",0,0,200,8
"scenarioA","X_127","indep",0,0,NA,"LASSO",0,0,200,8
"scenarioA","X_128","indep",0,0,NA,"LASSO",0,0,200,8
"scenarioA","X_129","indep",0,0,NA,"LASSO",0,0,200,8
"scenarioA","X_130","indep",0,0,NA,"LASSO",0,0,200,8
"scenarioA","X_131","indep",0,0,NA,"LASSO",0,0,200,8
"scenarioA","X_132","indep",0,0,NA,"LASSO",0,0,200,8
"scenarioA","X_133","indep",0,0,NA,"LASSO",0,0,200,8
"scenarioA","X_134","indep",0,0,NA,"LASSO",0,0,200,8
"scenarioA","X_135","indep",0,0,NA,"LASSO",0,0,200,8
"scenarioA","X_136","indep",0,0,NA,"LASSO",0,0,200,8
"scenarioA","X_137","indep",0,0,NA,"LASSO",0,0,200,8
"scenarioA","X_138","indep",0,0,NA,"LASSO",0,0,200,8
"scenarioA","X_139","indep",0,0,NA,"LASSO",0,0,200,8
"scenarioA","X_140","indep",0,0,NA,"LASSO",0,0,200,8
"scenarioA","X_141","indep",0,0,NA,"LASSO",0,0,200,8
"scenarioA","X_142","indep",0,0,NA,"LASSO",0,0,200,8
"scenarioA","X_143","indep",0,0,NA,"LASSO",0,0,200,8
"scenarioA","X_144","indep",0,0,NA,"LASSO",0,0,200,8
"scenarioA","X_145","indep",0,0,NA,"LASSO",0,0,200,8
"scenarioA","X_146","indep",0,0,NA,"LASSO",0,0,200,8
"scenarioA","X_147","indep",0,0,NA,"LASSO",0,0,200,8
"scenarioA","X_148","indep",0,0,NA,"LASSO",0,0,200,8
"scenarioA","X_149","indep",0,0,NA,"LASSO",0,0,200,8
"scenarioA","X_150","indep",0,0,NA,"LASSO",0,0,200,8
"scenarioA","X_151","indep",0,0,NA,"LASSO",0,0,200,8
"scenarioA","X_152","indep",0,0,NA,"LASSO",0,0,200,8
"scenarioA","X_153","indep",0,0,NA,"LASSO",0,0,200,8
"scenarioA","X_154","indep",0,0,NA,"LASSO",0,0,200,8
"scenarioA","X_155","weak",0.3,0,NA,"LASSO",0,0,200,8
"scenarioA","X_156","weak",0.3,0,NA,"LASSO",0,0,200,8
"scenarioA","X_157","weak",0.3,0,NA,"LASSO",0,0,200,8
"scenarioA","X_158","weak",0.3,0,NA,"LASSO",0,0,200,8
"scenarioA","X_159","weak",0.3,0,NA,"LASSO",0,0,200,8
"scenarioA","X_160","weak",0.3,0,NA,"LASSO",0,0,200,8
"scenarioA","X_161","weak",0.3,0,NA,"LASSO",0,0,200,8
"scenarioA","X_162","weak",0.3,0,NA,"LASSO",0,0,200,8
"scenarioA","X_163","weak",0.3,0,NA,"LASSO",0,0,200,8
"scenarioA","X_164","weak",0.3,0,NA,"LASSO",0,0,200,8
"scenarioA","X_165","weak",0.3,0,NA,"LASSO",0,0,200,8
"scenarioA","X_166","weak",0.3,0,NA,"LASSO",0,0,200,8
"scenarioA","X_167","weak",0.3,0,NA,"LASSO",0,0,200,8
"scenarioA","X_168","weak",0.3,0,NA,"LASSO",0,0,200,8
"scenarioA","X_169","weak",0.3,0,NA,"LASSO",0,0,200,8
"scenarioA","X_170","weak",0.3,0,NA,"LASSO",0,0,200,8
"scenarioA","X_171","weak",0.3,0,NA,"LASSO",0,0,200,8
"scenarioA","X_172","weak",0.3,0,NA,"LASSO",0,0,200,8
"scenarioA","X_173","weak",0.3,0,NA,"LASSO",0,0,200,8
"scenarioA","X_174","weak",0.3,0,NA,"LASSO",0,0,200,8
"scenarioA","X_175","weak",0.3,0,NA,"LASSO",0,0,200,8
"scenarioA","X_176","weak",0.3,0,NA,"LASSO",0,0,200,8
"scenarioA","X_177","weak",0.3,0,NA,"LASSO",0,0,200,8
"scenarioA","X_178","weak",0.3,0,NA,"LASSO",0,0,200,8
"scenarioA","X_179","weak",0.3,0,NA,"LASSO",0,0,200,8
"scenarioA","X_180","weak",0.3,0,NA,"LASSO",0,0,200,8
"scenarioA","X_181","weak",0.3,0,NA,"LASSO",0,0,200,8
"scenarioA","X_182","weak",0.3,0,NA,"LASSO",0,0,200,8
"scenarioA","X_183","weak",0.3,0,NA,"LASSO",0,0,200,8
"scenarioA","X_184","weak",0.3,0,NA,"LASSO",0,0,200,8
"scenarioA","X_185","weak",0.3,0,NA,"LASSO",0,0,200,8
"scenarioA","X_186","weak",0.3,0,NA,"LASSO",0,0,200,8
"scenarioA","X_187","weak",0.3,0,NA,"LASSO",0,0,200,8
"scenarioA","X_188","weak",0.3,0,NA,"LASSO",0,0,200,8
"scenarioA","X_189","weak",0.3,0,NA,"LASSO",0,0,200,8
"scenarioA","X_190","weak",0.3,0,NA,"LASSO",0,0,200,8
"scenarioA","X_191","weak",0.3,0,NA,"LASSO",0,0,200,8
"scenarioA","X_192","weak",0.3,0,NA,"LASSO",0,0,200,8
"scenarioA","X_193","weak",0.3,0,NA,"LASSO",0,0,200,8
"scenarioA","X_194","weak",0.3,0,NA,"LASSO",0,0,200,8
"scenarioA","X_195","weak",0.3,0,NA,"LASSO",0,0,200,8
"scenarioA","X_196","weak",0.3,0,NA,"LASSO",0,0,200,8
"scenarioA","X_197","weak",0.3,0,NA,"LASSO",0,0,200,8
"scenarioA","X_198","weak",0.3,0,NA,"LASSO",0,0,200,8
"scenarioA","X_199","weak",0.3,0,NA,"LASSO",0,0,200,8
"scenarioA","X_200","weak",0.3,0,NA,"LASSO",0,0,200,8
"scenarioA","X_201","weak",0.3,0,NA,"LASSO",0,0,200,8
"scenarioA","X_202","weak",0.3,0,NA,"LASSO",0,0,200,8
"scenarioA","X_203","weak",0.3,0,NA,"LASSO",0,0,200,8
"scenarioA","X_204","weak",0.3,0,NA,"LASSO",0,0,200,8
"scenarioA","X_205","weak",0.3,0,NA,"LASSO",0,0,200,8
"scenarioA","X_206","weak",0.3,0,NA,"LASSO",0,0,200,8
"scenarioA","X_207","weak",0.3,0,NA,"LASSO",0,0,200,8
"scenarioA","X_208","weak",0.3,0,NA,"LASSO",0,0,200,8
"scenarioA","X_209","weak",0.3,0,NA,"LASSO",0,0,200,8
"scenarioA","X_210","weak",0.3,0,NA,"LASSO",0,0,200,8
"scenarioA","X_211","weak",0.3,0,NA,"LASSO",0,0,200,8
"scenarioA","X_212","weak",0.3,0,NA,"LASSO",0,0,200,8
"scenarioA","X_213","weak",0.3,0,NA,"LASSO",0,0,200,8
"scenarioA","X_214","weak",0.3,0,NA,"LASSO",0.027979843428059,0.027979843428059,200,8
"scenarioA","X_215","weak",0.3,0,NA,"LASSO",0,0,200,8
"scenarioA","X_216","weak",0.3,0,NA,"LASSO",0,0,200,8
"scenarioA","X_217","weak",0.3,0,NA,"LASSO",0,0,200,8
"scenarioA","X_218","weak",0.3,0,NA,"LASSO",0,0,200,8
"scenarioA","X_219","weak",0.3,0,NA,"LASSO",0,0,200,8
"scenarioA","X_220","weak",0.3,0,NA,"LASSO",0,0,200,8
"scenarioA","X_221","weak",0.3,0,NA,"LASSO",0,0,200,8
"scenarioA","X_222","weak",0.3,0,NA,"LASSO",0,0,200,8
"scenarioA","X_223","weak",0.3,0,NA,"LASSO",0,0,200,8
"scenarioA","X_224","weak",0.3,0,NA,"LASSO",0,0,200,8
"scenarioA","X_225","weak",0.3,0,NA,"LASSO",0,0,200,8
"scenarioA","X_226","weak",0.3,0,NA,"LASSO",0,0,200,8
"scenarioA","X_227","weak",0.3,0,NA,"LASSO",0,0,200,8
"scenarioA","X_228","strong",0.6,0,NA,"LASSO",0,0,200,8
"scenarioA","X_229","strong",0.6,0,NA,"LASSO",0,0,200,8
"scenarioA","X_230","strong",0.6,0,NA,"LASSO",0,0,200,8
"scenarioA","X_231","strong",0.6,0,NA,"LASSO",0,0,200,8
"scenarioA","X_232","strong",0.6,0,NA,"LASSO",0,0,200,8
"scenarioA","X_233","strong",0.6,0,NA,"LASSO",0,0,200,8
"scenarioA","X_234","strong",0.6,0,NA,"LASSO",0,0,200,8
"scenarioA","X_235","strong",0.6,0,NA,"LASSO",0,0,200,8
"scenarioA","X_236","strong",0.6,0,NA,"LASSO",0,0,200,8
"scenarioA","X_237","strong",0.6,0,NA,"LASSO",0,0,200,8
"scenarioA","X_238","strong",0.6,0,NA,"LASSO",0,0,200,8
"scenarioA","X_239","strong",0.6,0,NA,"LASSO",0,0,200,8
"scenarioA","X_240","strong",0.6,0,NA,"LASSO",0,0,200,8
"scenarioA","X_241","strong",0.6,0,NA,"LASSO",0,0,200,8
"scenarioA","X_242","strong",0.6,0,NA,"LASSO",0,0,200,8
"scenarioA","X_243","strong",0.6,0,NA,"LASSO",0,0,200,8
"scenarioA","X_244","strong",0.6,0,NA,"LASSO",0,0,200,8
"scenarioA","X_245","strong",0.6,0,NA,"LASSO",0,0,200,8
"scenarioA","X_246","strong",0.6,0,NA,"LASSO",0,0,200,8
"scenarioA","X_247","strong",0.6,0,NA,"LASSO",0,0,200,8
"scenarioA","X_248","strong",0.6,0,NA,"LASSO",0,0,200,8
"scenarioA","X_249","strong",0.6,0,NA,"LASSO",0,0,200,8
"scenarioA","X_250","strong",0.6,0,NA,"LASSO",0,0,200,8
"scenarioA","X_251","strong",0.6,0,NA,"LASSO",0,0,200,8
"scenarioA","X_252","strong",0.6,0,NA,"LASSO",0,0,200,8
"scenarioA","X_253","strong",0.6,0,NA,"LASSO",0,0,200,8
"scenarioA","X_254","strong",0.6,0,NA,"LASSO",0,0,200,8
"scenarioA","X_255","strong",0.6,0,NA,"LASSO",0,0,200,8
"scenarioA","X_256","strong",0.6,0,NA,"LASSO",0,0,200,8
"scenarioA","X_257","strong",0.6,0,NA,"LASSO",0,0,200,8
"scenarioA","X_258","strong",0.6,0,NA,"LASSO",0,0,200,8
"scenarioA","X_259","strong",0.6,0,NA,"LASSO",0,0,200,8
"scenarioA","X_260","strong",0.6,0,NA,"LASSO",0,0,200,8
"scenarioA","X_261","strong",0.6,0,NA,"LASSO",0,0,200,8
"scenarioA","X_262","strong",0.6,0,NA,"LASSO",0,0,200,8
"scenarioA","X_263","strong",0.6,0,NA,"LASSO",0,0,200,8
"scenarioA","X_264","strong",0.6,0,NA,"LASSO",0,0,200,8
"scenarioA","X_265","strong",0.6,0,NA,"LASSO",0,0,200,8
"scenarioA","X_266","strong",0.6,0,NA,"LASSO",0,0,200,8
"scenarioA","X_267","strong",0.6,0,NA,"LASSO",0,0,200,8
"scenarioA","X_268","strong",0.6,0,NA,"LASSO",0,0,200,8
"scenarioA","X_269","strong",0.6,0,NA,"LASSO",0,0,200,8
"scenarioA","X_270","strong",0.6,0,NA,"LASSO",0,0,200,8
"scenarioA","X_271","strong",0.6,0,NA,"LASSO",0,0,200,8
"scenarioA","X_272","strong",0.6,0,NA,"LASSO",0,0,200,8
"scenarioA","X_273","strong",0.6,0,NA,"LASSO",0,0,200,8
"scenarioA","X_274","strong",0.6,0,NA,"LASSO",0,0,200,8
"scenarioA","X_275","strong",0.6,0,NA,"LASSO",0,0,200,8
"scenarioA","X_276","strong",0.6,0,NA,"LASSO",0,0,200,8
"scenarioA","X_277","strong",0.6,0,NA,"LASSO",0,0,200,8
"scenarioA","X_278","strong",0.6,0,NA,"LASSO",0,0,200,8
"scenarioA","X_279","strong",0.6,0,NA,"LASSO",0,0,200,8
"scenarioA","X_280","strong",0.6,0,NA,"LASSO",0,0,200,8
"scenarioA","X_281","strong",0.6,0,NA,"LASSO",0,0,200,8
"scenarioA","X_282","strong",0.6,0,NA,"LASSO",0,0,200,8
"scenarioA","X_283","strong",0.6,0,NA,"LASSO",0,0,200,8
"scenarioA","X_284","strong",0.6,0,NA,"LASSO",0,0,200,8
"scenarioA","X_285","strong",0.6,0,NA,"LASSO",0,0,200,8
"scenarioA","X_286","strong",0.6,0,NA,"LASSO",0,0,200,8
"scenarioA","X_287","strong",0.6,0,NA,"LASSO",0,0,200,8
"scenarioA","X_288","strong",0.6,0,NA,"LASSO",0,0,200,8
"scenarioA","X_289","strong",0.6,0,NA,"LASSO",0,0,200,8
"scenarioA","X_290","strong",0.6,0,NA,"LASSO",0,0,200,8
"scenarioA","X_291","strong",0.6,0,NA,"LASSO",0,0,200,8
"scenarioA","X_292","strong",0.6,0,NA,"LASSO",0,0,200,8
"scenarioA","X_293","strong",0.6,0,NA,"LASSO",0,0,200,8
"scenarioA","X_294","strong",0.6,0,NA,"LASSO",0,0,200,8
"scenarioA","X_295","strong",0.6,0,NA,"LASSO",0,0,200,8
"scenarioA","X_296","strong",0.6,0,NA,"LASSO",0,0,200,8
"scenarioA","X_297","strong",0.6,0,NA,"LASSO",0,0,200,8
"scenarioA","X_298","strong",0.6,0,NA,"LASSO",0,0,200,8
"scenarioA","X_299","strong",0.6,0,NA,"LASSO",0,0,200,8
"scenarioA","X_300","strong",0.6,0,NA,"LASSO",0,0,200,8
"scenarioA","X_1","strong",0.6,0.4,0.394071281191187,"SSL",0,-0.4,200,9
"scenarioA","X_2","strong",0.6,-0.5,-0.529661210346245,"SSL",-0.263427195190135,0.236572804809865,200,9
"scenarioA","X_3","weak",0.3,0.6,0.489027453571847,"SSL",0.35143002776869,-0.24856997223131,200,9
"scenarioA","X_4","weak",0.3,0.75,0.611759186206825,"SSL",0.497746365107874,-0.252253634892126,200,9
"scenarioA","X_5","indep",0,-0.8,-0.816037857396118,"SSL",-0.708198135131107,0.0918018648688931,200,9
"scenarioA","X_6","indep",0,0,NA,"SSL",0,0,200,9
"scenarioA","X_7","indep",0,0,NA,"SSL",0,0,200,9
"scenarioA","X_8","indep",0,0,NA,"SSL",0,0,200,9
"scenarioA","X_9","indep",0,0,NA,"SSL",0,0,200,9
"scenarioA","X_10","indep",0,0,NA,"SSL",0,0,200,9
"scenarioA","X_11","indep",0,0,NA,"SSL",0,0,200,9
"scenarioA","X_12","indep",0,0,NA,"SSL",0,0,200,9
"scenarioA","X_13","indep",0,0,NA,"SSL",0,0,200,9
"scenarioA","X_14","indep",0,0,NA,"SSL",0,0,200,9
"scenarioA","X_15","indep",0,0,NA,"SSL",0,0,200,9
"scenarioA","X_16","indep",0,0,NA,"SSL",0,0,200,9
"scenarioA","X_17","indep",0,0,NA,"SSL",0,0,200,9
"scenarioA","X_18","indep",0,0,NA,"SSL",0,0,200,9
"scenarioA","X_19","indep",0,0,NA,"SSL",0,0,200,9
"scenarioA","X_20","indep",0,0,NA,"SSL",0,0,200,9
"scenarioA","X_21","indep",0,0,NA,"SSL",0,0,200,9
"scenarioA","X_22","indep",0,0,NA,"SSL",0,0,200,9
"scenarioA","X_23","indep",0,0,NA,"SSL",0,0,200,9
"scenarioA","X_24","indep",0,0,NA,"SSL",0,0,200,9
"scenarioA","X_25","indep",0,0,NA,"SSL",0,0,200,9
"scenarioA","X_26","indep",0,0,NA,"SSL",0,0,200,9
"scenarioA","X_27","indep",0,0,NA,"SSL",0,0,200,9
"scenarioA","X_28","indep",0,0,NA,"SSL",0,0,200,9
"scenarioA","X_29","indep",0,0,NA,"SSL",0,0,200,9
"scenarioA","X_30","indep",0,0,NA,"SSL",0,0,200,9
"scenarioA","X_31","indep",0,0,NA,"SSL",0,0,200,9
"scenarioA","X_32","indep",0,0,NA,"SSL",0,0,200,9
"scenarioA","X_33","indep",0,0,NA,"SSL",0,0,200,9
"scenarioA","X_34","indep",0,0,NA,"SSL",0,0,200,9
"scenarioA","X_35","indep",0,0,NA,"SSL",0,0,200,9
"scenarioA","X_36","indep",0,0,NA,"SSL",0,0,200,9
"scenarioA","X_37","indep",0,0,NA,"SSL",0,0,200,9
"scenarioA","X_38","indep",0,0,NA,"SSL",0,0,200,9
"scenarioA","X_39","indep",0,0,NA,"SSL",0,0,200,9
"scenarioA","X_40","indep",0,0,NA,"SSL",0,0,200,9
"scenarioA","X_41","indep",0,0,NA,"SSL",0,0,200,9
"scenarioA","X_42","indep",0,0,NA,"SSL",0,0,200,9
"scenarioA","X_43","indep",0,0,NA,"SSL",0,0,200,9
"scenarioA","X_44","indep",0,0,NA,"SSL",0,0,200,9
"scenarioA","X_45","indep",0,0,NA,"SSL",0,0,200,9
"scenarioA","X_46","indep",0,0,NA,"SSL",0,0,200,9
"scenarioA","X_47","indep",0,0,NA,"SSL",0,0,200,9
"scenarioA","X_48","indep",0,0,NA,"SSL",0,0,200,9
"scenarioA","X_49","indep",0,0,NA,"SSL",0,0,200,9
"scenarioA","X_50","indep",0,0,NA,"SSL",0,0,200,9
"scenarioA","X_51","indep",0,0,NA,"SSL",0,0,200,9
"scenarioA","X_52","indep",0,0,NA,"SSL",0,0,200,9
"scenarioA","X_53","indep",0,0,NA,"SSL",0,0,200,9
"scenarioA","X_54","indep",0,0,NA,"SSL",0,0,200,9
"scenarioA","X_55","indep",0,0,NA,"SSL",0,0,200,9
"scenarioA","X_56","indep",0,0,NA,"SSL",0,0,200,9
"scenarioA","X_57","indep",0,0,NA,"SSL",0,0,200,9
"scenarioA","X_58","indep",0,0,NA,"SSL",0,0,200,9
"scenarioA","X_59","indep",0,0,NA,"SSL",0,0,200,9
"scenarioA","X_60","indep",0,0,NA,"SSL",0,0,200,9
"scenarioA","X_61","indep",0,0,NA,"SSL",0,0,200,9
"scenarioA","X_62","indep",0,0,NA,"SSL",0,0,200,9
"scenarioA","X_63","indep",0,0,NA,"SSL",0,0,200,9
"scenarioA","X_64","indep",0,0,NA,"SSL",0,0,200,9
"scenarioA","X_65","indep",0,0,NA,"SSL",0,0,200,9
"scenarioA","X_66","indep",0,0,NA,"SSL",0,0,200,9
"scenarioA","X_67","indep",0,0,NA,"SSL",0,0,200,9
"scenarioA","X_68","indep",0,0,NA,"SSL",0,0,200,9
"scenarioA","X_69","indep",0,0,NA,"SSL",0,0,200,9
"scenarioA","X_70","indep",0,0,NA,"SSL",0,0,200,9
"scenarioA","X_71","indep",0,0,NA,"SSL",0,0,200,9
"scenarioA","X_72","indep",0,0,NA,"SSL",0,0,200,9
"scenarioA","X_73","indep",0,0,NA,"SSL",0,0,200,9
"scenarioA","X_74","indep",0,0,NA,"SSL",0,0,200,9
"scenarioA","X_75","indep",0,0,NA,"SSL",0,0,200,9
"scenarioA","X_76","indep",0,0,NA,"SSL",0,0,200,9
"scenarioA","X_77","indep",0,0,NA,"SSL",0,0,200,9
"scenarioA","X_78","indep",0,0,NA,"SSL",0,0,200,9
"scenarioA","X_79","indep",0,0,NA,"SSL",0,0,200,9
"scenarioA","X_80","indep",0,0,NA,"SSL",0,0,200,9
"scenarioA","X_81","indep",0,0,NA,"SSL",0,0,200,9
"scenarioA","X_82","indep",0,0,NA,"SSL",0,0,200,9
"scenarioA","X_83","indep",0,0,NA,"SSL",0,0,200,9
"scenarioA","X_84","indep",0,0,NA,"SSL",0,0,200,9
"scenarioA","X_85","indep",0,0,NA,"SSL",0,0,200,9
"scenarioA","X_86","indep",0,0,NA,"SSL",0,0,200,9
"scenarioA","X_87","indep",0,0,NA,"SSL",0,0,200,9
"scenarioA","X_88","indep",0,0,NA,"SSL",0,0,200,9
"scenarioA","X_89","indep",0,0,NA,"SSL",0,0,200,9
"scenarioA","X_90","indep",0,0,NA,"SSL",0,0,200,9
"scenarioA","X_91","indep",0,0,NA,"SSL",0,0,200,9
"scenarioA","X_92","indep",0,0,NA,"SSL",0,0,200,9
"scenarioA","X_93","indep",0,0,NA,"SSL",0,0,200,9
"scenarioA","X_94","indep",0,0,NA,"SSL",0,0,200,9
"scenarioA","X_95","indep",0,0,NA,"SSL",0,0,200,9
"scenarioA","X_96","indep",0,0,NA,"SSL",0,0,200,9
"scenarioA","X_97","indep",0,0,NA,"SSL",0,0,200,9
"scenarioA","X_98","indep",0,0,NA,"SSL",0,0,200,9
"scenarioA","X_99","indep",0,0,NA,"SSL",0,0,200,9
"scenarioA","X_100","indep",0,0,NA,"SSL",0,0,200,9
"scenarioA","X_101","indep",0,0,NA,"SSL",0,0,200,9
"scenarioA","X_102","indep",0,0,NA,"SSL",0,0,200,9
"scenarioA","X_103","indep",0,0,NA,"SSL",0,0,200,9
"scenarioA","X_104","indep",0,0,NA,"SSL",0,0,200,9
"scenarioA","X_105","indep",0,0,NA,"SSL",0,0,200,9
"scenarioA","X_106","indep",0,0,NA,"SSL",0,0,200,9
"scenarioA","X_107","indep",0,0,NA,"SSL",0,0,200,9
"scenarioA","X_108","indep",0,0,NA,"SSL",0,0,200,9
"scenarioA","X_109","indep",0,0,NA,"SSL",0,0,200,9
"scenarioA","X_110","indep",0,0,NA,"SSL",0,0,200,9
"scenarioA","X_111","indep",0,0,NA,"SSL",0,0,200,9
"scenarioA","X_112","indep",0,0,NA,"SSL",0,0,200,9
"scenarioA","X_113","indep",0,0,NA,"SSL",0,0,200,9
"scenarioA","X_114","indep",0,0,NA,"SSL",0,0,200,9
"scenarioA","X_115","indep",0,0,NA,"SSL",0,0,200,9
"scenarioA","X_116","indep",0,0,NA,"SSL",0,0,200,9
"scenarioA","X_117","indep",0,0,NA,"SSL",0,0,200,9
"scenarioA","X_118","indep",0,0,NA,"SSL",0,0,200,9
"scenarioA","X_119","indep",0,0,NA,"SSL",0,0,200,9
"scenarioA","X_120","indep",0,0,NA,"SSL",0,0,200,9
"scenarioA","X_121","indep",0,0,NA,"SSL",0,0,200,9
"scenarioA","X_122","indep",0,0,NA,"SSL",0,0,200,9
"scenarioA","X_123","indep",0,0,NA,"SSL",0,0,200,9
"scenarioA","X_124","indep",0,0,NA,"SSL",0,0,200,9
"scenarioA","X_125","indep",0,0,NA,"SSL",0,0,200,9
"scenarioA","X_126","indep",0,0,NA,"SSL",0,0,200,9
"scenarioA","X_127","indep",0,0,NA,"SSL",0,0,200,9
"scenarioA","X_128","indep",0,0,NA,"SSL",0,0,200,9
"scenarioA","X_129","indep",0,0,NA,"SSL",0,0,200,9
"scenarioA","X_130","indep",0,0,NA,"SSL",0,0,200,9
"scenarioA","X_131","indep",0,0,NA,"SSL",0,0,200,9
"scenarioA","X_132","indep",0,0,NA,"SSL",0,0,200,9
"scenarioA","X_133","indep",0,0,NA,"SSL",0,0,200,9
"scenarioA","X_134","indep",0,0,NA,"SSL",0,0,200,9
"scenarioA","X_135","indep",0,0,NA,"SSL",0,0,200,9
"scenarioA","X_136","indep",0,0,NA,"SSL",0,0,200,9
"scenarioA","X_137","indep",0,0,NA,"SSL",0,0,200,9
"scenarioA","X_138","indep",0,0,NA,"SSL",0,0,200,9
"scenarioA","X_139","indep",0,0,NA,"SSL",0,0,200,9
"scenarioA","X_140","indep",0,0,NA,"SSL",0,0,200,9
"scenarioA","X_141","indep",0,0,NA,"SSL",0,0,200,9
"scenarioA","X_142","indep",0,0,NA,"SSL",0,0,200,9
"scenarioA","X_143","indep",0,0,NA,"SSL",0,0,200,9
"scenarioA","X_144","indep",0,0,NA,"SSL",0,0,200,9
"scenarioA","X_145","indep",0,0,NA,"SSL",0,0,200,9
"scenarioA","X_146","indep",0,0,NA,"SSL",0,0,200,9
"scenarioA","X_147","indep",0,0,NA,"SSL",0,0,200,9
"scenarioA","X_148","indep",0,0,NA,"SSL",0,0,200,9
"scenarioA","X_149","indep",0,0,NA,"SSL",0,0,200,9
"scenarioA","X_150","indep",0,0,NA,"SSL",0,0,200,9
"scenarioA","X_151","indep",0,0,NA,"SSL",0,0,200,9
"scenarioA","X_152","indep",0,0,NA,"SSL",0,0,200,9
"scenarioA","X_153","indep",0,0,NA,"SSL",0,0,200,9
"scenarioA","X_154","indep",0,0,NA,"SSL",0,0,200,9
"scenarioA","X_155","weak",0.3,0,NA,"SSL",0,0,200,9
"scenarioA","X_156","weak",0.3,0,NA,"SSL",0,0,200,9
"scenarioA","X_157","weak",0.3,0,NA,"SSL",0,0,200,9
"scenarioA","X_158","weak",0.3,0,NA,"SSL",0,0,200,9
"scenarioA","X_159","weak",0.3,0,NA,"SSL",0,0,200,9
"scenarioA","X_160","weak",0.3,0,NA,"SSL",0,0,200,9
"scenarioA","X_161","weak",0.3,0,NA,"SSL",0,0,200,9
"scenarioA","X_162","weak",0.3,0,NA,"SSL",0,0,200,9
"scenarioA","X_163","weak",0.3,0,NA,"SSL",0,0,200,9
"scenarioA","X_164","weak",0.3,0,NA,"SSL",0,0,200,9
"scenarioA","X_165","weak",0.3,0,NA,"SSL",0,0,200,9
"scenarioA","X_166","weak",0.3,0,NA,"SSL",0,0,200,9
"scenarioA","X_167","weak",0.3,0,NA,"SSL",0,0,200,9
"scenarioA","X_168","weak",0.3,0,NA,"SSL",0,0,200,9
"scenarioA","X_169","weak",0.3,0,NA,"SSL",0,0,200,9
"scenarioA","X_170","weak",0.3,0,NA,"SSL",0,0,200,9
"scenarioA","X_171","weak",0.3,0,NA,"SSL",0,0,200,9
"scenarioA","X_172","weak",0.3,0,NA,"SSL",0,0,200,9
"scenarioA","X_173","weak",0.3,0,NA,"SSL",0,0,200,9
"scenarioA","X_174","weak",0.3,0,NA,"SSL",0,0,200,9
"scenarioA","X_175","weak",0.3,0,NA,"SSL",0,0,200,9
"scenarioA","X_176","weak",0.3,0,NA,"SSL",0,0,200,9
"scenarioA","X_177","weak",0.3,0,NA,"SSL",0,0,200,9
"scenarioA","X_178","weak",0.3,0,NA,"SSL",0,0,200,9
"scenarioA","X_179","weak",0.3,0,NA,"SSL",0,0,200,9
"scenarioA","X_180","weak",0.3,0,NA,"SSL",0,0,200,9
"scenarioA","X_181","weak",0.3,0,NA,"SSL",0,0,200,9
"scenarioA","X_182","weak",0.3,0,NA,"SSL",0,0,200,9
"scenarioA","X_183","weak",0.3,0,NA,"SSL",0,0,200,9
"scenarioA","X_184","weak",0.3,0,NA,"SSL",0,0,200,9
"scenarioA","X_185","weak",0.3,0,NA,"SSL",0,0,200,9
"scenarioA","X_186","weak",0.3,0,NA,"SSL",0,0,200,9
"scenarioA","X_187","weak",0.3,0,NA,"SSL",0.14465403015235,0.14465403015235,200,9
"scenarioA","X_188","weak",0.3,0,NA,"SSL",0,0,200,9
"scenarioA","X_189","weak",0.3,0,NA,"SSL",0,0,200,9
"scenarioA","X_190","weak",0.3,0,NA,"SSL",0,0,200,9
"scenarioA","X_191","weak",0.3,0,NA,"SSL",0,0,200,9
"scenarioA","X_192","weak",0.3,0,NA,"SSL",0,0,200,9
"scenarioA","X_193","weak",0.3,0,NA,"SSL",0,0,200,9
"scenarioA","X_194","weak",0.3,0,NA,"SSL",0,0,200,9
"scenarioA","X_195","weak",0.3,0,NA,"SSL",0,0,200,9
"scenarioA","X_196","weak",0.3,0,NA,"SSL",0,0,200,9
"scenarioA","X_197","weak",0.3,0,NA,"SSL",0,0,200,9
"scenarioA","X_198","weak",0.3,0,NA,"SSL",0,0,200,9
"scenarioA","X_199","weak",0.3,0,NA,"SSL",0,0,200,9
"scenarioA","X_200","weak",0.3,0,NA,"SSL",0,0,200,9
"scenarioA","X_201","weak",0.3,0,NA,"SSL",0,0,200,9
"scenarioA","X_202","weak",0.3,0,NA,"SSL",0,0,200,9
"scenarioA","X_203","weak",0.3,0,NA,"SSL",0,0,200,9
"scenarioA","X_204","weak",0.3,0,NA,"SSL",0,0,200,9
"scenarioA","X_205","weak",0.3,0,NA,"SSL",0,0,200,9
"scenarioA","X_206","weak",0.3,0,NA,"SSL",0,0,200,9
"scenarioA","X_207","weak",0.3,0,NA,"SSL",0,0,200,9
"scenarioA","X_208","weak",0.3,0,NA,"SSL",0,0,200,9
"scenarioA","X_209","weak",0.3,0,NA,"SSL",0,0,200,9
"scenarioA","X_210","weak",0.3,0,NA,"SSL",0,0,200,9
"scenarioA","X_211","weak",0.3,0,NA,"SSL",0,0,200,9
"scenarioA","X_212","weak",0.3,0,NA,"SSL",0,0,200,9
"scenarioA","X_213","weak",0.3,0,NA,"SSL",0,0,200,9
"scenarioA","X_214","weak",0.3,0,NA,"SSL",0,0,200,9
"scenarioA","X_215","weak",0.3,0,NA,"SSL",0,0,200,9
"scenarioA","X_216","weak",0.3,0,NA,"SSL",0,0,200,9
"scenarioA","X_217","weak",0.3,0,NA,"SSL",0,0,200,9
"scenarioA","X_218","weak",0.3,0,NA,"SSL",0,0,200,9
"scenarioA","X_219","weak",0.3,0,NA,"SSL",0,0,200,9
"scenarioA","X_220","weak",0.3,0,NA,"SSL",0,0,200,9
"scenarioA","X_221","weak",0.3,0,NA,"SSL",0,0,200,9
"scenarioA","X_222","weak",0.3,0,NA,"SSL",0,0,200,9
"scenarioA","X_223","weak",0.3,0,NA,"SSL",0,0,200,9
"scenarioA","X_224","weak",0.3,0,NA,"SSL",0,0,200,9
"scenarioA","X_225","weak",0.3,0,NA,"SSL",0,0,200,9
"scenarioA","X_226","weak",0.3,0,NA,"SSL",0,0,200,9
"scenarioA","X_227","weak",0.3,0,NA,"SSL",0,0,200,9
"scenarioA","X_228","strong",0.6,0,NA,"SSL",0,0,200,9
"scenarioA","X_229","strong",0.6,0,NA,"SSL",0,0,200,9
"scenarioA","X_230","strong",0.6,0,NA,"SSL",0,0,200,9
"scenarioA","X_231","strong",0.6,0,NA,"SSL",0,0,200,9
"scenarioA","X_232","strong",0.6,0,NA,"SSL",0,0,200,9
"scenarioA","X_233","strong",0.6,0,NA,"SSL",0,0,200,9
"scenarioA","X_234","strong",0.6,0,NA,"SSL",0,0,200,9
"scenarioA","X_235","strong",0.6,0,NA,"SSL",0,0,200,9
"scenarioA","X_236","strong",0.6,0,NA,"SSL",0,0,200,9
"scenarioA","X_237","strong",0.6,0,NA,"SSL",0,0,200,9
"scenarioA","X_238","strong",0.6,0,NA,"SSL",0,0,200,9
"scenarioA","X_239","strong",0.6,0,NA,"SSL",0,0,200,9
"scenarioA","X_240","strong",0.6,0,NA,"SSL",0,0,200,9
"scenarioA","X_241","strong",0.6,0,NA,"SSL",0,0,200,9
"scenarioA","X_242","strong",0.6,0,NA,"SSL",0,0,200,9
"scenarioA","X_243","strong",0.6,0,NA,"SSL",0,0,200,9
"scenarioA","X_244","strong",0.6,0,NA,"SSL",0,0,200,9
"scenarioA","X_245","strong",0.6,0,NA,"SSL",0,0,200,9
"scenarioA","X_246","strong",0.6,0,NA,"SSL",0,0,200,9
"scenarioA","X_247","strong",0.6,0,NA,"SSL",0,0,200,9
"scenarioA","X_248","strong",0.6,0,NA,"SSL",0,0,200,9
"scenarioA","X_249","strong",0.6,0,NA,"SSL",0,0,200,9
"scenarioA","X_250","strong",0.6,0,NA,"SSL",0,0,200,9
"scenarioA","X_251","strong",0.6,0,NA,"SSL",0,0,200,9
"scenarioA","X_252","strong",0.6,0,NA,"SSL",0,0,200,9
"scenarioA","X_253","strong",0.6,0,NA,"SSL",0,0,200,9
"scenarioA","X_254","strong",0.6,0,NA,"SSL",0,0,200,9
"scenarioA","X_255","strong",0.6,0,NA,"SSL",0,0,200,9
"scenarioA","X_256","strong",0.6,0,NA,"SSL",0,0,200,9
"scenarioA","X_257","strong",0.6,0,NA,"SSL",0,0,200,9
"scenarioA","X_258","strong",0.6,0,NA,"SSL",0,0,200,9
"scenarioA","X_259","strong",0.6,0,NA,"SSL",0,0,200,9
"scenarioA","X_260","strong",0.6,0,NA,"SSL",0,0,200,9
"scenarioA","X_261","strong",0.6,0,NA,"SSL",0,0,200,9
"scenarioA","X_262","strong",0.6,0,NA,"SSL",0,0,200,9
"scenarioA","X_263","strong",0.6,0,NA,"SSL",0,0,200,9
"scenarioA","X_264","strong",0.6,0,NA,"SSL",0,0,200,9
"scenarioA","X_265","strong",0.6,0,NA,"SSL",0,0,200,9
"scenarioA","X_266","strong",0.6,0,NA,"SSL",0,0,200,9
"scenarioA","X_267","strong",0.6,0,NA,"SSL",0,0,200,9
"scenarioA","X_268","strong",0.6,0,NA,"SSL",0,0,200,9
"scenarioA","X_269","strong",0.6,0,NA,"SSL",0,0,200,9
"scenarioA","X_270","strong",0.6,0,NA,"SSL",0,0,200,9
"scenarioA","X_271","strong",0.6,0,NA,"SSL",0,0,200,9
"scenarioA","X_272","strong",0.6,0,NA,"SSL",0,0,200,9
"scenarioA","X_273","strong",0.6,0,NA,"SSL",0,0,200,9
"scenarioA","X_274","strong",0.6,0,NA,"SSL",0,0,200,9
"scenarioA","X_275","strong",0.6,0,NA,"SSL",0,0,200,9
"scenarioA","X_276","strong",0.6,0,NA,"SSL",0,0,200,9
"scenarioA","X_277","strong",0.6,0,NA,"SSL",0,0,200,9
"scenarioA","X_278","strong",0.6,0,NA,"SSL",0,0,200,9
"scenarioA","X_279","strong",0.6,0,NA,"SSL",0,0,200,9
"scenarioA","X_280","strong",0.6,0,NA,"SSL",0,0,200,9
"scenarioA","X_281","strong",0.6,0,NA,"SSL",0,0,200,9
"scenarioA","X_282","strong",0.6,0,NA,"SSL",0,0,200,9
"scenarioA","X_283","strong",0.6,0,NA,"SSL",0,0,200,9
"scenarioA","X_284","strong",0.6,0,NA,"SSL",0,0,200,9
"scenarioA","X_285","strong",0.6,0,NA,"SSL",0,0,200,9
"scenarioA","X_286","strong",0.6,0,NA,"SSL",0,0,200,9
"scenarioA","X_287","strong",0.6,0,NA,"SSL",0,0,200,9
"scenarioA","X_288","strong",0.6,0,NA,"SSL",0,0,200,9
"scenarioA","X_289","strong",0.6,0,NA,"SSL",0,0,200,9
"scenarioA","X_290","strong",0.6,0,NA,"SSL",0,0,200,9
"scenarioA","X_291","strong",0.6,0,NA,"SSL",0,0,200,9
"scenarioA","X_292","strong",0.6,0,NA,"SSL",0,0,200,9
"scenarioA","X_293","strong",0.6,0,NA,"SSL",0,0,200,9
"scenarioA","X_294","strong",0.6,0,NA,"SSL",0,0,200,9
"scenarioA","X_295","strong",0.6,0,NA,"SSL",0,0,200,9
"scenarioA","X_296","strong",0.6,0,NA,"SSL",0,0,200,9
"scenarioA","X_297","strong",0.6,0,NA,"SSL",0,0,200,9
"scenarioA","X_298","strong",0.6,0,NA,"SSL",0,0,200,9
"scenarioA","X_299","strong",0.6,0,NA,"SSL",0,0,200,9
"scenarioA","X_300","strong",0.6,0,NA,"SSL",0,0,200,9
"scenarioA","X_1","strong",0.6,0.4,0.394071281191187,"LASSO",0,-0.4,200,9
"scenarioA","X_2","strong",0.6,-0.5,-0.529661210346245,"LASSO",-0.05355279542017,0.44644720457983,200,9
"scenarioA","X_3","weak",0.3,0.6,0.489027453571847,"LASSO",0.190380324798875,-0.409619675201125,200,9
"scenarioA","X_4","weak",0.3,0.75,0.611759186206825,"LASSO",0.305867795420193,-0.444132204579807,200,9
"scenarioA","X_5","indep",0,-0.8,-0.816037857396118,"LASSO",-0.434604375458213,0.365395624541787,200,9
"scenarioA","X_6","indep",0,0,NA,"LASSO",0,0,200,9
"scenarioA","X_7","indep",0,0,NA,"LASSO",0,0,200,9
"scenarioA","X_8","indep",0,0,NA,"LASSO",0,0,200,9
"scenarioA","X_9","indep",0,0,NA,"LASSO",0,0,200,9
"scenarioA","X_10","indep",0,0,NA,"LASSO",0,0,200,9
"scenarioA","X_11","indep",0,0,NA,"LASSO",0,0,200,9
"scenarioA","X_12","indep",0,0,NA,"LASSO",0,0,200,9
"scenarioA","X_13","indep",0,0,NA,"LASSO",0,0,200,9
"scenarioA","X_14","indep",0,0,NA,"LASSO",0,0,200,9
"scenarioA","X_15","indep",0,0,NA,"LASSO",0,0,200,9
"scenarioA","X_16","indep",0,0,NA,"LASSO",0,0,200,9
"scenarioA","X_17","indep",0,0,NA,"LASSO",0,0,200,9
"scenarioA","X_18","indep",0,0,NA,"LASSO",0,0,200,9
"scenarioA","X_19","indep",0,0,NA,"LASSO",0,0,200,9
"scenarioA","X_20","indep",0,0,NA,"LASSO",0,0,200,9
"scenarioA","X_21","indep",0,0,NA,"LASSO",0,0,200,9
"scenarioA","X_22","indep",0,0,NA,"LASSO",0,0,200,9
"scenarioA","X_23","indep",0,0,NA,"LASSO",0,0,200,9
"scenarioA","X_24","indep",0,0,NA,"LASSO",0,0,200,9
"scenarioA","X_25","indep",0,0,NA,"LASSO",0,0,200,9
"scenarioA","X_26","indep",0,0,NA,"LASSO",0,0,200,9
"scenarioA","X_27","indep",0,0,NA,"LASSO",0,0,200,9
"scenarioA","X_28","indep",0,0,NA,"LASSO",0,0,200,9
"scenarioA","X_29","indep",0,0,NA,"LASSO",0,0,200,9
"scenarioA","X_30","indep",0,0,NA,"LASSO",0,0,200,9
"scenarioA","X_31","indep",0,0,NA,"LASSO",0,0,200,9
"scenarioA","X_32","indep",0,0,NA,"LASSO",0,0,200,9
"scenarioA","X_33","indep",0,0,NA,"LASSO",0,0,200,9
"scenarioA","X_34","indep",0,0,NA,"LASSO",0,0,200,9
"scenarioA","X_35","indep",0,0,NA,"LASSO",0,0,200,9
"scenarioA","X_36","indep",0,0,NA,"LASSO",0,0,200,9
"scenarioA","X_37","indep",0,0,NA,"LASSO",0,0,200,9
"scenarioA","X_38","indep",0,0,NA,"LASSO",0,0,200,9
"scenarioA","X_39","indep",0,0,NA,"LASSO",0,0,200,9
"scenarioA","X_40","indep",0,0,NA,"LASSO",0,0,200,9
"scenarioA","X_41","indep",0,0,NA,"LASSO",0,0,200,9
"scenarioA","X_42","indep",0,0,NA,"LASSO",0,0,200,9
"scenarioA","X_43","indep",0,0,NA,"LASSO",0,0,200,9
"scenarioA","X_44","indep",0,0,NA,"LASSO",0,0,200,9
"scenarioA","X_45","indep",0,0,NA,"LASSO",0,0,200,9
"scenarioA","X_46","indep",0,0,NA,"LASSO",0,0,200,9
"scenarioA","X_47","indep",0,0,NA,"LASSO",0,0,200,9
"scenarioA","X_48","indep",0,0,NA,"LASSO",0,0,200,9
"scenarioA","X_49","indep",0,0,NA,"LASSO",0,0,200,9
"scenarioA","X_50","indep",0,0,NA,"LASSO",0,0,200,9
"scenarioA","X_51","indep",0,0,NA,"LASSO",0,0,200,9
"scenarioA","X_52","indep",0,0,NA,"LASSO",0,0,200,9
"scenarioA","X_53","indep",0,0,NA,"LASSO",0,0,200,9
"scenarioA","X_54","indep",0,0,NA,"LASSO",0,0,200,9
"scenarioA","X_55","indep",0,0,NA,"LASSO",0,0,200,9
"scenarioA","X_56","indep",0,0,NA,"LASSO",0,0,200,9
"scenarioA","X_57","indep",0,0,NA,"LASSO",0,0,200,9
"scenarioA","X_58","indep",0,0,NA,"LASSO",0,0,200,9
"scenarioA","X_59","indep",0,0,NA,"LASSO",0,0,200,9
"scenarioA","X_60","indep",0,0,NA,"LASSO",0,0,200,9
"scenarioA","X_61","indep",0,0,NA,"LASSO",0,0,200,9
"scenarioA","X_62","indep",0,0,NA,"LASSO",0,0,200,9
"scenarioA","X_63","indep",0,0,NA,"LASSO",0,0,200,9
"scenarioA","X_64","indep",0,0,NA,"LASSO",0,0,200,9
"scenarioA","X_65","indep",0,0,NA,"LASSO",0,0,200,9
"scenarioA","X_66","indep",0,0,NA,"LASSO",0,0,200,9
"scenarioA","X_67","indep",0,0,NA,"LASSO",0,0,200,9
"scenarioA","X_68","indep",0,0,NA,"LASSO",0,0,200,9
"scenarioA","X_69","indep",0,0,NA,"LASSO",0,0,200,9
"scenarioA","X_70","indep",0,0,NA,"LASSO",0,0,200,9
"scenarioA","X_71","indep",0,0,NA,"LASSO",0,0,200,9
"scenarioA","X_72","indep",0,0,NA,"LASSO",0,0,200,9
"scenarioA","X_73","indep",0,0,NA,"LASSO",0,0,200,9
"scenarioA","X_74","indep",0,0,NA,"LASSO",0,0,200,9
"scenarioA","X_75","indep",0,0,NA,"LASSO",0,0,200,9
"scenarioA","X_76","indep",0,0,NA,"LASSO",0,0,200,9
"scenarioA","X_77","indep",0,0,NA,"LASSO",0,0,200,9
"scenarioA","X_78","indep",0,0,NA,"LASSO",0,0,200,9
"scenarioA","X_79","indep",0,0,NA,"LASSO",0,0,200,9
"scenarioA","X_80","indep",0,0,NA,"LASSO",0,0,200,9
"scenarioA","X_81","indep",0,0,NA,"LASSO",0,0,200,9
"scenarioA","X_82","indep",0,0,NA,"LASSO",0,0,200,9
"scenarioA","X_83","indep",0,0,NA,"LASSO",0,0,200,9
"scenarioA","X_84","indep",0,0,NA,"LASSO",0,0,200,9
"scenarioA","X_85","indep",0,0,NA,"LASSO",0,0,200,9
"scenarioA","X_86","indep",0,0,NA,"LASSO",0,0,200,9
"scenarioA","X_87","indep",0,0,NA,"LASSO",0,0,200,9
"scenarioA","X_88","indep",0,0,NA,"LASSO",0,0,200,9
"scenarioA","X_89","indep",0,0,NA,"LASSO",0,0,200,9
"scenarioA","X_90","indep",0,0,NA,"LASSO",0,0,200,9
"scenarioA","X_91","indep",0,0,NA,"LASSO",0,0,200,9
"scenarioA","X_92","indep",0,0,NA,"LASSO",0,0,200,9
"scenarioA","X_93","indep",0,0,NA,"LASSO",0,0,200,9
"scenarioA","X_94","indep",0,0,NA,"LASSO",0,0,200,9
"scenarioA","X_95","indep",0,0,NA,"LASSO",0,0,200,9
"scenarioA","X_96","indep",0,0,NA,"LASSO",0,0,200,9
"scenarioA","X_97","indep",0,0,NA,"LASSO",0,0,200,9
"scenarioA","X_98","indep",0,0,NA,"LASSO",0,0,200,9
"scenarioA","X_99","indep",0,0,NA,"LASSO",0,0,200,9
"scenarioA","X_100","indep",0,0,NA,"LASSO",0,0,200,9
"scenarioA","X_101","indep",0,0,NA,"LASSO",0,0,200,9
"scenarioA","X_102","indep",0,0,NA,"LASSO",0,0,200,9
"scenarioA","X_103","indep",0,0,NA,"LASSO",0,0,200,9
"scenarioA","X_104","indep",0,0,NA,"LASSO",0,0,200,9
"scenarioA","X_105","indep",0,0,NA,"LASSO",0,0,200,9
"scenarioA","X_106","indep",0,0,NA,"LASSO",0,0,200,9
"scenarioA","X_107","indep",0,0,NA,"LASSO",0,0,200,9
"scenarioA","X_108","indep",0,0,NA,"LASSO",0,0,200,9
"scenarioA","X_109","indep",0,0,NA,"LASSO",0,0,200,9
"scenarioA","X_110","indep",0,0,NA,"LASSO",0,0,200,9
"scenarioA","X_111","indep",0,0,NA,"LASSO",0,0,200,9
"scenarioA","X_112","indep",0,0,NA,"LASSO",0,0,200,9
"scenarioA","X_113","indep",0,0,NA,"LASSO",0,0,200,9
"scenarioA","X_114","indep",0,0,NA,"LASSO",0,0,200,9
"scenarioA","X_115","indep",0,0,NA,"LASSO",0,0,200,9
"scenarioA","X_116","indep",0,0,NA,"LASSO",0,0,200,9
"scenarioA","X_117","indep",0,0,NA,"LASSO",0,0,200,9
"scenarioA","X_118","indep",0,0,NA,"LASSO",0,0,200,9
"scenarioA","X_119","indep",0,0,NA,"LASSO",0,0,200,9
"scenarioA","X_120","indep",0,0,NA,"LASSO",0,0,200,9
"scenarioA","X_121","indep",0,0,NA,"LASSO",0,0,200,9
"scenarioA","X_122","indep",0,0,NA,"LASSO",0,0,200,9
"scenarioA","X_123","indep",0,0,NA,"LASSO",0,0,200,9
"scenarioA","X_124","indep",0,0,NA,"LASSO",0,0,200,9
"scenarioA","X_125","indep",0,0,NA,"LASSO",0,0,200,9
"scenarioA","X_126","indep",0,0,NA,"LASSO",0,0,200,9
"scenarioA","X_127","indep",0,0,NA,"LASSO",0,0,200,9
"scenarioA","X_128","indep",0,0,NA,"LASSO",0,0,200,9
"scenarioA","X_129","indep",0,0,NA,"LASSO",0,0,200,9
"scenarioA","X_130","indep",0,0,NA,"LASSO",0,0,200,9
"scenarioA","X_131","indep",0,0,NA,"LASSO",0,0,200,9
"scenarioA","X_132","indep",0,0,NA,"LASSO",0,0,200,9
"scenarioA","X_133","indep",0,0,NA,"LASSO",0,0,200,9
"scenarioA","X_134","indep",0,0,NA,"LASSO",0,0,200,9
"scenarioA","X_135","indep",0,0,NA,"LASSO",0,0,200,9
"scenarioA","X_136","indep",0,0,NA,"LASSO",0,0,200,9
"scenarioA","X_137","indep",0,0,NA,"LASSO",0,0,200,9
"scenarioA","X_138","indep",0,0,NA,"LASSO",0,0,200,9
"scenarioA","X_139","indep",0,0,NA,"LASSO",0,0,200,9
"scenarioA","X_140","indep",0,0,NA,"LASSO",0,0,200,9
"scenarioA","X_141","indep",0,0,NA,"LASSO",0,0,200,9
"scenarioA","X_142","indep",0,0,NA,"LASSO",0,0,200,9
"scenarioA","X_143","indep",0,0,NA,"LASSO",0,0,200,9
"scenarioA","X_144","indep",0,0,NA,"LASSO",0,0,200,9
"scenarioA","X_145","indep",0,0,NA,"LASSO",0,0,200,9
"scenarioA","X_146","indep",0,0,NA,"LASSO",0,0,200,9
"scenarioA","X_147","indep",0,0,NA,"LASSO",0,0,200,9
"scenarioA","X_148","indep",0,0,NA,"LASSO",0,0,200,9
"scenarioA","X_149","indep",0,0,NA,"LASSO",0,0,200,9
"scenarioA","X_150","indep",0,0,NA,"LASSO",0,0,200,9
"scenarioA","X_151","indep",0,0,NA,"LASSO",0,0,200,9
"scenarioA","X_152","indep",0,0,NA,"LASSO",0,0,200,9
"scenarioA","X_153","indep",0,0,NA,"LASSO",0,0,200,9
"scenarioA","X_154","indep",0,0,NA,"LASSO",0,0,200,9
"scenarioA","X_155","weak",0.3,0,NA,"LASSO",0,0,200,9
"scenarioA","X_156","weak",0.3,0,NA,"LASSO",0,0,200,9
"scenarioA","X_157","weak",0.3,0,NA,"LASSO",0,0,200,9
"scenarioA","X_158","weak",0.3,0,NA,"LASSO",0,0,200,9
"scenarioA","X_159","weak",0.3,0,NA,"LASSO",0,0,200,9
"scenarioA","X_160","weak",0.3,0,NA,"LASSO",0,0,200,9
"scenarioA","X_161","weak",0.3,0,NA,"LASSO",0,0,200,9
"scenarioA","X_162","weak",0.3,0,NA,"LASSO",0,0,200,9
"scenarioA","X_163","weak",0.3,0,NA,"LASSO",0,0,200,9
"scenarioA","X_164","weak",0.3,0,NA,"LASSO",0,0,200,9
"scenarioA","X_165","weak",0.3,0,NA,"LASSO",0,0,200,9
"scenarioA","X_166","weak",0.3,0,NA,"LASSO",0,0,200,9
"scenarioA","X_167","weak",0.3,0,NA,"LASSO",0,0,200,9
"scenarioA","X_168","weak",0.3,0,NA,"LASSO",0,0,200,9
"scenarioA","X_169","weak",0.3,0,NA,"LASSO",0,0,200,9
"scenarioA","X_170","weak",0.3,0,NA,"LASSO",0,0,200,9
"scenarioA","X_171","weak",0.3,0,NA,"LASSO",0,0,200,9
"scenarioA","X_172","weak",0.3,0,NA,"LASSO",0,0,200,9
"scenarioA","X_173","weak",0.3,0,NA,"LASSO",0,0,200,9
"scenarioA","X_174","weak",0.3,0,NA,"LASSO",0,0,200,9
"scenarioA","X_175","weak",0.3,0,NA,"LASSO",0,0,200,9
"scenarioA","X_176","weak",0.3,0,NA,"LASSO",0,0,200,9
"scenarioA","X_177","weak",0.3,0,NA,"LASSO",0,0,200,9
"scenarioA","X_178","weak",0.3,0,NA,"LASSO",0,0,200,9
"scenarioA","X_179","weak",0.3,0,NA,"LASSO",0,0,200,9
"scenarioA","X_180","weak",0.3,0,NA,"LASSO",0,0,200,9
"scenarioA","X_181","weak",0.3,0,NA,"LASSO",0,0,200,9
"scenarioA","X_182","weak",0.3,0,NA,"LASSO",0,0,200,9
"scenarioA","X_183","weak",0.3,0,NA,"LASSO",0,0,200,9
"scenarioA","X_184","weak",0.3,0,NA,"LASSO",0,0,200,9
"scenarioA","X_185","weak",0.3,0,NA,"LASSO",0,0,200,9
"scenarioA","X_186","weak",0.3,0,NA,"LASSO",0,0,200,9
"scenarioA","X_187","weak",0.3,0,NA,"LASSO",0.0629650531246055,0.0629650531246055,200,9
"scenarioA","X_188","weak",0.3,0,NA,"LASSO",0,0,200,9
"scenarioA","X_189","weak",0.3,0,NA,"LASSO",0,0,200,9
"scenarioA","X_190","weak",0.3,0,NA,"LASSO",0,0,200,9
"scenarioA","X_191","weak",0.3,0,NA,"LASSO",0,0,200,9
"scenarioA","X_192","weak",0.3,0,NA,"LASSO",0,0,200,9
"scenarioA","X_193","weak",0.3,0,NA,"LASSO",0,0,200,9
"scenarioA","X_194","weak",0.3,0,NA,"LASSO",0,0,200,9
"scenarioA","X_195","weak",0.3,0,NA,"LASSO",0,0,200,9
"scenarioA","X_196","weak",0.3,0,NA,"LASSO",0,0,200,9
"scenarioA","X_197","weak",0.3,0,NA,"LASSO",0,0,200,9
"scenarioA","X_198","weak",0.3,0,NA,"LASSO",0,0,200,9
"scenarioA","X_199","weak",0.3,0,NA,"LASSO",0,0,200,9
"scenarioA","X_200","weak",0.3,0,NA,"LASSO",0,0,200,9
"scenarioA","X_201","weak",0.3,0,NA,"LASSO",0,0,200,9
"scenarioA","X_202","weak",0.3,0,NA,"LASSO",0,0,200,9
"scenarioA","X_203","weak",0.3,0,NA,"LASSO",0,0,200,9
"scenarioA","X_204","weak",0.3,0,NA,"LASSO",0,0,200,9
"scenarioA","X_205","weak",0.3,0,NA,"LASSO",0,0,200,9
"scenarioA","X_206","weak",0.3,0,NA,"LASSO",0,0,200,9
"scenarioA","X_207","weak",0.3,0,NA,"LASSO",0,0,200,9
"scenarioA","X_208","weak",0.3,0,NA,"LASSO",0,0,200,9
"scenarioA","X_209","weak",0.3,0,NA,"LASSO",0,0,200,9
"scenarioA","X_210","weak",0.3,0,NA,"LASSO",0,0,200,9
"scenarioA","X_211","weak",0.3,0,NA,"LASSO",0,0,200,9
"scenarioA","X_212","weak",0.3,0,NA,"LASSO",0,0,200,9
"scenarioA","X_213","weak",0.3,0,NA,"LASSO",0,0,200,9
"scenarioA","X_214","weak",0.3,0,NA,"LASSO",0,0,200,9
"scenarioA","X_215","weak",0.3,0,NA,"LASSO",0,0,200,9
"scenarioA","X_216","weak",0.3,0,NA,"LASSO",0,0,200,9
"scenarioA","X_217","weak",0.3,0,NA,"LASSO",0,0,200,9
"scenarioA","X_218","weak",0.3,0,NA,"LASSO",0,0,200,9
"scenarioA","X_219","weak",0.3,0,NA,"LASSO",0,0,200,9
"scenarioA","X_220","weak",0.3,0,NA,"LASSO",0,0,200,9
"scenarioA","X_221","weak",0.3,0,NA,"LASSO",0,0,200,9
"scenarioA","X_222","weak",0.3,0,NA,"LASSO",0,0,200,9
"scenarioA","X_223","weak",0.3,0,NA,"LASSO",0,0,200,9
"scenarioA","X_224","weak",0.3,0,NA,"LASSO",0,0,200,9
"scenarioA","X_225","weak",0.3,0,NA,"LASSO",0,0,200,9
"scenarioA","X_226","weak",0.3,0,NA,"LASSO",0,0,200,9
"scenarioA","X_227","weak",0.3,0,NA,"LASSO",0,0,200,9
"scenarioA","X_228","strong",0.6,0,NA,"LASSO",0,0,200,9
"scenarioA","X_229","strong",0.6,0,NA,"LASSO",0,0,200,9
"scenarioA","X_230","strong",0.6,0,NA,"LASSO",0,0,200,9
"scenarioA","X_231","strong",0.6,0,NA,"LASSO",0,0,200,9
"scenarioA","X_232","strong",0.6,0,NA,"LASSO",0,0,200,9
"scenarioA","X_233","strong",0.6,0,NA,"LASSO",0,0,200,9
"scenarioA","X_234","strong",0.6,0,NA,"LASSO",0,0,200,9
"scenarioA","X_235","strong",0.6,0,NA,"LASSO",0,0,200,9
"scenarioA","X_236","strong",0.6,0,NA,"LASSO",0,0,200,9
"scenarioA","X_237","strong",0.6,0,NA,"LASSO",0,0,200,9
"scenarioA","X_238","strong",0.6,0,NA,"LASSO",0,0,200,9
"scenarioA","X_239","strong",0.6,0,NA,"LASSO",0,0,200,9
"scenarioA","X_240","strong",0.6,0,NA,"LASSO",0,0,200,9
"scenarioA","X_241","strong",0.6,0,NA,"LASSO",0,0,200,9
"scenarioA","X_242","strong",0.6,0,NA,"LASSO",0,0,200,9
"scenarioA","X_243","strong",0.6,0,NA,"LASSO",0,0,200,9
"scenarioA","X_244","strong",0.6,0,NA,"LASSO",0,0,200,9
"scenarioA","X_245","strong",0.6,0,NA,"LASSO",0,0,200,9
"scenarioA","X_246","strong",0.6,0,NA,"LASSO",0,0,200,9
"scenarioA","X_247","strong",0.6,0,NA,"LASSO",0,0,200,9
"scenarioA","X_248","strong",0.6,0,NA,"LASSO",0,0,200,9
"scenarioA","X_249","strong",0.6,0,NA,"LASSO",0,0,200,9
"scenarioA","X_250","strong",0.6,0,NA,"LASSO",0,0,200,9
"scenarioA","X_251","strong",0.6,0,NA,"LASSO",0,0,200,9
"scenarioA","X_252","strong",0.6,0,NA,"LASSO",0,0,200,9
"scenarioA","X_253","strong",0.6,0,NA,"LASSO",0,0,200,9
"scenarioA","X_254","strong",0.6,0,NA,"LASSO",0,0,200,9
"scenarioA","X_255","strong",0.6,0,NA,"LASSO",0,0,200,9
"scenarioA","X_256","strong",0.6,0,NA,"LASSO",0,0,200,9
"scenarioA","X_257","strong",0.6,0,NA,"LASSO",0,0,200,9
"scenarioA","X_258","strong",0.6,0,NA,"LASSO",0,0,200,9
"scenarioA","X_259","strong",0.6,0,NA,"LASSO",0,0,200,9
"scenarioA","X_260","strong",0.6,0,NA,"LASSO",0,0,200,9
"scenarioA","X_261","strong",0.6,0,NA,"LASSO",0,0,200,9
"scenarioA","X_262","strong",0.6,0,NA,"LASSO",0,0,200,9
"scenarioA","X_263","strong",0.6,0,NA,"LASSO",0,0,200,9
"scenarioA","X_264","strong",0.6,0,NA,"LASSO",0,0,200,9
"scenarioA","X_265","strong",0.6,0,NA,"LASSO",0,0,200,9
"scenarioA","X_266","strong",0.6,0,NA,"LASSO",0,0,200,9
"scenarioA","X_267","strong",0.6,0,NA,"LASSO",0,0,200,9
"scenarioA","X_268","strong",0.6,0,NA,"LASSO",0,0,200,9
"scenarioA","X_269","strong",0.6,0,NA,"LASSO",0,0,200,9
"scenarioA","X_270","strong",0.6,0,NA,"LASSO",0,0,200,9
"scenarioA","X_271","strong",0.6,0,NA,"LASSO",0,0,200,9
"scenarioA","X_272","strong",0.6,0,NA,"LASSO",0,0,200,9
"scenarioA","X_273","strong",0.6,0,NA,"LASSO",0,0,200,9
"scenarioA","X_274","strong",0.6,0,NA,"LASSO",0,0,200,9
"scenarioA","X_275","strong",0.6,0,NA,"LASSO",0,0,200,9
"scenarioA","X_276","strong",0.6,0,NA,"LASSO",0,0,200,9
"scenarioA","X_277","strong",0.6,0,NA,"LASSO",0,0,200,9
"scenarioA","X_278","strong",0.6,0,NA,"LASSO",0,0,200,9
"scenarioA","X_279","strong",0.6,0,NA,"LASSO",0,0,200,9
"scenarioA","X_280","strong",0.6,0,NA,"LASSO",0,0,200,9
"scenarioA","X_281","strong",0.6,0,NA,"LASSO",0,0,200,9
"scenarioA","X_282","strong",0.6,0,NA,"LASSO",0,0,200,9
"scenarioA","X_283","strong",0.6,0,NA,"LASSO",0,0,200,9
"scenarioA","X_284","strong",0.6,0,NA,"LASSO",0,0,200,9
"scenarioA","X_285","strong",0.6,0,NA,"LASSO",0,0,200,9
"scenarioA","X_286","strong",0.6,0,NA,"LASSO",0,0,200,9
"scenarioA","X_287","strong",0.6,0,NA,"LASSO",0,0,200,9
"scenarioA","X_288","strong",0.6,0,NA,"LASSO",0,0,200,9
"scenarioA","X_289","strong",0.6,0,NA,"LASSO",0,0,200,9
"scenarioA","X_290","strong",0.6,0,NA,"LASSO",0,0,200,9
"scenarioA","X_291","strong",0.6,0,NA,"LASSO",0,0,200,9
"scenarioA","X_292","strong",0.6,0,NA,"LASSO",0,0,200,9
"scenarioA","X_293","strong",0.6,0,NA,"LASSO",0,0,200,9
"scenarioA","X_294","strong",0.6,0,NA,"LASSO",0,0,200,9
"scenarioA","X_295","strong",0.6,0,NA,"LASSO",0,0,200,9
"scenarioA","X_296","strong",0.6,0,NA,"LASSO",0,0,200,9
"scenarioA","X_297","strong",0.6,0,NA,"LASSO",0,0,200,9
"scenarioA","X_298","strong",0.6,0,NA,"LASSO",0,0,200,9
"scenarioA","X_299","strong",0.6,0,NA,"LASSO",0,0,200,9
"scenarioA","X_300","strong",0.6,0,NA,"LASSO",0,0,200,9
"scenarioA","X_1","strong",0.6,0.4,0.248845196497054,"SSL",0,-0.4,200,10
"scenarioA","X_2","strong",0.6,-0.5,-0.446842738477292,"SSL",0,0.5,200,10
"scenarioA","X_3","weak",0.3,0.6,0.653571160302064,"SSL",0.557141452736757,-0.0428585472632431,200,10
"scenarioA","X_4","weak",0.3,0.75,0.749372535879161,"SSL",0.619269416236791,-0.130730583763209,200,10
"scenarioA","X_5","indep",0,-0.8,-0.895076511010242,"SSL",-0.864549395668454,-0.0645493956684537,200,10
"scenarioA","X_6","indep",0,0,NA,"SSL",0,0,200,10
"scenarioA","X_7","indep",0,0,NA,"SSL",0,0,200,10
"scenarioA","X_8","indep",0,0,NA,"SSL",0,0,200,10
"scenarioA","X_9","indep",0,0,NA,"SSL",0,0,200,10
"scenarioA","X_10","indep",0,0,NA,"SSL",0,0,200,10
"scenarioA","X_11","indep",0,0,NA,"SSL",0,0,200,10
"scenarioA","X_12","indep",0,0,NA,"SSL",0,0,200,10
"scenarioA","X_13","indep",0,0,NA,"SSL",0,0,200,10
"scenarioA","X_14","indep",0,0,NA,"SSL",0,0,200,10
"scenarioA","X_15","indep",0,0,NA,"SSL",0,0,200,10
"scenarioA","X_16","indep",0,0,NA,"SSL",0,0,200,10
"scenarioA","X_17","indep",0,0,NA,"SSL",0,0,200,10
"scenarioA","X_18","indep",0,0,NA,"SSL",0,0,200,10
"scenarioA","X_19","indep",0,0,NA,"SSL",0,0,200,10
"scenarioA","X_20","indep",0,0,NA,"SSL",0,0,200,10
"scenarioA","X_21","indep",0,0,NA,"SSL",0,0,200,10
"scenarioA","X_22","indep",0,0,NA,"SSL",0,0,200,10
"scenarioA","X_23","indep",0,0,NA,"SSL",0,0,200,10
"scenarioA","X_24","indep",0,0,NA,"SSL",0,0,200,10
"scenarioA","X_25","indep",0,0,NA,"SSL",0,0,200,10
"scenarioA","X_26","indep",0,0,NA,"SSL",0,0,200,10
"scenarioA","X_27","indep",0,0,NA,"SSL",0,0,200,10
"scenarioA","X_28","indep",0,0,NA,"SSL",0,0,200,10
"scenarioA","X_29","indep",0,0,NA,"SSL",0,0,200,10
"scenarioA","X_30","indep",0,0,NA,"SSL",0,0,200,10
"scenarioA","X_31","indep",0,0,NA,"SSL",0,0,200,10
"scenarioA","X_32","indep",0,0,NA,"SSL",0,0,200,10
"scenarioA","X_33","indep",0,0,NA,"SSL",0,0,200,10
"scenarioA","X_34","indep",0,0,NA,"SSL",0,0,200,10
"scenarioA","X_35","indep",0,0,NA,"SSL",0,0,200,10
"scenarioA","X_36","indep",0,0,NA,"SSL",0,0,200,10
"scenarioA","X_37","indep",0,0,NA,"SSL",0,0,200,10
"scenarioA","X_38","indep",0,0,NA,"SSL",0,0,200,10
"scenarioA","X_39","indep",0,0,NA,"SSL",0,0,200,10
"scenarioA","X_40","indep",0,0,NA,"SSL",0,0,200,10
"scenarioA","X_41","indep",0,0,NA,"SSL",0,0,200,10
"scenarioA","X_42","indep",0,0,NA,"SSL",0,0,200,10
"scenarioA","X_43","indep",0,0,NA,"SSL",0,0,200,10
"scenarioA","X_44","indep",0,0,NA,"SSL",0,0,200,10
"scenarioA","X_45","indep",0,0,NA,"SSL",0,0,200,10
"scenarioA","X_46","indep",0,0,NA,"SSL",0,0,200,10
"scenarioA","X_47","indep",0,0,NA,"SSL",0,0,200,10
"scenarioA","X_48","indep",0,0,NA,"SSL",0,0,200,10
"scenarioA","X_49","indep",0,0,NA,"SSL",0,0,200,10
"scenarioA","X_50","indep",0,0,NA,"SSL",0,0,200,10
"scenarioA","X_51","indep",0,0,NA,"SSL",0,0,200,10
"scenarioA","X_52","indep",0,0,NA,"SSL",0,0,200,10
"scenarioA","X_53","indep",0,0,NA,"SSL",0,0,200,10
"scenarioA","X_54","indep",0,0,NA,"SSL",0,0,200,10
"scenarioA","X_55","indep",0,0,NA,"SSL",0,0,200,10
"scenarioA","X_56","indep",0,0,NA,"SSL",0,0,200,10
"scenarioA","X_57","indep",0,0,NA,"SSL",0,0,200,10
"scenarioA","X_58","indep",0,0,NA,"SSL",0,0,200,10
"scenarioA","X_59","indep",0,0,NA,"SSL",0,0,200,10
"scenarioA","X_60","indep",0,0,NA,"SSL",0,0,200,10
"scenarioA","X_61","indep",0,0,NA,"SSL",0,0,200,10
"scenarioA","X_62","indep",0,0,NA,"SSL",0,0,200,10
"scenarioA","X_63","indep",0,0,NA,"SSL",0,0,200,10
"scenarioA","X_64","indep",0,0,NA,"SSL",0.311190484092924,0.311190484092924,200,10
"scenarioA","X_65","indep",0,0,NA,"SSL",0,0,200,10
"scenarioA","X_66","indep",0,0,NA,"SSL",0,0,200,10
"scenarioA","X_67","indep",0,0,NA,"SSL",0,0,200,10
"scenarioA","X_68","indep",0,0,NA,"SSL",0,0,200,10
"scenarioA","X_69","indep",0,0,NA,"SSL",0,0,200,10
"scenarioA","X_70","indep",0,0,NA,"SSL",0,0,200,10
"scenarioA","X_71","indep",0,0,NA,"SSL",0,0,200,10
"scenarioA","X_72","indep",0,0,NA,"SSL",0,0,200,10
"scenarioA","X_73","indep",0,0,NA,"SSL",0,0,200,10
"scenarioA","X_74","indep",0,0,NA,"SSL",0,0,200,10
"scenarioA","X_75","indep",0,0,NA,"SSL",0,0,200,10
"scenarioA","X_76","indep",0,0,NA,"SSL",0,0,200,10
"scenarioA","X_77","indep",0,0,NA,"SSL",0,0,200,10
"scenarioA","X_78","indep",0,0,NA,"SSL",0,0,200,10
"scenarioA","X_79","indep",0,0,NA,"SSL",0,0,200,10
"scenarioA","X_80","indep",0,0,NA,"SSL",0,0,200,10
"scenarioA","X_81","indep",0,0,NA,"SSL",0,0,200,10
"scenarioA","X_82","indep",0,0,NA,"SSL",0,0,200,10
"scenarioA","X_83","indep",0,0,NA,"SSL",0,0,200,10
"scenarioA","X_84","indep",0,0,NA,"SSL",0,0,200,10
"scenarioA","X_85","indep",0,0,NA,"SSL",0,0,200,10
"scenarioA","X_86","indep",0,0,NA,"SSL",0,0,200,10
"scenarioA","X_87","indep",0,0,NA,"SSL",0,0,200,10
"scenarioA","X_88","indep",0,0,NA,"SSL",0,0,200,10
"scenarioA","X_89","indep",0,0,NA,"SSL",0,0,200,10
"scenarioA","X_90","indep",0,0,NA,"SSL",0,0,200,10
"scenarioA","X_91","indep",0,0,NA,"SSL",0,0,200,10
"scenarioA","X_92","indep",0,0,NA,"SSL",0,0,200,10
"scenarioA","X_93","indep",0,0,NA,"SSL",0,0,200,10
"scenarioA","X_94","indep",0,0,NA,"SSL",0,0,200,10
"scenarioA","X_95","indep",0,0,NA,"SSL",0,0,200,10
"scenarioA","X_96","indep",0,0,NA,"SSL",0,0,200,10
"scenarioA","X_97","indep",0,0,NA,"SSL",0,0,200,10
"scenarioA","X_98","indep",0,0,NA,"SSL",0,0,200,10
"scenarioA","X_99","indep",0,0,NA,"SSL",0,0,200,10
"scenarioA","X_100","indep",0,0,NA,"SSL",0,0,200,10
"scenarioA","X_101","indep",0,0,NA,"SSL",0,0,200,10
"scenarioA","X_102","indep",0,0,NA,"SSL",0,0,200,10
"scenarioA","X_103","indep",0,0,NA,"SSL",0,0,200,10
"scenarioA","X_104","indep",0,0,NA,"SSL",0,0,200,10
"scenarioA","X_105","indep",0,0,NA,"SSL",0,0,200,10
"scenarioA","X_106","indep",0,0,NA,"SSL",0,0,200,10
"scenarioA","X_107","indep",0,0,NA,"SSL",0,0,200,10
"scenarioA","X_108","indep",0,0,NA,"SSL",0,0,200,10
"scenarioA","X_109","indep",0,0,NA,"SSL",0,0,200,10
"scenarioA","X_110","indep",0,0,NA,"SSL",0,0,200,10
"scenarioA","X_111","indep",0,0,NA,"SSL",0,0,200,10
"scenarioA","X_112","indep",0,0,NA,"SSL",0,0,200,10
"scenarioA","X_113","indep",0,0,NA,"SSL",0,0,200,10
"scenarioA","X_114","indep",0,0,NA,"SSL",0,0,200,10
"scenarioA","X_115","indep",0,0,NA,"SSL",0,0,200,10
"scenarioA","X_116","indep",0,0,NA,"SSL",0,0,200,10
"scenarioA","X_117","indep",0,0,NA,"SSL",0,0,200,10
"scenarioA","X_118","indep",0,0,NA,"SSL",0,0,200,10
"scenarioA","X_119","indep",0,0,NA,"SSL",0,0,200,10
"scenarioA","X_120","indep",0,0,NA,"SSL",0,0,200,10
"scenarioA","X_121","indep",0,0,NA,"SSL",0,0,200,10
"scenarioA","X_122","indep",0,0,NA,"SSL",0,0,200,10
"scenarioA","X_123","indep",0,0,NA,"SSL",0,0,200,10
"scenarioA","X_124","indep",0,0,NA,"SSL",0,0,200,10
"scenarioA","X_125","indep",0,0,NA,"SSL",0,0,200,10
"scenarioA","X_126","indep",0,0,NA,"SSL",0,0,200,10
"scenarioA","X_127","indep",0,0,NA,"SSL",0,0,200,10
"scenarioA","X_128","indep",0,0,NA,"SSL",0,0,200,10
"scenarioA","X_129","indep",0,0,NA,"SSL",0,0,200,10
"scenarioA","X_130","indep",0,0,NA,"SSL",0,0,200,10
"scenarioA","X_131","indep",0,0,NA,"SSL",0,0,200,10
"scenarioA","X_132","indep",0,0,NA,"SSL",0,0,200,10
"scenarioA","X_133","indep",0,0,NA,"SSL",0,0,200,10
"scenarioA","X_134","indep",0,0,NA,"SSL",0,0,200,10
"scenarioA","X_135","indep",0,0,NA,"SSL",0,0,200,10
"scenarioA","X_136","indep",0,0,NA,"SSL",0,0,200,10
"scenarioA","X_137","indep",0,0,NA,"SSL",0,0,200,10
"scenarioA","X_138","indep",0,0,NA,"SSL",0,0,200,10
"scenarioA","X_139","indep",0,0,NA,"SSL",0,0,200,10
"scenarioA","X_140","indep",0,0,NA,"SSL",0,0,200,10
"scenarioA","X_141","indep",0,0,NA,"SSL",0,0,200,10
"scenarioA","X_142","indep",0,0,NA,"SSL",0,0,200,10
"scenarioA","X_143","indep",0,0,NA,"SSL",0,0,200,10
"scenarioA","X_144","indep",0,0,NA,"SSL",0,0,200,10
"scenarioA","X_145","indep",0,0,NA,"SSL",0,0,200,10
"scenarioA","X_146","indep",0,0,NA,"SSL",0,0,200,10
"scenarioA","X_147","indep",0,0,NA,"SSL",0,0,200,10
"scenarioA","X_148","indep",0,0,NA,"SSL",0,0,200,10
"scenarioA","X_149","indep",0,0,NA,"SSL",0,0,200,10
"scenarioA","X_150","indep",0,0,NA,"SSL",0,0,200,10
"scenarioA","X_151","indep",0,0,NA,"SSL",0,0,200,10
"scenarioA","X_152","indep",0,0,NA,"SSL",0,0,200,10
"scenarioA","X_153","indep",0,0,NA,"SSL",0,0,200,10
"scenarioA","X_154","indep",0,0,NA,"SSL",0,0,200,10
"scenarioA","X_155","weak",0.3,0,NA,"SSL",0,0,200,10
"scenarioA","X_156","weak",0.3,0,NA,"SSL",0,0,200,10
"scenarioA","X_157","weak",0.3,0,NA,"SSL",0,0,200,10
"scenarioA","X_158","weak",0.3,0,NA,"SSL",0,0,200,10
"scenarioA","X_159","weak",0.3,0,NA,"SSL",0,0,200,10
"scenarioA","X_160","weak",0.3,0,NA,"SSL",0,0,200,10
"scenarioA","X_161","weak",0.3,0,NA,"SSL",0,0,200,10
"scenarioA","X_162","weak",0.3,0,NA,"SSL",0,0,200,10
"scenarioA","X_163","weak",0.3,0,NA,"SSL",0,0,200,10
"scenarioA","X_164","weak",0.3,0,NA,"SSL",0,0,200,10
"scenarioA","X_165","weak",0.3,0,NA,"SSL",0,0,200,10
"scenarioA","X_166","weak",0.3,0,NA,"SSL",0,0,200,10
"scenarioA","X_167","weak",0.3,0,NA,"SSL",0,0,200,10
"scenarioA","X_168","weak",0.3,0,NA,"SSL",0,0,200,10
"scenarioA","X_169","weak",0.3,0,NA,"SSL",0,0,200,10
"scenarioA","X_170","weak",0.3,0,NA,"SSL",0,0,200,10
"scenarioA","X_171","weak",0.3,0,NA,"SSL",0,0,200,10
"scenarioA","X_172","weak",0.3,0,NA,"SSL",0,0,200,10
"scenarioA","X_173","weak",0.3,0,NA,"SSL",0,0,200,10
"scenarioA","X_174","weak",0.3,0,NA,"SSL",0,0,200,10
"scenarioA","X_175","weak",0.3,0,NA,"SSL",0,0,200,10
"scenarioA","X_176","weak",0.3,0,NA,"SSL",0,0,200,10
"scenarioA","X_177","weak",0.3,0,NA,"SSL",0,0,200,10
"scenarioA","X_178","weak",0.3,0,NA,"SSL",0,0,200,10
"scenarioA","X_179","weak",0.3,0,NA,"SSL",0,0,200,10
"scenarioA","X_180","weak",0.3,0,NA,"SSL",0,0,200,10
"scenarioA","X_181","weak",0.3,0,NA,"SSL",0,0,200,10
"scenarioA","X_182","weak",0.3,0,NA,"SSL",0,0,200,10
"scenarioA","X_183","weak",0.3,0,NA,"SSL",0,0,200,10
"scenarioA","X_184","weak",0.3,0,NA,"SSL",0,0,200,10
"scenarioA","X_185","weak",0.3,0,NA,"SSL",0,0,200,10
"scenarioA","X_186","weak",0.3,0,NA,"SSL",0,0,200,10
"scenarioA","X_187","weak",0.3,0,NA,"SSL",0,0,200,10
"scenarioA","X_188","weak",0.3,0,NA,"SSL",0,0,200,10
"scenarioA","X_189","weak",0.3,0,NA,"SSL",0,0,200,10
"scenarioA","X_190","weak",0.3,0,NA,"SSL",0,0,200,10
"scenarioA","X_191","weak",0.3,0,NA,"SSL",0,0,200,10
"scenarioA","X_192","weak",0.3,0,NA,"SSL",0,0,200,10
"scenarioA","X_193","weak",0.3,0,NA,"SSL",0,0,200,10
"scenarioA","X_194","weak",0.3,0,NA,"SSL",0,0,200,10
"scenarioA","X_195","weak",0.3,0,NA,"SSL",0,0,200,10
"scenarioA","X_196","weak",0.3,0,NA,"SSL",0,0,200,10
"scenarioA","X_197","weak",0.3,0,NA,"SSL",0,0,200,10
"scenarioA","X_198","weak",0.3,0,NA,"SSL",0,0,200,10
"scenarioA","X_199","weak",0.3,0,NA,"SSL",0,0,200,10
"scenarioA","X_200","weak",0.3,0,NA,"SSL",0,0,200,10
"scenarioA","X_201","weak",0.3,0,NA,"SSL",0,0,200,10
"scenarioA","X_202","weak",0.3,0,NA,"SSL",0,0,200,10
"scenarioA","X_203","weak",0.3,0,NA,"SSL",0,0,200,10
"scenarioA","X_204","weak",0.3,0,NA,"SSL",0,0,200,10
"scenarioA","X_205","weak",0.3,0,NA,"SSL",0,0,200,10
"scenarioA","X_206","weak",0.3,0,NA,"SSL",0,0,200,10
"scenarioA","X_207","weak",0.3,0,NA,"SSL",0,0,200,10
"scenarioA","X_208","weak",0.3,0,NA,"SSL",0,0,200,10
"scenarioA","X_209","weak",0.3,0,NA,"SSL",0,0,200,10
"scenarioA","X_210","weak",0.3,0,NA,"SSL",0,0,200,10
"scenarioA","X_211","weak",0.3,0,NA,"SSL",0,0,200,10
"scenarioA","X_212","weak",0.3,0,NA,"SSL",0,0,200,10
"scenarioA","X_213","weak",0.3,0,NA,"SSL",0,0,200,10
"scenarioA","X_214","weak",0.3,0,NA,"SSL",0,0,200,10
"scenarioA","X_215","weak",0.3,0,NA,"SSL",0,0,200,10
"scenarioA","X_216","weak",0.3,0,NA,"SSL",0,0,200,10
"scenarioA","X_217","weak",0.3,0,NA,"SSL",0,0,200,10
"scenarioA","X_218","weak",0.3,0,NA,"SSL",0,0,200,10
"scenarioA","X_219","weak",0.3,0,NA,"SSL",0,0,200,10
"scenarioA","X_220","weak",0.3,0,NA,"SSL",0,0,200,10
"scenarioA","X_221","weak",0.3,0,NA,"SSL",0,0,200,10
"scenarioA","X_222","weak",0.3,0,NA,"SSL",0,0,200,10
"scenarioA","X_223","weak",0.3,0,NA,"SSL",0,0,200,10
"scenarioA","X_224","weak",0.3,0,NA,"SSL",0,0,200,10
"scenarioA","X_225","weak",0.3,0,NA,"SSL",0,0,200,10
"scenarioA","X_226","weak",0.3,0,NA,"SSL",0,0,200,10
"scenarioA","X_227","weak",0.3,0,NA,"SSL",0,0,200,10
"scenarioA","X_228","strong",0.6,0,NA,"SSL",0,0,200,10
"scenarioA","X_229","strong",0.6,0,NA,"SSL",0,0,200,10
"scenarioA","X_230","strong",0.6,0,NA,"SSL",0,0,200,10
"scenarioA","X_231","strong",0.6,0,NA,"SSL",0,0,200,10
"scenarioA","X_232","strong",0.6,0,NA,"SSL",0,0,200,10
"scenarioA","X_233","strong",0.6,0,NA,"SSL",0,0,200,10
"scenarioA","X_234","strong",0.6,0,NA,"SSL",0,0,200,10
"scenarioA","X_235","strong",0.6,0,NA,"SSL",0,0,200,10
"scenarioA","X_236","strong",0.6,0,NA,"SSL",0,0,200,10
"scenarioA","X_237","strong",0.6,0,NA,"SSL",0,0,200,10
"scenarioA","X_238","strong",0.6,0,NA,"SSL",0,0,200,10
"scenarioA","X_239","strong",0.6,0,NA,"SSL",0,0,200,10
"scenarioA","X_240","strong",0.6,0,NA,"SSL",0,0,200,10
"scenarioA","X_241","strong",0.6,0,NA,"SSL",0,0,200,10
"scenarioA","X_242","strong",0.6,0,NA,"SSL",0,0,200,10
"scenarioA","X_243","strong",0.6,0,NA,"SSL",0,0,200,10
"scenarioA","X_244","strong",0.6,0,NA,"SSL",0,0,200,10
"scenarioA","X_245","strong",0.6,0,NA,"SSL",0,0,200,10
"scenarioA","X_246","strong",0.6,0,NA,"SSL",0,0,200,10
"scenarioA","X_247","strong",0.6,0,NA,"SSL",0,0,200,10
"scenarioA","X_248","strong",0.6,0,NA,"SSL",0,0,200,10
"scenarioA","X_249","strong",0.6,0,NA,"SSL",0,0,200,10
"scenarioA","X_250","strong",0.6,0,NA,"SSL",0,0,200,10
"scenarioA","X_251","strong",0.6,0,NA,"SSL",0,0,200,10
"scenarioA","X_252","strong",0.6,0,NA,"SSL",0,0,200,10
"scenarioA","X_253","strong",0.6,0,NA,"SSL",0,0,200,10
"scenarioA","X_254","strong",0.6,0,NA,"SSL",0,0,200,10
"scenarioA","X_255","strong",0.6,0,NA,"SSL",0,0,200,10
"scenarioA","X_256","strong",0.6,0,NA,"SSL",0,0,200,10
"scenarioA","X_257","strong",0.6,0,NA,"SSL",0,0,200,10
"scenarioA","X_258","strong",0.6,0,NA,"SSL",0,0,200,10
"scenarioA","X_259","strong",0.6,0,NA,"SSL",0,0,200,10
"scenarioA","X_260","strong",0.6,0,NA,"SSL",0,0,200,10
"scenarioA","X_261","strong",0.6,0,NA,"SSL",0,0,200,10
"scenarioA","X_262","strong",0.6,0,NA,"SSL",0,0,200,10
"scenarioA","X_263","strong",0.6,0,NA,"SSL",0,0,200,10
"scenarioA","X_264","strong",0.6,0,NA,"SSL",0,0,200,10
"scenarioA","X_265","strong",0.6,0,NA,"SSL",0,0,200,10
"scenarioA","X_266","strong",0.6,0,NA,"SSL",0,0,200,10
"scenarioA","X_267","strong",0.6,0,NA,"SSL",0,0,200,10
"scenarioA","X_268","strong",0.6,0,NA,"SSL",0,0,200,10
"scenarioA","X_269","strong",0.6,0,NA,"SSL",0,0,200,10
"scenarioA","X_270","strong",0.6,0,NA,"SSL",0,0,200,10
"scenarioA","X_271","strong",0.6,0,NA,"SSL",0,0,200,10
"scenarioA","X_272","strong",0.6,0,NA,"SSL",0,0,200,10
"scenarioA","X_273","strong",0.6,0,NA,"SSL",0,0,200,10
"scenarioA","X_274","strong",0.6,0,NA,"SSL",0,0,200,10
"scenarioA","X_275","strong",0.6,0,NA,"SSL",0,0,200,10
"scenarioA","X_276","strong",0.6,0,NA,"SSL",0,0,200,10
"scenarioA","X_277","strong",0.6,0,NA,"SSL",0,0,200,10
"scenarioA","X_278","strong",0.6,0,NA,"SSL",0,0,200,10
"scenarioA","X_279","strong",0.6,0,NA,"SSL",0,0,200,10
"scenarioA","X_280","strong",0.6,0,NA,"SSL",0,0,200,10
"scenarioA","X_281","strong",0.6,0,NA,"SSL",0,0,200,10
"scenarioA","X_282","strong",0.6,0,NA,"SSL",0,0,200,10
"scenarioA","X_283","strong",0.6,0,NA,"SSL",0,0,200,10
"scenarioA","X_284","strong",0.6,0,NA,"SSL",0,0,200,10
"scenarioA","X_285","strong",0.6,0,NA,"SSL",0,0,200,10
"scenarioA","X_286","strong",0.6,0,NA,"SSL",0,0,200,10
"scenarioA","X_287","strong",0.6,0,NA,"SSL",0,0,200,10
"scenarioA","X_288","strong",0.6,0,NA,"SSL",0,0,200,10
"scenarioA","X_289","strong",0.6,0,NA,"SSL",0,0,200,10
"scenarioA","X_290","strong",0.6,0,NA,"SSL",0,0,200,10
"scenarioA","X_291","strong",0.6,0,NA,"SSL",0,0,200,10
"scenarioA","X_292","strong",0.6,0,NA,"SSL",0,0,200,10
"scenarioA","X_293","strong",0.6,0,NA,"SSL",0,0,200,10
"scenarioA","X_294","strong",0.6,0,NA,"SSL",0,0,200,10
"scenarioA","X_295","strong",0.6,0,NA,"SSL",0,0,200,10
"scenarioA","X_296","strong",0.6,0,NA,"SSL",0,0,200,10
"scenarioA","X_297","strong",0.6,0,NA,"SSL",0,0,200,10
"scenarioA","X_298","strong",0.6,0,NA,"SSL",0,0,200,10
"scenarioA","X_299","strong",0.6,0,NA,"SSL",0,0,200,10
"scenarioA","X_300","strong",0.6,0,NA,"SSL",0,0,200,10
"scenarioA","X_1","strong",0.6,0.4,0.248845196497054,"LASSO",0,-0.4,200,10
"scenarioA","X_2","strong",0.6,-0.5,-0.446842738477292,"LASSO",-0.0718060972491624,0.428193902750838,200,10
"scenarioA","X_3","weak",0.3,0.6,0.653571160302064,"LASSO",0.291498909273554,-0.308501090726446,200,10
"scenarioA","X_4","weak",0.3,0.75,0.749372535879161,"LASSO",0.332556366708352,-0.417443633291648,200,10
"scenarioA","X_5","indep",0,-0.8,-0.895076511010242,"LASSO",-0.56416314486876,0.23583685513124,200,10
"scenarioA","X_6","indep",0,0,NA,"LASSO",0,0,200,10
"scenarioA","X_7","indep",0,0,NA,"LASSO",0,0,200,10
"scenarioA","X_8","indep",0,0,NA,"LASSO",0,0,200,10
"scenarioA","X_9","indep",0,0,NA,"LASSO",0,0,200,10
"scenarioA","X_10","indep",0,0,NA,"LASSO",0,0,200,10
"scenarioA","X_11","indep",0,0,NA,"LASSO",0,0,200,10
"scenarioA","X_12","indep",0,0,NA,"LASSO",0,0,200,10
"scenarioA","X_13","indep",0,0,NA,"LASSO",0,0,200,10
"scenarioA","X_14","indep",0,0,NA,"LASSO",0,0,200,10
"scenarioA","X_15","indep",0,0,NA,"LASSO",0,0,200,10
"scenarioA","X_16","indep",0,0,NA,"LASSO",0,0,200,10
"scenarioA","X_17","indep",0,0,NA,"LASSO",0,0,200,10
"scenarioA","X_18","indep",0,0,NA,"LASSO",0,0,200,10
"scenarioA","X_19","indep",0,0,NA,"LASSO",0,0,200,10
"scenarioA","X_20","indep",0,0,NA,"LASSO",0,0,200,10
"scenarioA","X_21","indep",0,0,NA,"LASSO",0,0,200,10
"scenarioA","X_22","indep",0,0,NA,"LASSO",0,0,200,10
"scenarioA","X_23","indep",0,0,NA,"LASSO",0,0,200,10
"scenarioA","X_24","indep",0,0,NA,"LASSO",0,0,200,10
"scenarioA","X_25","indep",0,0,NA,"LASSO",0,0,200,10
"scenarioA","X_26","indep",0,0,NA,"LASSO",0,0,200,10
"scenarioA","X_27","indep",0,0,NA,"LASSO",0,0,200,10
"scenarioA","X_28","indep",0,0,NA,"LASSO",0,0,200,10
"scenarioA","X_29","indep",0,0,NA,"LASSO",0,0,200,10
"scenarioA","X_30","indep",0,0,NA,"LASSO",0,0,200,10
"scenarioA","X_31","indep",0,0,NA,"LASSO",0,0,200,10
"scenarioA","X_32","indep",0,0,NA,"LASSO",0,0,200,10
"scenarioA","X_33","indep",0,0,NA,"LASSO",0,0,200,10
"scenarioA","X_34","indep",0,0,NA,"LASSO",0,0,200,10
"scenarioA","X_35","indep",0,0,NA,"LASSO",0,0,200,10
"scenarioA","X_36","indep",0,0,NA,"LASSO",0,0,200,10
"scenarioA","X_37","indep",0,0,NA,"LASSO",0,0,200,10
"scenarioA","X_38","indep",0,0,NA,"LASSO",0,0,200,10
"scenarioA","X_39","indep",0,0,NA,"LASSO",0,0,200,10
"scenarioA","X_40","indep",0,0,NA,"LASSO",0,0,200,10
"scenarioA","X_41","indep",0,0,NA,"LASSO",0,0,200,10
"scenarioA","X_42","indep",0,0,NA,"LASSO",0,0,200,10
"scenarioA","X_43","indep",0,0,NA,"LASSO",0,0,200,10
"scenarioA","X_44","indep",0,0,NA,"LASSO",0,0,200,10
"scenarioA","X_45","indep",0,0,NA,"LASSO",0,0,200,10
"scenarioA","X_46","indep",0,0,NA,"LASSO",0,0,200,10
"scenarioA","X_47","indep",0,0,NA,"LASSO",0,0,200,10
"scenarioA","X_48","indep",0,0,NA,"LASSO",0,0,200,10
"scenarioA","X_49","indep",0,0,NA,"LASSO",0,0,200,10
"scenarioA","X_50","indep",0,0,NA,"LASSO",0,0,200,10
"scenarioA","X_51","indep",0,0,NA,"LASSO",0,0,200,10
"scenarioA","X_52","indep",0,0,NA,"LASSO",0,0,200,10
"scenarioA","X_53","indep",0,0,NA,"LASSO",0,0,200,10
"scenarioA","X_54","indep",0,0,NA,"LASSO",0,0,200,10
"scenarioA","X_55","indep",0,0,NA,"LASSO",0,0,200,10
"scenarioA","X_56","indep",0,0,NA,"LASSO",0,0,200,10
"scenarioA","X_57","indep",0,0,NA,"LASSO",0,0,200,10
"scenarioA","X_58","indep",0,0,NA,"LASSO",0,0,200,10
"scenarioA","X_59","indep",0,0,NA,"LASSO",0,0,200,10
"scenarioA","X_60","indep",0,0,NA,"LASSO",0,0,200,10
"scenarioA","X_61","indep",0,0,NA,"LASSO",0,0,200,10
"scenarioA","X_62","indep",0,0,NA,"LASSO",0,0,200,10
"scenarioA","X_63","indep",0,0,NA,"LASSO",0,0,200,10
"scenarioA","X_64","indep",0,0,NA,"LASSO",0.100941202535517,0.100941202535517,200,10
"scenarioA","X_65","indep",0,0,NA,"LASSO",0,0,200,10
"scenarioA","X_66","indep",0,0,NA,"LASSO",0,0,200,10
"scenarioA","X_67","indep",0,0,NA,"LASSO",0,0,200,10
"scenarioA","X_68","indep",0,0,NA,"LASSO",0,0,200,10
"scenarioA","X_69","indep",0,0,NA,"LASSO",0,0,200,10
"scenarioA","X_70","indep",0,0,NA,"LASSO",0,0,200,10
"scenarioA","X_71","indep",0,0,NA,"LASSO",0,0,200,10
"scenarioA","X_72","indep",0,0,NA,"LASSO",0,0,200,10
"scenarioA","X_73","indep",0,0,NA,"LASSO",0,0,200,10
"scenarioA","X_74","indep",0,0,NA,"LASSO",0,0,200,10
"scenarioA","X_75","indep",0,0,NA,"LASSO",0,0,200,10
"scenarioA","X_76","indep",0,0,NA,"LASSO",0,0,200,10
"scenarioA","X_77","indep",0,0,NA,"LASSO",0,0,200,10
"scenarioA","X_78","indep",0,0,NA,"LASSO",0,0,200,10
"scenarioA","X_79","indep",0,0,NA,"LASSO",0,0,200,10
"scenarioA","X_80","indep",0,0,NA,"LASSO",0,0,200,10
"scenarioA","X_81","indep",0,0,NA,"LASSO",0,0,200,10
"scenarioA","X_82","indep",0,0,NA,"LASSO",0,0,200,10
"scenarioA","X_83","indep",0,0,NA,"LASSO",0,0,200,10
"scenarioA","X_84","indep",0,0,NA,"LASSO",0,0,200,10
"scenarioA","X_85","indep",0,0,NA,"LASSO",0,0,200,10
"scenarioA","X_86","indep",0,0,NA,"LASSO",0,0,200,10
"scenarioA","X_87","indep",0,0,NA,"LASSO",0,0,200,10
"scenarioA","X_88","indep",0,0,NA,"LASSO",0,0,200,10
"scenarioA","X_89","indep",0,0,NA,"LASSO",0,0,200,10
"scenarioA","X_90","indep",0,0,NA,"LASSO",0,0,200,10
"scenarioA","X_91","indep",0,0,NA,"LASSO",0,0,200,10
"scenarioA","X_92","indep",0,0,NA,"LASSO",0,0,200,10
"scenarioA","X_93","indep",0,0,NA,"LASSO",0,0,200,10
"scenarioA","X_94","indep",0,0,NA,"LASSO",0,0,200,10
"scenarioA","X_95","indep",0,0,NA,"LASSO",0,0,200,10
"scenarioA","X_96","indep",0,0,NA,"LASSO",0,0,200,10
"scenarioA","X_97","indep",0,0,NA,"LASSO",0,0,200,10
"scenarioA","X_98","indep",0,0,NA,"LASSO",0,0,200,10
"scenarioA","X_99","indep",0,0,NA,"LASSO",0,0,200,10
"scenarioA","X_100","indep",0,0,NA,"LASSO",0,0,200,10
"scenarioA","X_101","indep",0,0,NA,"LASSO",0,0,200,10
"scenarioA","X_102","indep",0,0,NA,"LASSO",0,0,200,10
"scenarioA","X_103","indep",0,0,NA,"LASSO",0,0,200,10
"scenarioA","X_104","indep",0,0,NA,"LASSO",0,0,200,10
"scenarioA","X_105","indep",0,0,NA,"LASSO",0,0,200,10
"scenarioA","X_106","indep",0,0,NA,"LASSO",0,0,200,10
"scenarioA","X_107","indep",0,0,NA,"LASSO",0,0,200,10
"scenarioA","X_108","indep",0,0,NA,"LASSO",0,0,200,10
"scenarioA","X_109","indep",0,0,NA,"LASSO",0,0,200,10
"scenarioA","X_110","indep",0,0,NA,"LASSO",0,0,200,10
"scenarioA","X_111","indep",0,0,NA,"LASSO",0,0,200,10
"scenarioA","X_112","indep",0,0,NA,"LASSO",0,0,200,10
"scenarioA","X_113","indep",0,0,NA,"LASSO",0,0,200,10
"scenarioA","X_114","indep",0,0,NA,"LASSO",0,0,200,10
"scenarioA","X_115","indep",0,0,NA,"LASSO",0,0,200,10
"scenarioA","X_116","indep",0,0,NA,"LASSO",0,0,200,10
"scenarioA","X_117","indep",0,0,NA,"LASSO",0,0,200,10
"scenarioA","X_118","indep",0,0,NA,"LASSO",0,0,200,10
"scenarioA","X_119","indep",0,0,NA,"LASSO",0,0,200,10
"scenarioA","X_120","indep",0,0,NA,"LASSO",0.0662622383763703,0.0662622383763703,200,10
"scenarioA","X_121","indep",0,0,NA,"LASSO",0,0,200,10
"scenarioA","X_122","indep",0,0,NA,"LASSO",0,0,200,10
"scenarioA","X_123","indep",0,0,NA,"LASSO",0,0,200,10
"scenarioA","X_124","indep",0,0,NA,"LASSO",0,0,200,10
"scenarioA","X_125","indep",0,0,NA,"LASSO",0,0,200,10
"scenarioA","X_126","indep",0,0,NA,"LASSO",0,0,200,10
"scenarioA","X_127","indep",0,0,NA,"LASSO",0,0,200,10
"scenarioA","X_128","indep",0,0,NA,"LASSO",0,0,200,10
"scenarioA","X_129","indep",0,0,NA,"LASSO",0,0,200,10
"scenarioA","X_130","indep",0,0,NA,"LASSO",0,0,200,10
"scenarioA","X_131","indep",0,0,NA,"LASSO",0,0,200,10
"scenarioA","X_132","indep",0,0,NA,"LASSO",0,0,200,10
"scenarioA","X_133","indep",0,0,NA,"LASSO",0,0,200,10
"scenarioA","X_134","indep",0,0,NA,"LASSO",0,0,200,10
"scenarioA","X_135","indep",0,0,NA,"LASSO",0,0,200,10
"scenarioA","X_136","indep",0,0,NA,"LASSO",0,0,200,10
"scenarioA","X_137","indep",0,0,NA,"LASSO",0,0,200,10
"scenarioA","X_138","indep",0,0,NA,"LASSO",0,0,200,10
"scenarioA","X_139","indep",0,0,NA,"LASSO",0,0,200,10
"scenarioA","X_140","indep",0,0,NA,"LASSO",0,0,200,10
"scenarioA","X_141","indep",0,0,NA,"LASSO",0,0,200,10
"scenarioA","X_142","indep",0,0,NA,"LASSO",0,0,200,10
"scenarioA","X_143","indep",0,0,NA,"LASSO",0,0,200,10
"scenarioA","X_144","indep",0,0,NA,"LASSO",0,0,200,10
"scenarioA","X_145","indep",0,0,NA,"LASSO",0,0,200,10
"scenarioA","X_146","indep",0,0,NA,"LASSO",0,0,200,10
"scenarioA","X_147","indep",0,0,NA,"LASSO",0,0,200,10
"scenarioA","X_148","indep",0,0,NA,"LASSO",0,0,200,10
"scenarioA","X_149","indep",0,0,NA,"LASSO",0,0,200,10
"scenarioA","X_150","indep",0,0,NA,"LASSO",0,0,200,10
"scenarioA","X_151","indep",0,0,NA,"LASSO",0,0,200,10
"scenarioA","X_152","indep",0,0,NA,"LASSO",0,0,200,10
"scenarioA","X_153","indep",0,0,NA,"LASSO",0,0,200,10
"scenarioA","X_154","indep",0,0,NA,"LASSO",0,0,200,10
"scenarioA","X_155","weak",0.3,0,NA,"LASSO",0,0,200,10
"scenarioA","X_156","weak",0.3,0,NA,"LASSO",0,0,200,10
"scenarioA","X_157","weak",0.3,0,NA,"LASSO",0,0,200,10
"scenarioA","X_158","weak",0.3,0,NA,"LASSO",0,0,200,10
"scenarioA","X_159","weak",0.3,0,NA,"LASSO",0.0391972659990315,0.0391972659990315,200,10
"scenarioA","X_160","weak",0.3,0,NA,"LASSO",0,0,200,10
"scenarioA","X_161","weak",0.3,0,NA,"LASSO",0,0,200,10
"scenarioA","X_162","weak",0.3,0,NA,"LASSO",0,0,200,10
"scenarioA","X_163","weak",0.3,0,NA,"LASSO",0,0,200,10
"scenarioA","X_164","weak",0.3,0,NA,"LASSO",0,0,200,10
"scenarioA","X_165","weak",0.3,0,NA,"LASSO",0,0,200,10
"scenarioA","X_166","weak",0.3,0,NA,"LASSO",0,0,200,10
"scenarioA","X_167","weak",0.3,0,NA,"LASSO",0,0,200,10
"scenarioA","X_168","weak",0.3,0,NA,"LASSO",0,0,200,10
"scenarioA","X_169","weak",0.3,0,NA,"LASSO",0,0,200,10
"scenarioA","X_170","weak",0.3,0,NA,"LASSO",0,0,200,10
"scenarioA","X_171","weak",0.3,0,NA,"LASSO",0,0,200,10
"scenarioA","X_172","weak",0.3,0,NA,"LASSO",0,0,200,10
"scenarioA","X_173","weak",0.3,0,NA,"LASSO",0,0,200,10
"scenarioA","X_174","weak",0.3,0,NA,"LASSO",0,0,200,10
"scenarioA","X_175","weak",0.3,0,NA,"LASSO",0,0,200,10
"scenarioA","X_176","weak",0.3,0,NA,"LASSO",0,0,200,10
"scenarioA","X_177","weak",0.3,0,NA,"LASSO",0,0,200,10
"scenarioA","X_178","weak",0.3,0,NA,"LASSO",0.0898717138153844,0.0898717138153844,200,10
"scenarioA","X_179","weak",0.3,0,NA,"LASSO",0,0,200,10
"scenarioA","X_180","weak",0.3,0,NA,"LASSO",0,0,200,10
"scenarioA","X_181","weak",0.3,0,NA,"LASSO",0,0,200,10
"scenarioA","X_182","weak",0.3,0,NA,"LASSO",0,0,200,10
"scenarioA","X_183","weak",0.3,0,NA,"LASSO",0,0,200,10
"scenarioA","X_184","weak",0.3,0,NA,"LASSO",0,0,200,10
"scenarioA","X_185","weak",0.3,0,NA,"LASSO",0,0,200,10
"scenarioA","X_186","weak",0.3,0,NA,"LASSO",0,0,200,10
"scenarioA","X_187","weak",0.3,0,NA,"LASSO",0,0,200,10
"scenarioA","X_188","weak",0.3,0,NA,"LASSO",0,0,200,10
"scenarioA","X_189","weak",0.3,0,NA,"LASSO",0,0,200,10
"scenarioA","X_190","weak",0.3,0,NA,"LASSO",0,0,200,10
"scenarioA","X_191","weak",0.3,0,NA,"LASSO",0,0,200,10
"scenarioA","X_192","weak",0.3,0,NA,"LASSO",0,0,200,10
"scenarioA","X_193","weak",0.3,0,NA,"LASSO",0,0,200,10
"scenarioA","X_194","weak",0.3,0,NA,"LASSO",0,0,200,10
"scenarioA","X_195","weak",0.3,0,NA,"LASSO",0,0,200,10
"scenarioA","X_196","weak",0.3,0,NA,"LASSO",0,0,200,10
"scenarioA","X_197","weak",0.3,0,NA,"LASSO",0,0,200,10
"scenarioA","X_198","weak",0.3,0,NA,"LASSO",0,0,200,10
"scenarioA","X_199","weak",0.3,0,NA,"LASSO",0,0,200,10
"scenarioA","X_200","weak",0.3,0,NA,"LASSO",0,0,200,10
"scenarioA","X_201","weak",0.3,0,NA,"LASSO",0,0,200,10
"scenarioA","X_202","weak",0.3,0,NA,"LASSO",0,0,200,10
"scenarioA","X_203","weak",0.3,0,NA,"LASSO",0,0,200,10
"scenarioA","X_204","weak",0.3,0,NA,"LASSO",0,0,200,10
"scenarioA","X_205","weak",0.3,0,NA,"LASSO",0,0,200,10
"scenarioA","X_206","weak",0.3,0,NA,"LASSO",0,0,200,10
"scenarioA","X_207","weak",0.3,0,NA,"LASSO",0,0,200,10
"scenarioA","X_208","weak",0.3,0,NA,"LASSO",0,0,200,10
"scenarioA","X_209","weak",0.3,0,NA,"LASSO",0,0,200,10
"scenarioA","X_210","weak",0.3,0,NA,"LASSO",0.0201148206335643,0.0201148206335643,200,10
"scenarioA","X_211","weak",0.3,0,NA,"LASSO",0,0,200,10
"scenarioA","X_212","weak",0.3,0,NA,"LASSO",0,0,200,10
"scenarioA","X_213","weak",0.3,0,NA,"LASSO",0,0,200,10
"scenarioA","X_214","weak",0.3,0,NA,"LASSO",0,0,200,10
"scenarioA","X_215","weak",0.3,0,NA,"LASSO",0,0,200,10
"scenarioA","X_216","weak",0.3,0,NA,"LASSO",0,0,200,10
"scenarioA","X_217","weak",0.3,0,NA,"LASSO",0,0,200,10
"scenarioA","X_218","weak",0.3,0,NA,"LASSO",0,0,200,10
"scenarioA","X_219","weak",0.3,0,NA,"LASSO",0,0,200,10
"scenarioA","X_220","weak",0.3,0,NA,"LASSO",0,0,200,10
"scenarioA","X_221","weak",0.3,0,NA,"LASSO",0,0,200,10
"scenarioA","X_222","weak",0.3,0,NA,"LASSO",0,0,200,10
"scenarioA","X_223","weak",0.3,0,NA,"LASSO",0,0,200,10
"scenarioA","X_224","weak",0.3,0,NA,"LASSO",0.0631133617079615,0.0631133617079615,200,10
"scenarioA","X_225","weak",0.3,0,NA,"LASSO",0,0,200,10
"scenarioA","X_226","weak",0.3,0,NA,"LASSO",0,0,200,10
"scenarioA","X_227","weak",0.3,0,NA,"LASSO",0,0,200,10
"scenarioA","X_228","strong",0.6,0,NA,"LASSO",0,0,200,10
"scenarioA","X_229","strong",0.6,0,NA,"LASSO",0,0,200,10
"scenarioA","X_230","strong",0.6,0,NA,"LASSO",0,0,200,10
"scenarioA","X_231","strong",0.6,0,NA,"LASSO",0,0,200,10
"scenarioA","X_232","strong",0.6,0,NA,"LASSO",0,0,200,10
"scenarioA","X_233","strong",0.6,0,NA,"LASSO",0,0,200,10
"scenarioA","X_234","strong",0.6,0,NA,"LASSO",0,0,200,10
"scenarioA","X_235","strong",0.6,0,NA,"LASSO",0,0,200,10
"scenarioA","X_236","strong",0.6,0,NA,"LASSO",0,0,200,10
"scenarioA","X_237","strong",0.6,0,NA,"LASSO",0,0,200,10
"scenarioA","X_238","strong",0.6,0,NA,"LASSO",0,0,200,10
"scenarioA","X_239","strong",0.6,0,NA,"LASSO",0,0,200,10
"scenarioA","X_240","strong",0.6,0,NA,"LASSO",0,0,200,10
"scenarioA","X_241","strong",0.6,0,NA,"LASSO",0,0,200,10
"scenarioA","X_242","strong",0.6,0,NA,"LASSO",0,0,200,10
"scenarioA","X_243","strong",0.6,0,NA,"LASSO",0,0,200,10
"scenarioA","X_244","strong",0.6,0,NA,"LASSO",0,0,200,10
"scenarioA","X_245","strong",0.6,0,NA,"LASSO",0,0,200,10
"scenarioA","X_246","strong",0.6,0,NA,"LASSO",0,0,200,10
"scenarioA","X_247","strong",0.6,0,NA,"LASSO",0,0,200,10
"scenarioA","X_248","strong",0.6,0,NA,"LASSO",0,0,200,10
"scenarioA","X_249","strong",0.6,0,NA,"LASSO",0,0,200,10
"scenarioA","X_250","strong",0.6,0,NA,"LASSO",0,0,200,10
"scenarioA","X_251","strong",0.6,0,NA,"LASSO",0,0,200,10
"scenarioA","X_252","strong",0.6,0,NA,"LASSO",0,0,200,10
"scenarioA","X_253","strong",0.6,0,NA,"LASSO",0,0,200,10
"scenarioA","X_254","strong",0.6,0,NA,"LASSO",0,0,200,10
"scenarioA","X_255","strong",0.6,0,NA,"LASSO",0,0,200,10
"scenarioA","X_256","strong",0.6,0,NA,"LASSO",0,0,200,10
"scenarioA","X_257","strong",0.6,0,NA,"LASSO",0,0,200,10
"scenarioA","X_258","strong",0.6,0,NA,"LASSO",0,0,200,10
"scenarioA","X_259","strong",0.6,0,NA,"LASSO",0,0,200,10
"scenarioA","X_260","strong",0.6,0,NA,"LASSO",0,0,200,10
"scenarioA","X_261","strong",0.6,0,NA,"LASSO",0,0,200,10
"scenarioA","X_262","strong",0.6,0,NA,"LASSO",0,0,200,10
"scenarioA","X_263","strong",0.6,0,NA,"LASSO",0,0,200,10
"scenarioA","X_264","strong",0.6,0,NA,"LASSO",0,0,200,10
"scenarioA","X_265","strong",0.6,0,NA,"LASSO",0,0,200,10
"scenarioA","X_266","strong",0.6,0,NA,"LASSO",0,0,200,10
"scenarioA","X_267","strong",0.6,0,NA,"LASSO",0,0,200,10
"scenarioA","X_268","strong",0.6,0,NA,"LASSO",0,0,200,10
"scenarioA","X_269","strong",0.6,0,NA,"LASSO",0,0,200,10
"scenarioA","X_270","strong",0.6,0,NA,"LASSO",0,0,200,10
"scenarioA","X_271","strong",0.6,0,NA,"LASSO",0,0,200,10
"scenarioA","X_272","strong",0.6,0,NA,"LASSO",0,0,200,10
"scenarioA","X_273","strong",0.6,0,NA,"LASSO",0,0,200,10
"scenarioA","X_274","strong",0.6,0,NA,"LASSO",0,0,200,10
"scenarioA","X_275","strong",0.6,0,NA,"LASSO",0,0,200,10
"scenarioA","X_276","strong",0.6,0,NA,"LASSO",0,0,200,10
"scenarioA","X_277","strong",0.6,0,NA,"LASSO",0,0,200,10
"scenarioA","X_278","strong",0.6,0,NA,"LASSO",0,0,200,10
"scenarioA","X_279","strong",0.6,0,NA,"LASSO",0,0,200,10
"scenarioA","X_280","strong",0.6,0,NA,"LASSO",0,0,200,10
"scenarioA","X_281","strong",0.6,0,NA,"LASSO",0,0,200,10
"scenarioA","X_282","strong",0.6,0,NA,"LASSO",0,0,200,10
"scenarioA","X_283","strong",0.6,0,NA,"LASSO",0,0,200,10
"scenarioA","X_284","strong",0.6,0,NA,"LASSO",0,0,200,10
"scenarioA","X_285","strong",0.6,0,NA,"LASSO",0,0,200,10
"scenarioA","X_286","strong",0.6,0,NA,"LASSO",0,0,200,10
"scenarioA","X_287","strong",0.6,0,NA,"LASSO",0,0,200,10
"scenarioA","X_288","strong",0.6,0,NA,"LASSO",0,0,200,10
"scenarioA","X_289","strong",0.6,0,NA,"LASSO",0,0,200,10
"scenarioA","X_290","strong",0.6,0,NA,"LASSO",0,0,200,10
"scenarioA","X_291","strong",0.6,0,NA,"LASSO",0,0,200,10
"scenarioA","X_292","strong",0.6,0,NA,"LASSO",0,0,200,10
"scenarioA","X_293","strong",0.6,0,NA,"LASSO",0,0,200,10
"scenarioA","X_294","strong",0.6,0,NA,"LASSO",0,0,200,10
"scenarioA","X_295","strong",0.6,0,NA,"LASSO",0,0,200,10
"scenarioA","X_296","strong",0.6,0,NA,"LASSO",0,0,200,10
"scenarioA","X_297","strong",0.6,0,NA,"LASSO",0,0,200,10
"scenarioA","X_298","strong",0.6,0,NA,"LASSO",0,0,200,10
"scenarioA","X_299","strong",0.6,0,NA,"LASSO",0,0,200,10
"scenarioA","X_300","strong",0.6,0,NA,"LASSO",0,0,200,10
"scenarioA","X_1","strong",0.6,0.4,0.552501428312993,"SSL",0.848214491564285,0.448214491564285,200,11
"scenarioA","X_2","strong",0.6,-0.5,-0.489932052559705,"SSL",-0.129702096854946,0.370297903145054,200,11
"scenarioA","X_3","weak",0.3,0.6,0.577127092674617,"SSL",0.465051373875707,-0.134948626124293,200,11
"scenarioA","X_4","weak",0.3,0.75,0.74631423343085,"SSL",0.915410951672807,0.165410951672807,200,11
"scenarioA","X_5","indep",0,-0.8,-0.820040091223389,"SSL",-0.941573271676753,-0.141573271676753,200,11
"scenarioA","X_6","indep",0,0,NA,"SSL",0,0,200,11
"scenarioA","X_7","indep",0,0,NA,"SSL",0,0,200,11
"scenarioA","X_8","indep",0,0,NA,"SSL",0,0,200,11
"scenarioA","X_9","indep",0,0,NA,"SSL",0,0,200,11
"scenarioA","X_10","indep",0,0,NA,"SSL",0,0,200,11
"scenarioA","X_11","indep",0,0,NA,"SSL",0.155650138046801,0.155650138046801,200,11
"scenarioA","X_12","indep",0,0,NA,"SSL",0,0,200,11
"scenarioA","X_13","indep",0,0,NA,"SSL",0,0,200,11
"scenarioA","X_14","indep",0,0,NA,"SSL",0,0,200,11
"scenarioA","X_15","indep",0,0,NA,"SSL",0,0,200,11
"scenarioA","X_16","indep",0,0,NA,"SSL",0,0,200,11
"scenarioA","X_17","indep",0,0,NA,"SSL",0,0,200,11
"scenarioA","X_18","indep",0,0,NA,"SSL",0,0,200,11
"scenarioA","X_19","indep",0,0,NA,"SSL",0,0,200,11
"scenarioA","X_20","indep",0,0,NA,"SSL",0,0,200,11
"scenarioA","X_21","indep",0,0,NA,"SSL",0,0,200,11
"scenarioA","X_22","indep",0,0,NA,"SSL",0,0,200,11
"scenarioA","X_23","indep",0,0,NA,"SSL",0,0,200,11
"scenarioA","X_24","indep",0,0,NA,"SSL",0,0,200,11
"scenarioA","X_25","indep",0,0,NA,"SSL",0,0,200,11
"scenarioA","X_26","indep",0,0,NA,"SSL",0,0,200,11
"scenarioA","X_27","indep",0,0,NA,"SSL",-0.212910686513374,-0.212910686513374,200,11
"scenarioA","X_28","indep",0,0,NA,"SSL",0,0,200,11
"scenarioA","X_29","indep",0,0,NA,"SSL",0,0,200,11
"scenarioA","X_30","indep",0,0,NA,"SSL",0,0,200,11
"scenarioA","X_31","indep",0,0,NA,"SSL",0,0,200,11
"scenarioA","X_32","indep",0,0,NA,"SSL",0,0,200,11
"scenarioA","X_33","indep",0,0,NA,"SSL",0.165026504398678,0.165026504398678,200,11
"scenarioA","X_34","indep",0,0,NA,"SSL",0,0,200,11
"scenarioA","X_35","indep",0,0,NA,"SSL",0,0,200,11
"scenarioA","X_36","indep",0,0,NA,"SSL",0,0,200,11
"scenarioA","X_37","indep",0,0,NA,"SSL",0,0,200,11
"scenarioA","X_38","indep",0,0,NA,"SSL",0,0,200,11
"scenarioA","X_39","indep",0,0,NA,"SSL",0,0,200,11
"scenarioA","X_40","indep",0,0,NA,"SSL",0.124762231159665,0.124762231159665,200,11
"scenarioA","X_41","indep",0,0,NA,"SSL",-0.352978149333317,-0.352978149333317,200,11
"scenarioA","X_42","indep",0,0,NA,"SSL",0,0,200,11
"scenarioA","X_43","indep",0,0,NA,"SSL",0,0,200,11
"scenarioA","X_44","indep",0,0,NA,"SSL",0,0,200,11
"scenarioA","X_45","indep",0,0,NA,"SSL",0,0,200,11
"scenarioA","X_46","indep",0,0,NA,"SSL",0.164198256429073,0.164198256429073,200,11
"scenarioA","X_47","indep",0,0,NA,"SSL",0,0,200,11
"scenarioA","X_48","indep",0,0,NA,"SSL",0,0,200,11
"scenarioA","X_49","indep",0,0,NA,"SSL",0,0,200,11
"scenarioA","X_50","indep",0,0,NA,"SSL",0,0,200,11
"scenarioA","X_51","indep",0,0,NA,"SSL",0,0,200,11
"scenarioA","X_52","indep",0,0,NA,"SSL",0,0,200,11
"scenarioA","X_53","indep",0,0,NA,"SSL",-0.121097306374912,-0.121097306374912,200,11
"scenarioA","X_54","indep",0,0,NA,"SSL",0,0,200,11
"scenarioA","X_55","indep",0,0,NA,"SSL",0,0,200,11
"scenarioA","X_56","indep",0,0,NA,"SSL",0,0,200,11
"scenarioA","X_57","indep",0,0,NA,"SSL",0,0,200,11
"scenarioA","X_58","indep",0,0,NA,"SSL",0,0,200,11
"scenarioA","X_59","indep",0,0,NA,"SSL",0,0,200,11
"scenarioA","X_60","indep",0,0,NA,"SSL",0,0,200,11
"scenarioA","X_61","indep",0,0,NA,"SSL",0,0,200,11
"scenarioA","X_62","indep",0,0,NA,"SSL",0,0,200,11
"scenarioA","X_63","indep",0,0,NA,"SSL",0,0,200,11
"scenarioA","X_64","indep",0,0,NA,"SSL",0,0,200,11
"scenarioA","X_65","indep",0,0,NA,"SSL",0,0,200,11
"scenarioA","X_66","indep",0,0,NA,"SSL",0,0,200,11
"scenarioA","X_67","indep",0,0,NA,"SSL",0,0,200,11
"scenarioA","X_68","indep",0,0,NA,"SSL",0,0,200,11
"scenarioA","X_69","indep",0,0,NA,"SSL",0,0,200,11
"scenarioA","X_70","indep",0,0,NA,"SSL",0,0,200,11
"scenarioA","X_71","indep",0,0,NA,"SSL",0,0,200,11
"scenarioA","X_72","indep",0,0,NA,"SSL",0,0,200,11
"scenarioA","X_73","indep",0,0,NA,"SSL",0,0,200,11
"scenarioA","X_74","indep",0,0,NA,"SSL",0,0,200,11
"scenarioA","X_75","indep",0,0,NA,"SSL",0,0,200,11
"scenarioA","X_76","indep",0,0,NA,"SSL",0,0,200,11
"scenarioA","X_77","indep",0,0,NA,"SSL",0,0,200,11
"scenarioA","X_78","indep",0,0,NA,"SSL",0,0,200,11
"scenarioA","X_79","indep",0,0,NA,"SSL",0,0,200,11
"scenarioA","X_80","indep",0,0,NA,"SSL",0,0,200,11
"scenarioA","X_81","indep",0,0,NA,"SSL",0,0,200,11
"scenarioA","X_82","indep",0,0,NA,"SSL",0,0,200,11
"scenarioA","X_83","indep",0,0,NA,"SSL",0,0,200,11
"scenarioA","X_84","indep",0,0,NA,"SSL",0,0,200,11
"scenarioA","X_85","indep",0,0,NA,"SSL",0,0,200,11
"scenarioA","X_86","indep",0,0,NA,"SSL",0,0,200,11
"scenarioA","X_87","indep",0,0,NA,"SSL",-0.196044670393852,-0.196044670393852,200,11
"scenarioA","X_88","indep",0,0,NA,"SSL",0,0,200,11
"scenarioA","X_89","indep",0,0,NA,"SSL",0,0,200,11
"scenarioA","X_90","indep",0,0,NA,"SSL",-0.244426668426413,-0.244426668426413,200,11
"scenarioA","X_91","indep",0,0,NA,"SSL",0,0,200,11
"scenarioA","X_92","indep",0,0,NA,"SSL",0,0,200,11
"scenarioA","X_93","indep",0,0,NA,"SSL",0,0,200,11
"scenarioA","X_94","indep",0,0,NA,"SSL",-0.518718694567698,-0.518718694567698,200,11
"scenarioA","X_95","indep",0,0,NA,"SSL",0,0,200,11
"scenarioA","X_96","indep",0,0,NA,"SSL",0,0,200,11
"scenarioA","X_97","indep",0,0,NA,"SSL",0,0,200,11
"scenarioA","X_98","indep",0,0,NA,"SSL",0,0,200,11
"scenarioA","X_99","indep",0,0,NA,"SSL",0,0,200,11
"scenarioA","X_100","indep",0,0,NA,"SSL",0,0,200,11
"scenarioA","X_101","indep",0,0,NA,"SSL",0,0,200,11
"scenarioA","X_102","indep",0,0,NA,"SSL",0,0,200,11
"scenarioA","X_103","indep",0,0,NA,"SSL",0,0,200,11
"scenarioA","X_104","indep",0,0,NA,"SSL",-0.131473187319001,-0.131473187319001,200,11
"scenarioA","X_105","indep",0,0,NA,"SSL",0,0,200,11
"scenarioA","X_106","indep",0,0,NA,"SSL",-0.283838309756436,-0.283838309756436,200,11
"scenarioA","X_107","indep",0,0,NA,"SSL",0,0,200,11
"scenarioA","X_108","indep",0,0,NA,"SSL",-0.143586562662098,-0.143586562662098,200,11
"scenarioA","X_109","indep",0,0,NA,"SSL",0,0,200,11
"scenarioA","X_110","indep",0,0,NA,"SSL",0,0,200,11
"scenarioA","X_111","indep",0,0,NA,"SSL",0,0,200,11
"scenarioA","X_112","indep",0,0,NA,"SSL",0,0,200,11
"scenarioA","X_113","indep",0,0,NA,"SSL",0,0,200,11
"scenarioA","X_114","indep",0,0,NA,"SSL",0,0,200,11
"scenarioA","X_115","indep",0,0,NA,"SSL",0,0,200,11
"scenarioA","X_116","indep",0,0,NA,"SSL",0,0,200,11
"scenarioA","X_117","indep",0,0,NA,"SSL",0,0,200,11
"scenarioA","X_118","indep",0,0,NA,"SSL",0,0,200,11
"scenarioA","X_119","indep",0,0,NA,"SSL",0,0,200,11
"scenarioA","X_120","indep",0,0,NA,"SSL",0,0,200,11
"scenarioA","X_121","indep",0,0,NA,"SSL",0,0,200,11
"scenarioA","X_122","indep",0,0,NA,"SSL",0,0,200,11
"scenarioA","X_123","indep",0,0,NA,"SSL",0,0,200,11
"scenarioA","X_124","indep",0,0,NA,"SSL",0.121981365700525,0.121981365700525,200,11
"scenarioA","X_125","indep",0,0,NA,"SSL",0,0,200,11
"scenarioA","X_126","indep",0,0,NA,"SSL",0,0,200,11
"scenarioA","X_127","indep",0,0,NA,"SSL",0,0,200,11
"scenarioA","X_128","indep",0,0,NA,"SSL",0,0,200,11
"scenarioA","X_129","indep",0,0,NA,"SSL",0,0,200,11
"scenarioA","X_130","indep",0,0,NA,"SSL",0,0,200,11
"scenarioA","X_131","indep",0,0,NA,"SSL",0.160345799220685,0.160345799220685,200,11
"scenarioA","X_132","indep",0,0,NA,"SSL",-0.179282812265612,-0.179282812265612,200,11
"scenarioA","X_133","indep",0,0,NA,"SSL",0,0,200,11
"scenarioA","X_134","indep",0,0,NA,"SSL",0,0,200,11
"scenarioA","X_135","indep",0,0,NA,"SSL",0,0,200,11
"scenarioA","X_136","indep",0,0,NA,"SSL",0,0,200,11
"scenarioA","X_137","indep",0,0,NA,"SSL",0,0,200,11
"scenarioA","X_138","indep",0,0,NA,"SSL",0,0,200,11
"scenarioA","X_139","indep",0,0,NA,"SSL",0,0,200,11
"scenarioA","X_140","indep",0,0,NA,"SSL",0,0,200,11
"scenarioA","X_141","indep",0,0,NA,"SSL",0,0,200,11
"scenarioA","X_142","indep",0,0,NA,"SSL",0,0,200,11
"scenarioA","X_143","indep",0,0,NA,"SSL",0,0,200,11
"scenarioA","X_144","indep",0,0,NA,"SSL",0,0,200,11
"scenarioA","X_145","indep",0,0,NA,"SSL",0,0,200,11
"scenarioA","X_146","indep",0,0,NA,"SSL",0,0,200,11
"scenarioA","X_147","indep",0,0,NA,"SSL",0,0,200,11
"scenarioA","X_148","indep",0,0,NA,"SSL",0,0,200,11
"scenarioA","X_149","indep",0,0,NA,"SSL",0,0,200,11
"scenarioA","X_150","indep",0,0,NA,"SSL",0,0,200,11
"scenarioA","X_151","indep",0,0,NA,"SSL",0,0,200,11
"scenarioA","X_152","indep",0,0,NA,"SSL",0,0,200,11
"scenarioA","X_153","indep",0,0,NA,"SSL",0,0,200,11
"scenarioA","X_154","indep",0,0,NA,"SSL",0,0,200,11
"scenarioA","X_155","weak",0.3,0,NA,"SSL",0,0,200,11
"scenarioA","X_156","weak",0.3,0,NA,"SSL",0,0,200,11
"scenarioA","X_157","weak",0.3,0,NA,"SSL",0.180262271353305,0.180262271353305,200,11
"scenarioA","X_158","weak",0.3,0,NA,"SSL",0,0,200,11
"scenarioA","X_159","weak",0.3,0,NA,"SSL",0.234723249896506,0.234723249896506,200,11
"scenarioA","X_160","weak",0.3,0,NA,"SSL",0,0,200,11
"scenarioA","X_161","weak",0.3,0,NA,"SSL",-0.197386830551056,-0.197386830551056,200,11
"scenarioA","X_162","weak",0.3,0,NA,"SSL",0,0,200,11
"scenarioA","X_163","weak",0.3,0,NA,"SSL",0,0,200,11
"scenarioA","X_164","weak",0.3,0,NA,"SSL",0,0,200,11
"scenarioA","X_165","weak",0.3,0,NA,"SSL",0,0,200,11
"scenarioA","X_166","weak",0.3,0,NA,"SSL",-0.149148282904386,-0.149148282904386,200,11
"scenarioA","X_167","weak",0.3,0,NA,"SSL",0,0,200,11
"scenarioA","X_168","weak",0.3,0,NA,"SSL",0,0,200,11
"scenarioA","X_169","weak",0.3,0,NA,"SSL",0,0,200,11
"scenarioA","X_170","weak",0.3,0,NA,"SSL",0,0,200,11
"scenarioA","X_171","weak",0.3,0,NA,"SSL",0,0,200,11
"scenarioA","X_172","weak",0.3,0,NA,"SSL",0,0,200,11
"scenarioA","X_173","weak",0.3,0,NA,"SSL",0,0,200,11
"scenarioA","X_174","weak",0.3,0,NA,"SSL",0,0,200,11
"scenarioA","X_175","weak",0.3,0,NA,"SSL",0,0,200,11
"scenarioA","X_176","weak",0.3,0,NA,"SSL",0,0,200,11
"scenarioA","X_177","weak",0.3,0,NA,"SSL",0,0,200,11
"scenarioA","X_178","weak",0.3,0,NA,"SSL",0,0,200,11
"scenarioA","X_179","weak",0.3,0,NA,"SSL",0,0,200,11
"scenarioA","X_180","weak",0.3,0,NA,"SSL",0,0,200,11
"scenarioA","X_181","weak",0.3,0,NA,"SSL",0,0,200,11
"scenarioA","X_182","weak",0.3,0,NA,"SSL",0,0,200,11
"scenarioA","X_183","weak",0.3,0,NA,"SSL",0,0,200,11
"scenarioA","X_184","weak",0.3,0,NA,"SSL",0,0,200,11
"scenarioA","X_185","weak",0.3,0,NA,"SSL",0,0,200,11
"scenarioA","X_186","weak",0.3,0,NA,"SSL",0,0,200,11
"scenarioA","X_187","weak",0.3,0,NA,"SSL",0,0,200,11
"scenarioA","X_188","weak",0.3,0,NA,"SSL",0,0,200,11
"scenarioA","X_189","weak",0.3,0,NA,"SSL",0,0,200,11
"scenarioA","X_190","weak",0.3,0,NA,"SSL",-0.243082456102849,-0.243082456102849,200,11
"scenarioA","X_191","weak",0.3,0,NA,"SSL",0,0,200,11
"scenarioA","X_192","weak",0.3,0,NA,"SSL",0,0,200,11
"scenarioA","X_193","weak",0.3,0,NA,"SSL",0,0,200,11
"scenarioA","X_194","weak",0.3,0,NA,"SSL",0,0,200,11
"scenarioA","X_195","weak",0.3,0,NA,"SSL",0,0,200,11
"scenarioA","X_196","weak",0.3,0,NA,"SSL",0,0,200,11
"scenarioA","X_197","weak",0.3,0,NA,"SSL",0.152082610003005,0.152082610003005,200,11
"scenarioA","X_198","weak",0.3,0,NA,"SSL",0,0,200,11
"scenarioA","X_199","weak",0.3,0,NA,"SSL",0,0,200,11
"scenarioA","X_200","weak",0.3,0,NA,"SSL",0,0,200,11
"scenarioA","X_201","weak",0.3,0,NA,"SSL",0,0,200,11
"scenarioA","X_202","weak",0.3,0,NA,"SSL",0,0,200,11
"scenarioA","X_203","weak",0.3,0,NA,"SSL",0,0,200,11
"scenarioA","X_204","weak",0.3,0,NA,"SSL",-0.178954530286641,-0.178954530286641,200,11
"scenarioA","X_205","weak",0.3,0,NA,"SSL",0,0,200,11
"scenarioA","X_206","weak",0.3,0,NA,"SSL",0,0,200,11
"scenarioA","X_207","weak",0.3,0,NA,"SSL",0,0,200,11
"scenarioA","X_208","weak",0.3,0,NA,"SSL",0,0,200,11
"scenarioA","X_209","weak",0.3,0,NA,"SSL",0,0,200,11
"scenarioA","X_210","weak",0.3,0,NA,"SSL",0,0,200,11
"scenarioA","X_211","weak",0.3,0,NA,"SSL",0.262932650018125,0.262932650018125,200,11
"scenarioA","X_212","weak",0.3,0,NA,"SSL",0,0,200,11
"scenarioA","X_213","weak",0.3,0,NA,"SSL",0,0,200,11
"scenarioA","X_214","weak",0.3,0,NA,"SSL",0,0,200,11
"scenarioA","X_215","weak",0.3,0,NA,"SSL",0,0,200,11
"scenarioA","X_216","weak",0.3,0,NA,"SSL",0,0,200,11
"scenarioA","X_217","weak",0.3,0,NA,"SSL",0,0,200,11
"scenarioA","X_218","weak",0.3,0,NA,"SSL",0,0,200,11
"scenarioA","X_219","weak",0.3,0,NA,"SSL",0,0,200,11
"scenarioA","X_220","weak",0.3,0,NA,"SSL",0,0,200,11
"scenarioA","X_221","weak",0.3,0,NA,"SSL",0,0,200,11
"scenarioA","X_222","weak",0.3,0,NA,"SSL",0,0,200,11
"scenarioA","X_223","weak",0.3,0,NA,"SSL",0,0,200,11
"scenarioA","X_224","weak",0.3,0,NA,"SSL",0.349943855798116,0.349943855798116,200,11
"scenarioA","X_225","weak",0.3,0,NA,"SSL",0,0,200,11
"scenarioA","X_226","weak",0.3,0,NA,"SSL",0,0,200,11
"scenarioA","X_227","weak",0.3,0,NA,"SSL",0,0,200,11
"scenarioA","X_228","strong",0.6,0,NA,"SSL",0,0,200,11
"scenarioA","X_229","strong",0.6,0,NA,"SSL",-0.160571267267116,-0.160571267267116,200,11
"scenarioA","X_230","strong",0.6,0,NA,"SSL",0,0,200,11
"scenarioA","X_231","strong",0.6,0,NA,"SSL",0,0,200,11
"scenarioA","X_232","strong",0.6,0,NA,"SSL",0,0,200,11
"scenarioA","X_233","strong",0.6,0,NA,"SSL",0,0,200,11
"scenarioA","X_234","strong",0.6,0,NA,"SSL",0,0,200,11
"scenarioA","X_235","strong",0.6,0,NA,"SSL",0,0,200,11
"scenarioA","X_236","strong",0.6,0,NA,"SSL",0,0,200,11
"scenarioA","X_237","strong",0.6,0,NA,"SSL",0,0,200,11
"scenarioA","X_238","strong",0.6,0,NA,"SSL",0,0,200,11
"scenarioA","X_239","strong",0.6,0,NA,"SSL",0,0,200,11
"scenarioA","X_240","strong",0.6,0,NA,"SSL",0,0,200,11
"scenarioA","X_241","strong",0.6,0,NA,"SSL",0,0,200,11
"scenarioA","X_242","strong",0.6,0,NA,"SSL",0,0,200,11
"scenarioA","X_243","strong",0.6,0,NA,"SSL",0,0,200,11
"scenarioA","X_244","strong",0.6,0,NA,"SSL",0,0,200,11
"scenarioA","X_245","strong",0.6,0,NA,"SSL",0,0,200,11
"scenarioA","X_246","strong",0.6,0,NA,"SSL",0,0,200,11
"scenarioA","X_247","strong",0.6,0,NA,"SSL",0,0,200,11
"scenarioA","X_248","strong",0.6,0,NA,"SSL",-0.384462406861516,-0.384462406861516,200,11
"scenarioA","X_249","strong",0.6,0,NA,"SSL",0,0,200,11
"scenarioA","X_250","strong",0.6,0,NA,"SSL",0.189800940720927,0.189800940720927,200,11
"scenarioA","X_251","strong",0.6,0,NA,"SSL",0,0,200,11
"scenarioA","X_252","strong",0.6,0,NA,"SSL",0,0,200,11
"scenarioA","X_253","strong",0.6,0,NA,"SSL",-0.301053540785983,-0.301053540785983,200,11
"scenarioA","X_254","strong",0.6,0,NA,"SSL",0,0,200,11
"scenarioA","X_255","strong",0.6,0,NA,"SSL",0,0,200,11
"scenarioA","X_256","strong",0.6,0,NA,"SSL",0,0,200,11
"scenarioA","X_257","strong",0.6,0,NA,"SSL",0,0,200,11
"scenarioA","X_258","strong",0.6,0,NA,"SSL",0,0,200,11
"scenarioA","X_259","strong",0.6,0,NA,"SSL",0,0,200,11
"scenarioA","X_260","strong",0.6,0,NA,"SSL",0,0,200,11
"scenarioA","X_261","strong",0.6,0,NA,"SSL",0,0,200,11
"scenarioA","X_262","strong",0.6,0,NA,"SSL",0,0,200,11
"scenarioA","X_263","strong",0.6,0,NA,"SSL",0,0,200,11
"scenarioA","X_264","strong",0.6,0,NA,"SSL",0,0,200,11
"scenarioA","X_265","strong",0.6,0,NA,"SSL",0,0,200,11
"scenarioA","X_266","strong",0.6,0,NA,"SSL",0,0,200,11
"scenarioA","X_267","strong",0.6,0,NA,"SSL",0.254409205379268,0.254409205379268,200,11
"scenarioA","X_268","strong",0.6,0,NA,"SSL",0,0,200,11
"scenarioA","X_269","strong",0.6,0,NA,"SSL",0,0,200,11
"scenarioA","X_270","strong",0.6,0,NA,"SSL",0,0,200,11
"scenarioA","X_271","strong",0.6,0,NA,"SSL",0,0,200,11
"scenarioA","X_272","strong",0.6,0,NA,"SSL",0,0,200,11
"scenarioA","X_273","strong",0.6,0,NA,"SSL",0,0,200,11
"scenarioA","X_274","strong",0.6,0,NA,"SSL",0,0,200,11
"scenarioA","X_275","strong",0.6,0,NA,"SSL",0,0,200,11
"scenarioA","X_276","strong",0.6,0,NA,"SSL",0,0,200,11
"scenarioA","X_277","strong",0.6,0,NA,"SSL",0,0,200,11
"scenarioA","X_278","strong",0.6,0,NA,"SSL",0,0,200,11
"scenarioA","X_279","strong",0.6,0,NA,"SSL",0,0,200,11
"scenarioA","X_280","strong",0.6,0,NA,"SSL",-0.460125676468063,-0.460125676468063,200,11
"scenarioA","X_281","strong",0.6,0,NA,"SSL",0,0,200,11
"scenarioA","X_282","strong",0.6,0,NA,"SSL",0,0,200,11
"scenarioA","X_283","strong",0.6,0,NA,"SSL",0,0,200,11
"scenarioA","X_284","strong",0.6,0,NA,"SSL",0,0,200,11
"scenarioA","X_285","strong",0.6,0,NA,"SSL",0,0,200,11
"scenarioA","X_286","strong",0.6,0,NA,"SSL",0,0,200,11
"scenarioA","X_287","strong",0.6,0,NA,"SSL",0,0,200,11
"scenarioA","X_288","strong",0.6,0,NA,"SSL",0,0,200,11
"scenarioA","X_289","strong",0.6,0,NA,"SSL",0,0,200,11
"scenarioA","X_290","strong",0.6,0,NA,"SSL",0,0,200,11
"scenarioA","X_291","strong",0.6,0,NA,"SSL",0,0,200,11
"scenarioA","X_292","strong",0.6,0,NA,"SSL",0,0,200,11
"scenarioA","X_293","strong",0.6,0,NA,"SSL",0.225272794048316,0.225272794048316,200,11
"scenarioA","X_294","strong",0.6,0,NA,"SSL",0,0,200,11
"scenarioA","X_295","strong",0.6,0,NA,"SSL",0,0,200,11
"scenarioA","X_296","strong",0.6,0,NA,"SSL",0,0,200,11
"scenarioA","X_297","strong",0.6,0,NA,"SSL",0,0,200,11
"scenarioA","X_298","strong",0.6,0,NA,"SSL",0,0,200,11
"scenarioA","X_299","strong",0.6,0,NA,"SSL",0,0,200,11
"scenarioA","X_300","strong",0.6,0,NA,"SSL",0,0,200,11
"scenarioA","X_1","strong",0.6,0.4,0.552501428312993,"LASSO",0,-0.4,200,11
"scenarioA","X_2","strong",0.6,-0.5,-0.489932052559705,"LASSO",0,0.5,200,11
"scenarioA","X_3","weak",0.3,0.6,0.577127092674617,"LASSO",0.256208186775569,-0.343791813224431,200,11
"scenarioA","X_4","weak",0.3,0.75,0.74631423343085,"LASSO",0.397339780259866,-0.352660219740134,200,11
"scenarioA","X_5","indep",0,-0.8,-0.820040091223389,"LASSO",-0.358693925329298,0.441306074670702,200,11
"scenarioA","X_6","indep",0,0,NA,"LASSO",0,0,200,11
"scenarioA","X_7","indep",0,0,NA,"LASSO",0,0,200,11
"scenarioA","X_8","indep",0,0,NA,"LASSO",0,0,200,11
"scenarioA","X_9","indep",0,0,NA,"LASSO",0,0,200,11
"scenarioA","X_10","indep",0,0,NA,"LASSO",0,0,200,11
"scenarioA","X_11","indep",0,0,NA,"LASSO",0,0,200,11
"scenarioA","X_12","indep",0,0,NA,"LASSO",0,0,200,11
"scenarioA","X_13","indep",0,0,NA,"LASSO",0,0,200,11
"scenarioA","X_14","indep",0,0,NA,"LASSO",0,0,200,11
"scenarioA","X_15","indep",0,0,NA,"LASSO",0,0,200,11
"scenarioA","X_16","indep",0,0,NA,"LASSO",0,0,200,11
"scenarioA","X_17","indep",0,0,NA,"LASSO",0,0,200,11
"scenarioA","X_18","indep",0,0,NA,"LASSO",0,0,200,11
"scenarioA","X_19","indep",0,0,NA,"LASSO",0,0,200,11
"scenarioA","X_20","indep",0,0,NA,"LASSO",0,0,200,11
"scenarioA","X_21","indep",0,0,NA,"LASSO",0,0,200,11
"scenarioA","X_22","indep",0,0,NA,"LASSO",0,0,200,11
"scenarioA","X_23","indep",0,0,NA,"LASSO",0,0,200,11
"scenarioA","X_24","indep",0,0,NA,"LASSO",0,0,200,11
"scenarioA","X_25","indep",0,0,NA,"LASSO",0,0,200,11
"scenarioA","X_26","indep",0,0,NA,"LASSO",0,0,200,11
"scenarioA","X_27","indep",0,0,NA,"LASSO",0,0,200,11
"scenarioA","X_28","indep",0,0,NA,"LASSO",0,0,200,11
"scenarioA","X_29","indep",0,0,NA,"LASSO",0,0,200,11
"scenarioA","X_30","indep",0,0,NA,"LASSO",0,0,200,11
"scenarioA","X_31","indep",0,0,NA,"LASSO",0,0,200,11
"scenarioA","X_32","indep",0,0,NA,"LASSO",0,0,200,11
"scenarioA","X_33","indep",0,0,NA,"LASSO",0,0,200,11
"scenarioA","X_34","indep",0,0,NA,"LASSO",0,0,200,11
"scenarioA","X_35","indep",0,0,NA,"LASSO",0,0,200,11
"scenarioA","X_36","indep",0,0,NA,"LASSO",0,0,200,11
"scenarioA","X_37","indep",0,0,NA,"LASSO",0,0,200,11
"scenarioA","X_38","indep",0,0,NA,"LASSO",0,0,200,11
"scenarioA","X_39","indep",0,0,NA,"LASSO",0,0,200,11
"scenarioA","X_40","indep",0,0,NA,"LASSO",0,0,200,11
"scenarioA","X_41","indep",0,0,NA,"LASSO",-0.0641360290845586,-0.0641360290845586,200,11
"scenarioA","X_42","indep",0,0,NA,"LASSO",0,0,200,11
"scenarioA","X_43","indep",0,0,NA,"LASSO",0,0,200,11
"scenarioA","X_44","indep",0,0,NA,"LASSO",0,0,200,11
"scenarioA","X_45","indep",0,0,NA,"LASSO",0,0,200,11
"scenarioA","X_46","indep",0,0,NA,"LASSO",0,0,200,11
"scenarioA","X_47","indep",0,0,NA,"LASSO",0,0,200,11
"scenarioA","X_48","indep",0,0,NA,"LASSO",0,0,200,11
"scenarioA","X_49","indep",0,0,NA,"LASSO",0,0,200,11
"scenarioA","X_50","indep",0,0,NA,"LASSO",0,0,200,11
"scenarioA","X_51","indep",0,0,NA,"LASSO",0,0,200,11
"scenarioA","X_52","indep",0,0,NA,"LASSO",0,0,200,11
"scenarioA","X_53","indep",0,0,NA,"LASSO",0,0,200,11
"scenarioA","X_54","indep",0,0,NA,"LASSO",0,0,200,11
"scenarioA","X_55","indep",0,0,NA,"LASSO",0,0,200,11
"scenarioA","X_56","indep",0,0,NA,"LASSO",0,0,200,11
"scenarioA","X_57","indep",0,0,NA,"LASSO",0,0,200,11
"scenarioA","X_58","indep",0,0,NA,"LASSO",0,0,200,11
"scenarioA","X_59","indep",0,0,NA,"LASSO",0,0,200,11
"scenarioA","X_60","indep",0,0,NA,"LASSO",0,0,200,11
"scenarioA","X_61","indep",0,0,NA,"LASSO",0,0,200,11
"scenarioA","X_62","indep",0,0,NA,"LASSO",0,0,200,11
"scenarioA","X_63","indep",0,0,NA,"LASSO",0,0,200,11
"scenarioA","X_64","indep",0,0,NA,"LASSO",0,0,200,11
"scenarioA","X_65","indep",0,0,NA,"LASSO",0,0,200,11
"scenarioA","X_66","indep",0,0,NA,"LASSO",0,0,200,11
"scenarioA","X_67","indep",0,0,NA,"LASSO",0,0,200,11
"scenarioA","X_68","indep",0,0,NA,"LASSO",0,0,200,11
"scenarioA","X_69","indep",0,0,NA,"LASSO",0,0,200,11
"scenarioA","X_70","indep",0,0,NA,"LASSO",0,0,200,11
"scenarioA","X_71","indep",0,0,NA,"LASSO",0,0,200,11
"scenarioA","X_72","indep",0,0,NA,"LASSO",0,0,200,11
"scenarioA","X_73","indep",0,0,NA,"LASSO",0,0,200,11
"scenarioA","X_74","indep",0,0,NA,"LASSO",0,0,200,11
"scenarioA","X_75","indep",0,0,NA,"LASSO",0,0,200,11
"scenarioA","X_76","indep",0,0,NA,"LASSO",0,0,200,11
"scenarioA","X_77","indep",0,0,NA,"LASSO",0,0,200,11
"scenarioA","X_78","indep",0,0,NA,"LASSO",0,0,200,11
"scenarioA","X_79","indep",0,0,NA,"LASSO",0,0,200,11
"scenarioA","X_80","indep",0,0,NA,"LASSO",0,0,200,11
"scenarioA","X_81","indep",0,0,NA,"LASSO",0,0,200,11
"scenarioA","X_82","indep",0,0,NA,"LASSO",0,0,200,11
"scenarioA","X_83","indep",0,0,NA,"LASSO",0,0,200,11
"scenarioA","X_84","indep",0,0,NA,"LASSO",0,0,200,11
"scenarioA","X_85","indep",0,0,NA,"LASSO",0,0,200,11
"scenarioA","X_86","indep",0,0,NA,"LASSO",0,0,200,11
"scenarioA","X_87","indep",0,0,NA,"LASSO",0,0,200,11
"scenarioA","X_88","indep",0,0,NA,"LASSO",0,0,200,11
"scenarioA","X_89","indep",0,0,NA,"LASSO",0,0,200,11
"scenarioA","X_90","indep",0,0,NA,"LASSO",0,0,200,11
"scenarioA","X_91","indep",0,0,NA,"LASSO",0,0,200,11
"scenarioA","X_92","indep",0,0,NA,"LASSO",0,0,200,11
"scenarioA","X_93","indep",0,0,NA,"LASSO",0,0,200,11
"scenarioA","X_94","indep",0,0,NA,"LASSO",0,0,200,11
"scenarioA","X_95","indep",0,0,NA,"LASSO",0,0,200,11
"scenarioA","X_96","indep",0,0,NA,"LASSO",0,0,200,11
"scenarioA","X_97","indep",0,0,NA,"LASSO",0,0,200,11
"scenarioA","X_98","indep",0,0,NA,"LASSO",0,0,200,11
"scenarioA","X_99","indep",0,0,NA,"LASSO",0,0,200,11
"scenarioA","X_100","indep",0,0,NA,"LASSO",0,0,200,11
"scenarioA","X_101","indep",0,0,NA,"LASSO",0,0,200,11
"scenarioA","X_102","indep",0,0,NA,"LASSO",0,0,200,11
"scenarioA","X_103","indep",0,0,NA,"LASSO",0,0,200,11
"scenarioA","X_104","indep",0,0,NA,"LASSO",0,0,200,11
"scenarioA","X_105","indep",0,0,NA,"LASSO",0,0,200,11
"scenarioA","X_106","indep",0,0,NA,"LASSO",0,0,200,11
"scenarioA","X_107","indep",0,0,NA,"LASSO",0,0,200,11
"scenarioA","X_108","indep",0,0,NA,"LASSO",0,0,200,11
"scenarioA","X_109","indep",0,0,NA,"LASSO",0,0,200,11
"scenarioA","X_110","indep",0,0,NA,"LASSO",0,0,200,11
"scenarioA","X_111","indep",0,0,NA,"LASSO",0,0,200,11
"scenarioA","X_112","indep",0,0,NA,"LASSO",0,0,200,11
"scenarioA","X_113","indep",0,0,NA,"LASSO",0,0,200,11
"scenarioA","X_114","indep",0,0,NA,"LASSO",0,0,200,11
"scenarioA","X_115","indep",0,0,NA,"LASSO",0,0,200,11
"scenarioA","X_116","indep",0,0,NA,"LASSO",0,0,200,11
"scenarioA","X_117","indep",0,0,NA,"LASSO",0,0,200,11
"scenarioA","X_118","indep",0,0,NA,"LASSO",0,0,200,11
"scenarioA","X_119","indep",0,0,NA,"LASSO",0,0,200,11
"scenarioA","X_120","indep",0,0,NA,"LASSO",0,0,200,11
"scenarioA","X_121","indep",0,0,NA,"LASSO",0,0,200,11
"scenarioA","X_122","indep",0,0,NA,"LASSO",0,0,200,11
"scenarioA","X_123","indep",0,0,NA,"LASSO",0,0,200,11
"scenarioA","X_124","indep",0,0,NA,"LASSO",0,0,200,11
"scenarioA","X_125","indep",0,0,NA,"LASSO",0,0,200,11
"scenarioA","X_126","indep",0,0,NA,"LASSO",0,0,200,11
"scenarioA","X_127","indep",0,0,NA,"LASSO",0,0,200,11
"scenarioA","X_128","indep",0,0,NA,"LASSO",0,0,200,11
"scenarioA","X_129","indep",0,0,NA,"LASSO",0,0,200,11
"scenarioA","X_130","indep",0,0,NA,"LASSO",0,0,200,11
"scenarioA","X_131","indep",0,0,NA,"LASSO",0,0,200,11
"scenarioA","X_132","indep",0,0,NA,"LASSO",0,0,200,11
"scenarioA","X_133","indep",0,0,NA,"LASSO",0,0,200,11
"scenarioA","X_134","indep",0,0,NA,"LASSO",0,0,200,11
"scenarioA","X_135","indep",0,0,NA,"LASSO",0,0,200,11
"scenarioA","X_136","indep",0,0,NA,"LASSO",0,0,200,11
"scenarioA","X_137","indep",0,0,NA,"LASSO",0,0,200,11
"scenarioA","X_138","indep",0,0,NA,"LASSO",0,0,200,11
"scenarioA","X_139","indep",0,0,NA,"LASSO",0,0,200,11
"scenarioA","X_140","indep",0,0,NA,"LASSO",0,0,200,11
"scenarioA","X_141","indep",0,0,NA,"LASSO",0,0,200,11
"scenarioA","X_142","indep",0,0,NA,"LASSO",0,0,200,11
"scenarioA","X_143","indep",0,0,NA,"LASSO",0,0,200,11
"scenarioA","X_144","indep",0,0,NA,"LASSO",0,0,200,11
"scenarioA","X_145","indep",0,0,NA,"LASSO",0,0,200,11
"scenarioA","X_146","indep",0,0,NA,"LASSO",0,0,200,11
"scenarioA","X_147","indep",0,0,NA,"LASSO",0,0,200,11
"scenarioA","X_148","indep",0,0,NA,"LASSO",0,0,200,11
"scenarioA","X_149","indep",0,0,NA,"LASSO",0,0,200,11
"scenarioA","X_150","indep",0,0,NA,"LASSO",0,0,200,11
"scenarioA","X_151","indep",0,0,NA,"LASSO",0,0,200,11
"scenarioA","X_152","indep",0,0,NA,"LASSO",0,0,200,11
"scenarioA","X_153","indep",0,0,NA,"LASSO",0,0,200,11
"scenarioA","X_154","indep",0,0,NA,"LASSO",0,0,200,11
"scenarioA","X_155","weak",0.3,0,NA,"LASSO",0,0,200,11
"scenarioA","X_156","weak",0.3,0,NA,"LASSO",0,0,200,11
"scenarioA","X_157","weak",0.3,0,NA,"LASSO",0.0245983293327835,0.0245983293327835,200,11
"scenarioA","X_158","weak",0.3,0,NA,"LASSO",0,0,200,11
"scenarioA","X_159","weak",0.3,0,NA,"LASSO",0,0,200,11
"scenarioA","X_160","weak",0.3,0,NA,"LASSO",0,0,200,11
"scenarioA","X_161","weak",0.3,0,NA,"LASSO",0,0,200,11
"scenarioA","X_162","weak",0.3,0,NA,"LASSO",0,0,200,11
"scenarioA","X_163","weak",0.3,0,NA,"LASSO",0,0,200,11
"scenarioA","X_164","weak",0.3,0,NA,"LASSO",0,0,200,11
"scenarioA","X_165","weak",0.3,0,NA,"LASSO",0,0,200,11
"scenarioA","X_166","weak",0.3,0,NA,"LASSO",0,0,200,11
"scenarioA","X_167","weak",0.3,0,NA,"LASSO",0,0,200,11
"scenarioA","X_168","weak",0.3,0,NA,"LASSO",0,0,200,11
"scenarioA","X_169","weak",0.3,0,NA,"LASSO",0,0,200,11
"scenarioA","X_170","weak",0.3,0,NA,"LASSO",0,0,200,11
"scenarioA","X_171","weak",0.3,0,NA,"LASSO",0,0,200,11
"scenarioA","X_172","weak",0.3,0,NA,"LASSO",0,0,200,11
"scenarioA","X_173","weak",0.3,0,NA,"LASSO",0,0,200,11
"scenarioA","X_174","weak",0.3,0,NA,"LASSO",0,0,200,11
"scenarioA","X_175","weak",0.3,0,NA,"LASSO",0,0,200,11
"scenarioA","X_176","weak",0.3,0,NA,"LASSO",0,0,200,11
"scenarioA","X_177","weak",0.3,0,NA,"LASSO",0,0,200,11
"scenarioA","X_178","weak",0.3,0,NA,"LASSO",0,0,200,11
"scenarioA","X_179","weak",0.3,0,NA,"LASSO",0,0,200,11
"scenarioA","X_180","weak",0.3,0,NA,"LASSO",0,0,200,11
"scenarioA","X_181","weak",0.3,0,NA,"LASSO",0,0,200,11
"scenarioA","X_182","weak",0.3,0,NA,"LASSO",0,0,200,11
"scenarioA","X_183","weak",0.3,0,NA,"LASSO",0,0,200,11
"scenarioA","X_184","weak",0.3,0,NA,"LASSO",0,0,200,11
"scenarioA","X_185","weak",0.3,0,NA,"LASSO",0,0,200,11
"scenarioA","X_186","weak",0.3,0,NA,"LASSO",0,0,200,11
"scenarioA","X_187","weak",0.3,0,NA,"LASSO",0,0,200,11
"scenarioA","X_188","weak",0.3,0,NA,"LASSO",0,0,200,11
"scenarioA","X_189","weak",0.3,0,NA,"LASSO",0,0,200,11
"scenarioA","X_190","weak",0.3,0,NA,"LASSO",0,0,200,11
"scenarioA","X_191","weak",0.3,0,NA,"LASSO",0,0,200,11
"scenarioA","X_192","weak",0.3,0,NA,"LASSO",0,0,200,11
"scenarioA","X_193","weak",0.3,0,NA,"LASSO",0,0,200,11
"scenarioA","X_194","weak",0.3,0,NA,"LASSO",0,0,200,11
"scenarioA","X_195","weak",0.3,0,NA,"LASSO",0,0,200,11
"scenarioA","X_196","weak",0.3,0,NA,"LASSO",0,0,200,11
"scenarioA","X_197","weak",0.3,0,NA,"LASSO",0.0803620722439643,0.0803620722439643,200,11
"scenarioA","X_198","weak",0.3,0,NA,"LASSO",0,0,200,11
"scenarioA","X_199","weak",0.3,0,NA,"LASSO",0,0,200,11
"scenarioA","X_200","weak",0.3,0,NA,"LASSO",0,0,200,11
"scenarioA","X_201","weak",0.3,0,NA,"LASSO",0,0,200,11
"scenarioA","X_202","weak",0.3,0,NA,"LASSO",0,0,200,11
"scenarioA","X_203","weak",0.3,0,NA,"LASSO",0,0,200,11
"scenarioA","X_204","weak",0.3,0,NA,"LASSO",0,0,200,11
"scenarioA","X_205","weak",0.3,0,NA,"LASSO",0,0,200,11
"scenarioA","X_206","weak",0.3,0,NA,"LASSO",0,0,200,11
"scenarioA","X_207","weak",0.3,0,NA,"LASSO",0,0,200,11
"scenarioA","X_208","weak",0.3,0,NA,"LASSO",0,0,200,11
"scenarioA","X_209","weak",0.3,0,NA,"LASSO",0,0,200,11
"scenarioA","X_210","weak",0.3,0,NA,"LASSO",0,0,200,11
"scenarioA","X_211","weak",0.3,0,NA,"LASSO",0,0,200,11
"scenarioA","X_212","weak",0.3,0,NA,"LASSO",0,0,200,11
"scenarioA","X_213","weak",0.3,0,NA,"LASSO",0,0,200,11
"scenarioA","X_214","weak",0.3,0,NA,"LASSO",0,0,200,11
"scenarioA","X_215","weak",0.3,0,NA,"LASSO",0,0,200,11
"scenarioA","X_216","weak",0.3,0,NA,"LASSO",0,0,200,11
"scenarioA","X_217","weak",0.3,0,NA,"LASSO",0,0,200,11
"scenarioA","X_218","weak",0.3,0,NA,"LASSO",0,0,200,11
"scenarioA","X_219","weak",0.3,0,NA,"LASSO",0,0,200,11
"scenarioA","X_220","weak",0.3,0,NA,"LASSO",0,0,200,11
"scenarioA","X_221","weak",0.3,0,NA,"LASSO",0,0,200,11
"scenarioA","X_222","weak",0.3,0,NA,"LASSO",0,0,200,11
"scenarioA","X_223","weak",0.3,0,NA,"LASSO",0,0,200,11
"scenarioA","X_224","weak",0.3,0,NA,"LASSO",0,0,200,11
"scenarioA","X_225","weak",0.3,0,NA,"LASSO",0,0,200,11
"scenarioA","X_226","weak",0.3,0,NA,"LASSO",0,0,200,11
"scenarioA","X_227","weak",0.3,0,NA,"LASSO",0,0,200,11
"scenarioA","X_228","strong",0.6,0,NA,"LASSO",0,0,200,11
"scenarioA","X_229","strong",0.6,0,NA,"LASSO",0,0,200,11
"scenarioA","X_230","strong",0.6,0,NA,"LASSO",0,0,200,11
"scenarioA","X_231","strong",0.6,0,NA,"LASSO",0,0,200,11
"scenarioA","X_232","strong",0.6,0,NA,"LASSO",0,0,200,11
"scenarioA","X_233","strong",0.6,0,NA,"LASSO",0,0,200,11
"scenarioA","X_234","strong",0.6,0,NA,"LASSO",0,0,200,11
"scenarioA","X_235","strong",0.6,0,NA,"LASSO",0,0,200,11
"scenarioA","X_236","strong",0.6,0,NA,"LASSO",0,0,200,11
"scenarioA","X_237","strong",0.6,0,NA,"LASSO",0,0,200,11
"scenarioA","X_238","strong",0.6,0,NA,"LASSO",0,0,200,11
"scenarioA","X_239","strong",0.6,0,NA,"LASSO",0,0,200,11
"scenarioA","X_240","strong",0.6,0,NA,"LASSO",0,0,200,11
"scenarioA","X_241","strong",0.6,0,NA,"LASSO",0,0,200,11
"scenarioA","X_242","strong",0.6,0,NA,"LASSO",0,0,200,11
"scenarioA","X_243","strong",0.6,0,NA,"LASSO",0,0,200,11
"scenarioA","X_244","strong",0.6,0,NA,"LASSO",0,0,200,11
"scenarioA","X_245","strong",0.6,0,NA,"LASSO",0,0,200,11
"scenarioA","X_246","strong",0.6,0,NA,"LASSO",0,0,200,11
"scenarioA","X_247","strong",0.6,0,NA,"LASSO",0,0,200,11
"scenarioA","X_248","strong",0.6,0,NA,"LASSO",0,0,200,11
"scenarioA","X_249","strong",0.6,0,NA,"LASSO",0,0,200,11
"scenarioA","X_250","strong",0.6,0,NA,"LASSO",0,0,200,11
"scenarioA","X_251","strong",0.6,0,NA,"LASSO",0,0,200,11
"scenarioA","X_252","strong",0.6,0,NA,"LASSO",0,0,200,11
"scenarioA","X_253","strong",0.6,0,NA,"LASSO",0,0,200,11
"scenarioA","X_254","strong",0.6,0,NA,"LASSO",0,0,200,11
"scenarioA","X_255","strong",0.6,0,NA,"LASSO",0,0,200,11
"scenarioA","X_256","strong",0.6,0,NA,"LASSO",0,0,200,11
"scenarioA","X_257","strong",0.6,0,NA,"LASSO",0,0,200,11
"scenarioA","X_258","strong",0.6,0,NA,"LASSO",0,0,200,11
"scenarioA","X_259","strong",0.6,0,NA,"LASSO",0,0,200,11
"scenarioA","X_260","strong",0.6,0,NA,"LASSO",0,0,200,11
"scenarioA","X_261","strong",0.6,0,NA,"LASSO",0,0,200,11
"scenarioA","X_262","strong",0.6,0,NA,"LASSO",0,0,200,11
"scenarioA","X_263","strong",0.6,0,NA,"LASSO",0,0,200,11
"scenarioA","X_264","strong",0.6,0,NA,"LASSO",0,0,200,11
"scenarioA","X_265","strong",0.6,0,NA,"LASSO",0,0,200,11
"scenarioA","X_266","strong",0.6,0,NA,"LASSO",0,0,200,11
"scenarioA","X_267","strong",0.6,0,NA,"LASSO",0,0,200,11
"scenarioA","X_268","strong",0.6,0,NA,"LASSO",0,0,200,11
"scenarioA","X_269","strong",0.6,0,NA,"LASSO",0,0,200,11
"scenarioA","X_270","strong",0.6,0,NA,"LASSO",0,0,200,11
"scenarioA","X_271","strong",0.6,0,NA,"LASSO",0,0,200,11
"scenarioA","X_272","strong",0.6,0,NA,"LASSO",0,0,200,11
"scenarioA","X_273","strong",0.6,0,NA,"LASSO",0,0,200,11
"scenarioA","X_274","strong",0.6,0,NA,"LASSO",0,0,200,11
"scenarioA","X_275","strong",0.6,0,NA,"LASSO",0,0,200,11
"scenarioA","X_276","strong",0.6,0,NA,"LASSO",0,0,200,11
"scenarioA","X_277","strong",0.6,0,NA,"LASSO",0,0,200,11
"scenarioA","X_278","strong",0.6,0,NA,"LASSO",0,0,200,11
"scenarioA","X_279","strong",0.6,0,NA,"LASSO",0,0,200,11
"scenarioA","X_280","strong",0.6,0,NA,"LASSO",0,0,200,11
"scenarioA","X_281","strong",0.6,0,NA,"LASSO",0,0,200,11
"scenarioA","X_282","strong",0.6,0,NA,"LASSO",0,0,200,11
"scenarioA","X_283","strong",0.6,0,NA,"LASSO",0,0,200,11
"scenarioA","X_284","strong",0.6,0,NA,"LASSO",0,0,200,11
"scenarioA","X_285","strong",0.6,0,NA,"LASSO",0,0,200,11
"scenarioA","X_286","strong",0.6,0,NA,"LASSO",0,0,200,11
"scenarioA","X_287","strong",0.6,0,NA,"LASSO",0,0,200,11
"scenarioA","X_288","strong",0.6,0,NA,"LASSO",0,0,200,11
"scenarioA","X_289","strong",0.6,0,NA,"LASSO",0,0,200,11
"scenarioA","X_290","strong",0.6,0,NA,"LASSO",0,0,200,11
"scenarioA","X_291","strong",0.6,0,NA,"LASSO",0,0,200,11
"scenarioA","X_292","strong",0.6,0,NA,"LASSO",0,0,200,11
"scenarioA","X_293","strong",0.6,0,NA,"LASSO",0,0,200,11
"scenarioA","X_294","strong",0.6,0,NA,"LASSO",0,0,200,11
"scenarioA","X_295","strong",0.6,0,NA,"LASSO",0,0,200,11
"scenarioA","X_296","strong",0.6,0,NA,"LASSO",0,0,200,11
"scenarioA","X_297","strong",0.6,0,NA,"LASSO",0,0,200,11
"scenarioA","X_298","strong",0.6,0,NA,"LASSO",0,0,200,11
"scenarioA","X_299","strong",0.6,0,NA,"LASSO",0,0,200,11
"scenarioA","X_300","strong",0.6,0,NA,"LASSO",0,0,200,11
"scenarioA","X_1","strong",0.6,0.4,0.59432314434042,"SSL",0,-0.4,200,12
"scenarioA","X_2","strong",0.6,-0.5,-0.623634334930885,"SSL",0,0.5,200,12
"scenarioA","X_3","weak",0.3,0.6,0.545224030673163,"SSL",0.43273678468497,-0.16726321531503,200,12
"scenarioA","X_4","weak",0.3,0.75,0.722870779809465,"SSL",0.625446477214923,-0.124553522785077,200,12
"scenarioA","X_5","indep",0,-0.8,-0.798756096189488,"SSL",-0.55960488091358,0.24039511908642,200,12
"scenarioA","X_6","indep",0,0,NA,"SSL",0,0,200,12
"scenarioA","X_7","indep",0,0,NA,"SSL",0,0,200,12
"scenarioA","X_8","indep",0,0,NA,"SSL",0,0,200,12
"scenarioA","X_9","indep",0,0,NA,"SSL",0,0,200,12
"scenarioA","X_10","indep",0,0,NA,"SSL",0,0,200,12
"scenarioA","X_11","indep",0,0,NA,"SSL",0,0,200,12
"scenarioA","X_12","indep",0,0,NA,"SSL",0,0,200,12
"scenarioA","X_13","indep",0,0,NA,"SSL",0,0,200,12
"scenarioA","X_14","indep",0,0,NA,"SSL",0,0,200,12
"scenarioA","X_15","indep",0,0,NA,"SSL",0,0,200,12
"scenarioA","X_16","indep",0,0,NA,"SSL",0,0,200,12
"scenarioA","X_17","indep",0,0,NA,"SSL",0,0,200,12
"scenarioA","X_18","indep",0,0,NA,"SSL",0,0,200,12
"scenarioA","X_19","indep",0,0,NA,"SSL",0,0,200,12
"scenarioA","X_20","indep",0,0,NA,"SSL",0,0,200,12
"scenarioA","X_21","indep",0,0,NA,"SSL",0,0,200,12
"scenarioA","X_22","indep",0,0,NA,"SSL",0,0,200,12
"scenarioA","X_23","indep",0,0,NA,"SSL",0,0,200,12
"scenarioA","X_24","indep",0,0,NA,"SSL",0,0,200,12
"scenarioA","X_25","indep",0,0,NA,"SSL",0,0,200,12
"scenarioA","X_26","indep",0,0,NA,"SSL",0,0,200,12
"scenarioA","X_27","indep",0,0,NA,"SSL",0,0,200,12
"scenarioA","X_28","indep",0,0,NA,"SSL",0,0,200,12
"scenarioA","X_29","indep",0,0,NA,"SSL",0,0,200,12
"scenarioA","X_30","indep",0,0,NA,"SSL",0,0,200,12
"scenarioA","X_31","indep",0,0,NA,"SSL",0,0,200,12
"scenarioA","X_32","indep",0,0,NA,"SSL",0,0,200,12
"scenarioA","X_33","indep",0,0,NA,"SSL",0,0,200,12
"scenarioA","X_34","indep",0,0,NA,"SSL",0,0,200,12
"scenarioA","X_35","indep",0,0,NA,"SSL",0,0,200,12
"scenarioA","X_36","indep",0,0,NA,"SSL",0,0,200,12
"scenarioA","X_37","indep",0,0,NA,"SSL",0,0,200,12
"scenarioA","X_38","indep",0,0,NA,"SSL",0,0,200,12
"scenarioA","X_39","indep",0,0,NA,"SSL",0,0,200,12
"scenarioA","X_40","indep",0,0,NA,"SSL",0,0,200,12
"scenarioA","X_41","indep",0,0,NA,"SSL",0,0,200,12
"scenarioA","X_42","indep",0,0,NA,"SSL",0,0,200,12
"scenarioA","X_43","indep",0,0,NA,"SSL",0,0,200,12
"scenarioA","X_44","indep",0,0,NA,"SSL",0,0,200,12
"scenarioA","X_45","indep",0,0,NA,"SSL",0,0,200,12
"scenarioA","X_46","indep",0,0,NA,"SSL",0,0,200,12
"scenarioA","X_47","indep",0,0,NA,"SSL",0,0,200,12
"scenarioA","X_48","indep",0,0,NA,"SSL",0,0,200,12
"scenarioA","X_49","indep",0,0,NA,"SSL",0,0,200,12
"scenarioA","X_50","indep",0,0,NA,"SSL",0,0,200,12
"scenarioA","X_51","indep",0,0,NA,"SSL",0,0,200,12
"scenarioA","X_52","indep",0,0,NA,"SSL",0,0,200,12
"scenarioA","X_53","indep",0,0,NA,"SSL",0,0,200,12
"scenarioA","X_54","indep",0,0,NA,"SSL",0,0,200,12
"scenarioA","X_55","indep",0,0,NA,"SSL",0,0,200,12
"scenarioA","X_56","indep",0,0,NA,"SSL",0,0,200,12
"scenarioA","X_57","indep",0,0,NA,"SSL",0,0,200,12
"scenarioA","X_58","indep",0,0,NA,"SSL",0,0,200,12
"scenarioA","X_59","indep",0,0,NA,"SSL",0,0,200,12
"scenarioA","X_60","indep",0,0,NA,"SSL",0,0,200,12
"scenarioA","X_61","indep",0,0,NA,"SSL",0,0,200,12
"scenarioA","X_62","indep",0,0,NA,"SSL",0,0,200,12
"scenarioA","X_63","indep",0,0,NA,"SSL",0,0,200,12
"scenarioA","X_64","indep",0,0,NA,"SSL",0,0,200,12
"scenarioA","X_65","indep",0,0,NA,"SSL",0,0,200,12
"scenarioA","X_66","indep",0,0,NA,"SSL",0,0,200,12
"scenarioA","X_67","indep",0,0,NA,"SSL",0,0,200,12
"scenarioA","X_68","indep",0,0,NA,"SSL",0,0,200,12
"scenarioA","X_69","indep",0,0,NA,"SSL",0,0,200,12
"scenarioA","X_70","indep",0,0,NA,"SSL",0,0,200,12
"scenarioA","X_71","indep",0,0,NA,"SSL",0,0,200,12
"scenarioA","X_72","indep",0,0,NA,"SSL",0,0,200,12
"scenarioA","X_73","indep",0,0,NA,"SSL",0,0,200,12
"scenarioA","X_74","indep",0,0,NA,"SSL",0,0,200,12
"scenarioA","X_75","indep",0,0,NA,"SSL",0,0,200,12
"scenarioA","X_76","indep",0,0,NA,"SSL",0,0,200,12
"scenarioA","X_77","indep",0,0,NA,"SSL",0,0,200,12
"scenarioA","X_78","indep",0,0,NA,"SSL",0,0,200,12
"scenarioA","X_79","indep",0,0,NA,"SSL",0,0,200,12
"scenarioA","X_80","indep",0,0,NA,"SSL",0,0,200,12
"scenarioA","X_81","indep",0,0,NA,"SSL",0,0,200,12
"scenarioA","X_82","indep",0,0,NA,"SSL",0,0,200,12
"scenarioA","X_83","indep",0,0,NA,"SSL",0,0,200,12
"scenarioA","X_84","indep",0,0,NA,"SSL",0,0,200,12
"scenarioA","X_85","indep",0,0,NA,"SSL",0,0,200,12
"scenarioA","X_86","indep",0,0,NA,"SSL",0,0,200,12
"scenarioA","X_87","indep",0,0,NA,"SSL",0,0,200,12
"scenarioA","X_88","indep",0,0,NA,"SSL",0,0,200,12
"scenarioA","X_89","indep",0,0,NA,"SSL",0,0,200,12
"scenarioA","X_90","indep",0,0,NA,"SSL",0,0,200,12
"scenarioA","X_91","indep",0,0,NA,"SSL",0,0,200,12
"scenarioA","X_92","indep",0,0,NA,"SSL",0,0,200,12
"scenarioA","X_93","indep",0,0,NA,"SSL",0,0,200,12
"scenarioA","X_94","indep",0,0,NA,"SSL",0,0,200,12
"scenarioA","X_95","indep",0,0,NA,"SSL",0,0,200,12
"scenarioA","X_96","indep",0,0,NA,"SSL",0,0,200,12
"scenarioA","X_97","indep",0,0,NA,"SSL",0,0,200,12
"scenarioA","X_98","indep",0,0,NA,"SSL",0,0,200,12
"scenarioA","X_99","indep",0,0,NA,"SSL",0,0,200,12
"scenarioA","X_100","indep",0,0,NA,"SSL",0,0,200,12
"scenarioA","X_101","indep",0,0,NA,"SSL",0,0,200,12
"scenarioA","X_102","indep",0,0,NA,"SSL",0,0,200,12
"scenarioA","X_103","indep",0,0,NA,"SSL",0,0,200,12
"scenarioA","X_104","indep",0,0,NA,"SSL",0,0,200,12
"scenarioA","X_105","indep",0,0,NA,"SSL",0,0,200,12
"scenarioA","X_106","indep",0,0,NA,"SSL",0,0,200,12
"scenarioA","X_107","indep",0,0,NA,"SSL",0,0,200,12
"scenarioA","X_108","indep",0,0,NA,"SSL",0,0,200,12
"scenarioA","X_109","indep",0,0,NA,"SSL",0,0,200,12
"scenarioA","X_110","indep",0,0,NA,"SSL",0,0,200,12
"scenarioA","X_111","indep",0,0,NA,"SSL",0,0,200,12
"scenarioA","X_112","indep",0,0,NA,"SSL",0,0,200,12
"scenarioA","X_113","indep",0,0,NA,"SSL",0,0,200,12
"scenarioA","X_114","indep",0,0,NA,"SSL",0,0,200,12
"scenarioA","X_115","indep",0,0,NA,"SSL",0,0,200,12
"scenarioA","X_116","indep",0,0,NA,"SSL",0,0,200,12
"scenarioA","X_117","indep",0,0,NA,"SSL",0,0,200,12
"scenarioA","X_118","indep",0,0,NA,"SSL",0,0,200,12
"scenarioA","X_119","indep",0,0,NA,"SSL",0,0,200,12
"scenarioA","X_120","indep",0,0,NA,"SSL",0,0,200,12
"scenarioA","X_121","indep",0,0,NA,"SSL",0,0,200,12
"scenarioA","X_122","indep",0,0,NA,"SSL",0,0,200,12
"scenarioA","X_123","indep",0,0,NA,"SSL",0,0,200,12
"scenarioA","X_124","indep",0,0,NA,"SSL",0,0,200,12
"scenarioA","X_125","indep",0,0,NA,"SSL",0,0,200,12
"scenarioA","X_126","indep",0,0,NA,"SSL",0,0,200,12
"scenarioA","X_127","indep",0,0,NA,"SSL",0,0,200,12
"scenarioA","X_128","indep",0,0,NA,"SSL",0,0,200,12
"scenarioA","X_129","indep",0,0,NA,"SSL",0,0,200,12
"scenarioA","X_130","indep",0,0,NA,"SSL",0,0,200,12
"scenarioA","X_131","indep",0,0,NA,"SSL",0,0,200,12
"scenarioA","X_132","indep",0,0,NA,"SSL",0,0,200,12
"scenarioA","X_133","indep",0,0,NA,"SSL",0,0,200,12
"scenarioA","X_134","indep",0,0,NA,"SSL",0,0,200,12
"scenarioA","X_135","indep",0,0,NA,"SSL",0,0,200,12
"scenarioA","X_136","indep",0,0,NA,"SSL",0,0,200,12
"scenarioA","X_137","indep",0,0,NA,"SSL",0,0,200,12
"scenarioA","X_138","indep",0,0,NA,"SSL",0,0,200,12
"scenarioA","X_139","indep",0,0,NA,"SSL",0,0,200,12
"scenarioA","X_140","indep",0,0,NA,"SSL",0,0,200,12
"scenarioA","X_141","indep",0,0,NA,"SSL",0,0,200,12
"scenarioA","X_142","indep",0,0,NA,"SSL",0,0,200,12
"scenarioA","X_143","indep",0,0,NA,"SSL",0,0,200,12
"scenarioA","X_144","indep",0,0,NA,"SSL",0,0,200,12
"scenarioA","X_145","indep",0,0,NA,"SSL",0,0,200,12
"scenarioA","X_146","indep",0,0,NA,"SSL",0,0,200,12
"scenarioA","X_147","indep",0,0,NA,"SSL",0,0,200,12
"scenarioA","X_148","indep",0,0,NA,"SSL",0,0,200,12
"scenarioA","X_149","indep",0,0,NA,"SSL",0,0,200,12
"scenarioA","X_150","indep",0,0,NA,"SSL",0,0,200,12
"scenarioA","X_151","indep",0,0,NA,"SSL",0,0,200,12
"scenarioA","X_152","indep",0,0,NA,"SSL",0,0,200,12
"scenarioA","X_153","indep",0,0,NA,"SSL",0,0,200,12
"scenarioA","X_154","indep",0,0,NA,"SSL",0,0,200,12
"scenarioA","X_155","weak",0.3,0,NA,"SSL",0,0,200,12
"scenarioA","X_156","weak",0.3,0,NA,"SSL",0,0,200,12
"scenarioA","X_157","weak",0.3,0,NA,"SSL",0,0,200,12
"scenarioA","X_158","weak",0.3,0,NA,"SSL",0,0,200,12
"scenarioA","X_159","weak",0.3,0,NA,"SSL",0,0,200,12
"scenarioA","X_160","weak",0.3,0,NA,"SSL",0,0,200,12
"scenarioA","X_161","weak",0.3,0,NA,"SSL",0,0,200,12
"scenarioA","X_162","weak",0.3,0,NA,"SSL",0,0,200,12
"scenarioA","X_163","weak",0.3,0,NA,"SSL",0,0,200,12
"scenarioA","X_164","weak",0.3,0,NA,"SSL",0,0,200,12
"scenarioA","X_165","weak",0.3,0,NA,"SSL",0,0,200,12
"scenarioA","X_166","weak",0.3,0,NA,"SSL",0,0,200,12
"scenarioA","X_167","weak",0.3,0,NA,"SSL",0,0,200,12
"scenarioA","X_168","weak",0.3,0,NA,"SSL",0,0,200,12
"scenarioA","X_169","weak",0.3,0,NA,"SSL",0,0,200,12
"scenarioA","X_170","weak",0.3,0,NA,"SSL",0,0,200,12
"scenarioA","X_171","weak",0.3,0,NA,"SSL",0,0,200,12
"scenarioA","X_172","weak",0.3,0,NA,"SSL",0,0,200,12
"scenarioA","X_173","weak",0.3,0,NA,"SSL",0,0,200,12
"scenarioA","X_174","weak",0.3,0,NA,"SSL",0,0,200,12
"scenarioA","X_175","weak",0.3,0,NA,"SSL",0,0,200,12
"scenarioA","X_176","weak",0.3,0,NA,"SSL",0,0,200,12
"scenarioA","X_177","weak",0.3,0,NA,"SSL",0,0,200,12
"scenarioA","X_178","weak",0.3,0,NA,"SSL",0,0,200,12
"scenarioA","X_179","weak",0.3,0,NA,"SSL",0,0,200,12
"scenarioA","X_180","weak",0.3,0,NA,"SSL",0,0,200,12
"scenarioA","X_181","weak",0.3,0,NA,"SSL",0,0,200,12
"scenarioA","X_182","weak",0.3,0,NA,"SSL",0,0,200,12
"scenarioA","X_183","weak",0.3,0,NA,"SSL",0,0,200,12
"scenarioA","X_184","weak",0.3,0,NA,"SSL",0,0,200,12
"scenarioA","X_185","weak",0.3,0,NA,"SSL",0,0,200,12
"scenarioA","X_186","weak",0.3,0,NA,"SSL",0,0,200,12
"scenarioA","X_187","weak",0.3,0,NA,"SSL",0,0,200,12
"scenarioA","X_188","weak",0.3,0,NA,"SSL",0,0,200,12
"scenarioA","X_189","weak",0.3,0,NA,"SSL",0,0,200,12
"scenarioA","X_190","weak",0.3,0,NA,"SSL",0,0,200,12
"scenarioA","X_191","weak",0.3,0,NA,"SSL",0,0,200,12
"scenarioA","X_192","weak",0.3,0,NA,"SSL",0,0,200,12
"scenarioA","X_193","weak",0.3,0,NA,"SSL",0,0,200,12
"scenarioA","X_194","weak",0.3,0,NA,"SSL",0,0,200,12
"scenarioA","X_195","weak",0.3,0,NA,"SSL",0,0,200,12
"scenarioA","X_196","weak",0.3,0,NA,"SSL",0,0,200,12
"scenarioA","X_197","weak",0.3,0,NA,"SSL",0,0,200,12
"scenarioA","X_198","weak",0.3,0,NA,"SSL",0,0,200,12
"scenarioA","X_199","weak",0.3,0,NA,"SSL",0,0,200,12
"scenarioA","X_200","weak",0.3,0,NA,"SSL",0,0,200,12
"scenarioA","X_201","weak",0.3,0,NA,"SSL",0,0,200,12
"scenarioA","X_202","weak",0.3,0,NA,"SSL",0,0,200,12
"scenarioA","X_203","weak",0.3,0,NA,"SSL",0,0,200,12
"scenarioA","X_204","weak",0.3,0,NA,"SSL",0,0,200,12
"scenarioA","X_205","weak",0.3,0,NA,"SSL",0,0,200,12
"scenarioA","X_206","weak",0.3,0,NA,"SSL",0,0,200,12
"scenarioA","X_207","weak",0.3,0,NA,"SSL",0,0,200,12
"scenarioA","X_208","weak",0.3,0,NA,"SSL",0,0,200,12
"scenarioA","X_209","weak",0.3,0,NA,"SSL",0,0,200,12
"scenarioA","X_210","weak",0.3,0,NA,"SSL",0,0,200,12
"scenarioA","X_211","weak",0.3,0,NA,"SSL",0,0,200,12
"scenarioA","X_212","weak",0.3,0,NA,"SSL",0,0,200,12
"scenarioA","X_213","weak",0.3,0,NA,"SSL",0,0,200,12
"scenarioA","X_214","weak",0.3,0,NA,"SSL",0,0,200,12
"scenarioA","X_215","weak",0.3,0,NA,"SSL",0,0,200,12
"scenarioA","X_216","weak",0.3,0,NA,"SSL",0,0,200,12
"scenarioA","X_217","weak",0.3,0,NA,"SSL",0,0,200,12
"scenarioA","X_218","weak",0.3,0,NA,"SSL",0,0,200,12
"scenarioA","X_219","weak",0.3,0,NA,"SSL",0,0,200,12
"scenarioA","X_220","weak",0.3,0,NA,"SSL",0,0,200,12
"scenarioA","X_221","weak",0.3,0,NA,"SSL",0,0,200,12
"scenarioA","X_222","weak",0.3,0,NA,"SSL",0,0,200,12
"scenarioA","X_223","weak",0.3,0,NA,"SSL",0,0,200,12
"scenarioA","X_224","weak",0.3,0,NA,"SSL",0,0,200,12
"scenarioA","X_225","weak",0.3,0,NA,"SSL",0,0,200,12
"scenarioA","X_226","weak",0.3,0,NA,"SSL",0,0,200,12
"scenarioA","X_227","weak",0.3,0,NA,"SSL",0,0,200,12
"scenarioA","X_228","strong",0.6,0,NA,"SSL",0,0,200,12
"scenarioA","X_229","strong",0.6,0,NA,"SSL",0,0,200,12
"scenarioA","X_230","strong",0.6,0,NA,"SSL",0,0,200,12
"scenarioA","X_231","strong",0.6,0,NA,"SSL",0,0,200,12
"scenarioA","X_232","strong",0.6,0,NA,"SSL",0,0,200,12
"scenarioA","X_233","strong",0.6,0,NA,"SSL",0,0,200,12
"scenarioA","X_234","strong",0.6,0,NA,"SSL",0,0,200,12
"scenarioA","X_235","strong",0.6,0,NA,"SSL",0,0,200,12
"scenarioA","X_236","strong",0.6,0,NA,"SSL",0,0,200,12
"scenarioA","X_237","strong",0.6,0,NA,"SSL",0,0,200,12
"scenarioA","X_238","strong",0.6,0,NA,"SSL",0,0,200,12
"scenarioA","X_239","strong",0.6,0,NA,"SSL",0,0,200,12
"scenarioA","X_240","strong",0.6,0,NA,"SSL",0,0,200,12
"scenarioA","X_241","strong",0.6,0,NA,"SSL",0,0,200,12
"scenarioA","X_242","strong",0.6,0,NA,"SSL",0,0,200,12
"scenarioA","X_243","strong",0.6,0,NA,"SSL",0,0,200,12
"scenarioA","X_244","strong",0.6,0,NA,"SSL",0,0,200,12
"scenarioA","X_245","strong",0.6,0,NA,"SSL",0,0,200,12
"scenarioA","X_246","strong",0.6,0,NA,"SSL",0,0,200,12
"scenarioA","X_247","strong",0.6,0,NA,"SSL",0,0,200,12
"scenarioA","X_248","strong",0.6,0,NA,"SSL",0,0,200,12
"scenarioA","X_249","strong",0.6,0,NA,"SSL",0,0,200,12
"scenarioA","X_250","strong",0.6,0,NA,"SSL",0,0,200,12
"scenarioA","X_251","strong",0.6,0,NA,"SSL",0,0,200,12
"scenarioA","X_252","strong",0.6,0,NA,"SSL",0,0,200,12
"scenarioA","X_253","strong",0.6,0,NA,"SSL",0,0,200,12
"scenarioA","X_254","strong",0.6,0,NA,"SSL",0,0,200,12
"scenarioA","X_255","strong",0.6,0,NA,"SSL",0,0,200,12
"scenarioA","X_256","strong",0.6,0,NA,"SSL",0,0,200,12
"scenarioA","X_257","strong",0.6,0,NA,"SSL",0,0,200,12
"scenarioA","X_258","strong",0.6,0,NA,"SSL",0,0,200,12
"scenarioA","X_259","strong",0.6,0,NA,"SSL",0,0,200,12
"scenarioA","X_260","strong",0.6,0,NA,"SSL",0,0,200,12
"scenarioA","X_261","strong",0.6,0,NA,"SSL",0,0,200,12
"scenarioA","X_262","strong",0.6,0,NA,"SSL",0,0,200,12
"scenarioA","X_263","strong",0.6,0,NA,"SSL",0,0,200,12
"scenarioA","X_264","strong",0.6,0,NA,"SSL",0,0,200,12
"scenarioA","X_265","strong",0.6,0,NA,"SSL",0,0,200,12
"scenarioA","X_266","strong",0.6,0,NA,"SSL",0,0,200,12
"scenarioA","X_267","strong",0.6,0,NA,"SSL",0,0,200,12
"scenarioA","X_268","strong",0.6,0,NA,"SSL",0,0,200,12
"scenarioA","X_269","strong",0.6,0,NA,"SSL",0,0,200,12
"scenarioA","X_270","strong",0.6,0,NA,"SSL",0,0,200,12
"scenarioA","X_271","strong",0.6,0,NA,"SSL",0,0,200,12
"scenarioA","X_272","strong",0.6,0,NA,"SSL",0,0,200,12
"scenarioA","X_273","strong",0.6,0,NA,"SSL",0,0,200,12
"scenarioA","X_274","strong",0.6,0,NA,"SSL",0,0,200,12
"scenarioA","X_275","strong",0.6,0,NA,"SSL",0,0,200,12
"scenarioA","X_276","strong",0.6,0,NA,"SSL",0,0,200,12
"scenarioA","X_277","strong",0.6,0,NA,"SSL",0,0,200,12
"scenarioA","X_278","strong",0.6,0,NA,"SSL",0,0,200,12
"scenarioA","X_279","strong",0.6,0,NA,"SSL",0,0,200,12
"scenarioA","X_280","strong",0.6,0,NA,"SSL",0,0,200,12
"scenarioA","X_281","strong",0.6,0,NA,"SSL",0,0,200,12
"scenarioA","X_282","strong",0.6,0,NA,"SSL",0,0,200,12
"scenarioA","X_283","strong",0.6,0,NA,"SSL",0,0,200,12
"scenarioA","X_284","strong",0.6,0,NA,"SSL",0,0,200,12
"scenarioA","X_285","strong",0.6,0,NA,"SSL",0,0,200,12
"scenarioA","X_286","strong",0.6,0,NA,"SSL",0,0,200,12
"scenarioA","X_287","strong",0.6,0,NA,"SSL",0,0,200,12
"scenarioA","X_288","strong",0.6,0,NA,"SSL",0,0,200,12
"scenarioA","X_289","strong",0.6,0,NA,"SSL",0,0,200,12
"scenarioA","X_290","strong",0.6,0,NA,"SSL",0,0,200,12
"scenarioA","X_291","strong",0.6,0,NA,"SSL",0,0,200,12
"scenarioA","X_292","strong",0.6,0,NA,"SSL",0,0,200,12
"scenarioA","X_293","strong",0.6,0,NA,"SSL",0,0,200,12
"scenarioA","X_294","strong",0.6,0,NA,"SSL",0,0,200,12
"scenarioA","X_295","strong",0.6,0,NA,"SSL",0,0,200,12
"scenarioA","X_296","strong",0.6,0,NA,"SSL",0,0,200,12
"scenarioA","X_297","strong",0.6,0,NA,"SSL",0,0,200,12
"scenarioA","X_298","strong",0.6,0,NA,"SSL",0,0,200,12
"scenarioA","X_299","strong",0.6,0,NA,"SSL",0,0,200,12
"scenarioA","X_300","strong",0.6,0,NA,"SSL",0,0,200,12
"scenarioA","X_1","strong",0.6,0.4,0.59432314434042,"LASSO",0,-0.4,200,12
"scenarioA","X_2","strong",0.6,-0.5,-0.623634334930885,"LASSO",0,0.5,200,12
"scenarioA","X_3","weak",0.3,0.6,0.545224030673163,"LASSO",0.118685170590516,-0.481314829409484,200,12
"scenarioA","X_4","weak",0.3,0.75,0.722870779809465,"LASSO",0.310945179789997,-0.439054820210003,200,12
"scenarioA","X_5","indep",0,-0.8,-0.798756096189488,"LASSO",-0.210974091430782,0.589025908569218,200,12
"scenarioA","X_6","indep",0,0,NA,"LASSO",0,0,200,12
"scenarioA","X_7","indep",0,0,NA,"LASSO",0,0,200,12
"scenarioA","X_8","indep",0,0,NA,"LASSO",0,0,200,12
"scenarioA","X_9","indep",0,0,NA,"LASSO",0,0,200,12
"scenarioA","X_10","indep",0,0,NA,"LASSO",0,0,200,12
"scenarioA","X_11","indep",0,0,NA,"LASSO",0,0,200,12
"scenarioA","X_12","indep",0,0,NA,"LASSO",0,0,200,12
"scenarioA","X_13","indep",0,0,NA,"LASSO",0,0,200,12
"scenarioA","X_14","indep",0,0,NA,"LASSO",0,0,200,12
"scenarioA","X_15","indep",0,0,NA,"LASSO",0,0,200,12
"scenarioA","X_16","indep",0,0,NA,"LASSO",0,0,200,12
"scenarioA","X_17","indep",0,0,NA,"LASSO",0,0,200,12
"scenarioA","X_18","indep",0,0,NA,"LASSO",0,0,200,12
"scenarioA","X_19","indep",0,0,NA,"LASSO",0,0,200,12
"scenarioA","X_20","indep",0,0,NA,"LASSO",0,0,200,12
"scenarioA","X_21","indep",0,0,NA,"LASSO",0,0,200,12
"scenarioA","X_22","indep",0,0,NA,"LASSO",0,0,200,12
"scenarioA","X_23","indep",0,0,NA,"LASSO",0,0,200,12
"scenarioA","X_24","indep",0,0,NA,"LASSO",0,0,200,12
"scenarioA","X_25","indep",0,0,NA,"LASSO",0,0,200,12
"scenarioA","X_26","indep",0,0,NA,"LASSO",0,0,200,12
"scenarioA","X_27","indep",0,0,NA,"LASSO",0,0,200,12
"scenarioA","X_28","indep",0,0,NA,"LASSO",0,0,200,12
"scenarioA","X_29","indep",0,0,NA,"LASSO",0,0,200,12
"scenarioA","X_30","indep",0,0,NA,"LASSO",0,0,200,12
"scenarioA","X_31","indep",0,0,NA,"LASSO",0,0,200,12
"scenarioA","X_32","indep",0,0,NA,"LASSO",0,0,200,12
"scenarioA","X_33","indep",0,0,NA,"LASSO",0,0,200,12
"scenarioA","X_34","indep",0,0,NA,"LASSO",0,0,200,12
"scenarioA","X_35","indep",0,0,NA,"LASSO",0,0,200,12
"scenarioA","X_36","indep",0,0,NA,"LASSO",0,0,200,12
"scenarioA","X_37","indep",0,0,NA,"LASSO",0,0,200,12
"scenarioA","X_38","indep",0,0,NA,"LASSO",0,0,200,12
"scenarioA","X_39","indep",0,0,NA,"LASSO",0,0,200,12
"scenarioA","X_40","indep",0,0,NA,"LASSO",0,0,200,12
"scenarioA","X_41","indep",0,0,NA,"LASSO",0,0,200,12
"scenarioA","X_42","indep",0,0,NA,"LASSO",0,0,200,12
"scenarioA","X_43","indep",0,0,NA,"LASSO",0,0,200,12
"scenarioA","X_44","indep",0,0,NA,"LASSO",0,0,200,12
"scenarioA","X_45","indep",0,0,NA,"LASSO",0,0,200,12
"scenarioA","X_46","indep",0,0,NA,"LASSO",0,0,200,12
"scenarioA","X_47","indep",0,0,NA,"LASSO",0,0,200,12
"scenarioA","X_48","indep",0,0,NA,"LASSO",0,0,200,12
"scenarioA","X_49","indep",0,0,NA,"LASSO",0,0,200,12
"scenarioA","X_50","indep",0,0,NA,"LASSO",0,0,200,12
"scenarioA","X_51","indep",0,0,NA,"LASSO",0,0,200,12
"scenarioA","X_52","indep",0,0,NA,"LASSO",0,0,200,12
"scenarioA","X_53","indep",0,0,NA,"LASSO",0,0,200,12
"scenarioA","X_54","indep",0,0,NA,"LASSO",0,0,200,12
"scenarioA","X_55","indep",0,0,NA,"LASSO",0,0,200,12
"scenarioA","X_56","indep",0,0,NA,"LASSO",0,0,200,12
"scenarioA","X_57","indep",0,0,NA,"LASSO",0,0,200,12
"scenarioA","X_58","indep",0,0,NA,"LASSO",0,0,200,12
"scenarioA","X_59","indep",0,0,NA,"LASSO",0,0,200,12
"scenarioA","X_60","indep",0,0,NA,"LASSO",0,0,200,12
"scenarioA","X_61","indep",0,0,NA,"LASSO",0,0,200,12
"scenarioA","X_62","indep",0,0,NA,"LASSO",0,0,200,12
"scenarioA","X_63","indep",0,0,NA,"LASSO",0,0,200,12
"scenarioA","X_64","indep",0,0,NA,"LASSO",0,0,200,12
"scenarioA","X_65","indep",0,0,NA,"LASSO",0,0,200,12
"scenarioA","X_66","indep",0,0,NA,"LASSO",0,0,200,12
"scenarioA","X_67","indep",0,0,NA,"LASSO",0,0,200,12
"scenarioA","X_68","indep",0,0,NA,"LASSO",0,0,200,12
"scenarioA","X_69","indep",0,0,NA,"LASSO",0,0,200,12
"scenarioA","X_70","indep",0,0,NA,"LASSO",0,0,200,12
"scenarioA","X_71","indep",0,0,NA,"LASSO",0,0,200,12
"scenarioA","X_72","indep",0,0,NA,"LASSO",0,0,200,12
"scenarioA","X_73","indep",0,0,NA,"LASSO",0,0,200,12
"scenarioA","X_74","indep",0,0,NA,"LASSO",0,0,200,12
"scenarioA","X_75","indep",0,0,NA,"LASSO",0,0,200,12
"scenarioA","X_76","indep",0,0,NA,"LASSO",0,0,200,12
"scenarioA","X_77","indep",0,0,NA,"LASSO",0,0,200,12
"scenarioA","X_78","indep",0,0,NA,"LASSO",0,0,200,12
"scenarioA","X_79","indep",0,0,NA,"LASSO",0,0,200,12
"scenarioA","X_80","indep",0,0,NA,"LASSO",0,0,200,12
"scenarioA","X_81","indep",0,0,NA,"LASSO",0,0,200,12
"scenarioA","X_82","indep",0,0,NA,"LASSO",0,0,200,12
"scenarioA","X_83","indep",0,0,NA,"LASSO",0,0,200,12
"scenarioA","X_84","indep",0,0,NA,"LASSO",0,0,200,12
"scenarioA","X_85","indep",0,0,NA,"LASSO",0,0,200,12
"scenarioA","X_86","indep",0,0,NA,"LASSO",0,0,200,12
"scenarioA","X_87","indep",0,0,NA,"LASSO",0,0,200,12
"scenarioA","X_88","indep",0,0,NA,"LASSO",0,0,200,12
"scenarioA","X_89","indep",0,0,NA,"LASSO",0,0,200,12
"scenarioA","X_90","indep",0,0,NA,"LASSO",0,0,200,12
"scenarioA","X_91","indep",0,0,NA,"LASSO",0,0,200,12
"scenarioA","X_92","indep",0,0,NA,"LASSO",0,0,200,12
"scenarioA","X_93","indep",0,0,NA,"LASSO",0,0,200,12
"scenarioA","X_94","indep",0,0,NA,"LASSO",0,0,200,12
"scenarioA","X_95","indep",0,0,NA,"LASSO",0,0,200,12
"scenarioA","X_96","indep",0,0,NA,"LASSO",0,0,200,12
"scenarioA","X_97","indep",0,0,NA,"LASSO",0,0,200,12
"scenarioA","X_98","indep",0,0,NA,"LASSO",0,0,200,12
"scenarioA","X_99","indep",0,0,NA,"LASSO",0,0,200,12
"scenarioA","X_100","indep",0,0,NA,"LASSO",0,0,200,12
"scenarioA","X_101","indep",0,0,NA,"LASSO",0,0,200,12
"scenarioA","X_102","indep",0,0,NA,"LASSO",0,0,200,12
"scenarioA","X_103","indep",0,0,NA,"LASSO",0,0,200,12
"scenarioA","X_104","indep",0,0,NA,"LASSO",0,0,200,12
"scenarioA","X_105","indep",0,0,NA,"LASSO",0,0,200,12
"scenarioA","X_106","indep",0,0,NA,"LASSO",0,0,200,12
"scenarioA","X_107","indep",0,0,NA,"LASSO",0,0,200,12
"scenarioA","X_108","indep",0,0,NA,"LASSO",0,0,200,12
"scenarioA","X_109","indep",0,0,NA,"LASSO",0,0,200,12
"scenarioA","X_110","indep",0,0,NA,"LASSO",0,0,200,12
"scenarioA","X_111","indep",0,0,NA,"LASSO",0,0,200,12
"scenarioA","X_112","indep",0,0,NA,"LASSO",0,0,200,12
"scenarioA","X_113","indep",0,0,NA,"LASSO",0,0,200,12
"scenarioA","X_114","indep",0,0,NA,"LASSO",0,0,200,12
"scenarioA","X_115","indep",0,0,NA,"LASSO",0,0,200,12
"scenarioA","X_116","indep",0,0,NA,"LASSO",0,0,200,12
"scenarioA","X_117","indep",0,0,NA,"LASSO",0,0,200,12
"scenarioA","X_118","indep",0,0,NA,"LASSO",0,0,200,12
"scenarioA","X_119","indep",0,0,NA,"LASSO",0,0,200,12
"scenarioA","X_120","indep",0,0,NA,"LASSO",0,0,200,12
"scenarioA","X_121","indep",0,0,NA,"LASSO",0,0,200,12
"scenarioA","X_122","indep",0,0,NA,"LASSO",0,0,200,12
"scenarioA","X_123","indep",0,0,NA,"LASSO",0,0,200,12
"scenarioA","X_124","indep",0,0,NA,"LASSO",0,0,200,12
"scenarioA","X_125","indep",0,0,NA,"LASSO",0,0,200,12
"scenarioA","X_126","indep",0,0,NA,"LASSO",0,0,200,12
"scenarioA","X_127","indep",0,0,NA,"LASSO",0,0,200,12
"scenarioA","X_128","indep",0,0,NA,"LASSO",0,0,200,12
"scenarioA","X_129","indep",0,0,NA,"LASSO",0,0,200,12
"scenarioA","X_130","indep",0,0,NA,"LASSO",0,0,200,12
"scenarioA","X_131","indep",0,0,NA,"LASSO",0,0,200,12
"scenarioA","X_132","indep",0,0,NA,"LASSO",0,0,200,12
"scenarioA","X_133","indep",0,0,NA,"LASSO",0,0,200,12
"scenarioA","X_134","indep",0,0,NA,"LASSO",0,0,200,12
"scenarioA","X_135","indep",0,0,NA,"LASSO",0,0,200,12
"scenarioA","X_136","indep",0,0,NA,"LASSO",0,0,200,12
"scenarioA","X_137","indep",0,0,NA,"LASSO",0,0,200,12
"scenarioA","X_138","indep",0,0,NA,"LASSO",0,0,200,12
"scenarioA","X_139","indep",0,0,NA,"LASSO",0,0,200,12
"scenarioA","X_140","indep",0,0,NA,"LASSO",0,0,200,12
"scenarioA","X_141","indep",0,0,NA,"LASSO",0,0,200,12
"scenarioA","X_142","indep",0,0,NA,"LASSO",0,0,200,12
"scenarioA","X_143","indep",0,0,NA,"LASSO",0,0,200,12
"scenarioA","X_144","indep",0,0,NA,"LASSO",0,0,200,12
"scenarioA","X_145","indep",0,0,NA,"LASSO",0,0,200,12
"scenarioA","X_146","indep",0,0,NA,"LASSO",0,0,200,12
"scenarioA","X_147","indep",0,0,NA,"LASSO",0,0,200,12
"scenarioA","X_148","indep",0,0,NA,"LASSO",0,0,200,12
"scenarioA","X_149","indep",0,0,NA,"LASSO",0,0,200,12
"scenarioA","X_150","indep",0,0,NA,"LASSO",0,0,200,12
"scenarioA","X_151","indep",0,0,NA,"LASSO",0,0,200,12
"scenarioA","X_152","indep",0,0,NA,"LASSO",0,0,200,12
"scenarioA","X_153","indep",0,0,NA,"LASSO",0,0,200,12
"scenarioA","X_154","indep",0,0,NA,"LASSO",0,0,200,12
"scenarioA","X_155","weak",0.3,0,NA,"LASSO",0,0,200,12
"scenarioA","X_156","weak",0.3,0,NA,"LASSO",0,0,200,12
"scenarioA","X_157","weak",0.3,0,NA,"LASSO",0,0,200,12
"scenarioA","X_158","weak",0.3,0,NA,"LASSO",0,0,200,12
"scenarioA","X_159","weak",0.3,0,NA,"LASSO",0,0,200,12
"scenarioA","X_160","weak",0.3,0,NA,"LASSO",0,0,200,12
"scenarioA","X_161","weak",0.3,0,NA,"LASSO",0,0,200,12
"scenarioA","X_162","weak",0.3,0,NA,"LASSO",0,0,200,12
"scenarioA","X_163","weak",0.3,0,NA,"LASSO",0,0,200,12
"scenarioA","X_164","weak",0.3,0,NA,"LASSO",0,0,200,12
"scenarioA","X_165","weak",0.3,0,NA,"LASSO",0,0,200,12
"scenarioA","X_166","weak",0.3,0,NA,"LASSO",0,0,200,12
"scenarioA","X_167","weak",0.3,0,NA,"LASSO",0,0,200,12
"scenarioA","X_168","weak",0.3,0,NA,"LASSO",0,0,200,12
"scenarioA","X_169","weak",0.3,0,NA,"LASSO",0,0,200,12
"scenarioA","X_170","weak",0.3,0,NA,"LASSO",0,0,200,12
"scenarioA","X_171","weak",0.3,0,NA,"LASSO",0.0357393768843252,0.0357393768843252,200,12
"scenarioA","X_172","weak",0.3,0,NA,"LASSO",0,0,200,12
"scenarioA","X_173","weak",0.3,0,NA,"LASSO",0,0,200,12
"scenarioA","X_174","weak",0.3,0,NA,"LASSO",0,0,200,12
"scenarioA","X_175","weak",0.3,0,NA,"LASSO",0,0,200,12
"scenarioA","X_176","weak",0.3,0,NA,"LASSO",0,0,200,12
"scenarioA","X_177","weak",0.3,0,NA,"LASSO",0,0,200,12
"scenarioA","X_178","weak",0.3,0,NA,"LASSO",0,0,200,12
"scenarioA","X_179","weak",0.3,0,NA,"LASSO",0,0,200,12
"scenarioA","X_180","weak",0.3,0,NA,"LASSO",0,0,200,12
"scenarioA","X_181","weak",0.3,0,NA,"LASSO",0,0,200,12
"scenarioA","X_182","weak",0.3,0,NA,"LASSO",0,0,200,12
"scenarioA","X_183","weak",0.3,0,NA,"LASSO",0,0,200,12
"scenarioA","X_184","weak",0.3,0,NA,"LASSO",0,0,200,12
"scenarioA","X_185","weak",0.3,0,NA,"LASSO",0,0,200,12
"scenarioA","X_186","weak",0.3,0,NA,"LASSO",0,0,200,12
"scenarioA","X_187","weak",0.3,0,NA,"LASSO",0.0297094669646528,0.0297094669646528,200,12
"scenarioA","X_188","weak",0.3,0,NA,"LASSO",0,0,200,12
"scenarioA","X_189","weak",0.3,0,NA,"LASSO",0,0,200,12
"scenarioA","X_190","weak",0.3,0,NA,"LASSO",0,0,200,12
"scenarioA","X_191","weak",0.3,0,NA,"LASSO",0,0,200,12
"scenarioA","X_192","weak",0.3,0,NA,"LASSO",0,0,200,12
"scenarioA","X_193","weak",0.3,0,NA,"LASSO",0,0,200,12
"scenarioA","X_194","weak",0.3,0,NA,"LASSO",0,0,200,12
"scenarioA","X_195","weak",0.3,0,NA,"LASSO",0,0,200,12
"scenarioA","X_196","weak",0.3,0,NA,"LASSO",0,0,200,12
"scenarioA","X_197","weak",0.3,0,NA,"LASSO",0,0,200,12
"scenarioA","X_198","weak",0.3,0,NA,"LASSO",0,0,200,12
"scenarioA","X_199","weak",0.3,0,NA,"LASSO",0,0,200,12
"scenarioA","X_200","weak",0.3,0,NA,"LASSO",0,0,200,12
"scenarioA","X_201","weak",0.3,0,NA,"LASSO",0,0,200,12
"scenarioA","X_202","weak",0.3,0,NA,"LASSO",0,0,200,12
"scenarioA","X_203","weak",0.3,0,NA,"LASSO",0,0,200,12
"scenarioA","X_204","weak",0.3,0,NA,"LASSO",0,0,200,12
"scenarioA","X_205","weak",0.3,0,NA,"LASSO",0,0,200,12
"scenarioA","X_206","weak",0.3,0,NA,"LASSO",0,0,200,12
"scenarioA","X_207","weak",0.3,0,NA,"LASSO",0,0,200,12
"scenarioA","X_208","weak",0.3,0,NA,"LASSO",0,0,200,12
"scenarioA","X_209","weak",0.3,0,NA,"LASSO",0.0227597714665712,0.0227597714665712,200,12
"scenarioA","X_210","weak",0.3,0,NA,"LASSO",0,0,200,12
"scenarioA","X_211","weak",0.3,0,NA,"LASSO",0,0,200,12
"scenarioA","X_212","weak",0.3,0,NA,"LASSO",0,0,200,12
"scenarioA","X_213","weak",0.3,0,NA,"LASSO",0,0,200,12
"scenarioA","X_214","weak",0.3,0,NA,"LASSO",0,0,200,12
"scenarioA","X_215","weak",0.3,0,NA,"LASSO",0,0,200,12
"scenarioA","X_216","weak",0.3,0,NA,"LASSO",0,0,200,12
"scenarioA","X_217","weak",0.3,0,NA,"LASSO",0,0,200,12
"scenarioA","X_218","weak",0.3,0,NA,"LASSO",0,0,200,12
"scenarioA","X_219","weak",0.3,0,NA,"LASSO",0,0,200,12
"scenarioA","X_220","weak",0.3,0,NA,"LASSO",0,0,200,12
"scenarioA","X_221","weak",0.3,0,NA,"LASSO",0,0,200,12
"scenarioA","X_222","weak",0.3,0,NA,"LASSO",0,0,200,12
"scenarioA","X_223","weak",0.3,0,NA,"LASSO",0,0,200,12
"scenarioA","X_224","weak",0.3,0,NA,"LASSO",0,0,200,12
"scenarioA","X_225","weak",0.3,0,NA,"LASSO",0,0,200,12
"scenarioA","X_226","weak",0.3,0,NA,"LASSO",0,0,200,12
"scenarioA","X_227","weak",0.3,0,NA,"LASSO",0,0,200,12
"scenarioA","X_228","strong",0.6,0,NA,"LASSO",0,0,200,12
"scenarioA","X_229","strong",0.6,0,NA,"LASSO",0,0,200,12
"scenarioA","X_230","strong",0.6,0,NA,"LASSO",0,0,200,12
"scenarioA","X_231","strong",0.6,0,NA,"LASSO",0,0,200,12
"scenarioA","X_232","strong",0.6,0,NA,"LASSO",0,0,200,12
"scenarioA","X_233","strong",0.6,0,NA,"LASSO",0,0,200,12
"scenarioA","X_234","strong",0.6,0,NA,"LASSO",0,0,200,12
"scenarioA","X_235","strong",0.6,0,NA,"LASSO",0,0,200,12
"scenarioA","X_236","strong",0.6,0,NA,"LASSO",0,0,200,12
"scenarioA","X_237","strong",0.6,0,NA,"LASSO",0,0,200,12
"scenarioA","X_238","strong",0.6,0,NA,"LASSO",0,0,200,12
"scenarioA","X_239","strong",0.6,0,NA,"LASSO",0,0,200,12
"scenarioA","X_240","strong",0.6,0,NA,"LASSO",0,0,200,12
"scenarioA","X_241","strong",0.6,0,NA,"LASSO",0,0,200,12
"scenarioA","X_242","strong",0.6,0,NA,"LASSO",0,0,200,12
"scenarioA","X_243","strong",0.6,0,NA,"LASSO",0,0,200,12
"scenarioA","X_244","strong",0.6,0,NA,"LASSO",0,0,200,12
"scenarioA","X_245","strong",0.6,0,NA,"LASSO",0,0,200,12
"scenarioA","X_246","strong",0.6,0,NA,"LASSO",0,0,200,12
"scenarioA","X_247","strong",0.6,0,NA,"LASSO",0,0,200,12
"scenarioA","X_248","strong",0.6,0,NA,"LASSO",0,0,200,12
"scenarioA","X_249","strong",0.6,0,NA,"LASSO",0,0,200,12
"scenarioA","X_250","strong",0.6,0,NA,"LASSO",0,0,200,12
"scenarioA","X_251","strong",0.6,0,NA,"LASSO",0,0,200,12
"scenarioA","X_252","strong",0.6,0,NA,"LASSO",0,0,200,12
"scenarioA","X_253","strong",0.6,0,NA,"LASSO",0,0,200,12
"scenarioA","X_254","strong",0.6,0,NA,"LASSO",0,0,200,12
"scenarioA","X_255","strong",0.6,0,NA,"LASSO",0,0,200,12
"scenarioA","X_256","strong",0.6,0,NA,"LASSO",0,0,200,12
"scenarioA","X_257","strong",0.6,0,NA,"LASSO",0,0,200,12
"scenarioA","X_258","strong",0.6,0,NA,"LASSO",0,0,200,12
"scenarioA","X_259","strong",0.6,0,NA,"LASSO",0,0,200,12
"scenarioA","X_260","strong",0.6,0,NA,"LASSO",0,0,200,12
"scenarioA","X_261","strong",0.6,0,NA,"LASSO",0,0,200,12
"scenarioA","X_262","strong",0.6,0,NA,"LASSO",0,0,200,12
"scenarioA","X_263","strong",0.6,0,NA,"LASSO",0,0,200,12
"scenarioA","X_264","strong",0.6,0,NA,"LASSO",0,0,200,12
"scenarioA","X_265","strong",0.6,0,NA,"LASSO",0,0,200,12
"scenarioA","X_266","strong",0.6,0,NA,"LASSO",0,0,200,12
"scenarioA","X_267","strong",0.6,0,NA,"LASSO",0,0,200,12
"scenarioA","X_268","strong",0.6,0,NA,"LASSO",0,0,200,12
"scenarioA","X_269","strong",0.6,0,NA,"LASSO",0,0,200,12
"scenarioA","X_270","strong",0.6,0,NA,"LASSO",0,0,200,12
"scenarioA","X_271","strong",0.6,0,NA,"LASSO",0,0,200,12
"scenarioA","X_272","strong",0.6,0,NA,"LASSO",0,0,200,12
"scenarioA","X_273","strong",0.6,0,NA,"LASSO",0,0,200,12
"scenarioA","X_274","strong",0.6,0,NA,"LASSO",0,0,200,12
"scenarioA","X_275","strong",0.6,0,NA,"LASSO",0,0,200,12
"scenarioA","X_276","strong",0.6,0,NA,"LASSO",0,0,200,12
"scenarioA","X_277","strong",0.6,0,NA,"LASSO",0,0,200,12
"scenarioA","X_278","strong",0.6,0,NA,"LASSO",0,0,200,12
"scenarioA","X_279","strong",0.6,0,NA,"LASSO",0,0,200,12
"scenarioA","X_280","strong",0.6,0,NA,"LASSO",0,0,200,12
"scenarioA","X_281","strong",0.6,0,NA,"LASSO",0,0,200,12
"scenarioA","X_282","strong",0.6,0,NA,"LASSO",0,0,200,12
"scenarioA","X_283","strong",0.6,0,NA,"LASSO",0,0,200,12
"scenarioA","X_284","strong",0.6,0,NA,"LASSO",0,0,200,12
"scenarioA","X_285","strong",0.6,0,NA,"LASSO",0,0,200,12
"scenarioA","X_286","strong",0.6,0,NA,"LASSO",0,0,200,12
"scenarioA","X_287","strong",0.6,0,NA,"LASSO",0,0,200,12
"scenarioA","X_288","strong",0.6,0,NA,"LASSO",0,0,200,12
"scenarioA","X_289","strong",0.6,0,NA,"LASSO",0,0,200,12
"scenarioA","X_290","strong",0.6,0,NA,"LASSO",0,0,200,12
"scenarioA","X_291","strong",0.6,0,NA,"LASSO",0,0,200,12
"scenarioA","X_292","strong",0.6,0,NA,"LASSO",0,0,200,12
"scenarioA","X_293","strong",0.6,0,NA,"LASSO",0,0,200,12
"scenarioA","X_294","strong",0.6,0,NA,"LASSO",0,0,200,12
"scenarioA","X_295","strong",0.6,0,NA,"LASSO",0,0,200,12
"scenarioA","X_296","strong",0.6,0,NA,"LASSO",0,0,200,12
"scenarioA","X_297","strong",0.6,0,NA,"LASSO",0,0,200,12
"scenarioA","X_298","strong",0.6,0,NA,"LASSO",0,0,200,12
"scenarioA","X_299","strong",0.6,0,NA,"LASSO",0,0,200,12
"scenarioA","X_300","strong",0.6,0,NA,"LASSO",0,0,200,12
"scenarioA","X_1","strong",0.6,0.4,0.336086953890194,"SSL",0,-0.4,200,13
"scenarioA","X_2","strong",0.6,-0.5,-0.397936033510443,"SSL",0,0.5,200,13
"scenarioA","X_3","weak",0.3,0.6,0.635820809850781,"SSL",0.44805445381233,-0.151945546187669,200,13
"scenarioA","X_4","weak",0.3,0.75,0.7208164306156,"SSL",0.604737766967452,-0.145262233032548,200,13
"scenarioA","X_5","indep",0,-0.8,-0.964711056967396,"SSL",-0.998189673906357,-0.198189673906357,200,13
"scenarioA","X_6","indep",0,0,NA,"SSL",0,0,200,13
"scenarioA","X_7","indep",0,0,NA,"SSL",0,0,200,13
"scenarioA","X_8","indep",0,0,NA,"SSL",0,0,200,13
"scenarioA","X_9","indep",0,0,NA,"SSL",0,0,200,13
"scenarioA","X_10","indep",0,0,NA,"SSL",0,0,200,13
"scenarioA","X_11","indep",0,0,NA,"SSL",0,0,200,13
"scenarioA","X_12","indep",0,0,NA,"SSL",0,0,200,13
"scenarioA","X_13","indep",0,0,NA,"SSL",0,0,200,13
"scenarioA","X_14","indep",0,0,NA,"SSL",0,0,200,13
"scenarioA","X_15","indep",0,0,NA,"SSL",0,0,200,13
"scenarioA","X_16","indep",0,0,NA,"SSL",0,0,200,13
"scenarioA","X_17","indep",0,0,NA,"SSL",0,0,200,13
"scenarioA","X_18","indep",0,0,NA,"SSL",0,0,200,13
"scenarioA","X_19","indep",0,0,NA,"SSL",0,0,200,13
"scenarioA","X_20","indep",0,0,NA,"SSL",0,0,200,13
"scenarioA","X_21","indep",0,0,NA,"SSL",0,0,200,13
"scenarioA","X_22","indep",0,0,NA,"SSL",0,0,200,13
"scenarioA","X_23","indep",0,0,NA,"SSL",0,0,200,13
"scenarioA","X_24","indep",0,0,NA,"SSL",0,0,200,13
"scenarioA","X_25","indep",0,0,NA,"SSL",0,0,200,13
"scenarioA","X_26","indep",0,0,NA,"SSL",0,0,200,13
"scenarioA","X_27","indep",0,0,NA,"SSL",0,0,200,13
"scenarioA","X_28","indep",0,0,NA,"SSL",0,0,200,13
"scenarioA","X_29","indep",0,0,NA,"SSL",0,0,200,13
"scenarioA","X_30","indep",0,0,NA,"SSL",0,0,200,13
"scenarioA","X_31","indep",0,0,NA,"SSL",0,0,200,13
"scenarioA","X_32","indep",0,0,NA,"SSL",0,0,200,13
"scenarioA","X_33","indep",0,0,NA,"SSL",0,0,200,13
"scenarioA","X_34","indep",0,0,NA,"SSL",0,0,200,13
"scenarioA","X_35","indep",0,0,NA,"SSL",0,0,200,13
"scenarioA","X_36","indep",0,0,NA,"SSL",0,0,200,13
"scenarioA","X_37","indep",0,0,NA,"SSL",0,0,200,13
"scenarioA","X_38","indep",0,0,NA,"SSL",0,0,200,13
"scenarioA","X_39","indep",0,0,NA,"SSL",0,0,200,13
"scenarioA","X_40","indep",0,0,NA,"SSL",0,0,200,13
"scenarioA","X_41","indep",0,0,NA,"SSL",0,0,200,13
"scenarioA","X_42","indep",0,0,NA,"SSL",0,0,200,13
"scenarioA","X_43","indep",0,0,NA,"SSL",0,0,200,13
"scenarioA","X_44","indep",0,0,NA,"SSL",0,0,200,13
"scenarioA","X_45","indep",0,0,NA,"SSL",0,0,200,13
"scenarioA","X_46","indep",0,0,NA,"SSL",0,0,200,13
"scenarioA","X_47","indep",0,0,NA,"SSL",0,0,200,13
"scenarioA","X_48","indep",0,0,NA,"SSL",0,0,200,13
"scenarioA","X_49","indep",0,0,NA,"SSL",0,0,200,13
"scenarioA","X_50","indep",0,0,NA,"SSL",0,0,200,13
"scenarioA","X_51","indep",0,0,NA,"SSL",0,0,200,13
"scenarioA","X_52","indep",0,0,NA,"SSL",0,0,200,13
"scenarioA","X_53","indep",0,0,NA,"SSL",0,0,200,13
"scenarioA","X_54","indep",0,0,NA,"SSL",0,0,200,13
"scenarioA","X_55","indep",0,0,NA,"SSL",0,0,200,13
"scenarioA","X_56","indep",0,0,NA,"SSL",0,0,200,13
"scenarioA","X_57","indep",0,0,NA,"SSL",0,0,200,13
"scenarioA","X_58","indep",0,0,NA,"SSL",0,0,200,13
"scenarioA","X_59","indep",0,0,NA,"SSL",0,0,200,13
"scenarioA","X_60","indep",0,0,NA,"SSL",0,0,200,13
"scenarioA","X_61","indep",0,0,NA,"SSL",0,0,200,13
"scenarioA","X_62","indep",0,0,NA,"SSL",0,0,200,13
"scenarioA","X_63","indep",0,0,NA,"SSL",0,0,200,13
"scenarioA","X_64","indep",0,0,NA,"SSL",0,0,200,13
"scenarioA","X_65","indep",0,0,NA,"SSL",0,0,200,13
"scenarioA","X_66","indep",0,0,NA,"SSL",0,0,200,13
"scenarioA","X_67","indep",0,0,NA,"SSL",0,0,200,13
"scenarioA","X_68","indep",0,0,NA,"SSL",0,0,200,13
"scenarioA","X_69","indep",0,0,NA,"SSL",0,0,200,13
"scenarioA","X_70","indep",0,0,NA,"SSL",0,0,200,13
"scenarioA","X_71","indep",0,0,NA,"SSL",0,0,200,13
"scenarioA","X_72","indep",0,0,NA,"SSL",0,0,200,13
"scenarioA","X_73","indep",0,0,NA,"SSL",0,0,200,13
"scenarioA","X_74","indep",0,0,NA,"SSL",0,0,200,13
"scenarioA","X_75","indep",0,0,NA,"SSL",0,0,200,13
"scenarioA","X_76","indep",0,0,NA,"SSL",0,0,200,13
"scenarioA","X_77","indep",0,0,NA,"SSL",0,0,200,13
"scenarioA","X_78","indep",0,0,NA,"SSL",0,0,200,13
"scenarioA","X_79","indep",0,0,NA,"SSL",0,0,200,13
"scenarioA","X_80","indep",0,0,NA,"SSL",0,0,200,13
"scenarioA","X_81","indep",0,0,NA,"SSL",0,0,200,13
"scenarioA","X_82","indep",0,0,NA,"SSL",0,0,200,13
"scenarioA","X_83","indep",0,0,NA,"SSL",0,0,200,13
"scenarioA","X_84","indep",0,0,NA,"SSL",0,0,200,13
"scenarioA","X_85","indep",0,0,NA,"SSL",0,0,200,13
"scenarioA","X_86","indep",0,0,NA,"SSL",0,0,200,13
"scenarioA","X_87","indep",0,0,NA,"SSL",0,0,200,13
"scenarioA","X_88","indep",0,0,NA,"SSL",0,0,200,13
"scenarioA","X_89","indep",0,0,NA,"SSL",0,0,200,13
"scenarioA","X_90","indep",0,0,NA,"SSL",0,0,200,13
"scenarioA","X_91","indep",0,0,NA,"SSL",0,0,200,13
"scenarioA","X_92","indep",0,0,NA,"SSL",0,0,200,13
"scenarioA","X_93","indep",0,0,NA,"SSL",0,0,200,13
"scenarioA","X_94","indep",0,0,NA,"SSL",0,0,200,13
"scenarioA","X_95","indep",0,0,NA,"SSL",0,0,200,13
"scenarioA","X_96","indep",0,0,NA,"SSL",0,0,200,13
"scenarioA","X_97","indep",0,0,NA,"SSL",0,0,200,13
"scenarioA","X_98","indep",0,0,NA,"SSL",0,0,200,13
"scenarioA","X_99","indep",0,0,NA,"SSL",0,0,200,13
"scenarioA","X_100","indep",0,0,NA,"SSL",0,0,200,13
"scenarioA","X_101","indep",0,0,NA,"SSL",0,0,200,13
"scenarioA","X_102","indep",0,0,NA,"SSL",0,0,200,13
"scenarioA","X_103","indep",0,0,NA,"SSL",0,0,200,13
"scenarioA","X_104","indep",0,0,NA,"SSL",0,0,200,13
"scenarioA","X_105","indep",0,0,NA,"SSL",0,0,200,13
"scenarioA","X_106","indep",0,0,NA,"SSL",0,0,200,13
"scenarioA","X_107","indep",0,0,NA,"SSL",0,0,200,13
"scenarioA","X_108","indep",0,0,NA,"SSL",0,0,200,13
"scenarioA","X_109","indep",0,0,NA,"SSL",0,0,200,13
"scenarioA","X_110","indep",0,0,NA,"SSL",0,0,200,13
"scenarioA","X_111","indep",0,0,NA,"SSL",0,0,200,13
"scenarioA","X_112","indep",0,0,NA,"SSL",0,0,200,13
"scenarioA","X_113","indep",0,0,NA,"SSL",0,0,200,13
"scenarioA","X_114","indep",0,0,NA,"SSL",0,0,200,13
"scenarioA","X_115","indep",0,0,NA,"SSL",0,0,200,13
"scenarioA","X_116","indep",0,0,NA,"SSL",0,0,200,13
"scenarioA","X_117","indep",0,0,NA,"SSL",0,0,200,13
"scenarioA","X_118","indep",0,0,NA,"SSL",0,0,200,13
"scenarioA","X_119","indep",0,0,NA,"SSL",0,0,200,13
"scenarioA","X_120","indep",0,0,NA,"SSL",0,0,200,13
"scenarioA","X_121","indep",0,0,NA,"SSL",0,0,200,13
"scenarioA","X_122","indep",0,0,NA,"SSL",0,0,200,13
"scenarioA","X_123","indep",0,0,NA,"SSL",0,0,200,13
"scenarioA","X_124","indep",0,0,NA,"SSL",0,0,200,13
"scenarioA","X_125","indep",0,0,NA,"SSL",0,0,200,13
"scenarioA","X_126","indep",0,0,NA,"SSL",0,0,200,13
"scenarioA","X_127","indep",0,0,NA,"SSL",0,0,200,13
"scenarioA","X_128","indep",0,0,NA,"SSL",0,0,200,13
"scenarioA","X_129","indep",0,0,NA,"SSL",0,0,200,13
"scenarioA","X_130","indep",0,0,NA,"SSL",0,0,200,13
"scenarioA","X_131","indep",0,0,NA,"SSL",0,0,200,13
"scenarioA","X_132","indep",0,0,NA,"SSL",0,0,200,13
"scenarioA","X_133","indep",0,0,NA,"SSL",0,0,200,13
"scenarioA","X_134","indep",0,0,NA,"SSL",0,0,200,13
"scenarioA","X_135","indep",0,0,NA,"SSL",0,0,200,13
"scenarioA","X_136","indep",0,0,NA,"SSL",0,0,200,13
"scenarioA","X_137","indep",0,0,NA,"SSL",0,0,200,13
"scenarioA","X_138","indep",0,0,NA,"SSL",0,0,200,13
"scenarioA","X_139","indep",0,0,NA,"SSL",0,0,200,13
"scenarioA","X_140","indep",0,0,NA,"SSL",-0.234418782700835,-0.234418782700835,200,13
"scenarioA","X_141","indep",0,0,NA,"SSL",0,0,200,13
"scenarioA","X_142","indep",0,0,NA,"SSL",0,0,200,13
"scenarioA","X_143","indep",0,0,NA,"SSL",0,0,200,13
"scenarioA","X_144","indep",0,0,NA,"SSL",0,0,200,13
"scenarioA","X_145","indep",0,0,NA,"SSL",0,0,200,13
"scenarioA","X_146","indep",0,0,NA,"SSL",0,0,200,13
"scenarioA","X_147","indep",0,0,NA,"SSL",0,0,200,13
"scenarioA","X_148","indep",0,0,NA,"SSL",0,0,200,13
"scenarioA","X_149","indep",0,0,NA,"SSL",0,0,200,13
"scenarioA","X_150","indep",0,0,NA,"SSL",0,0,200,13
"scenarioA","X_151","indep",0,0,NA,"SSL",0,0,200,13
"scenarioA","X_152","indep",0,0,NA,"SSL",0,0,200,13
"scenarioA","X_153","indep",0,0,NA,"SSL",0,0,200,13
"scenarioA","X_154","indep",0,0,NA,"SSL",0,0,200,13
"scenarioA","X_155","weak",0.3,0,NA,"SSL",0,0,200,13
"scenarioA","X_156","weak",0.3,0,NA,"SSL",0,0,200,13
"scenarioA","X_157","weak",0.3,0,NA,"SSL",0,0,200,13
"scenarioA","X_158","weak",0.3,0,NA,"SSL",0,0,200,13
"scenarioA","X_159","weak",0.3,0,NA,"SSL",0,0,200,13
"scenarioA","X_160","weak",0.3,0,NA,"SSL",0,0,200,13
"scenarioA","X_161","weak",0.3,0,NA,"SSL",0,0,200,13
"scenarioA","X_162","weak",0.3,0,NA,"SSL",0,0,200,13
"scenarioA","X_163","weak",0.3,0,NA,"SSL",0,0,200,13
"scenarioA","X_164","weak",0.3,0,NA,"SSL",0,0,200,13
"scenarioA","X_165","weak",0.3,0,NA,"SSL",0,0,200,13
"scenarioA","X_166","weak",0.3,0,NA,"SSL",0,0,200,13
"scenarioA","X_167","weak",0.3,0,NA,"SSL",0,0,200,13
"scenarioA","X_168","weak",0.3,0,NA,"SSL",0,0,200,13
"scenarioA","X_169","weak",0.3,0,NA,"SSL",0,0,200,13
"scenarioA","X_170","weak",0.3,0,NA,"SSL",0,0,200,13
"scenarioA","X_171","weak",0.3,0,NA,"SSL",0,0,200,13
"scenarioA","X_172","weak",0.3,0,NA,"SSL",0,0,200,13
"scenarioA","X_173","weak",0.3,0,NA,"SSL",0,0,200,13
"scenarioA","X_174","weak",0.3,0,NA,"SSL",0,0,200,13
"scenarioA","X_175","weak",0.3,0,NA,"SSL",0,0,200,13
"scenarioA","X_176","weak",0.3,0,NA,"SSL",0,0,200,13
"scenarioA","X_177","weak",0.3,0,NA,"SSL",0,0,200,13
"scenarioA","X_178","weak",0.3,0,NA,"SSL",0,0,200,13
"scenarioA","X_179","weak",0.3,0,NA,"SSL",0,0,200,13
"scenarioA","X_180","weak",0.3,0,NA,"SSL",0,0,200,13
"scenarioA","X_181","weak",0.3,0,NA,"SSL",0,0,200,13
"scenarioA","X_182","weak",0.3,0,NA,"SSL",0,0,200,13
"scenarioA","X_183","weak",0.3,0,NA,"SSL",0,0,200,13
"scenarioA","X_184","weak",0.3,0,NA,"SSL",0,0,200,13
"scenarioA","X_185","weak",0.3,0,NA,"SSL",0,0,200,13
"scenarioA","X_186","weak",0.3,0,NA,"SSL",0,0,200,13
"scenarioA","X_187","weak",0.3,0,NA,"SSL",0,0,200,13
"scenarioA","X_188","weak",0.3,0,NA,"SSL",0,0,200,13
"scenarioA","X_189","weak",0.3,0,NA,"SSL",0,0,200,13
"scenarioA","X_190","weak",0.3,0,NA,"SSL",0.248687485234359,0.248687485234359,200,13
"scenarioA","X_191","weak",0.3,0,NA,"SSL",0,0,200,13
"scenarioA","X_192","weak",0.3,0,NA,"SSL",0,0,200,13
"scenarioA","X_193","weak",0.3,0,NA,"SSL",0,0,200,13
"scenarioA","X_194","weak",0.3,0,NA,"SSL",0,0,200,13
"scenarioA","X_195","weak",0.3,0,NA,"SSL",0,0,200,13
"scenarioA","X_196","weak",0.3,0,NA,"SSL",0,0,200,13
"scenarioA","X_197","weak",0.3,0,NA,"SSL",0,0,200,13
"scenarioA","X_198","weak",0.3,0,NA,"SSL",0,0,200,13
"scenarioA","X_199","weak",0.3,0,NA,"SSL",0,0,200,13
"scenarioA","X_200","weak",0.3,0,NA,"SSL",0,0,200,13
"scenarioA","X_201","weak",0.3,0,NA,"SSL",0,0,200,13
"scenarioA","X_202","weak",0.3,0,NA,"SSL",0,0,200,13
"scenarioA","X_203","weak",0.3,0,NA,"SSL",0,0,200,13
"scenarioA","X_204","weak",0.3,0,NA,"SSL",0,0,200,13
"scenarioA","X_205","weak",0.3,0,NA,"SSL",0,0,200,13
"scenarioA","X_206","weak",0.3,0,NA,"SSL",0,0,200,13
"scenarioA","X_207","weak",0.3,0,NA,"SSL",0,0,200,13
"scenarioA","X_208","weak",0.3,0,NA,"SSL",0,0,200,13
"scenarioA","X_209","weak",0.3,0,NA,"SSL",0,0,200,13
"scenarioA","X_210","weak",0.3,0,NA,"SSL",0,0,200,13
"scenarioA","X_211","weak",0.3,0,NA,"SSL",0,0,200,13
"scenarioA","X_212","weak",0.3,0,NA,"SSL",0,0,200,13
"scenarioA","X_213","weak",0.3,0,NA,"SSL",0,0,200,13
"scenarioA","X_214","weak",0.3,0,NA,"SSL",0,0,200,13
"scenarioA","X_215","weak",0.3,0,NA,"SSL",0,0,200,13
"scenarioA","X_216","weak",0.3,0,NA,"SSL",0,0,200,13
"scenarioA","X_217","weak",0.3,0,NA,"SSL",0,0,200,13
"scenarioA","X_218","weak",0.3,0,NA,"SSL",0,0,200,13
"scenarioA","X_219","weak",0.3,0,NA,"SSL",0,0,200,13
"scenarioA","X_220","weak",0.3,0,NA,"SSL",0,0,200,13
"scenarioA","X_221","weak",0.3,0,NA,"SSL",0,0,200,13
"scenarioA","X_222","weak",0.3,0,NA,"SSL",0,0,200,13
"scenarioA","X_223","weak",0.3,0,NA,"SSL",0,0,200,13
"scenarioA","X_224","weak",0.3,0,NA,"SSL",0,0,200,13
"scenarioA","X_225","weak",0.3,0,NA,"SSL",0,0,200,13
"scenarioA","X_226","weak",0.3,0,NA,"SSL",0,0,200,13
"scenarioA","X_227","weak",0.3,0,NA,"SSL",0,0,200,13
"scenarioA","X_228","strong",0.6,0,NA,"SSL",0,0,200,13
"scenarioA","X_229","strong",0.6,0,NA,"SSL",0,0,200,13
"scenarioA","X_230","strong",0.6,0,NA,"SSL",0,0,200,13
"scenarioA","X_231","strong",0.6,0,NA,"SSL",0,0,200,13
"scenarioA","X_232","strong",0.6,0,NA,"SSL",0,0,200,13
"scenarioA","X_233","strong",0.6,0,NA,"SSL",0,0,200,13
"scenarioA","X_234","strong",0.6,0,NA,"SSL",0,0,200,13
"scenarioA","X_235","strong",0.6,0,NA,"SSL",0,0,200,13
"scenarioA","X_236","strong",0.6,0,NA,"SSL",0,0,200,13
"scenarioA","X_237","strong",0.6,0,NA,"SSL",0,0,200,13
"scenarioA","X_238","strong",0.6,0,NA,"SSL",0,0,200,13
"scenarioA","X_239","strong",0.6,0,NA,"SSL",0,0,200,13
"scenarioA","X_240","strong",0.6,0,NA,"SSL",0,0,200,13
"scenarioA","X_241","strong",0.6,0,NA,"SSL",0,0,200,13
"scenarioA","X_242","strong",0.6,0,NA,"SSL",0,0,200,13
"scenarioA","X_243","strong",0.6,0,NA,"SSL",0,0,200,13
"scenarioA","X_244","strong",0.6,0,NA,"SSL",0,0,200,13
"scenarioA","X_245","strong",0.6,0,NA,"SSL",0,0,200,13
"scenarioA","X_246","strong",0.6,0,NA,"SSL",0,0,200,13
"scenarioA","X_247","strong",0.6,0,NA,"SSL",0,0,200,13
"scenarioA","X_248","strong",0.6,0,NA,"SSL",0,0,200,13
"scenarioA","X_249","strong",0.6,0,NA,"SSL",0,0,200,13
"scenarioA","X_250","strong",0.6,0,NA,"SSL",0,0,200,13
"scenarioA","X_251","strong",0.6,0,NA,"SSL",0,0,200,13
"scenarioA","X_252","strong",0.6,0,NA,"SSL",0,0,200,13
"scenarioA","X_253","strong",0.6,0,NA,"SSL",0,0,200,13
"scenarioA","X_254","strong",0.6,0,NA,"SSL",0,0,200,13
"scenarioA","X_255","strong",0.6,0,NA,"SSL",0,0,200,13
"scenarioA","X_256","strong",0.6,0,NA,"SSL",0,0,200,13
"scenarioA","X_257","strong",0.6,0,NA,"SSL",0,0,200,13
"scenarioA","X_258","strong",0.6,0,NA,"SSL",0,0,200,13
"scenarioA","X_259","strong",0.6,0,NA,"SSL",0,0,200,13
"scenarioA","X_260","strong",0.6,0,NA,"SSL",0,0,200,13
"scenarioA","X_261","strong",0.6,0,NA,"SSL",0,0,200,13
"scenarioA","X_262","strong",0.6,0,NA,"SSL",0,0,200,13
"scenarioA","X_263","strong",0.6,0,NA,"SSL",0,0,200,13
"scenarioA","X_264","strong",0.6,0,NA,"SSL",0,0,200,13
"scenarioA","X_265","strong",0.6,0,NA,"SSL",0,0,200,13
"scenarioA","X_266","strong",0.6,0,NA,"SSL",0,0,200,13
"scenarioA","X_267","strong",0.6,0,NA,"SSL",0,0,200,13
"scenarioA","X_268","strong",0.6,0,NA,"SSL",0,0,200,13
"scenarioA","X_269","strong",0.6,0,NA,"SSL",0,0,200,13
"scenarioA","X_270","strong",0.6,0,NA,"SSL",0,0,200,13
"scenarioA","X_271","strong",0.6,0,NA,"SSL",0,0,200,13
"scenarioA","X_272","strong",0.6,0,NA,"SSL",0,0,200,13
"scenarioA","X_273","strong",0.6,0,NA,"SSL",0,0,200,13
"scenarioA","X_274","strong",0.6,0,NA,"SSL",0,0,200,13
"scenarioA","X_275","strong",0.6,0,NA,"SSL",0,0,200,13
"scenarioA","X_276","strong",0.6,0,NA,"SSL",0,0,200,13
"scenarioA","X_277","strong",0.6,0,NA,"SSL",0,0,200,13
"scenarioA","X_278","strong",0.6,0,NA,"SSL",0,0,200,13
"scenarioA","X_279","strong",0.6,0,NA,"SSL",0,0,200,13
"scenarioA","X_280","strong",0.6,0,NA,"SSL",0,0,200,13
"scenarioA","X_281","strong",0.6,0,NA,"SSL",0,0,200,13
"scenarioA","X_282","strong",0.6,0,NA,"SSL",0,0,200,13
"scenarioA","X_283","strong",0.6,0,NA,"SSL",0,0,200,13
"scenarioA","X_284","strong",0.6,0,NA,"SSL",0,0,200,13
"scenarioA","X_285","strong",0.6,0,NA,"SSL",0,0,200,13
"scenarioA","X_286","strong",0.6,0,NA,"SSL",0,0,200,13
"scenarioA","X_287","strong",0.6,0,NA,"SSL",0,0,200,13
"scenarioA","X_288","strong",0.6,0,NA,"SSL",0,0,200,13
"scenarioA","X_289","strong",0.6,0,NA,"SSL",0,0,200,13
"scenarioA","X_290","strong",0.6,0,NA,"SSL",0,0,200,13
"scenarioA","X_291","strong",0.6,0,NA,"SSL",0,0,200,13
"scenarioA","X_292","strong",0.6,0,NA,"SSL",0,0,200,13
"scenarioA","X_293","strong",0.6,0,NA,"SSL",0,0,200,13
"scenarioA","X_294","strong",0.6,0,NA,"SSL",0,0,200,13
"scenarioA","X_295","strong",0.6,0,NA,"SSL",0,0,200,13
"scenarioA","X_296","strong",0.6,0,NA,"SSL",0,0,200,13
"scenarioA","X_297","strong",0.6,0,NA,"SSL",0,0,200,13
"scenarioA","X_298","strong",0.6,0,NA,"SSL",0,0,200,13
"scenarioA","X_299","strong",0.6,0,NA,"SSL",0,0,200,13
"scenarioA","X_300","strong",0.6,0,NA,"SSL",0,0,200,13
"scenarioA","X_1","strong",0.6,0.4,0.336086953890194,"LASSO",0,-0.4,200,13
"scenarioA","X_2","strong",0.6,-0.5,-0.397936033510443,"LASSO",0,0.5,200,13
"scenarioA","X_3","weak",0.3,0.6,0.635820809850781,"LASSO",0.242139875650003,-0.357860124349997,200,13
"scenarioA","X_4","weak",0.3,0.75,0.7208164306156,"LASSO",0.246355712356716,-0.503644287643284,200,13
"scenarioA","X_5","indep",0,-0.8,-0.964711056967396,"LASSO",-0.562735391094516,0.237264608905484,200,13
"scenarioA","X_6","indep",0,0,NA,"LASSO",0,0,200,13
"scenarioA","X_7","indep",0,0,NA,"LASSO",0,0,200,13
"scenarioA","X_8","indep",0,0,NA,"LASSO",0,0,200,13
"scenarioA","X_9","indep",0,0,NA,"LASSO",0,0,200,13
"scenarioA","X_10","indep",0,0,NA,"LASSO",0,0,200,13
"scenarioA","X_11","indep",0,0,NA,"LASSO",0,0,200,13
"scenarioA","X_12","indep",0,0,NA,"LASSO",0,0,200,13
"scenarioA","X_13","indep",0,0,NA,"LASSO",0,0,200,13
"scenarioA","X_14","indep",0,0,NA,"LASSO",0,0,200,13
"scenarioA","X_15","indep",0,0,NA,"LASSO",0,0,200,13
"scenarioA","X_16","indep",0,0,NA,"LASSO",0,0,200,13
"scenarioA","X_17","indep",0,0,NA,"LASSO",0,0,200,13
"scenarioA","X_18","indep",0,0,NA,"LASSO",0,0,200,13
"scenarioA","X_19","indep",0,0,NA,"LASSO",0,0,200,13
"scenarioA","X_20","indep",0,0,NA,"LASSO",0,0,200,13
"scenarioA","X_21","indep",0,0,NA,"LASSO",0,0,200,13
"scenarioA","X_22","indep",0,0,NA,"LASSO",0,0,200,13
"scenarioA","X_23","indep",0,0,NA,"LASSO",0,0,200,13
"scenarioA","X_24","indep",0,0,NA,"LASSO",0,0,200,13
"scenarioA","X_25","indep",0,0,NA,"LASSO",0,0,200,13
"scenarioA","X_26","indep",0,0,NA,"LASSO",0,0,200,13
"scenarioA","X_27","indep",0,0,NA,"LASSO",0,0,200,13
"scenarioA","X_28","indep",0,0,NA,"LASSO",0,0,200,13
"scenarioA","X_29","indep",0,0,NA,"LASSO",0,0,200,13
"scenarioA","X_30","indep",0,0,NA,"LASSO",0,0,200,13
"scenarioA","X_31","indep",0,0,NA,"LASSO",0,0,200,13
"scenarioA","X_32","indep",0,0,NA,"LASSO",0,0,200,13
"scenarioA","X_33","indep",0,0,NA,"LASSO",0,0,200,13
"scenarioA","X_34","indep",0,0,NA,"LASSO",0,0,200,13
"scenarioA","X_35","indep",0,0,NA,"LASSO",0,0,200,13
"scenarioA","X_36","indep",0,0,NA,"LASSO",0,0,200,13
"scenarioA","X_37","indep",0,0,NA,"LASSO",0,0,200,13
"scenarioA","X_38","indep",0,0,NA,"LASSO",0,0,200,13
"scenarioA","X_39","indep",0,0,NA,"LASSO",0,0,200,13
"scenarioA","X_40","indep",0,0,NA,"LASSO",0,0,200,13
"scenarioA","X_41","indep",0,0,NA,"LASSO",0,0,200,13
"scenarioA","X_42","indep",0,0,NA,"LASSO",0,0,200,13
"scenarioA","X_43","indep",0,0,NA,"LASSO",0,0,200,13
"scenarioA","X_44","indep",0,0,NA,"LASSO",0,0,200,13
"scenarioA","X_45","indep",0,0,NA,"LASSO",0,0,200,13
"scenarioA","X_46","indep",0,0,NA,"LASSO",0,0,200,13
"scenarioA","X_47","indep",0,0,NA,"LASSO",0,0,200,13
"scenarioA","X_48","indep",0,0,NA,"LASSO",0,0,200,13
"scenarioA","X_49","indep",0,0,NA,"LASSO",0,0,200,13
"scenarioA","X_50","indep",0,0,NA,"LASSO",0,0,200,13
"scenarioA","X_51","indep",0,0,NA,"LASSO",0,0,200,13
"scenarioA","X_52","indep",0,0,NA,"LASSO",0,0,200,13
"scenarioA","X_53","indep",0,0,NA,"LASSO",0,0,200,13
"scenarioA","X_54","indep",0,0,NA,"LASSO",0,0,200,13
"scenarioA","X_55","indep",0,0,NA,"LASSO",0,0,200,13
"scenarioA","X_56","indep",0,0,NA,"LASSO",0,0,200,13
"scenarioA","X_57","indep",0,0,NA,"LASSO",0,0,200,13
"scenarioA","X_58","indep",0,0,NA,"LASSO",0,0,200,13
"scenarioA","X_59","indep",0,0,NA,"LASSO",0,0,200,13
"scenarioA","X_60","indep",0,0,NA,"LASSO",0,0,200,13
"scenarioA","X_61","indep",0,0,NA,"LASSO",0,0,200,13
"scenarioA","X_62","indep",0,0,NA,"LASSO",0,0,200,13
"scenarioA","X_63","indep",0,0,NA,"LASSO",0,0,200,13
"scenarioA","X_64","indep",0,0,NA,"LASSO",0,0,200,13
"scenarioA","X_65","indep",0,0,NA,"LASSO",0,0,200,13
"scenarioA","X_66","indep",0,0,NA,"LASSO",0,0,200,13
"scenarioA","X_67","indep",0,0,NA,"LASSO",0,0,200,13
"scenarioA","X_68","indep",0,0,NA,"LASSO",0,0,200,13
"scenarioA","X_69","indep",0,0,NA,"LASSO",0,0,200,13
"scenarioA","X_70","indep",0,0,NA,"LASSO",0,0,200,13
"scenarioA","X_71","indep",0,0,NA,"LASSO",0,0,200,13
"scenarioA","X_72","indep",0,0,NA,"LASSO",0,0,200,13
"scenarioA","X_73","indep",0,0,NA,"LASSO",0,0,200,13
"scenarioA","X_74","indep",0,0,NA,"LASSO",0,0,200,13
"scenarioA","X_75","indep",0,0,NA,"LASSO",0,0,200,13
"scenarioA","X_76","indep",0,0,NA,"LASSO",0,0,200,13
"scenarioA","X_77","indep",0,0,NA,"LASSO",0,0,200,13
"scenarioA","X_78","indep",0,0,NA,"LASSO",0,0,200,13
"scenarioA","X_79","indep",0,0,NA,"LASSO",0,0,200,13
"scenarioA","X_80","indep",0,0,NA,"LASSO",0,0,200,13
"scenarioA","X_81","indep",0,0,NA,"LASSO",0,0,200,13
"scenarioA","X_82","indep",0,0,NA,"LASSO",0,0,200,13
"scenarioA","X_83","indep",0,0,NA,"LASSO",0,0,200,13
"scenarioA","X_84","indep",0,0,NA,"LASSO",0,0,200,13
"scenarioA","X_85","indep",0,0,NA,"LASSO",0,0,200,13
"scenarioA","X_86","indep",0,0,NA,"LASSO",0,0,200,13
"scenarioA","X_87","indep",0,0,NA,"LASSO",0,0,200,13
"scenarioA","X_88","indep",0,0,NA,"LASSO",0,0,200,13
"scenarioA","X_89","indep",0,0,NA,"LASSO",0,0,200,13
"scenarioA","X_90","indep",0,0,NA,"LASSO",0,0,200,13
"scenarioA","X_91","indep",0,0,NA,"LASSO",0,0,200,13
"scenarioA","X_92","indep",0,0,NA,"LASSO",0,0,200,13
"scenarioA","X_93","indep",0,0,NA,"LASSO",0,0,200,13
"scenarioA","X_94","indep",0,0,NA,"LASSO",0,0,200,13
"scenarioA","X_95","indep",0,0,NA,"LASSO",0,0,200,13
"scenarioA","X_96","indep",0,0,NA,"LASSO",0,0,200,13
"scenarioA","X_97","indep",0,0,NA,"LASSO",0,0,200,13
"scenarioA","X_98","indep",0,0,NA,"LASSO",0,0,200,13
"scenarioA","X_99","indep",0,0,NA,"LASSO",0,0,200,13
"scenarioA","X_100","indep",0,0,NA,"LASSO",0,0,200,13
"scenarioA","X_101","indep",0,0,NA,"LASSO",0,0,200,13
"scenarioA","X_102","indep",0,0,NA,"LASSO",0,0,200,13
"scenarioA","X_103","indep",0,0,NA,"LASSO",0,0,200,13
"scenarioA","X_104","indep",0,0,NA,"LASSO",0,0,200,13
"scenarioA","X_105","indep",0,0,NA,"LASSO",0,0,200,13
"scenarioA","X_106","indep",0,0,NA,"LASSO",0,0,200,13
"scenarioA","X_107","indep",0,0,NA,"LASSO",0,0,200,13
"scenarioA","X_108","indep",0,0,NA,"LASSO",0,0,200,13
"scenarioA","X_109","indep",0,0,NA,"LASSO",0,0,200,13
"scenarioA","X_110","indep",0,0,NA,"LASSO",0,0,200,13
"scenarioA","X_111","indep",0,0,NA,"LASSO",0,0,200,13
"scenarioA","X_112","indep",0,0,NA,"LASSO",0,0,200,13
"scenarioA","X_113","indep",0,0,NA,"LASSO",0,0,200,13
"scenarioA","X_114","indep",0,0,NA,"LASSO",0,0,200,13
"scenarioA","X_115","indep",0,0,NA,"LASSO",0,0,200,13
"scenarioA","X_116","indep",0,0,NA,"LASSO",0,0,200,13
"scenarioA","X_117","indep",0,0,NA,"LASSO",0,0,200,13
"scenarioA","X_118","indep",0,0,NA,"LASSO",0,0,200,13
"scenarioA","X_119","indep",0,0,NA,"LASSO",0,0,200,13
"scenarioA","X_120","indep",0,0,NA,"LASSO",0,0,200,13
"scenarioA","X_121","indep",0,0,NA,"LASSO",0,0,200,13
"scenarioA","X_122","indep",0,0,NA,"LASSO",0,0,200,13
"scenarioA","X_123","indep",0,0,NA,"LASSO",0,0,200,13
"scenarioA","X_124","indep",0,0,NA,"LASSO",0,0,200,13
"scenarioA","X_125","indep",0,0,NA,"LASSO",0,0,200,13
"scenarioA","X_126","indep",0,0,NA,"LASSO",0,0,200,13
"scenarioA","X_127","indep",0,0,NA,"LASSO",0,0,200,13
"scenarioA","X_128","indep",0,0,NA,"LASSO",0,0,200,13
"scenarioA","X_129","indep",0,0,NA,"LASSO",0,0,200,13
"scenarioA","X_130","indep",0,0,NA,"LASSO",0,0,200,13
"scenarioA","X_131","indep",0,0,NA,"LASSO",0,0,200,13
"scenarioA","X_132","indep",0,0,NA,"LASSO",0,0,200,13
"scenarioA","X_133","indep",0,0,NA,"LASSO",0,0,200,13
"scenarioA","X_134","indep",0,0,NA,"LASSO",0,0,200,13
"scenarioA","X_135","indep",0,0,NA,"LASSO",0,0,200,13
"scenarioA","X_136","indep",0,0,NA,"LASSO",0,0,200,13
"scenarioA","X_137","indep",0,0,NA,"LASSO",0,0,200,13
"scenarioA","X_138","indep",0,0,NA,"LASSO",0,0,200,13
"scenarioA","X_139","indep",0,0,NA,"LASSO",0,0,200,13
"scenarioA","X_140","indep",0,0,NA,"LASSO",0,0,200,13
"scenarioA","X_141","indep",0,0,NA,"LASSO",0,0,200,13
"scenarioA","X_142","indep",0,0,NA,"LASSO",0,0,200,13
"scenarioA","X_143","indep",0,0,NA,"LASSO",0,0,200,13
"scenarioA","X_144","indep",0,0,NA,"LASSO",0,0,200,13
"scenarioA","X_145","indep",0,0,NA,"LASSO",0,0,200,13
"scenarioA","X_146","indep",0,0,NA,"LASSO",0,0,200,13
"scenarioA","X_147","indep",0,0,NA,"LASSO",0,0,200,13
"scenarioA","X_148","indep",0,0,NA,"LASSO",0,0,200,13
"scenarioA","X_149","indep",0,0,NA,"LASSO",0,0,200,13
"scenarioA","X_150","indep",0,0,NA,"LASSO",0,0,200,13
"scenarioA","X_151","indep",0,0,NA,"LASSO",0,0,200,13
"scenarioA","X_152","indep",0,0,NA,"LASSO",0,0,200,13
"scenarioA","X_153","indep",0,0,NA,"LASSO",0,0,200,13
"scenarioA","X_154","indep",0,0,NA,"LASSO",0,0,200,13
"scenarioA","X_155","weak",0.3,0,NA,"LASSO",0,0,200,13
"scenarioA","X_156","weak",0.3,0,NA,"LASSO",0,0,200,13
"scenarioA","X_157","weak",0.3,0,NA,"LASSO",0,0,200,13
"scenarioA","X_158","weak",0.3,0,NA,"LASSO",0,0,200,13
"scenarioA","X_159","weak",0.3,0,NA,"LASSO",0,0,200,13
"scenarioA","X_160","weak",0.3,0,NA,"LASSO",0,0,200,13
"scenarioA","X_161","weak",0.3,0,NA,"LASSO",0,0,200,13
"scenarioA","X_162","weak",0.3,0,NA,"LASSO",0,0,200,13
"scenarioA","X_163","weak",0.3,0,NA,"LASSO",0,0,200,13
"scenarioA","X_164","weak",0.3,0,NA,"LASSO",0,0,200,13
"scenarioA","X_165","weak",0.3,0,NA,"LASSO",0,0,200,13
"scenarioA","X_166","weak",0.3,0,NA,"LASSO",0,0,200,13
"scenarioA","X_167","weak",0.3,0,NA,"LASSO",0,0,200,13
"scenarioA","X_168","weak",0.3,0,NA,"LASSO",0,0,200,13
"scenarioA","X_169","weak",0.3,0,NA,"LASSO",0,0,200,13
"scenarioA","X_170","weak",0.3,0,NA,"LASSO",0,0,200,13
"scenarioA","X_171","weak",0.3,0,NA,"LASSO",0,0,200,13
"scenarioA","X_172","weak",0.3,0,NA,"LASSO",0,0,200,13
"scenarioA","X_173","weak",0.3,0,NA,"LASSO",0,0,200,13
"scenarioA","X_174","weak",0.3,0,NA,"LASSO",0.0506390223694073,0.0506390223694073,200,13
"scenarioA","X_175","weak",0.3,0,NA,"LASSO",0,0,200,13
"scenarioA","X_176","weak",0.3,0,NA,"LASSO",0,0,200,13
"scenarioA","X_177","weak",0.3,0,NA,"LASSO",0,0,200,13
"scenarioA","X_178","weak",0.3,0,NA,"LASSO",0,0,200,13
"scenarioA","X_179","weak",0.3,0,NA,"LASSO",0,0,200,13
"scenarioA","X_180","weak",0.3,0,NA,"LASSO",0,0,200,13
"scenarioA","X_181","weak",0.3,0,NA,"LASSO",0,0,200,13
"scenarioA","X_182","weak",0.3,0,NA,"LASSO",0,0,200,13
"scenarioA","X_183","weak",0.3,0,NA,"LASSO",0,0,200,13
"scenarioA","X_184","weak",0.3,0,NA,"LASSO",0,0,200,13
"scenarioA","X_185","weak",0.3,0,NA,"LASSO",0,0,200,13
"scenarioA","X_186","weak",0.3,0,NA,"LASSO",0,0,200,13
"scenarioA","X_187","weak",0.3,0,NA,"LASSO",0,0,200,13
"scenarioA","X_188","weak",0.3,0,NA,"LASSO",0,0,200,13
"scenarioA","X_189","weak",0.3,0,NA,"LASSO",0,0,200,13
"scenarioA","X_190","weak",0.3,0,NA,"LASSO",0.102221973777974,0.102221973777974,200,13
"scenarioA","X_191","weak",0.3,0,NA,"LASSO",0,0,200,13
"scenarioA","X_192","weak",0.3,0,NA,"LASSO",0,0,200,13
"scenarioA","X_193","weak",0.3,0,NA,"LASSO",0,0,200,13
"scenarioA","X_194","weak",0.3,0,NA,"LASSO",0,0,200,13
"scenarioA","X_195","weak",0.3,0,NA,"LASSO",0,0,200,13
"scenarioA","X_196","weak",0.3,0,NA,"LASSO",0,0,200,13
"scenarioA","X_197","weak",0.3,0,NA,"LASSO",0,0,200,13
"scenarioA","X_198","weak",0.3,0,NA,"LASSO",0,0,200,13
"scenarioA","X_199","weak",0.3,0,NA,"LASSO",0,0,200,13
"scenarioA","X_200","weak",0.3,0,NA,"LASSO",0,0,200,13
"scenarioA","X_201","weak",0.3,0,NA,"LASSO",0,0,200,13
"scenarioA","X_202","weak",0.3,0,NA,"LASSO",0,0,200,13
"scenarioA","X_203","weak",0.3,0,NA,"LASSO",0,0,200,13
"scenarioA","X_204","weak",0.3,0,NA,"LASSO",0,0,200,13
"scenarioA","X_205","weak",0.3,0,NA,"LASSO",0,0,200,13
"scenarioA","X_206","weak",0.3,0,NA,"LASSO",0,0,200,13
"scenarioA","X_207","weak",0.3,0,NA,"LASSO",0,0,200,13
"scenarioA","X_208","weak",0.3,0,NA,"LASSO",0,0,200,13
"scenarioA","X_209","weak",0.3,0,NA,"LASSO",0,0,200,13
"scenarioA","X_210","weak",0.3,0,NA,"LASSO",0,0,200,13
"scenarioA","X_211","weak",0.3,0,NA,"LASSO",0,0,200,13
"scenarioA","X_212","weak",0.3,0,NA,"LASSO",0,0,200,13
"scenarioA","X_213","weak",0.3,0,NA,"LASSO",0,0,200,13
"scenarioA","X_214","weak",0.3,0,NA,"LASSO",0.0244452780744133,0.0244452780744133,200,13
"scenarioA","X_215","weak",0.3,0,NA,"LASSO",0,0,200,13
"scenarioA","X_216","weak",0.3,0,NA,"LASSO",0,0,200,13
"scenarioA","X_217","weak",0.3,0,NA,"LASSO",0,0,200,13
"scenarioA","X_218","weak",0.3,0,NA,"LASSO",0,0,200,13
"scenarioA","X_219","weak",0.3,0,NA,"LASSO",0,0,200,13
"scenarioA","X_220","weak",0.3,0,NA,"LASSO",0,0,200,13
"scenarioA","X_221","weak",0.3,0,NA,"LASSO",0,0,200,13
"scenarioA","X_222","weak",0.3,0,NA,"LASSO",0,0,200,13
"scenarioA","X_223","weak",0.3,0,NA,"LASSO",0,0,200,13
"scenarioA","X_224","weak",0.3,0,NA,"LASSO",0,0,200,13
"scenarioA","X_225","weak",0.3,0,NA,"LASSO",0,0,200,13
"scenarioA","X_226","weak",0.3,0,NA,"LASSO",0,0,200,13
"scenarioA","X_227","weak",0.3,0,NA,"LASSO",0,0,200,13
"scenarioA","X_228","strong",0.6,0,NA,"LASSO",0,0,200,13
"scenarioA","X_229","strong",0.6,0,NA,"LASSO",0,0,200,13
"scenarioA","X_230","strong",0.6,0,NA,"LASSO",0,0,200,13
"scenarioA","X_231","strong",0.6,0,NA,"LASSO",0,0,200,13
"scenarioA","X_232","strong",0.6,0,NA,"LASSO",0,0,200,13
"scenarioA","X_233","strong",0.6,0,NA,"LASSO",0,0,200,13
"scenarioA","X_234","strong",0.6,0,NA,"LASSO",0,0,200,13
"scenarioA","X_235","strong",0.6,0,NA,"LASSO",0,0,200,13
"scenarioA","X_236","strong",0.6,0,NA,"LASSO",0,0,200,13
"scenarioA","X_237","strong",0.6,0,NA,"LASSO",0,0,200,13
"scenarioA","X_238","strong",0.6,0,NA,"LASSO",0,0,200,13
"scenarioA","X_239","strong",0.6,0,NA,"LASSO",0,0,200,13
"scenarioA","X_240","strong",0.6,0,NA,"LASSO",0,0,200,13
"scenarioA","X_241","strong",0.6,0,NA,"LASSO",0,0,200,13
"scenarioA","X_242","strong",0.6,0,NA,"LASSO",0,0,200,13
"scenarioA","X_243","strong",0.6,0,NA,"LASSO",0,0,200,13
"scenarioA","X_244","strong",0.6,0,NA,"LASSO",0,0,200,13
"scenarioA","X_245","strong",0.6,0,NA,"LASSO",0,0,200,13
"scenarioA","X_246","strong",0.6,0,NA,"LASSO",0,0,200,13
"scenarioA","X_247","strong",0.6,0,NA,"LASSO",0,0,200,13
"scenarioA","X_248","strong",0.6,0,NA,"LASSO",0,0,200,13
"scenarioA","X_249","strong",0.6,0,NA,"LASSO",0,0,200,13
"scenarioA","X_250","strong",0.6,0,NA,"LASSO",0,0,200,13
"scenarioA","X_251","strong",0.6,0,NA,"LASSO",0,0,200,13
"scenarioA","X_252","strong",0.6,0,NA,"LASSO",0,0,200,13
"scenarioA","X_253","strong",0.6,0,NA,"LASSO",0,0,200,13
"scenarioA","X_254","strong",0.6,0,NA,"LASSO",0,0,200,13
"scenarioA","X_255","strong",0.6,0,NA,"LASSO",0,0,200,13
"scenarioA","X_256","strong",0.6,0,NA,"LASSO",0,0,200,13
"scenarioA","X_257","strong",0.6,0,NA,"LASSO",0,0,200,13
"scenarioA","X_258","strong",0.6,0,NA,"LASSO",0,0,200,13
"scenarioA","X_259","strong",0.6,0,NA,"LASSO",0,0,200,13
"scenarioA","X_260","strong",0.6,0,NA,"LASSO",0,0,200,13
"scenarioA","X_261","strong",0.6,0,NA,"LASSO",0,0,200,13
"scenarioA","X_262","strong",0.6,0,NA,"LASSO",0,0,200,13
"scenarioA","X_263","strong",0.6,0,NA,"LASSO",0,0,200,13
"scenarioA","X_264","strong",0.6,0,NA,"LASSO",0,0,200,13
"scenarioA","X_265","strong",0.6,0,NA,"LASSO",0,0,200,13
"scenarioA","X_266","strong",0.6,0,NA,"LASSO",0,0,200,13
"scenarioA","X_267","strong",0.6,0,NA,"LASSO",0,0,200,13
"scenarioA","X_268","strong",0.6,0,NA,"LASSO",0,0,200,13
"scenarioA","X_269","strong",0.6,0,NA,"LASSO",0,0,200,13
"scenarioA","X_270","strong",0.6,0,NA,"LASSO",0,0,200,13
"scenarioA","X_271","strong",0.6,0,NA,"LASSO",0,0,200,13
"scenarioA","X_272","strong",0.6,0,NA,"LASSO",0,0,200,13
"scenarioA","X_273","strong",0.6,0,NA,"LASSO",0,0,200,13
"scenarioA","X_274","strong",0.6,0,NA,"LASSO",0,0,200,13
"scenarioA","X_275","strong",0.6,0,NA,"LASSO",0,0,200,13
"scenarioA","X_276","strong",0.6,0,NA,"LASSO",0,0,200,13
"scenarioA","X_277","strong",0.6,0,NA,"LASSO",0,0,200,13
"scenarioA","X_278","strong",0.6,0,NA,"LASSO",0,0,200,13
"scenarioA","X_279","strong",0.6,0,NA,"LASSO",0,0,200,13
"scenarioA","X_280","strong",0.6,0,NA,"LASSO",0,0,200,13
"scenarioA","X_281","strong",0.6,0,NA,"LASSO",0,0,200,13
"scenarioA","X_282","strong",0.6,0,NA,"LASSO",0,0,200,13
"scenarioA","X_283","strong",0.6,0,NA,"LASSO",0,0,200,13
"scenarioA","X_284","strong",0.6,0,NA,"LASSO",0,0,200,13
"scenarioA","X_285","strong",0.6,0,NA,"LASSO",0,0,200,13
"scenarioA","X_286","strong",0.6,0,NA,"LASSO",0,0,200,13
"scenarioA","X_287","strong",0.6,0,NA,"LASSO",0,0,200,13
"scenarioA","X_288","strong",0.6,0,NA,"LASSO",0,0,200,13
"scenarioA","X_289","strong",0.6,0,NA,"LASSO",0,0,200,13
"scenarioA","X_290","strong",0.6,0,NA,"LASSO",0,0,200,13
"scenarioA","X_291","strong",0.6,0,NA,"LASSO",0,0,200,13
"scenarioA","X_292","strong",0.6,0,NA,"LASSO",0,0,200,13
"scenarioA","X_293","strong",0.6,0,NA,"LASSO",0,0,200,13
"scenarioA","X_294","strong",0.6,0,NA,"LASSO",0,0,200,13
"scenarioA","X_295","strong",0.6,0,NA,"LASSO",0,0,200,13
"scenarioA","X_296","strong",0.6,0,NA,"LASSO",0,0,200,13
"scenarioA","X_297","strong",0.6,0,NA,"LASSO",0,0,200,13
"scenarioA","X_298","strong",0.6,0,NA,"LASSO",0,0,200,13
"scenarioA","X_299","strong",0.6,0,NA,"LASSO",0,0,200,13
"scenarioA","X_300","strong",0.6,0,NA,"LASSO",0,0,200,13
"scenarioA","X_1","strong",0.6,0.4,0.656310367043957,"SSL",0,-0.4,200,14
"scenarioA","X_2","strong",0.6,-0.5,-0.766163263830961,"SSL",0,0.5,200,14
"scenarioA","X_3","weak",0.3,0.6,0.679881836694749,"SSL",0.588773097155172,-0.0112269028448282,200,14
"scenarioA","X_4","weak",0.3,0.75,0.645001893658972,"SSL",0.470458945097448,-0.279541054902552,200,14
"scenarioA","X_5","indep",0,-0.8,-1.05029748304261,"SSL",-0.832621871702024,-0.0326218717020242,200,14
"scenarioA","X_6","indep",0,0,NA,"SSL",0,0,200,14
"scenarioA","X_7","indep",0,0,NA,"SSL",0,0,200,14
"scenarioA","X_8","indep",0,0,NA,"SSL",0,0,200,14
"scenarioA","X_9","indep",0,0,NA,"SSL",0,0,200,14
"scenarioA","X_10","indep",0,0,NA,"SSL",0,0,200,14
"scenarioA","X_11","indep",0,0,NA,"SSL",0,0,200,14
"scenarioA","X_12","indep",0,0,NA,"SSL",0,0,200,14
"scenarioA","X_13","indep",0,0,NA,"SSL",0,0,200,14
"scenarioA","X_14","indep",0,0,NA,"SSL",0,0,200,14
"scenarioA","X_15","indep",0,0,NA,"SSL",0,0,200,14
"scenarioA","X_16","indep",0,0,NA,"SSL",0,0,200,14
"scenarioA","X_17","indep",0,0,NA,"SSL",0,0,200,14
"scenarioA","X_18","indep",0,0,NA,"SSL",0,0,200,14
"scenarioA","X_19","indep",0,0,NA,"SSL",0,0,200,14
"scenarioA","X_20","indep",0,0,NA,"SSL",0,0,200,14
"scenarioA","X_21","indep",0,0,NA,"SSL",0,0,200,14
"scenarioA","X_22","indep",0,0,NA,"SSL",0,0,200,14
"scenarioA","X_23","indep",0,0,NA,"SSL",0,0,200,14
"scenarioA","X_24","indep",0,0,NA,"SSL",0,0,200,14
"scenarioA","X_25","indep",0,0,NA,"SSL",0,0,200,14
"scenarioA","X_26","indep",0,0,NA,"SSL",0,0,200,14
"scenarioA","X_27","indep",0,0,NA,"SSL",0,0,200,14
"scenarioA","X_28","indep",0,0,NA,"SSL",0,0,200,14
"scenarioA","X_29","indep",0,0,NA,"SSL",0,0,200,14
"scenarioA","X_30","indep",0,0,NA,"SSL",0,0,200,14
"scenarioA","X_31","indep",0,0,NA,"SSL",0,0,200,14
"scenarioA","X_32","indep",0,0,NA,"SSL",0,0,200,14
"scenarioA","X_33","indep",0,0,NA,"SSL",0,0,200,14
"scenarioA","X_34","indep",0,0,NA,"SSL",0,0,200,14
"scenarioA","X_35","indep",0,0,NA,"SSL",0,0,200,14
"scenarioA","X_36","indep",0,0,NA,"SSL",0,0,200,14
"scenarioA","X_37","indep",0,0,NA,"SSL",0,0,200,14
"scenarioA","X_38","indep",0,0,NA,"SSL",0,0,200,14
"scenarioA","X_39","indep",0,0,NA,"SSL",0,0,200,14
"scenarioA","X_40","indep",0,0,NA,"SSL",0,0,200,14
"scenarioA","X_41","indep",0,0,NA,"SSL",0,0,200,14
"scenarioA","X_42","indep",0,0,NA,"SSL",0,0,200,14
"scenarioA","X_43","indep",0,0,NA,"SSL",0,0,200,14
"scenarioA","X_44","indep",0,0,NA,"SSL",0,0,200,14
"scenarioA","X_45","indep",0,0,NA,"SSL",0,0,200,14
"scenarioA","X_46","indep",0,0,NA,"SSL",0,0,200,14
"scenarioA","X_47","indep",0,0,NA,"SSL",0,0,200,14
"scenarioA","X_48","indep",0,0,NA,"SSL",0,0,200,14
"scenarioA","X_49","indep",0,0,NA,"SSL",0,0,200,14
"scenarioA","X_50","indep",0,0,NA,"SSL",0,0,200,14
"scenarioA","X_51","indep",0,0,NA,"SSL",0,0,200,14
"scenarioA","X_52","indep",0,0,NA,"SSL",0,0,200,14
"scenarioA","X_53","indep",0,0,NA,"SSL",0,0,200,14
"scenarioA","X_54","indep",0,0,NA,"SSL",0,0,200,14
"scenarioA","X_55","indep",0,0,NA,"SSL",0,0,200,14
"scenarioA","X_56","indep",0,0,NA,"SSL",0,0,200,14
"scenarioA","X_57","indep",0,0,NA,"SSL",0,0,200,14
"scenarioA","X_58","indep",0,0,NA,"SSL",0,0,200,14
"scenarioA","X_59","indep",0,0,NA,"SSL",0,0,200,14
"scenarioA","X_60","indep",0,0,NA,"SSL",0,0,200,14
"scenarioA","X_61","indep",0,0,NA,"SSL",0,0,200,14
"scenarioA","X_62","indep",0,0,NA,"SSL",0,0,200,14
"scenarioA","X_63","indep",0,0,NA,"SSL",0,0,200,14
"scenarioA","X_64","indep",0,0,NA,"SSL",0,0,200,14
"scenarioA","X_65","indep",0,0,NA,"SSL",0,0,200,14
"scenarioA","X_66","indep",0,0,NA,"SSL",0,0,200,14
"scenarioA","X_67","indep",0,0,NA,"SSL",0,0,200,14
"scenarioA","X_68","indep",0,0,NA,"SSL",0,0,200,14
"scenarioA","X_69","indep",0,0,NA,"SSL",0,0,200,14
"scenarioA","X_70","indep",0,0,NA,"SSL",0,0,200,14
"scenarioA","X_71","indep",0,0,NA,"SSL",0,0,200,14
"scenarioA","X_72","indep",0,0,NA,"SSL",0,0,200,14
"scenarioA","X_73","indep",0,0,NA,"SSL",0,0,200,14
"scenarioA","X_74","indep",0,0,NA,"SSL",0,0,200,14
"scenarioA","X_75","indep",0,0,NA,"SSL",0,0,200,14
"scenarioA","X_76","indep",0,0,NA,"SSL",0,0,200,14
"scenarioA","X_77","indep",0,0,NA,"SSL",0,0,200,14
"scenarioA","X_78","indep",0,0,NA,"SSL",0,0,200,14
"scenarioA","X_79","indep",0,0,NA,"SSL",0,0,200,14
"scenarioA","X_80","indep",0,0,NA,"SSL",0,0,200,14
"scenarioA","X_81","indep",0,0,NA,"SSL",0,0,200,14
"scenarioA","X_82","indep",0,0,NA,"SSL",0,0,200,14
"scenarioA","X_83","indep",0,0,NA,"SSL",0,0,200,14
"scenarioA","X_84","indep",0,0,NA,"SSL",0,0,200,14
"scenarioA","X_85","indep",0,0,NA,"SSL",0,0,200,14
"scenarioA","X_86","indep",0,0,NA,"SSL",0,0,200,14
"scenarioA","X_87","indep",0,0,NA,"SSL",0,0,200,14
"scenarioA","X_88","indep",0,0,NA,"SSL",0,0,200,14
"scenarioA","X_89","indep",0,0,NA,"SSL",0,0,200,14
"scenarioA","X_90","indep",0,0,NA,"SSL",0,0,200,14
"scenarioA","X_91","indep",0,0,NA,"SSL",0,0,200,14
"scenarioA","X_92","indep",0,0,NA,"SSL",0,0,200,14
"scenarioA","X_93","indep",0,0,NA,"SSL",0,0,200,14
"scenarioA","X_94","indep",0,0,NA,"SSL",0,0,200,14
"scenarioA","X_95","indep",0,0,NA,"SSL",0,0,200,14
"scenarioA","X_96","indep",0,0,NA,"SSL",0,0,200,14
"scenarioA","X_97","indep",0,0,NA,"SSL",0,0,200,14
"scenarioA","X_98","indep",0,0,NA,"SSL",0,0,200,14
"scenarioA","X_99","indep",0,0,NA,"SSL",0,0,200,14
"scenarioA","X_100","indep",0,0,NA,"SSL",0,0,200,14
"scenarioA","X_101","indep",0,0,NA,"SSL",0,0,200,14
"scenarioA","X_102","indep",0,0,NA,"SSL",0,0,200,14
"scenarioA","X_103","indep",0,0,NA,"SSL",0,0,200,14
"scenarioA","X_104","indep",0,0,NA,"SSL",0,0,200,14
"scenarioA","X_105","indep",0,0,NA,"SSL",0,0,200,14
"scenarioA","X_106","indep",0,0,NA,"SSL",0,0,200,14
"scenarioA","X_107","indep",0,0,NA,"SSL",0,0,200,14
"scenarioA","X_108","indep",0,0,NA,"SSL",0,0,200,14
"scenarioA","X_109","indep",0,0,NA,"SSL",0,0,200,14
"scenarioA","X_110","indep",0,0,NA,"SSL",0,0,200,14
"scenarioA","X_111","indep",0,0,NA,"SSL",0,0,200,14
"scenarioA","X_112","indep",0,0,NA,"SSL",0,0,200,14
"scenarioA","X_113","indep",0,0,NA,"SSL",0,0,200,14
"scenarioA","X_114","indep",0,0,NA,"SSL",0,0,200,14
"scenarioA","X_115","indep",0,0,NA,"SSL",0,0,200,14
"scenarioA","X_116","indep",0,0,NA,"SSL",0,0,200,14
"scenarioA","X_117","indep",0,0,NA,"SSL",0,0,200,14
"scenarioA","X_118","indep",0,0,NA,"SSL",0,0,200,14
"scenarioA","X_119","indep",0,0,NA,"SSL",0,0,200,14
"scenarioA","X_120","indep",0,0,NA,"SSL",0,0,200,14
"scenarioA","X_121","indep",0,0,NA,"SSL",0,0,200,14
"scenarioA","X_122","indep",0,0,NA,"SSL",0,0,200,14
"scenarioA","X_123","indep",0,0,NA,"SSL",0,0,200,14
"scenarioA","X_124","indep",0,0,NA,"SSL",0,0,200,14
"scenarioA","X_125","indep",0,0,NA,"SSL",0,0,200,14
"scenarioA","X_126","indep",0,0,NA,"SSL",0,0,200,14
"scenarioA","X_127","indep",0,0,NA,"SSL",0,0,200,14
"scenarioA","X_128","indep",0,0,NA,"SSL",0,0,200,14
"scenarioA","X_129","indep",0,0,NA,"SSL",0,0,200,14
"scenarioA","X_130","indep",0,0,NA,"SSL",0,0,200,14
"scenarioA","X_131","indep",0,0,NA,"SSL",0,0,200,14
"scenarioA","X_132","indep",0,0,NA,"SSL",0,0,200,14
"scenarioA","X_133","indep",0,0,NA,"SSL",0,0,200,14
"scenarioA","X_134","indep",0,0,NA,"SSL",0,0,200,14
"scenarioA","X_135","indep",0,0,NA,"SSL",0,0,200,14
"scenarioA","X_136","indep",0,0,NA,"SSL",0,0,200,14
"scenarioA","X_137","indep",0,0,NA,"SSL",0,0,200,14
"scenarioA","X_138","indep",0,0,NA,"SSL",0,0,200,14
"scenarioA","X_139","indep",0,0,NA,"SSL",0,0,200,14
"scenarioA","X_140","indep",0,0,NA,"SSL",0,0,200,14
"scenarioA","X_141","indep",0,0,NA,"SSL",0,0,200,14
"scenarioA","X_142","indep",0,0,NA,"SSL",0,0,200,14
"scenarioA","X_143","indep",0,0,NA,"SSL",0,0,200,14
"scenarioA","X_144","indep",0,0,NA,"SSL",0,0,200,14
"scenarioA","X_145","indep",0,0,NA,"SSL",0,0,200,14
"scenarioA","X_146","indep",0,0,NA,"SSL",0,0,200,14
"scenarioA","X_147","indep",0,0,NA,"SSL",0,0,200,14
"scenarioA","X_148","indep",0,0,NA,"SSL",0,0,200,14
"scenarioA","X_149","indep",0,0,NA,"SSL",0,0,200,14
"scenarioA","X_150","indep",0,0,NA,"SSL",0,0,200,14
"scenarioA","X_151","indep",0,0,NA,"SSL",0,0,200,14
"scenarioA","X_152","indep",0,0,NA,"SSL",0,0,200,14
"scenarioA","X_153","indep",0,0,NA,"SSL",0,0,200,14
"scenarioA","X_154","indep",0,0,NA,"SSL",0,0,200,14
"scenarioA","X_155","weak",0.3,0,NA,"SSL",0,0,200,14
"scenarioA","X_156","weak",0.3,0,NA,"SSL",0,0,200,14
"scenarioA","X_157","weak",0.3,0,NA,"SSL",0,0,200,14
"scenarioA","X_158","weak",0.3,0,NA,"SSL",0,0,200,14
"scenarioA","X_159","weak",0.3,0,NA,"SSL",0,0,200,14
"scenarioA","X_160","weak",0.3,0,NA,"SSL",0,0,200,14
"scenarioA","X_161","weak",0.3,0,NA,"SSL",0,0,200,14
"scenarioA","X_162","weak",0.3,0,NA,"SSL",0,0,200,14
"scenarioA","X_163","weak",0.3,0,NA,"SSL",0,0,200,14
"scenarioA","X_164","weak",0.3,0,NA,"SSL",0,0,200,14
"scenarioA","X_165","weak",0.3,0,NA,"SSL",0,0,200,14
"scenarioA","X_166","weak",0.3,0,NA,"SSL",0,0,200,14
"scenarioA","X_167","weak",0.3,0,NA,"SSL",0,0,200,14
"scenarioA","X_168","weak",0.3,0,NA,"SSL",0,0,200,14
"scenarioA","X_169","weak",0.3,0,NA,"SSL",0,0,200,14
"scenarioA","X_170","weak",0.3,0,NA,"SSL",0,0,200,14
"scenarioA","X_171","weak",0.3,0,NA,"SSL",0,0,200,14
"scenarioA","X_172","weak",0.3,0,NA,"SSL",0,0,200,14
"scenarioA","X_173","weak",0.3,0,NA,"SSL",0,0,200,14
"scenarioA","X_174","weak",0.3,0,NA,"SSL",0,0,200,14
"scenarioA","X_175","weak",0.3,0,NA,"SSL",0,0,200,14
"scenarioA","X_176","weak",0.3,0,NA,"SSL",0,0,200,14
"scenarioA","X_177","weak",0.3,0,NA,"SSL",0,0,200,14
"scenarioA","X_178","weak",0.3,0,NA,"SSL",0,0,200,14
"scenarioA","X_179","weak",0.3,0,NA,"SSL",0,0,200,14
"scenarioA","X_180","weak",0.3,0,NA,"SSL",0,0,200,14
"scenarioA","X_181","weak",0.3,0,NA,"SSL",0,0,200,14
"scenarioA","X_182","weak",0.3,0,NA,"SSL",0,0,200,14
"scenarioA","X_183","weak",0.3,0,NA,"SSL",0,0,200,14
"scenarioA","X_184","weak",0.3,0,NA,"SSL",0,0,200,14
"scenarioA","X_185","weak",0.3,0,NA,"SSL",0,0,200,14
"scenarioA","X_186","weak",0.3,0,NA,"SSL",0,0,200,14
"scenarioA","X_187","weak",0.3,0,NA,"SSL",0,0,200,14
"scenarioA","X_188","weak",0.3,0,NA,"SSL",0,0,200,14
"scenarioA","X_189","weak",0.3,0,NA,"SSL",0,0,200,14
"scenarioA","X_190","weak",0.3,0,NA,"SSL",0,0,200,14
"scenarioA","X_191","weak",0.3,0,NA,"SSL",0,0,200,14
"scenarioA","X_192","weak",0.3,0,NA,"SSL",0,0,200,14
"scenarioA","X_193","weak",0.3,0,NA,"SSL",0,0,200,14
"scenarioA","X_194","weak",0.3,0,NA,"SSL",0,0,200,14
"scenarioA","X_195","weak",0.3,0,NA,"SSL",0,0,200,14
"scenarioA","X_196","weak",0.3,0,NA,"SSL",0,0,200,14
"scenarioA","X_197","weak",0.3,0,NA,"SSL",0,0,200,14
"scenarioA","X_198","weak",0.3,0,NA,"SSL",0,0,200,14
"scenarioA","X_199","weak",0.3,0,NA,"SSL",0,0,200,14
"scenarioA","X_200","weak",0.3,0,NA,"SSL",0,0,200,14
"scenarioA","X_201","weak",0.3,0,NA,"SSL",0,0,200,14
"scenarioA","X_202","weak",0.3,0,NA,"SSL",0,0,200,14
"scenarioA","X_203","weak",0.3,0,NA,"SSL",0,0,200,14
"scenarioA","X_204","weak",0.3,0,NA,"SSL",0,0,200,14
"scenarioA","X_205","weak",0.3,0,NA,"SSL",0,0,200,14
"scenarioA","X_206","weak",0.3,0,NA,"SSL",0,0,200,14
"scenarioA","X_207","weak",0.3,0,NA,"SSL",0,0,200,14
"scenarioA","X_208","weak",0.3,0,NA,"SSL",0,0,200,14
"scenarioA","X_209","weak",0.3,0,NA,"SSL",0,0,200,14
"scenarioA","X_210","weak",0.3,0,NA,"SSL",0,0,200,14
"scenarioA","X_211","weak",0.3,0,NA,"SSL",0,0,200,14
"scenarioA","X_212","weak",0.3,0,NA,"SSL",0,0,200,14
"scenarioA","X_213","weak",0.3,0,NA,"SSL",0,0,200,14
"scenarioA","X_214","weak",0.3,0,NA,"SSL",0,0,200,14
"scenarioA","X_215","weak",0.3,0,NA,"SSL",0,0,200,14
"scenarioA","X_216","weak",0.3,0,NA,"SSL",0,0,200,14
"scenarioA","X_217","weak",0.3,0,NA,"SSL",0,0,200,14
"scenarioA","X_218","weak",0.3,0,NA,"SSL",0,0,200,14
"scenarioA","X_219","weak",0.3,0,NA,"SSL",0,0,200,14
"scenarioA","X_220","weak",0.3,0,NA,"SSL",0,0,200,14
"scenarioA","X_221","weak",0.3,0,NA,"SSL",0,0,200,14
"scenarioA","X_222","weak",0.3,0,NA,"SSL",0,0,200,14
"scenarioA","X_223","weak",0.3,0,NA,"SSL",0,0,200,14
"scenarioA","X_224","weak",0.3,0,NA,"SSL",0,0,200,14
"scenarioA","X_225","weak",0.3,0,NA,"SSL",0,0,200,14
"scenarioA","X_226","weak",0.3,0,NA,"SSL",0,0,200,14
"scenarioA","X_227","weak",0.3,0,NA,"SSL",0,0,200,14
"scenarioA","X_228","strong",0.6,0,NA,"SSL",0,0,200,14
"scenarioA","X_229","strong",0.6,0,NA,"SSL",0,0,200,14
"scenarioA","X_230","strong",0.6,0,NA,"SSL",0,0,200,14
"scenarioA","X_231","strong",0.6,0,NA,"SSL",0,0,200,14
"scenarioA","X_232","strong",0.6,0,NA,"SSL",0,0,200,14
"scenarioA","X_233","strong",0.6,0,NA,"SSL",0,0,200,14
"scenarioA","X_234","strong",0.6,0,NA,"SSL",0,0,200,14
"scenarioA","X_235","strong",0.6,0,NA,"SSL",0,0,200,14
"scenarioA","X_236","strong",0.6,0,NA,"SSL",0,0,200,14
"scenarioA","X_237","strong",0.6,0,NA,"SSL",0,0,200,14
"scenarioA","X_238","strong",0.6,0,NA,"SSL",0,0,200,14
"scenarioA","X_239","strong",0.6,0,NA,"SSL",0,0,200,14
"scenarioA","X_240","strong",0.6,0,NA,"SSL",0,0,200,14
"scenarioA","X_241","strong",0.6,0,NA,"SSL",0,0,200,14
"scenarioA","X_242","strong",0.6,0,NA,"SSL",0,0,200,14
"scenarioA","X_243","strong",0.6,0,NA,"SSL",0,0,200,14
"scenarioA","X_244","strong",0.6,0,NA,"SSL",0,0,200,14
"scenarioA","X_245","strong",0.6,0,NA,"SSL",0,0,200,14
"scenarioA","X_246","strong",0.6,0,NA,"SSL",0,0,200,14
"scenarioA","X_247","strong",0.6,0,NA,"SSL",0,0,200,14
"scenarioA","X_248","strong",0.6,0,NA,"SSL",0,0,200,14
"scenarioA","X_249","strong",0.6,0,NA,"SSL",0,0,200,14
"scenarioA","X_250","strong",0.6,0,NA,"SSL",0,0,200,14
"scenarioA","X_251","strong",0.6,0,NA,"SSL",0,0,200,14
"scenarioA","X_252","strong",0.6,0,NA,"SSL",0,0,200,14
"scenarioA","X_253","strong",0.6,0,NA,"SSL",0,0,200,14
"scenarioA","X_254","strong",0.6,0,NA,"SSL",0,0,200,14
"scenarioA","X_255","strong",0.6,0,NA,"SSL",-0.303588931516963,-0.303588931516963,200,14
"scenarioA","X_256","strong",0.6,0,NA,"SSL",0,0,200,14
"scenarioA","X_257","strong",0.6,0,NA,"SSL",0,0,200,14
"scenarioA","X_258","strong",0.6,0,NA,"SSL",0,0,200,14
"scenarioA","X_259","strong",0.6,0,NA,"SSL",0,0,200,14
"scenarioA","X_260","strong",0.6,0,NA,"SSL",0,0,200,14
"scenarioA","X_261","strong",0.6,0,NA,"SSL",0,0,200,14
"scenarioA","X_262","strong",0.6,0,NA,"SSL",0,0,200,14
"scenarioA","X_263","strong",0.6,0,NA,"SSL",0,0,200,14
"scenarioA","X_264","strong",0.6,0,NA,"SSL",0,0,200,14
"scenarioA","X_265","strong",0.6,0,NA,"SSL",0,0,200,14
"scenarioA","X_266","strong",0.6,0,NA,"SSL",0,0,200,14
"scenarioA","X_267","strong",0.6,0,NA,"SSL",0,0,200,14
"scenarioA","X_268","strong",0.6,0,NA,"SSL",0,0,200,14
"scenarioA","X_269","strong",0.6,0,NA,"SSL",0,0,200,14
"scenarioA","X_270","strong",0.6,0,NA,"SSL",0,0,200,14
"scenarioA","X_271","strong",0.6,0,NA,"SSL",0,0,200,14
"scenarioA","X_272","strong",0.6,0,NA,"SSL",0,0,200,14
"scenarioA","X_273","strong",0.6,0,NA,"SSL",0,0,200,14
"scenarioA","X_274","strong",0.6,0,NA,"SSL",0,0,200,14
"scenarioA","X_275","strong",0.6,0,NA,"SSL",0,0,200,14
"scenarioA","X_276","strong",0.6,0,NA,"SSL",0,0,200,14
"scenarioA","X_277","strong",0.6,0,NA,"SSL",0,0,200,14
"scenarioA","X_278","strong",0.6,0,NA,"SSL",0,0,200,14
"scenarioA","X_279","strong",0.6,0,NA,"SSL",0,0,200,14
"scenarioA","X_280","strong",0.6,0,NA,"SSL",0,0,200,14
"scenarioA","X_281","strong",0.6,0,NA,"SSL",0,0,200,14
"scenarioA","X_282","strong",0.6,0,NA,"SSL",0,0,200,14
"scenarioA","X_283","strong",0.6,0,NA,"SSL",0,0,200,14
"scenarioA","X_284","strong",0.6,0,NA,"SSL",0,0,200,14
"scenarioA","X_285","strong",0.6,0,NA,"SSL",0,0,200,14
"scenarioA","X_286","strong",0.6,0,NA,"SSL",0,0,200,14
"scenarioA","X_287","strong",0.6,0,NA,"SSL",0,0,200,14
"scenarioA","X_288","strong",0.6,0,NA,"SSL",0,0,200,14
"scenarioA","X_289","strong",0.6,0,NA,"SSL",0,0,200,14
"scenarioA","X_290","strong",0.6,0,NA,"SSL",0,0,200,14
"scenarioA","X_291","strong",0.6,0,NA,"SSL",0,0,200,14
"scenarioA","X_292","strong",0.6,0,NA,"SSL",0,0,200,14
"scenarioA","X_293","strong",0.6,0,NA,"SSL",0,0,200,14
"scenarioA","X_294","strong",0.6,0,NA,"SSL",0,0,200,14
"scenarioA","X_295","strong",0.6,0,NA,"SSL",0,0,200,14
"scenarioA","X_296","strong",0.6,0,NA,"SSL",0,0,200,14
"scenarioA","X_297","strong",0.6,0,NA,"SSL",0,0,200,14
"scenarioA","X_298","strong",0.6,0,NA,"SSL",0,0,200,14
"scenarioA","X_299","strong",0.6,0,NA,"SSL",0,0,200,14
"scenarioA","X_300","strong",0.6,0,NA,"SSL",0,0,200,14
"scenarioA","X_1","strong",0.6,0.4,0.656310367043957,"LASSO",0,-0.4,200,14
"scenarioA","X_2","strong",0.6,-0.5,-0.766163263830961,"LASSO",0,0.5,200,14
"scenarioA","X_3","weak",0.3,0.6,0.679881836694749,"LASSO",0.31311836586206,-0.28688163413794,200,14
"scenarioA","X_4","weak",0.3,0.75,0.645001893658972,"LASSO",0.259958734148039,-0.490041265851961,200,14
"scenarioA","X_5","indep",0,-0.8,-1.05029748304261,"LASSO",-0.479194674936995,0.320805325063005,200,14
"scenarioA","X_6","indep",0,0,NA,"LASSO",0,0,200,14
"scenarioA","X_7","indep",0,0,NA,"LASSO",0,0,200,14
"scenarioA","X_8","indep",0,0,NA,"LASSO",0,0,200,14
"scenarioA","X_9","indep",0,0,NA,"LASSO",0,0,200,14
"scenarioA","X_10","indep",0,0,NA,"LASSO",0,0,200,14
"scenarioA","X_11","indep",0,0,NA,"LASSO",0,0,200,14
"scenarioA","X_12","indep",0,0,NA,"LASSO",0,0,200,14
"scenarioA","X_13","indep",0,0,NA,"LASSO",0,0,200,14
"scenarioA","X_14","indep",0,0,NA,"LASSO",0,0,200,14
"scenarioA","X_15","indep",0,0,NA,"LASSO",0,0,200,14
"scenarioA","X_16","indep",0,0,NA,"LASSO",0,0,200,14
"scenarioA","X_17","indep",0,0,NA,"LASSO",0,0,200,14
"scenarioA","X_18","indep",0,0,NA,"LASSO",0,0,200,14
"scenarioA","X_19","indep",0,0,NA,"LASSO",0,0,200,14
"scenarioA","X_20","indep",0,0,NA,"LASSO",0,0,200,14
"scenarioA","X_21","indep",0,0,NA,"LASSO",0,0,200,14
"scenarioA","X_22","indep",0,0,NA,"LASSO",0,0,200,14
"scenarioA","X_23","indep",0,0,NA,"LASSO",0,0,200,14
"scenarioA","X_24","indep",0,0,NA,"LASSO",0,0,200,14
"scenarioA","X_25","indep",0,0,NA,"LASSO",0,0,200,14
"scenarioA","X_26","indep",0,0,NA,"LASSO",0,0,200,14
"scenarioA","X_27","indep",0,0,NA,"LASSO",0,0,200,14
"scenarioA","X_28","indep",0,0,NA,"LASSO",0,0,200,14
"scenarioA","X_29","indep",0,0,NA,"LASSO",0,0,200,14
"scenarioA","X_30","indep",0,0,NA,"LASSO",0,0,200,14
"scenarioA","X_31","indep",0,0,NA,"LASSO",0,0,200,14
"scenarioA","X_32","indep",0,0,NA,"LASSO",0,0,200,14
"scenarioA","X_33","indep",0,0,NA,"LASSO",0,0,200,14
"scenarioA","X_34","indep",0,0,NA,"LASSO",0,0,200,14
"scenarioA","X_35","indep",0,0,NA,"LASSO",0,0,200,14
"scenarioA","X_36","indep",0,0,NA,"LASSO",0,0,200,14
"scenarioA","X_37","indep",0,0,NA,"LASSO",0,0,200,14
"scenarioA","X_38","indep",0,0,NA,"LASSO",0,0,200,14
"scenarioA","X_39","indep",0,0,NA,"LASSO",0,0,200,14
"scenarioA","X_40","indep",0,0,NA,"LASSO",0,0,200,14
"scenarioA","X_41","indep",0,0,NA,"LASSO",0,0,200,14
"scenarioA","X_42","indep",0,0,NA,"LASSO",0,0,200,14
"scenarioA","X_43","indep",0,0,NA,"LASSO",0,0,200,14
"scenarioA","X_44","indep",0,0,NA,"LASSO",0,0,200,14
"scenarioA","X_45","indep",0,0,NA,"LASSO",0,0,200,14
"scenarioA","X_46","indep",0,0,NA,"LASSO",0,0,200,14
"scenarioA","X_47","indep",0,0,NA,"LASSO",0,0,200,14
"scenarioA","X_48","indep",0,0,NA,"LASSO",0,0,200,14
"scenarioA","X_49","indep",0,0,NA,"LASSO",0,0,200,14
"scenarioA","X_50","indep",0,0,NA,"LASSO",0,0,200,14
"scenarioA","X_51","indep",0,0,NA,"LASSO",0,0,200,14
"scenarioA","X_52","indep",0,0,NA,"LASSO",0,0,200,14
"scenarioA","X_53","indep",0,0,NA,"LASSO",0,0,200,14
"scenarioA","X_54","indep",0,0,NA,"LASSO",0,0,200,14
"scenarioA","X_55","indep",0,0,NA,"LASSO",0,0,200,14
"scenarioA","X_56","indep",0,0,NA,"LASSO",0,0,200,14
"scenarioA","X_57","indep",0,0,NA,"LASSO",0,0,200,14
"scenarioA","X_58","indep",0,0,NA,"LASSO",0,0,200,14
"scenarioA","X_59","indep",0,0,NA,"LASSO",0,0,200,14
"scenarioA","X_60","indep",0,0,NA,"LASSO",0,0,200,14
"scenarioA","X_61","indep",0,0,NA,"LASSO",0,0,200,14
"scenarioA","X_62","indep",0,0,NA,"LASSO",0,0,200,14
"scenarioA","X_63","indep",0,0,NA,"LASSO",0,0,200,14
"scenarioA","X_64","indep",0,0,NA,"LASSO",0,0,200,14
"scenarioA","X_65","indep",0,0,NA,"LASSO",0,0,200,14
"scenarioA","X_66","indep",0,0,NA,"LASSO",0,0,200,14
"scenarioA","X_67","indep",0,0,NA,"LASSO",0,0,200,14
"scenarioA","X_68","indep",0,0,NA,"LASSO",0,0,200,14
"scenarioA","X_69","indep",0,0,NA,"LASSO",0,0,200,14
"scenarioA","X_70","indep",0,0,NA,"LASSO",0,0,200,14
"scenarioA","X_71","indep",0,0,NA,"LASSO",0,0,200,14
"scenarioA","X_72","indep",0,0,NA,"LASSO",0,0,200,14
"scenarioA","X_73","indep",0,0,NA,"LASSO",0,0,200,14
"scenarioA","X_74","indep",0,0,NA,"LASSO",0,0,200,14
"scenarioA","X_75","indep",0,0,NA,"LASSO",0,0,200,14
"scenarioA","X_76","indep",0,0,NA,"LASSO",0,0,200,14
"scenarioA","X_77","indep",0,0,NA,"LASSO",0,0,200,14
"scenarioA","X_78","indep",0,0,NA,"LASSO",0,0,200,14
"scenarioA","X_79","indep",0,0,NA,"LASSO",0,0,200,14
"scenarioA","X_80","indep",0,0,NA,"LASSO",0,0,200,14
"scenarioA","X_81","indep",0,0,NA,"LASSO",0,0,200,14
"scenarioA","X_82","indep",0,0,NA,"LASSO",0,0,200,14
"scenarioA","X_83","indep",0,0,NA,"LASSO",0,0,200,14
"scenarioA","X_84","indep",0,0,NA,"LASSO",0,0,200,14
"scenarioA","X_85","indep",0,0,NA,"LASSO",0,0,200,14
"scenarioA","X_86","indep",0,0,NA,"LASSO",0,0,200,14
"scenarioA","X_87","indep",0,0,NA,"LASSO",0,0,200,14
"scenarioA","X_88","indep",0,0,NA,"LASSO",0,0,200,14
"scenarioA","X_89","indep",0,0,NA,"LASSO",0,0,200,14
"scenarioA","X_90","indep",0,0,NA,"LASSO",0,0,200,14
"scenarioA","X_91","indep",0,0,NA,"LASSO",0,0,200,14
"scenarioA","X_92","indep",0,0,NA,"LASSO",0,0,200,14
"scenarioA","X_93","indep",0,0,NA,"LASSO",0,0,200,14
"scenarioA","X_94","indep",0,0,NA,"LASSO",0,0,200,14
"scenarioA","X_95","indep",0,0,NA,"LASSO",0,0,200,14
"scenarioA","X_96","indep",0,0,NA,"LASSO",0,0,200,14
"scenarioA","X_97","indep",0,0,NA,"LASSO",0,0,200,14
"scenarioA","X_98","indep",0,0,NA,"LASSO",0,0,200,14
"scenarioA","X_99","indep",0,0,NA,"LASSO",0,0,200,14
"scenarioA","X_100","indep",0,0,NA,"LASSO",0,0,200,14
"scenarioA","X_101","indep",0,0,NA,"LASSO",0,0,200,14
"scenarioA","X_102","indep",0,0,NA,"LASSO",0,0,200,14
"scenarioA","X_103","indep",0,0,NA,"LASSO",0,0,200,14
"scenarioA","X_104","indep",0,0,NA,"LASSO",0,0,200,14
"scenarioA","X_105","indep",0,0,NA,"LASSO",0,0,200,14
"scenarioA","X_106","indep",0,0,NA,"LASSO",0,0,200,14
"scenarioA","X_107","indep",0,0,NA,"LASSO",0,0,200,14
"scenarioA","X_108","indep",0,0,NA,"LASSO",0,0,200,14
"scenarioA","X_109","indep",0,0,NA,"LASSO",0,0,200,14
"scenarioA","X_110","indep",0,0,NA,"LASSO",0,0,200,14
"scenarioA","X_111","indep",0,0,NA,"LASSO",0,0,200,14
"scenarioA","X_112","indep",0,0,NA,"LASSO",0,0,200,14
"scenarioA","X_113","indep",0,0,NA,"LASSO",0,0,200,14
"scenarioA","X_114","indep",0,0,NA,"LASSO",0,0,200,14
"scenarioA","X_115","indep",0,0,NA,"LASSO",0,0,200,14
"scenarioA","X_116","indep",0,0,NA,"LASSO",0,0,200,14
"scenarioA","X_117","indep",0,0,NA,"LASSO",0,0,200,14
"scenarioA","X_118","indep",0,0,NA,"LASSO",0,0,200,14
"scenarioA","X_119","indep",0,0,NA,"LASSO",0,0,200,14
"scenarioA","X_120","indep",0,0,NA,"LASSO",0,0,200,14
"scenarioA","X_121","indep",0,0,NA,"LASSO",0,0,200,14
"scenarioA","X_122","indep",0,0,NA,"LASSO",0,0,200,14
"scenarioA","X_123","indep",0,0,NA,"LASSO",0,0,200,14
"scenarioA","X_124","indep",0,0,NA,"LASSO",0,0,200,14
"scenarioA","X_125","indep",0,0,NA,"LASSO",0,0,200,14
"scenarioA","X_126","indep",0,0,NA,"LASSO",0,0,200,14
"scenarioA","X_127","indep",0,0,NA,"LASSO",0,0,200,14
"scenarioA","X_128","indep",0,0,NA,"LASSO",0,0,200,14
"scenarioA","X_129","indep",0,0,NA,"LASSO",0,0,200,14
"scenarioA","X_130","indep",0,0,NA,"LASSO",0,0,200,14
"scenarioA","X_131","indep",0,0,NA,"LASSO",0,0,200,14
"scenarioA","X_132","indep",0,0,NA,"LASSO",0,0,200,14
"scenarioA","X_133","indep",0,0,NA,"LASSO",0,0,200,14
"scenarioA","X_134","indep",0,0,NA,"LASSO",0,0,200,14
"scenarioA","X_135","indep",0,0,NA,"LASSO",0,0,200,14
"scenarioA","X_136","indep",0,0,NA,"LASSO",0,0,200,14
"scenarioA","X_137","indep",0,0,NA,"LASSO",0,0,200,14
"scenarioA","X_138","indep",0,0,NA,"LASSO",0,0,200,14
"scenarioA","X_139","indep",0,0,NA,"LASSO",0,0,200,14
"scenarioA","X_140","indep",0,0,NA,"LASSO",0,0,200,14
"scenarioA","X_141","indep",0,0,NA,"LASSO",0,0,200,14
"scenarioA","X_142","indep",0,0,NA,"LASSO",0,0,200,14
"scenarioA","X_143","indep",0,0,NA,"LASSO",0,0,200,14
"scenarioA","X_144","indep",0,0,NA,"LASSO",0,0,200,14
"scenarioA","X_145","indep",0,0,NA,"LASSO",0,0,200,14
"scenarioA","X_146","indep",0,0,NA,"LASSO",0,0,200,14
"scenarioA","X_147","indep",0,0,NA,"LASSO",0,0,200,14
"scenarioA","X_148","indep",0,0,NA,"LASSO",0,0,200,14
"scenarioA","X_149","indep",0,0,NA,"LASSO",0,0,200,14
"scenarioA","X_150","indep",0,0,NA,"LASSO",0,0,200,14
"scenarioA","X_151","indep",0,0,NA,"LASSO",0,0,200,14
"scenarioA","X_152","indep",0,0,NA,"LASSO",0,0,200,14
"scenarioA","X_153","indep",0,0,NA,"LASSO",0,0,200,14
"scenarioA","X_154","indep",0,0,NA,"LASSO",0,0,200,14
"scenarioA","X_155","weak",0.3,0,NA,"LASSO",0,0,200,14
"scenarioA","X_156","weak",0.3,0,NA,"LASSO",0,0,200,14
"scenarioA","X_157","weak",0.3,0,NA,"LASSO",0,0,200,14
"scenarioA","X_158","weak",0.3,0,NA,"LASSO",0,0,200,14
"scenarioA","X_159","weak",0.3,0,NA,"LASSO",0,0,200,14
"scenarioA","X_160","weak",0.3,0,NA,"LASSO",0,0,200,14
"scenarioA","X_161","weak",0.3,0,NA,"LASSO",0,0,200,14
"scenarioA","X_162","weak",0.3,0,NA,"LASSO",0,0,200,14
"scenarioA","X_163","weak",0.3,0,NA,"LASSO",0,0,200,14
"scenarioA","X_164","weak",0.3,0,NA,"LASSO",0,0,200,14
"scenarioA","X_165","weak",0.3,0,NA,"LASSO",0,0,200,14
"scenarioA","X_166","weak",0.3,0,NA,"LASSO",0,0,200,14
"scenarioA","X_167","weak",0.3,0,NA,"LASSO",0,0,200,14
"scenarioA","X_168","weak",0.3,0,NA,"LASSO",0,0,200,14
"scenarioA","X_169","weak",0.3,0,NA,"LASSO",0,0,200,14
"scenarioA","X_170","weak",0.3,0,NA,"LASSO",0,0,200,14
"scenarioA","X_171","weak",0.3,0,NA,"LASSO",0,0,200,14
"scenarioA","X_172","weak",0.3,0,NA,"LASSO",0,0,200,14
"scenarioA","X_173","weak",0.3,0,NA,"LASSO",0,0,200,14
"scenarioA","X_174","weak",0.3,0,NA,"LASSO",0,0,200,14
"scenarioA","X_175","weak",0.3,0,NA,"LASSO",0,0,200,14
"scenarioA","X_176","weak",0.3,0,NA,"LASSO",0,0,200,14
"scenarioA","X_177","weak",0.3,0,NA,"LASSO",0,0,200,14
"scenarioA","X_178","weak",0.3,0,NA,"LASSO",0,0,200,14
"scenarioA","X_179","weak",0.3,0,NA,"LASSO",0,0,200,14
"scenarioA","X_180","weak",0.3,0,NA,"LASSO",0,0,200,14
"scenarioA","X_181","weak",0.3,0,NA,"LASSO",0,0,200,14
"scenarioA","X_182","weak",0.3,0,NA,"LASSO",0,0,200,14
"scenarioA","X_183","weak",0.3,0,NA,"LASSO",0,0,200,14
"scenarioA","X_184","weak",0.3,0,NA,"LASSO",0,0,200,14
"scenarioA","X_185","weak",0.3,0,NA,"LASSO",0,0,200,14
"scenarioA","X_186","weak",0.3,0,NA,"LASSO",0,0,200,14
"scenarioA","X_187","weak",0.3,0,NA,"LASSO",0,0,200,14
"scenarioA","X_188","weak",0.3,0,NA,"LASSO",0,0,200,14
"scenarioA","X_189","weak",0.3,0,NA,"LASSO",0,0,200,14
"scenarioA","X_190","weak",0.3,0,NA,"LASSO",0,0,200,14
"scenarioA","X_191","weak",0.3,0,NA,"LASSO",0,0,200,14
"scenarioA","X_192","weak",0.3,0,NA,"LASSO",0,0,200,14
"scenarioA","X_193","weak",0.3,0,NA,"LASSO",0,0,200,14
"scenarioA","X_194","weak",0.3,0,NA,"LASSO",0,0,200,14
"scenarioA","X_195","weak",0.3,0,NA,"LASSO",0,0,200,14
"scenarioA","X_196","weak",0.3,0,NA,"LASSO",0,0,200,14
"scenarioA","X_197","weak",0.3,0,NA,"LASSO",0,0,200,14
"scenarioA","X_198","weak",0.3,0,NA,"LASSO",0,0,200,14
"scenarioA","X_199","weak",0.3,0,NA,"LASSO",0,0,200,14
"scenarioA","X_200","weak",0.3,0,NA,"LASSO",0,0,200,14
"scenarioA","X_201","weak",0.3,0,NA,"LASSO",0,0,200,14
"scenarioA","X_202","weak",0.3,0,NA,"LASSO",0,0,200,14
"scenarioA","X_203","weak",0.3,0,NA,"LASSO",0,0,200,14
"scenarioA","X_204","weak",0.3,0,NA,"LASSO",0,0,200,14
"scenarioA","X_205","weak",0.3,0,NA,"LASSO",0,0,200,14
"scenarioA","X_206","weak",0.3,0,NA,"LASSO",0,0,200,14
"scenarioA","X_207","weak",0.3,0,NA,"LASSO",0,0,200,14
"scenarioA","X_208","weak",0.3,0,NA,"LASSO",0,0,200,14
"scenarioA","X_209","weak",0.3,0,NA,"LASSO",0,0,200,14
"scenarioA","X_210","weak",0.3,0,NA,"LASSO",0,0,200,14
"scenarioA","X_211","weak",0.3,0,NA,"LASSO",0,0,200,14
"scenarioA","X_212","weak",0.3,0,NA,"LASSO",0,0,200,14
"scenarioA","X_213","weak",0.3,0,NA,"LASSO",0,0,200,14
"scenarioA","X_214","weak",0.3,0,NA,"LASSO",0,0,200,14
"scenarioA","X_215","weak",0.3,0,NA,"LASSO",0,0,200,14
"scenarioA","X_216","weak",0.3,0,NA,"LASSO",0,0,200,14
"scenarioA","X_217","weak",0.3,0,NA,"LASSO",0,0,200,14
"scenarioA","X_218","weak",0.3,0,NA,"LASSO",0,0,200,14
"scenarioA","X_219","weak",0.3,0,NA,"LASSO",0,0,200,14
"scenarioA","X_220","weak",0.3,0,NA,"LASSO",0,0,200,14
"scenarioA","X_221","weak",0.3,0,NA,"LASSO",0,0,200,14
"scenarioA","X_222","weak",0.3,0,NA,"LASSO",0,0,200,14
"scenarioA","X_223","weak",0.3,0,NA,"LASSO",0,0,200,14
"scenarioA","X_224","weak",0.3,0,NA,"LASSO",0,0,200,14
"scenarioA","X_225","weak",0.3,0,NA,"LASSO",0,0,200,14
"scenarioA","X_226","weak",0.3,0,NA,"LASSO",0,0,200,14
"scenarioA","X_227","weak",0.3,0,NA,"LASSO",0,0,200,14
"scenarioA","X_228","strong",0.6,0,NA,"LASSO",0,0,200,14
"scenarioA","X_229","strong",0.6,0,NA,"LASSO",0,0,200,14
"scenarioA","X_230","strong",0.6,0,NA,"LASSO",0,0,200,14
"scenarioA","X_231","strong",0.6,0,NA,"LASSO",0,0,200,14
"scenarioA","X_232","strong",0.6,0,NA,"LASSO",0,0,200,14
"scenarioA","X_233","strong",0.6,0,NA,"LASSO",0,0,200,14
"scenarioA","X_234","strong",0.6,0,NA,"LASSO",0,0,200,14
"scenarioA","X_235","strong",0.6,0,NA,"LASSO",0,0,200,14
"scenarioA","X_236","strong",0.6,0,NA,"LASSO",0,0,200,14
"scenarioA","X_237","strong",0.6,0,NA,"LASSO",0,0,200,14
"scenarioA","X_238","strong",0.6,0,NA,"LASSO",0,0,200,14
"scenarioA","X_239","strong",0.6,0,NA,"LASSO",0,0,200,14
"scenarioA","X_240","strong",0.6,0,NA,"LASSO",0,0,200,14
"scenarioA","X_241","strong",0.6,0,NA,"LASSO",0,0,200,14
"scenarioA","X_242","strong",0.6,0,NA,"LASSO",0,0,200,14
"scenarioA","X_243","strong",0.6,0,NA,"LASSO",0,0,200,14
"scenarioA","X_244","strong",0.6,0,NA,"LASSO",0,0,200,14
"scenarioA","X_245","strong",0.6,0,NA,"LASSO",0,0,200,14
"scenarioA","X_246","strong",0.6,0,NA,"LASSO",0,0,200,14
"scenarioA","X_247","strong",0.6,0,NA,"LASSO",0,0,200,14
"scenarioA","X_248","strong",0.6,0,NA,"LASSO",0,0,200,14
"scenarioA","X_249","strong",0.6,0,NA,"LASSO",0,0,200,14
"scenarioA","X_250","strong",0.6,0,NA,"LASSO",0,0,200,14
"scenarioA","X_251","strong",0.6,0,NA,"LASSO",0,0,200,14
"scenarioA","X_252","strong",0.6,0,NA,"LASSO",0,0,200,14
"scenarioA","X_253","strong",0.6,0,NA,"LASSO",0,0,200,14
"scenarioA","X_254","strong",0.6,0,NA,"LASSO",0,0,200,14
"scenarioA","X_255","strong",0.6,0,NA,"LASSO",-0.0537981578485209,-0.0537981578485209,200,14
"scenarioA","X_256","strong",0.6,0,NA,"LASSO",0,0,200,14
"scenarioA","X_257","strong",0.6,0,NA,"LASSO",0,0,200,14
"scenarioA","X_258","strong",0.6,0,NA,"LASSO",0,0,200,14
"scenarioA","X_259","strong",0.6,0,NA,"LASSO",0,0,200,14
"scenarioA","X_260","strong",0.6,0,NA,"LASSO",0,0,200,14
"scenarioA","X_261","strong",0.6,0,NA,"LASSO",0,0,200,14
"scenarioA","X_262","strong",0.6,0,NA,"LASSO",0,0,200,14
"scenarioA","X_263","strong",0.6,0,NA,"LASSO",0,0,200,14
"scenarioA","X_264","strong",0.6,0,NA,"LASSO",0,0,200,14
"scenarioA","X_265","strong",0.6,0,NA,"LASSO",0,0,200,14
"scenarioA","X_266","strong",0.6,0,NA,"LASSO",0,0,200,14
"scenarioA","X_267","strong",0.6,0,NA,"LASSO",0,0,200,14
"scenarioA","X_268","strong",0.6,0,NA,"LASSO",0,0,200,14
"scenarioA","X_269","strong",0.6,0,NA,"LASSO",0,0,200,14
"scenarioA","X_270","strong",0.6,0,NA,"LASSO",0,0,200,14
"scenarioA","X_271","strong",0.6,0,NA,"LASSO",0,0,200,14
"scenarioA","X_272","strong",0.6,0,NA,"LASSO",0,0,200,14
"scenarioA","X_273","strong",0.6,0,NA,"LASSO",0,0,200,14
"scenarioA","X_274","strong",0.6,0,NA,"LASSO",0,0,200,14
"scenarioA","X_275","strong",0.6,0,NA,"LASSO",0,0,200,14
"scenarioA","X_276","strong",0.6,0,NA,"LASSO",0,0,200,14
"scenarioA","X_277","strong",0.6,0,NA,"LASSO",0,0,200,14
"scenarioA","X_278","strong",0.6,0,NA,"LASSO",0,0,200,14
"scenarioA","X_279","strong",0.6,0,NA,"LASSO",0,0,200,14
"scenarioA","X_280","strong",0.6,0,NA,"LASSO",0,0,200,14
"scenarioA","X_281","strong",0.6,0,NA,"LASSO",0,0,200,14
"scenarioA","X_282","strong",0.6,0,NA,"LASSO",0,0,200,14
"scenarioA","X_283","strong",0.6,0,NA,"LASSO",0,0,200,14
"scenarioA","X_284","strong",0.6,0,NA,"LASSO",0,0,200,14
"scenarioA","X_285","strong",0.6,0,NA,"LASSO",0,0,200,14
"scenarioA","X_286","strong",0.6,0,NA,"LASSO",0,0,200,14
"scenarioA","X_287","strong",0.6,0,NA,"LASSO",0,0,200,14
"scenarioA","X_288","strong",0.6,0,NA,"LASSO",0,0,200,14
"scenarioA","X_289","strong",0.6,0,NA,"LASSO",0,0,200,14
"scenarioA","X_290","strong",0.6,0,NA,"LASSO",0,0,200,14
"scenarioA","X_291","strong",0.6,0,NA,"LASSO",0,0,200,14
"scenarioA","X_292","strong",0.6,0,NA,"LASSO",0,0,200,14
"scenarioA","X_293","strong",0.6,0,NA,"LASSO",0,0,200,14
"scenarioA","X_294","strong",0.6,0,NA,"LASSO",0,0,200,14
"scenarioA","X_295","strong",0.6,0,NA,"LASSO",0,0,200,14
"scenarioA","X_296","strong",0.6,0,NA,"LASSO",0,0,200,14
"scenarioA","X_297","strong",0.6,0,NA,"LASSO",0,0,200,14
"scenarioA","X_298","strong",0.6,0,NA,"LASSO",0,0,200,14
"scenarioA","X_299","strong",0.6,0,NA,"LASSO",0,0,200,14
"scenarioA","X_300","strong",0.6,0,NA,"LASSO",0,0,200,14
"scenarioA","X_1","strong",0.6,0.4,0.33818355303829,"SSL",0,-0.4,200,15
"scenarioA","X_2","strong",0.6,-0.5,-0.533432814607053,"SSL",-0.601673967826168,-0.101673967826168,200,15
"scenarioA","X_3","weak",0.3,0.6,0.508251312385662,"SSL",0.469142222541329,-0.130857777458671,200,15
"scenarioA","X_4","weak",0.3,0.75,0.701369389866028,"SSL",0.67059119757939,-0.0794088024206101,200,15
"scenarioA","X_5","indep",0,-0.8,-0.71799546128526,"SSL",-0.55275455601404,0.24724544398596,200,15
"scenarioA","X_6","indep",0,0,NA,"SSL",0,0,200,15
"scenarioA","X_7","indep",0,0,NA,"SSL",0,0,200,15
"scenarioA","X_8","indep",0,0,NA,"SSL",0,0,200,15
"scenarioA","X_9","indep",0,0,NA,"SSL",0,0,200,15
"scenarioA","X_10","indep",0,0,NA,"SSL",0,0,200,15
"scenarioA","X_11","indep",0,0,NA,"SSL",0,0,200,15
"scenarioA","X_12","indep",0,0,NA,"SSL",0,0,200,15
"scenarioA","X_13","indep",0,0,NA,"SSL",0,0,200,15
"scenarioA","X_14","indep",0,0,NA,"SSL",0,0,200,15
"scenarioA","X_15","indep",0,0,NA,"SSL",0,0,200,15
"scenarioA","X_16","indep",0,0,NA,"SSL",0,0,200,15
"scenarioA","X_17","indep",0,0,NA,"SSL",0,0,200,15
"scenarioA","X_18","indep",0,0,NA,"SSL",0,0,200,15
"scenarioA","X_19","indep",0,0,NA,"SSL",0,0,200,15
"scenarioA","X_20","indep",0,0,NA,"SSL",0,0,200,15
"scenarioA","X_21","indep",0,0,NA,"SSL",0,0,200,15
"scenarioA","X_22","indep",0,0,NA,"SSL",0,0,200,15
"scenarioA","X_23","indep",0,0,NA,"SSL",0,0,200,15
"scenarioA","X_24","indep",0,0,NA,"SSL",0,0,200,15
"scenarioA","X_25","indep",0,0,NA,"SSL",0,0,200,15
"scenarioA","X_26","indep",0,0,NA,"SSL",0,0,200,15
"scenarioA","X_27","indep",0,0,NA,"SSL",0,0,200,15
"scenarioA","X_28","indep",0,0,NA,"SSL",0,0,200,15
"scenarioA","X_29","indep",0,0,NA,"SSL",0,0,200,15
"scenarioA","X_30","indep",0,0,NA,"SSL",0,0,200,15
"scenarioA","X_31","indep",0,0,NA,"SSL",0,0,200,15
"scenarioA","X_32","indep",0,0,NA,"SSL",0,0,200,15
"scenarioA","X_33","indep",0,0,NA,"SSL",0,0,200,15
"scenarioA","X_34","indep",0,0,NA,"SSL",0,0,200,15
"scenarioA","X_35","indep",0,0,NA,"SSL",0,0,200,15
"scenarioA","X_36","indep",0,0,NA,"SSL",0,0,200,15
"scenarioA","X_37","indep",0,0,NA,"SSL",0,0,200,15
"scenarioA","X_38","indep",0,0,NA,"SSL",0,0,200,15
"scenarioA","X_39","indep",0,0,NA,"SSL",0,0,200,15
"scenarioA","X_40","indep",0,0,NA,"SSL",0,0,200,15
"scenarioA","X_41","indep",0,0,NA,"SSL",0,0,200,15
"scenarioA","X_42","indep",0,0,NA,"SSL",0,0,200,15
"scenarioA","X_43","indep",0,0,NA,"SSL",0,0,200,15
"scenarioA","X_44","indep",0,0,NA,"SSL",0,0,200,15
"scenarioA","X_45","indep",0,0,NA,"SSL",0,0,200,15
"scenarioA","X_46","indep",0,0,NA,"SSL",0,0,200,15
"scenarioA","X_47","indep",0,0,NA,"SSL",0,0,200,15
"scenarioA","X_48","indep",0,0,NA,"SSL",0,0,200,15
"scenarioA","X_49","indep",0,0,NA,"SSL",0,0,200,15
"scenarioA","X_50","indep",0,0,NA,"SSL",0,0,200,15
"scenarioA","X_51","indep",0,0,NA,"SSL",0,0,200,15
"scenarioA","X_52","indep",0,0,NA,"SSL",0,0,200,15
"scenarioA","X_53","indep",0,0,NA,"SSL",0,0,200,15
"scenarioA","X_54","indep",0,0,NA,"SSL",0,0,200,15
"scenarioA","X_55","indep",0,0,NA,"SSL",0,0,200,15
"scenarioA","X_56","indep",0,0,NA,"SSL",0.276582916745356,0.276582916745356,200,15
"scenarioA","X_57","indep",0,0,NA,"SSL",0,0,200,15
"scenarioA","X_58","indep",0,0,NA,"SSL",0,0,200,15
"scenarioA","X_59","indep",0,0,NA,"SSL",0,0,200,15
"scenarioA","X_60","indep",0,0,NA,"SSL",-0.214307255690428,-0.214307255690428,200,15
"scenarioA","X_61","indep",0,0,NA,"SSL",0,0,200,15
"scenarioA","X_62","indep",0,0,NA,"SSL",0,0,200,15
"scenarioA","X_63","indep",0,0,NA,"SSL",0,0,200,15
"scenarioA","X_64","indep",0,0,NA,"SSL",0,0,200,15
"scenarioA","X_65","indep",0,0,NA,"SSL",0,0,200,15
"scenarioA","X_66","indep",0,0,NA,"SSL",0,0,200,15
"scenarioA","X_67","indep",0,0,NA,"SSL",0,0,200,15
"scenarioA","X_68","indep",0,0,NA,"SSL",0,0,200,15
"scenarioA","X_69","indep",0,0,NA,"SSL",0,0,200,15
"scenarioA","X_70","indep",0,0,NA,"SSL",0,0,200,15
"scenarioA","X_71","indep",0,0,NA,"SSL",0,0,200,15
"scenarioA","X_72","indep",0,0,NA,"SSL",0,0,200,15
"scenarioA","X_73","indep",0,0,NA,"SSL",0,0,200,15
"scenarioA","X_74","indep",0,0,NA,"SSL",0,0,200,15
"scenarioA","X_75","indep",0,0,NA,"SSL",0,0,200,15
"scenarioA","X_76","indep",0,0,NA,"SSL",0,0,200,15
"scenarioA","X_77","indep",0,0,NA,"SSL",0,0,200,15
"scenarioA","X_78","indep",0,0,NA,"SSL",0,0,200,15
"scenarioA","X_79","indep",0,0,NA,"SSL",0,0,200,15
"scenarioA","X_80","indep",0,0,NA,"SSL",0,0,200,15
"scenarioA","X_81","indep",0,0,NA,"SSL",0,0,200,15
"scenarioA","X_82","indep",0,0,NA,"SSL",0,0,200,15
"scenarioA","X_83","indep",0,0,NA,"SSL",0,0,200,15
"scenarioA","X_84","indep",0,0,NA,"SSL",0,0,200,15
"scenarioA","X_85","indep",0,0,NA,"SSL",0,0,200,15
"scenarioA","X_86","indep",0,0,NA,"SSL",0,0,200,15
"scenarioA","X_87","indep",0,0,NA,"SSL",0,0,200,15
"scenarioA","X_88","indep",0,0,NA,"SSL",0,0,200,15
"scenarioA","X_89","indep",0,0,NA,"SSL",0,0,200,15
"scenarioA","X_90","indep",0,0,NA,"SSL",0,0,200,15
"scenarioA","X_91","indep",0,0,NA,"SSL",0,0,200,15
"scenarioA","X_92","indep",0,0,NA,"SSL",0,0,200,15
"scenarioA","X_93","indep",0,0,NA,"SSL",0,0,200,15
"scenarioA","X_94","indep",0,0,NA,"SSL",0,0,200,15
"scenarioA","X_95","indep",0,0,NA,"SSL",0,0,200,15
"scenarioA","X_96","indep",0,0,NA,"SSL",0,0,200,15
"scenarioA","X_97","indep",0,0,NA,"SSL",0,0,200,15
"scenarioA","X_98","indep",0,0,NA,"SSL",-0.276340028935948,-0.276340028935948,200,15
"scenarioA","X_99","indep",0,0,NA,"SSL",0,0,200,15
"scenarioA","X_100","indep",0,0,NA,"SSL",0,0,200,15
"scenarioA","X_101","indep",0,0,NA,"SSL",0,0,200,15
"scenarioA","X_102","indep",0,0,NA,"SSL",0,0,200,15
"scenarioA","X_103","indep",0,0,NA,"SSL",0,0,200,15
"scenarioA","X_104","indep",0,0,NA,"SSL",0,0,200,15
"scenarioA","X_105","indep",0,0,NA,"SSL",0,0,200,15
"scenarioA","X_106","indep",0,0,NA,"SSL",0,0,200,15
"scenarioA","X_107","indep",0,0,NA,"SSL",0,0,200,15
"scenarioA","X_108","indep",0,0,NA,"SSL",0,0,200,15
"scenarioA","X_109","indep",0,0,NA,"SSL",0,0,200,15
"scenarioA","X_110","indep",0,0,NA,"SSL",0,0,200,15
"scenarioA","X_111","indep",0,0,NA,"SSL",0,0,200,15
"scenarioA","X_112","indep",0,0,NA,"SSL",0,0,200,15
"scenarioA","X_113","indep",0,0,NA,"SSL",0,0,200,15
"scenarioA","X_114","indep",0,0,NA,"SSL",0,0,200,15
"scenarioA","X_115","indep",0,0,NA,"SSL",0,0,200,15
"scenarioA","X_116","indep",0,0,NA,"SSL",0,0,200,15
"scenarioA","X_117","indep",0,0,NA,"SSL",0,0,200,15
"scenarioA","X_118","indep",0,0,NA,"SSL",0,0,200,15
"scenarioA","X_119","indep",0,0,NA,"SSL",0,0,200,15
"scenarioA","X_120","indep",0,0,NA,"SSL",0,0,200,15
"scenarioA","X_121","indep",0,0,NA,"SSL",0,0,200,15
"scenarioA","X_122","indep",0,0,NA,"SSL",0,0,200,15
"scenarioA","X_123","indep",0,0,NA,"SSL",0,0,200,15
"scenarioA","X_124","indep",0,0,NA,"SSL",0,0,200,15
"scenarioA","X_125","indep",0,0,NA,"SSL",0,0,200,15
"scenarioA","X_126","indep",0,0,NA,"SSL",0,0,200,15
"scenarioA","X_127","indep",0,0,NA,"SSL",0,0,200,15
"scenarioA","X_128","indep",0,0,NA,"SSL",0,0,200,15
"scenarioA","X_129","indep",0,0,NA,"SSL",0,0,200,15
"scenarioA","X_130","indep",0,0,NA,"SSL",0,0,200,15
"scenarioA","X_131","indep",0,0,NA,"SSL",0,0,200,15
"scenarioA","X_132","indep",0,0,NA,"SSL",0,0,200,15
"scenarioA","X_133","indep",0,0,NA,"SSL",0,0,200,15
"scenarioA","X_134","indep",0,0,NA,"SSL",0.240219765231261,0.240219765231261,200,15
"scenarioA","X_135","indep",0,0,NA,"SSL",0,0,200,15
"scenarioA","X_136","indep",0,0,NA,"SSL",0,0,200,15
"scenarioA","X_137","indep",0,0,NA,"SSL",0,0,200,15
"scenarioA","X_138","indep",0,0,NA,"SSL",0,0,200,15
"scenarioA","X_139","indep",0,0,NA,"SSL",0,0,200,15
"scenarioA","X_140","indep",0,0,NA,"SSL",0,0,200,15
"scenarioA","X_141","indep",0,0,NA,"SSL",0,0,200,15
"scenarioA","X_142","indep",0,0,NA,"SSL",0,0,200,15
"scenarioA","X_143","indep",0,0,NA,"SSL",0,0,200,15
"scenarioA","X_144","indep",0,0,NA,"SSL",-0.238079433612698,-0.238079433612698,200,15
"scenarioA","X_145","indep",0,0,NA,"SSL",0,0,200,15
"scenarioA","X_146","indep",0,0,NA,"SSL",0,0,200,15
"scenarioA","X_147","indep",0,0,NA,"SSL",0,0,200,15
"scenarioA","X_148","indep",0,0,NA,"SSL",0,0,200,15
"scenarioA","X_149","indep",0,0,NA,"SSL",0,0,200,15
"scenarioA","X_150","indep",0,0,NA,"SSL",0,0,200,15
"scenarioA","X_151","indep",0,0,NA,"SSL",0,0,200,15
"scenarioA","X_152","indep",0,0,NA,"SSL",0,0,200,15
"scenarioA","X_153","indep",0,0,NA,"SSL",0,0,200,15
"scenarioA","X_154","indep",0,0,NA,"SSL",0,0,200,15
"scenarioA","X_155","weak",0.3,0,NA,"SSL",0,0,200,15
"scenarioA","X_156","weak",0.3,0,NA,"SSL",0,0,200,15
"scenarioA","X_157","weak",0.3,0,NA,"SSL",0,0,200,15
"scenarioA","X_158","weak",0.3,0,NA,"SSL",0,0,200,15
"scenarioA","X_159","weak",0.3,0,NA,"SSL",0,0,200,15
"scenarioA","X_160","weak",0.3,0,NA,"SSL",0,0,200,15
"scenarioA","X_161","weak",0.3,0,NA,"SSL",0,0,200,15
"scenarioA","X_162","weak",0.3,0,NA,"SSL",0,0,200,15
"scenarioA","X_163","weak",0.3,0,NA,"SSL",0,0,200,15
"scenarioA","X_164","weak",0.3,0,NA,"SSL",0,0,200,15
"scenarioA","X_165","weak",0.3,0,NA,"SSL",0,0,200,15
"scenarioA","X_166","weak",0.3,0,NA,"SSL",0,0,200,15
"scenarioA","X_167","weak",0.3,0,NA,"SSL",0,0,200,15
"scenarioA","X_168","weak",0.3,0,NA,"SSL",0,0,200,15
"scenarioA","X_169","weak",0.3,0,NA,"SSL",0,0,200,15
"scenarioA","X_170","weak",0.3,0,NA,"SSL",0,0,200,15
"scenarioA","X_171","weak",0.3,0,NA,"SSL",0,0,200,15
"scenarioA","X_172","weak",0.3,0,NA,"SSL",0,0,200,15
"scenarioA","X_173","weak",0.3,0,NA,"SSL",0,0,200,15
"scenarioA","X_174","weak",0.3,0,NA,"SSL",0,0,200,15
"scenarioA","X_175","weak",0.3,0,NA,"SSL",0,0,200,15
"scenarioA","X_176","weak",0.3,0,NA,"SSL",0,0,200,15
"scenarioA","X_177","weak",0.3,0,NA,"SSL",0,0,200,15
"scenarioA","X_178","weak",0.3,0,NA,"SSL",0,0,200,15
"scenarioA","X_179","weak",0.3,0,NA,"SSL",0,0,200,15
"scenarioA","X_180","weak",0.3,0,NA,"SSL",0,0,200,15
"scenarioA","X_181","weak",0.3,0,NA,"SSL",0,0,200,15
"scenarioA","X_182","weak",0.3,0,NA,"SSL",0,0,200,15
"scenarioA","X_183","weak",0.3,0,NA,"SSL",0,0,200,15
"scenarioA","X_184","weak",0.3,0,NA,"SSL",0,0,200,15
"scenarioA","X_185","weak",0.3,0,NA,"SSL",0,0,200,15
"scenarioA","X_186","weak",0.3,0,NA,"SSL",0,0,200,15
"scenarioA","X_187","weak",0.3,0,NA,"SSL",0,0,200,15
"scenarioA","X_188","weak",0.3,0,NA,"SSL",0,0,200,15
"scenarioA","X_189","weak",0.3,0,NA,"SSL",0,0,200,15
"scenarioA","X_190","weak",0.3,0,NA,"SSL",0,0,200,15
"scenarioA","X_191","weak",0.3,0,NA,"SSL",0,0,200,15
"scenarioA","X_192","weak",0.3,0,NA,"SSL",0,0,200,15
"scenarioA","X_193","weak",0.3,0,NA,"SSL",0,0,200,15
"scenarioA","X_194","weak",0.3,0,NA,"SSL",0,0,200,15
"scenarioA","X_195","weak",0.3,0,NA,"SSL",0,0,200,15
"scenarioA","X_196","weak",0.3,0,NA,"SSL",0,0,200,15
"scenarioA","X_197","weak",0.3,0,NA,"SSL",0,0,200,15
"scenarioA","X_198","weak",0.3,0,NA,"SSL",0,0,200,15
"scenarioA","X_199","weak",0.3,0,NA,"SSL",0,0,200,15
"scenarioA","X_200","weak",0.3,0,NA,"SSL",0,0,200,15
"scenarioA","X_201","weak",0.3,0,NA,"SSL",0,0,200,15
"scenarioA","X_202","weak",0.3,0,NA,"SSL",0,0,200,15
"scenarioA","X_203","weak",0.3,0,NA,"SSL",0,0,200,15
"scenarioA","X_204","weak",0.3,0,NA,"SSL",0,0,200,15
"scenarioA","X_205","weak",0.3,0,NA,"SSL",0,0,200,15
"scenarioA","X_206","weak",0.3,0,NA,"SSL",0,0,200,15
"scenarioA","X_207","weak",0.3,0,NA,"SSL",0,0,200,15
"scenarioA","X_208","weak",0.3,0,NA,"SSL",0,0,200,15
"scenarioA","X_209","weak",0.3,0,NA,"SSL",0,0,200,15
"scenarioA","X_210","weak",0.3,0,NA,"SSL",0,0,200,15
"scenarioA","X_211","weak",0.3,0,NA,"SSL",0,0,200,15
"scenarioA","X_212","weak",0.3,0,NA,"SSL",0,0,200,15
"scenarioA","X_213","weak",0.3,0,NA,"SSL",0,0,200,15
"scenarioA","X_214","weak",0.3,0,NA,"SSL",0,0,200,15
"scenarioA","X_215","weak",0.3,0,NA,"SSL",0,0,200,15
"scenarioA","X_216","weak",0.3,0,NA,"SSL",0,0,200,15
"scenarioA","X_217","weak",0.3,0,NA,"SSL",0.217782862183474,0.217782862183474,200,15
"scenarioA","X_218","weak",0.3,0,NA,"SSL",0,0,200,15
"scenarioA","X_219","weak",0.3,0,NA,"SSL",0,0,200,15
"scenarioA","X_220","weak",0.3,0,NA,"SSL",0,0,200,15
"scenarioA","X_221","weak",0.3,0,NA,"SSL",0,0,200,15
"scenarioA","X_222","weak",0.3,0,NA,"SSL",0,0,200,15
"scenarioA","X_223","weak",0.3,0,NA,"SSL",0,0,200,15
"scenarioA","X_224","weak",0.3,0,NA,"SSL",0,0,200,15
"scenarioA","X_225","weak",0.3,0,NA,"SSL",0,0,200,15
"scenarioA","X_226","weak",0.3,0,NA,"SSL",0,0,200,15
"scenarioA","X_227","weak",0.3,0,NA,"SSL",0,0,200,15
"scenarioA","X_228","strong",0.6,0,NA,"SSL",0,0,200,15
"scenarioA","X_229","strong",0.6,0,NA,"SSL",0,0,200,15
"scenarioA","X_230","strong",0.6,0,NA,"SSL",0,0,200,15
"scenarioA","X_231","strong",0.6,0,NA,"SSL",0,0,200,15
"scenarioA","X_232","strong",0.6,0,NA,"SSL",0,0,200,15
"scenarioA","X_233","strong",0.6,0,NA,"SSL",0,0,200,15
"scenarioA","X_234","strong",0.6,0,NA,"SSL",0,0,200,15
"scenarioA","X_235","strong",0.6,0,NA,"SSL",0,0,200,15
"scenarioA","X_236","strong",0.6,0,NA,"SSL",0,0,200,15
"scenarioA","X_237","strong",0.6,0,NA,"SSL",0,0,200,15
"scenarioA","X_238","strong",0.6,0,NA,"SSL",0,0,200,15
"scenarioA","X_239","strong",0.6,0,NA,"SSL",0,0,200,15
"scenarioA","X_240","strong",0.6,0,NA,"SSL",0,0,200,15
"scenarioA","X_241","strong",0.6,0,NA,"SSL",0,0,200,15
"scenarioA","X_242","strong",0.6,0,NA,"SSL",0,0,200,15
"scenarioA","X_243","strong",0.6,0,NA,"SSL",0,0,200,15
"scenarioA","X_244","strong",0.6,0,NA,"SSL",0,0,200,15
"scenarioA","X_245","strong",0.6,0,NA,"SSL",0,0,200,15
"scenarioA","X_246","strong",0.6,0,NA,"SSL",0,0,200,15
"scenarioA","X_247","strong",0.6,0,NA,"SSL",0,0,200,15
"scenarioA","X_248","strong",0.6,0,NA,"SSL",0,0,200,15
"scenarioA","X_249","strong",0.6,0,NA,"SSL",0,0,200,15
"scenarioA","X_250","strong",0.6,0,NA,"SSL",0,0,200,15
"scenarioA","X_251","strong",0.6,0,NA,"SSL",0,0,200,15
"scenarioA","X_252","strong",0.6,0,NA,"SSL",0,0,200,15
"scenarioA","X_253","strong",0.6,0,NA,"SSL",0,0,200,15
"scenarioA","X_254","strong",0.6,0,NA,"SSL",0,0,200,15
"scenarioA","X_255","strong",0.6,0,NA,"SSL",0,0,200,15
"scenarioA","X_256","strong",0.6,0,NA,"SSL",0,0,200,15
"scenarioA","X_257","strong",0.6,0,NA,"SSL",0,0,200,15
"scenarioA","X_258","strong",0.6,0,NA,"SSL",0,0,200,15
"scenarioA","X_259","strong",0.6,0,NA,"SSL",0,0,200,15
"scenarioA","X_260","strong",0.6,0,NA,"SSL",0,0,200,15
"scenarioA","X_261","strong",0.6,0,NA,"SSL",0,0,200,15
"scenarioA","X_262","strong",0.6,0,NA,"SSL",0,0,200,15
"scenarioA","X_263","strong",0.6,0,NA,"SSL",0,0,200,15
"scenarioA","X_264","strong",0.6,0,NA,"SSL",0,0,200,15
"scenarioA","X_265","strong",0.6,0,NA,"SSL",0,0,200,15
"scenarioA","X_266","strong",0.6,0,NA,"SSL",0,0,200,15
"scenarioA","X_267","strong",0.6,0,NA,"SSL",0,0,200,15
"scenarioA","X_268","strong",0.6,0,NA,"SSL",0,0,200,15
"scenarioA","X_269","strong",0.6,0,NA,"SSL",0.329696403674976,0.329696403674976,200,15
"scenarioA","X_270","strong",0.6,0,NA,"SSL",0,0,200,15
"scenarioA","X_271","strong",0.6,0,NA,"SSL",0,0,200,15
"scenarioA","X_272","strong",0.6,0,NA,"SSL",0,0,200,15
"scenarioA","X_273","strong",0.6,0,NA,"SSL",0,0,200,15
"scenarioA","X_274","strong",0.6,0,NA,"SSL",0,0,200,15
"scenarioA","X_275","strong",0.6,0,NA,"SSL",0,0,200,15
"scenarioA","X_276","strong",0.6,0,NA,"SSL",0,0,200,15
"scenarioA","X_277","strong",0.6,0,NA,"SSL",0,0,200,15
"scenarioA","X_278","strong",0.6,0,NA,"SSL",0,0,200,15
"scenarioA","X_279","strong",0.6,0,NA,"SSL",0,0,200,15
"scenarioA","X_280","strong",0.6,0,NA,"SSL",0,0,200,15
"scenarioA","X_281","strong",0.6,0,NA,"SSL",0,0,200,15
"scenarioA","X_282","strong",0.6,0,NA,"SSL",0,0,200,15
"scenarioA","X_283","strong",0.6,0,NA,"SSL",0,0,200,15
"scenarioA","X_284","strong",0.6,0,NA,"SSL",0,0,200,15
"scenarioA","X_285","strong",0.6,0,NA,"SSL",0,0,200,15
"scenarioA","X_286","strong",0.6,0,NA,"SSL",0,0,200,15
"scenarioA","X_287","strong",0.6,0,NA,"SSL",0,0,200,15
"scenarioA","X_288","strong",0.6,0,NA,"SSL",0,0,200,15
"scenarioA","X_289","strong",0.6,0,NA,"SSL",0,0,200,15
"scenarioA","X_290","strong",0.6,0,NA,"SSL",0,0,200,15
"scenarioA","X_291","strong",0.6,0,NA,"SSL",0,0,200,15
"scenarioA","X_292","strong",0.6,0,NA,"SSL",0,0,200,15
"scenarioA","X_293","strong",0.6,0,NA,"SSL",0,0,200,15
"scenarioA","X_294","strong",0.6,0,NA,"SSL",0,0,200,15
"scenarioA","X_295","strong",0.6,0,NA,"SSL",0,0,200,15
"scenarioA","X_296","strong",0.6,0,NA,"SSL",0,0,200,15
"scenarioA","X_297","strong",0.6,0,NA,"SSL",0,0,200,15
"scenarioA","X_298","strong",0.6,0,NA,"SSL",0,0,200,15
"scenarioA","X_299","strong",0.6,0,NA,"SSL",0,0,200,15
"scenarioA","X_300","strong",0.6,0,NA,"SSL",0,0,200,15
"scenarioA","X_1","strong",0.6,0.4,0.33818355303829,"LASSO",0,-0.4,200,15
"scenarioA","X_2","strong",0.6,-0.5,-0.533432814607053,"LASSO",-0.0667782286184884,0.433221771381512,200,15
"scenarioA","X_3","weak",0.3,0.6,0.508251312385662,"LASSO",0.177918352495404,-0.422081647504596,200,15
"scenarioA","X_4","weak",0.3,0.75,0.701369389866028,"LASSO",0.30174969315891,-0.44825030684109,200,15
"scenarioA","X_5","indep",0,-0.8,-0.71799546128526,"LASSO",-0.271405291765903,0.528594708234097,200,15
"scenarioA","X_6","indep",0,0,NA,"LASSO",0,0,200,15
"scenarioA","X_7","indep",0,0,NA,"LASSO",0,0,200,15
"scenarioA","X_8","indep",0,0,NA,"LASSO",0,0,200,15
"scenarioA","X_9","indep",0,0,NA,"LASSO",0,0,200,15
"scenarioA","X_10","indep",0,0,NA,"LASSO",0,0,200,15
"scenarioA","X_11","indep",0,0,NA,"LASSO",0,0,200,15
"scenarioA","X_12","indep",0,0,NA,"LASSO",0,0,200,15
"scenarioA","X_13","indep",0,0,NA,"LASSO",0,0,200,15
"scenarioA","X_14","indep",0,0,NA,"LASSO",0,0,200,15
"scenarioA","X_15","indep",0,0,NA,"LASSO",0,0,200,15
"scenarioA","X_16","indep",0,0,NA,"LASSO",0,0,200,15
"scenarioA","X_17","indep",0,0,NA,"LASSO",0,0,200,15
"scenarioA","X_18","indep",0,0,NA,"LASSO",0,0,200,15
"scenarioA","X_19","indep",0,0,NA,"LASSO",0,0,200,15
"scenarioA","X_20","indep",0,0,NA,"LASSO",0,0,200,15
"scenarioA","X_21","indep",0,0,NA,"LASSO",0,0,200,15
"scenarioA","X_22","indep",0,0,NA,"LASSO",0,0,200,15
"scenarioA","X_23","indep",0,0,NA,"LASSO",0,0,200,15
"scenarioA","X_24","indep",0,0,NA,"LASSO",0,0,200,15
"scenarioA","X_25","indep",0,0,NA,"LASSO",0,0,200,15
"scenarioA","X_26","indep",0,0,NA,"LASSO",0,0,200,15
"scenarioA","X_27","indep",0,0,NA,"LASSO",0,0,200,15
"scenarioA","X_28","indep",0,0,NA,"LASSO",0,0,200,15
"scenarioA","X_29","indep",0,0,NA,"LASSO",0,0,200,15
"scenarioA","X_30","indep",0,0,NA,"LASSO",0,0,200,15
"scenarioA","X_31","indep",0,0,NA,"LASSO",0,0,200,15
"scenarioA","X_32","indep",0,0,NA,"LASSO",0,0,200,15
"scenarioA","X_33","indep",0,0,NA,"LASSO",0,0,200,15
"scenarioA","X_34","indep",0,0,NA,"LASSO",0,0,200,15
"scenarioA","X_35","indep",0,0,NA,"LASSO",0,0,200,15
"scenarioA","X_36","indep",0,0,NA,"LASSO",0,0,200,15
"scenarioA","X_37","indep",0,0,NA,"LASSO",0,0,200,15
"scenarioA","X_38","indep",0,0,NA,"LASSO",0,0,200,15
"scenarioA","X_39","indep",0,0,NA,"LASSO",0,0,200,15
"scenarioA","X_40","indep",0,0,NA,"LASSO",0,0,200,15
"scenarioA","X_41","indep",0,0,NA,"LASSO",0,0,200,15
"scenarioA","X_42","indep",0,0,NA,"LASSO",0,0,200,15
"scenarioA","X_43","indep",0,0,NA,"LASSO",0,0,200,15
"scenarioA","X_44","indep",0,0,NA,"LASSO",0,0,200,15
"scenarioA","X_45","indep",0,0,NA,"LASSO",0,0,200,15
"scenarioA","X_46","indep",0,0,NA,"LASSO",0,0,200,15
"scenarioA","X_47","indep",0,0,NA,"LASSO",0,0,200,15
"scenarioA","X_48","indep",0,0,NA,"LASSO",0,0,200,15
"scenarioA","X_49","indep",0,0,NA,"LASSO",0,0,200,15
"scenarioA","X_50","indep",0,0,NA,"LASSO",0,0,200,15
"scenarioA","X_51","indep",0,0,NA,"LASSO",0,0,200,15
"scenarioA","X_52","indep",0,0,NA,"LASSO",0,0,200,15
"scenarioA","X_53","indep",0,0,NA,"LASSO",0,0,200,15
"scenarioA","X_54","indep",0,0,NA,"LASSO",0,0,200,15
"scenarioA","X_55","indep",0,0,NA,"LASSO",0,0,200,15
"scenarioA","X_56","indep",0,0,NA,"LASSO",0,0,200,15
"scenarioA","X_57","indep",0,0,NA,"LASSO",0,0,200,15
"scenarioA","X_58","indep",0,0,NA,"LASSO",0,0,200,15
"scenarioA","X_59","indep",0,0,NA,"LASSO",0,0,200,15
"scenarioA","X_60","indep",0,0,NA,"LASSO",0,0,200,15
"scenarioA","X_61","indep",0,0,NA,"LASSO",0,0,200,15
"scenarioA","X_62","indep",0,0,NA,"LASSO",0,0,200,15
"scenarioA","X_63","indep",0,0,NA,"LASSO",0,0,200,15
"scenarioA","X_64","indep",0,0,NA,"LASSO",0,0,200,15
"scenarioA","X_65","indep",0,0,NA,"LASSO",0,0,200,15
"scenarioA","X_66","indep",0,0,NA,"LASSO",0,0,200,15
"scenarioA","X_67","indep",0,0,NA,"LASSO",0,0,200,15
"scenarioA","X_68","indep",0,0,NA,"LASSO",0,0,200,15
"scenarioA","X_69","indep",0,0,NA,"LASSO",0,0,200,15
"scenarioA","X_70","indep",0,0,NA,"LASSO",0,0,200,15
"scenarioA","X_71","indep",0,0,NA,"LASSO",0,0,200,15
"scenarioA","X_72","indep",0,0,NA,"LASSO",0,0,200,15
"scenarioA","X_73","indep",0,0,NA,"LASSO",0,0,200,15
"scenarioA","X_74","indep",0,0,NA,"LASSO",0,0,200,15
"scenarioA","X_75","indep",0,0,NA,"LASSO",0,0,200,15
"scenarioA","X_76","indep",0,0,NA,"LASSO",0,0,200,15
"scenarioA","X_77","indep",0,0,NA,"LASSO",0,0,200,15
"scenarioA","X_78","indep",0,0,NA,"LASSO",0,0,200,15
"scenarioA","X_79","indep",0,0,NA,"LASSO",0,0,200,15
"scenarioA","X_80","indep",0,0,NA,"LASSO",0,0,200,15
"scenarioA","X_81","indep",0,0,NA,"LASSO",0,0,200,15
"scenarioA","X_82","indep",0,0,NA,"LASSO",0,0,200,15
"scenarioA","X_83","indep",0,0,NA,"LASSO",0,0,200,15
"scenarioA","X_84","indep",0,0,NA,"LASSO",0,0,200,15
"scenarioA","X_85","indep",0,0,NA,"LASSO",0,0,200,15
"scenarioA","X_86","indep",0,0,NA,"LASSO",0,0,200,15
"scenarioA","X_87","indep",0,0,NA,"LASSO",0,0,200,15
"scenarioA","X_88","indep",0,0,NA,"LASSO",0,0,200,15
"scenarioA","X_89","indep",0,0,NA,"LASSO",0,0,200,15
"scenarioA","X_90","indep",0,0,NA,"LASSO",0,0,200,15
"scenarioA","X_91","indep",0,0,NA,"LASSO",0,0,200,15
"scenarioA","X_92","indep",0,0,NA,"LASSO",0,0,200,15
"scenarioA","X_93","indep",0,0,NA,"LASSO",0,0,200,15
"scenarioA","X_94","indep",0,0,NA,"LASSO",0,0,200,15
"scenarioA","X_95","indep",0,0,NA,"LASSO",0,0,200,15
"scenarioA","X_96","indep",0,0,NA,"LASSO",0,0,200,15
"scenarioA","X_97","indep",0,0,NA,"LASSO",0,0,200,15
"scenarioA","X_98","indep",0,0,NA,"LASSO",0,0,200,15
"scenarioA","X_99","indep",0,0,NA,"LASSO",0,0,200,15
"scenarioA","X_100","indep",0,0,NA,"LASSO",0,0,200,15
"scenarioA","X_101","indep",0,0,NA,"LASSO",0,0,200,15
"scenarioA","X_102","indep",0,0,NA,"LASSO",0,0,200,15
"scenarioA","X_103","indep",0,0,NA,"LASSO",0,0,200,15
"scenarioA","X_104","indep",0,0,NA,"LASSO",0,0,200,15
"scenarioA","X_105","indep",0,0,NA,"LASSO",0,0,200,15
"scenarioA","X_106","indep",0,0,NA,"LASSO",0,0,200,15
"scenarioA","X_107","indep",0,0,NA,"LASSO",0,0,200,15
"scenarioA","X_108","indep",0,0,NA,"LASSO",0,0,200,15
"scenarioA","X_109","indep",0,0,NA,"LASSO",0,0,200,15
"scenarioA","X_110","indep",0,0,NA,"LASSO",0,0,200,15
"scenarioA","X_111","indep",0,0,NA,"LASSO",0,0,200,15
"scenarioA","X_112","indep",0,0,NA,"LASSO",0,0,200,15
"scenarioA","X_113","indep",0,0,NA,"LASSO",0,0,200,15
"scenarioA","X_114","indep",0,0,NA,"LASSO",0,0,200,15
"scenarioA","X_115","indep",0,0,NA,"LASSO",0,0,200,15
"scenarioA","X_116","indep",0,0,NA,"LASSO",0,0,200,15
"scenarioA","X_117","indep",0,0,NA,"LASSO",0,0,200,15
"scenarioA","X_118","indep",0,0,NA,"LASSO",0,0,200,15
"scenarioA","X_119","indep",0,0,NA,"LASSO",0,0,200,15
"scenarioA","X_120","indep",0,0,NA,"LASSO",0,0,200,15
"scenarioA","X_121","indep",0,0,NA,"LASSO",0,0,200,15
"scenarioA","X_122","indep",0,0,NA,"LASSO",0,0,200,15
"scenarioA","X_123","indep",0,0,NA,"LASSO",0,0,200,15
"scenarioA","X_124","indep",0,0,NA,"LASSO",0,0,200,15
"scenarioA","X_125","indep",0,0,NA,"LASSO",0,0,200,15
"scenarioA","X_126","indep",0,0,NA,"LASSO",0,0,200,15
"scenarioA","X_127","indep",0,0,NA,"LASSO",0,0,200,15
"scenarioA","X_128","indep",0,0,NA,"LASSO",0,0,200,15
"scenarioA","X_129","indep",0,0,NA,"LASSO",0,0,200,15
"scenarioA","X_130","indep",0,0,NA,"LASSO",0,0,200,15
"scenarioA","X_131","indep",0,0,NA,"LASSO",0,0,200,15
"scenarioA","X_132","indep",0,0,NA,"LASSO",0,0,200,15
"scenarioA","X_133","indep",0,0,NA,"LASSO",0,0,200,15
"scenarioA","X_134","indep",0,0,NA,"LASSO",0,0,200,15
"scenarioA","X_135","indep",0,0,NA,"LASSO",0,0,200,15
"scenarioA","X_136","indep",0,0,NA,"LASSO",0,0,200,15
"scenarioA","X_137","indep",0,0,NA,"LASSO",0,0,200,15
"scenarioA","X_138","indep",0,0,NA,"LASSO",0,0,200,15
"scenarioA","X_139","indep",0,0,NA,"LASSO",0,0,200,15
"scenarioA","X_140","indep",0,0,NA,"LASSO",0,0,200,15
"scenarioA","X_141","indep",0,0,NA,"LASSO",0,0,200,15
"scenarioA","X_142","indep",0,0,NA,"LASSO",0,0,200,15
"scenarioA","X_143","indep",0,0,NA,"LASSO",0,0,200,15
"scenarioA","X_144","indep",0,0,NA,"LASSO",0,0,200,15
"scenarioA","X_145","indep",0,0,NA,"LASSO",0,0,200,15
"scenarioA","X_146","indep",0,0,NA,"LASSO",0,0,200,15
"scenarioA","X_147","indep",0,0,NA,"LASSO",0,0,200,15
"scenarioA","X_148","indep",0,0,NA,"LASSO",0,0,200,15
"scenarioA","X_149","indep",0,0,NA,"LASSO",0,0,200,15
"scenarioA","X_150","indep",0,0,NA,"LASSO",0,0,200,15
"scenarioA","X_151","indep",0,0,NA,"LASSO",0,0,200,15
"scenarioA","X_152","indep",0,0,NA,"LASSO",0,0,200,15
"scenarioA","X_153","indep",0,0,NA,"LASSO",0,0,200,15
"scenarioA","X_154","indep",0,0,NA,"LASSO",0,0,200,15
"scenarioA","X_155","weak",0.3,0,NA,"LASSO",0,0,200,15
"scenarioA","X_156","weak",0.3,0,NA,"LASSO",0,0,200,15
"scenarioA","X_157","weak",0.3,0,NA,"LASSO",0,0,200,15
"scenarioA","X_158","weak",0.3,0,NA,"LASSO",0,0,200,15
"scenarioA","X_159","weak",0.3,0,NA,"LASSO",0,0,200,15
"scenarioA","X_160","weak",0.3,0,NA,"LASSO",0,0,200,15
"scenarioA","X_161","weak",0.3,0,NA,"LASSO",0,0,200,15
"scenarioA","X_162","weak",0.3,0,NA,"LASSO",0,0,200,15
"scenarioA","X_163","weak",0.3,0,NA,"LASSO",0,0,200,15
"scenarioA","X_164","weak",0.3,0,NA,"LASSO",0,0,200,15
"scenarioA","X_165","weak",0.3,0,NA,"LASSO",0,0,200,15
"scenarioA","X_166","weak",0.3,0,NA,"LASSO",0,0,200,15
"scenarioA","X_167","weak",0.3,0,NA,"LASSO",0,0,200,15
"scenarioA","X_168","weak",0.3,0,NA,"LASSO",0,0,200,15
"scenarioA","X_169","weak",0.3,0,NA,"LASSO",0,0,200,15
"scenarioA","X_170","weak",0.3,0,NA,"LASSO",0,0,200,15
"scenarioA","X_171","weak",0.3,0,NA,"LASSO",0,0,200,15
"scenarioA","X_172","weak",0.3,0,NA,"LASSO",0,0,200,15
"scenarioA","X_173","weak",0.3,0,NA,"LASSO",0,0,200,15
"scenarioA","X_174","weak",0.3,0,NA,"LASSO",0,0,200,15
"scenarioA","X_175","weak",0.3,0,NA,"LASSO",0,0,200,15
"scenarioA","X_176","weak",0.3,0,NA,"LASSO",0,0,200,15
"scenarioA","X_177","weak",0.3,0,NA,"LASSO",0,0,200,15
"scenarioA","X_178","weak",0.3,0,NA,"LASSO",0,0,200,15
"scenarioA","X_179","weak",0.3,0,NA,"LASSO",0,0,200,15
"scenarioA","X_180","weak",0.3,0,NA,"LASSO",0,0,200,15
"scenarioA","X_181","weak",0.3,0,NA,"LASSO",0,0,200,15
"scenarioA","X_182","weak",0.3,0,NA,"LASSO",0,0,200,15
"scenarioA","X_183","weak",0.3,0,NA,"LASSO",0,0,200,15
"scenarioA","X_184","weak",0.3,0,NA,"LASSO",0,0,200,15
"scenarioA","X_185","weak",0.3,0,NA,"LASSO",0,0,200,15
"scenarioA","X_186","weak",0.3,0,NA,"LASSO",0,0,200,15
"scenarioA","X_187","weak",0.3,0,NA,"LASSO",0,0,200,15
"scenarioA","X_188","weak",0.3,0,NA,"LASSO",0,0,200,15
"scenarioA","X_189","weak",0.3,0,NA,"LASSO",0,0,200,15
"scenarioA","X_190","weak",0.3,0,NA,"LASSO",0,0,200,15
"scenarioA","X_191","weak",0.3,0,NA,"LASSO",0,0,200,15
"scenarioA","X_192","weak",0.3,0,NA,"LASSO",0,0,200,15
"scenarioA","X_193","weak",0.3,0,NA,"LASSO",0,0,200,15
"scenarioA","X_194","weak",0.3,0,NA,"LASSO",0,0,200,15
"scenarioA","X_195","weak",0.3,0,NA,"LASSO",0,0,200,15
"scenarioA","X_196","weak",0.3,0,NA,"LASSO",0,0,200,15
"scenarioA","X_197","weak",0.3,0,NA,"LASSO",0,0,200,15
"scenarioA","X_198","weak",0.3,0,NA,"LASSO",0,0,200,15
"scenarioA","X_199","weak",0.3,0,NA,"LASSO",0,0,200,15
"scenarioA","X_200","weak",0.3,0,NA,"LASSO",0,0,200,15
"scenarioA","X_201","weak",0.3,0,NA,"LASSO",0,0,200,15
"scenarioA","X_202","weak",0.3,0,NA,"LASSO",0,0,200,15
"scenarioA","X_203","weak",0.3,0,NA,"LASSO",0,0,200,15
"scenarioA","X_204","weak",0.3,0,NA,"LASSO",0,0,200,15
"scenarioA","X_205","weak",0.3,0,NA,"LASSO",0,0,200,15
"scenarioA","X_206","weak",0.3,0,NA,"LASSO",0,0,200,15
"scenarioA","X_207","weak",0.3,0,NA,"LASSO",0,0,200,15
"scenarioA","X_208","weak",0.3,0,NA,"LASSO",0,0,200,15
"scenarioA","X_209","weak",0.3,0,NA,"LASSO",0,0,200,15
"scenarioA","X_210","weak",0.3,0,NA,"LASSO",0,0,200,15
"scenarioA","X_211","weak",0.3,0,NA,"LASSO",0,0,200,15
"scenarioA","X_212","weak",0.3,0,NA,"LASSO",0,0,200,15
"scenarioA","X_213","weak",0.3,0,NA,"LASSO",0,0,200,15
"scenarioA","X_214","weak",0.3,0,NA,"LASSO",0,0,200,15
"scenarioA","X_215","weak",0.3,0,NA,"LASSO",0,0,200,15
"scenarioA","X_216","weak",0.3,0,NA,"LASSO",0,0,200,15
"scenarioA","X_217","weak",0.3,0,NA,"LASSO",0.0310759087196995,0.0310759087196995,200,15
"scenarioA","X_218","weak",0.3,0,NA,"LASSO",0,0,200,15
"scenarioA","X_219","weak",0.3,0,NA,"LASSO",0,0,200,15
"scenarioA","X_220","weak",0.3,0,NA,"LASSO",0,0,200,15
"scenarioA","X_221","weak",0.3,0,NA,"LASSO",0,0,200,15
"scenarioA","X_222","weak",0.3,0,NA,"LASSO",0,0,200,15
"scenarioA","X_223","weak",0.3,0,NA,"LASSO",0,0,200,15
"scenarioA","X_224","weak",0.3,0,NA,"LASSO",0,0,200,15
"scenarioA","X_225","weak",0.3,0,NA,"LASSO",0,0,200,15
"scenarioA","X_226","weak",0.3,0,NA,"LASSO",0,0,200,15
"scenarioA","X_227","weak",0.3,0,NA,"LASSO",0,0,200,15
"scenarioA","X_228","strong",0.6,0,NA,"LASSO",0,0,200,15
"scenarioA","X_229","strong",0.6,0,NA,"LASSO",0,0,200,15
"scenarioA","X_230","strong",0.6,0,NA,"LASSO",0,0,200,15
"scenarioA","X_231","strong",0.6,0,NA,"LASSO",0,0,200,15
"scenarioA","X_232","strong",0.6,0,NA,"LASSO",0,0,200,15
"scenarioA","X_233","strong",0.6,0,NA,"LASSO",0,0,200,15
"scenarioA","X_234","strong",0.6,0,NA,"LASSO",0,0,200,15
"scenarioA","X_235","strong",0.6,0,NA,"LASSO",0,0,200,15
"scenarioA","X_236","strong",0.6,0,NA,"LASSO",0,0,200,15
"scenarioA","X_237","strong",0.6,0,NA,"LASSO",0,0,200,15
"scenarioA","X_238","strong",0.6,0,NA,"LASSO",0,0,200,15
"scenarioA","X_239","strong",0.6,0,NA,"LASSO",0,0,200,15
"scenarioA","X_240","strong",0.6,0,NA,"LASSO",0,0,200,15
"scenarioA","X_241","strong",0.6,0,NA,"LASSO",0,0,200,15
"scenarioA","X_242","strong",0.6,0,NA,"LASSO",0,0,200,15
"scenarioA","X_243","strong",0.6,0,NA,"LASSO",0,0,200,15
"scenarioA","X_244","strong",0.6,0,NA,"LASSO",0,0,200,15
"scenarioA","X_245","strong",0.6,0,NA,"LASSO",0,0,200,15
"scenarioA","X_246","strong",0.6,0,NA,"LASSO",0,0,200,15
"scenarioA","X_247","strong",0.6,0,NA,"LASSO",0,0,200,15
"scenarioA","X_248","strong",0.6,0,NA,"LASSO",0,0,200,15
"scenarioA","X_249","strong",0.6,0,NA,"LASSO",0,0,200,15
"scenarioA","X_250","strong",0.6,0,NA,"LASSO",0,0,200,15
"scenarioA","X_251","strong",0.6,0,NA,"LASSO",0,0,200,15
"scenarioA","X_252","strong",0.6,0,NA,"LASSO",0,0,200,15
"scenarioA","X_253","strong",0.6,0,NA,"LASSO",0,0,200,15
"scenarioA","X_254","strong",0.6,0,NA,"LASSO",0,0,200,15
"scenarioA","X_255","strong",0.6,0,NA,"LASSO",0,0,200,15
"scenarioA","X_256","strong",0.6,0,NA,"LASSO",0,0,200,15
"scenarioA","X_257","strong",0.6,0,NA,"LASSO",0,0,200,15
"scenarioA","X_258","strong",0.6,0,NA,"LASSO",0,0,200,15
"scenarioA","X_259","strong",0.6,0,NA,"LASSO",0,0,200,15
"scenarioA","X_260","strong",0.6,0,NA,"LASSO",0,0,200,15
"scenarioA","X_261","strong",0.6,0,NA,"LASSO",0,0,200,15
"scenarioA","X_262","strong",0.6,0,NA,"LASSO",0,0,200,15
"scenarioA","X_263","strong",0.6,0,NA,"LASSO",0,0,200,15
"scenarioA","X_264","strong",0.6,0,NA,"LASSO",0,0,200,15
"scenarioA","X_265","strong",0.6,0,NA,"LASSO",0,0,200,15
"scenarioA","X_266","strong",0.6,0,NA,"LASSO",0,0,200,15
"scenarioA","X_267","strong",0.6,0,NA,"LASSO",0,0,200,15
"scenarioA","X_268","strong",0.6,0,NA,"LASSO",0,0,200,15
"scenarioA","X_269","strong",0.6,0,NA,"LASSO",0,0,200,15
"scenarioA","X_270","strong",0.6,0,NA,"LASSO",0,0,200,15
"scenarioA","X_271","strong",0.6,0,NA,"LASSO",0,0,200,15
"scenarioA","X_272","strong",0.6,0,NA,"LASSO",0,0,200,15
"scenarioA","X_273","strong",0.6,0,NA,"LASSO",0,0,200,15
"scenarioA","X_274","strong",0.6,0,NA,"LASSO",0,0,200,15
"scenarioA","X_275","strong",0.6,0,NA,"LASSO",0,0,200,15
"scenarioA","X_276","strong",0.6,0,NA,"LASSO",0,0,200,15
"scenarioA","X_277","strong",0.6,0,NA,"LASSO",0,0,200,15
"scenarioA","X_278","strong",0.6,0,NA,"LASSO",0,0,200,15
"scenarioA","X_279","strong",0.6,0,NA,"LASSO",0,0,200,15
"scenarioA","X_280","strong",0.6,0,NA,"LASSO",0,0,200,15
"scenarioA","X_281","strong",0.6,0,NA,"LASSO",0,0,200,15
"scenarioA","X_282","strong",0.6,0,NA,"LASSO",0,0,200,15
"scenarioA","X_283","strong",0.6,0,NA,"LASSO",0,0,200,15
"scenarioA","X_284","strong",0.6,0,NA,"LASSO",0,0,200,15
"scenarioA","X_285","strong",0.6,0,NA,"LASSO",0,0,200,15
"scenarioA","X_286","strong",0.6,0,NA,"LASSO",0,0,200,15
"scenarioA","X_287","strong",0.6,0,NA,"LASSO",0,0,200,15
"scenarioA","X_288","strong",0.6,0,NA,"LASSO",0,0,200,15
"scenarioA","X_289","strong",0.6,0,NA,"LASSO",0,0,200,15
"scenarioA","X_290","strong",0.6,0,NA,"LASSO",0,0,200,15
"scenarioA","X_291","strong",0.6,0,NA,"LASSO",0,0,200,15
"scenarioA","X_292","strong",0.6,0,NA,"LASSO",0,0,200,15
"scenarioA","X_293","strong",0.6,0,NA,"LASSO",0,0,200,15
"scenarioA","X_294","strong",0.6,0,NA,"LASSO",0,0,200,15
"scenarioA","X_295","strong",0.6,0,NA,"LASSO",0,0,200,15
"scenarioA","X_296","strong",0.6,0,NA,"LASSO",0,0,200,15
"scenarioA","X_297","strong",0.6,0,NA,"LASSO",0,0,200,15
"scenarioA","X_298","strong",0.6,0,NA,"LASSO",0,0,200,15
"scenarioA","X_299","strong",0.6,0,NA,"LASSO",0,0,200,15
"scenarioA","X_300","strong",0.6,0,NA,"LASSO",0,0,200,15
"scenarioA","X_1","strong",0.6,0.4,0.306715257800661,"SSL",0,-0.4,200,16
"scenarioA","X_2","strong",0.6,-0.5,-0.430533128030919,"SSL",-0.193201213379162,0.306798786620838,200,16
"scenarioA","X_3","weak",0.3,0.6,0.630236525547675,"SSL",0.553767678465463,-0.0462323215345367,200,16
"scenarioA","X_4","weak",0.3,0.75,0.670881359743565,"SSL",0.586244576133098,-0.163755423866902,200,16
"scenarioA","X_5","indep",0,-0.8,-0.626996241064103,"SSL",-0.537151415770411,0.262848584229589,200,16
"scenarioA","X_6","indep",0,0,NA,"SSL",0,0,200,16
"scenarioA","X_7","indep",0,0,NA,"SSL",0,0,200,16
"scenarioA","X_8","indep",0,0,NA,"SSL",0,0,200,16
"scenarioA","X_9","indep",0,0,NA,"SSL",0,0,200,16
"scenarioA","X_10","indep",0,0,NA,"SSL",0,0,200,16
"scenarioA","X_11","indep",0,0,NA,"SSL",0,0,200,16
"scenarioA","X_12","indep",0,0,NA,"SSL",0,0,200,16
"scenarioA","X_13","indep",0,0,NA,"SSL",0,0,200,16
"scenarioA","X_14","indep",0,0,NA,"SSL",0,0,200,16
"scenarioA","X_15","indep",0,0,NA,"SSL",0,0,200,16
"scenarioA","X_16","indep",0,0,NA,"SSL",0,0,200,16
"scenarioA","X_17","indep",0,0,NA,"SSL",0,0,200,16
"scenarioA","X_18","indep",0,0,NA,"SSL",0,0,200,16
"scenarioA","X_19","indep",0,0,NA,"SSL",0,0,200,16
"scenarioA","X_20","indep",0,0,NA,"SSL",0,0,200,16
"scenarioA","X_21","indep",0,0,NA,"SSL",0,0,200,16
"scenarioA","X_22","indep",0,0,NA,"SSL",0,0,200,16
"scenarioA","X_23","indep",0,0,NA,"SSL",0,0,200,16
"scenarioA","X_24","indep",0,0,NA,"SSL",0,0,200,16
"scenarioA","X_25","indep",0,0,NA,"SSL",0,0,200,16
"scenarioA","X_26","indep",0,0,NA,"SSL",0,0,200,16
"scenarioA","X_27","indep",0,0,NA,"SSL",0,0,200,16
"scenarioA","X_28","indep",0,0,NA,"SSL",0,0,200,16
"scenarioA","X_29","indep",0,0,NA,"SSL",0,0,200,16
"scenarioA","X_30","indep",0,0,NA,"SSL",0,0,200,16
"scenarioA","X_31","indep",0,0,NA,"SSL",0,0,200,16
"scenarioA","X_32","indep",0,0,NA,"SSL",0,0,200,16
"scenarioA","X_33","indep",0,0,NA,"SSL",0,0,200,16
"scenarioA","X_34","indep",0,0,NA,"SSL",0,0,200,16
"scenarioA","X_35","indep",0,0,NA,"SSL",0,0,200,16
"scenarioA","X_36","indep",0,0,NA,"SSL",0,0,200,16
"scenarioA","X_37","indep",0,0,NA,"SSL",0,0,200,16
"scenarioA","X_38","indep",0,0,NA,"SSL",0,0,200,16
"scenarioA","X_39","indep",0,0,NA,"SSL",0,0,200,16
"scenarioA","X_40","indep",0,0,NA,"SSL",0,0,200,16
"scenarioA","X_41","indep",0,0,NA,"SSL",0,0,200,16
"scenarioA","X_42","indep",0,0,NA,"SSL",0,0,200,16
"scenarioA","X_43","indep",0,0,NA,"SSL",0,0,200,16
"scenarioA","X_44","indep",0,0,NA,"SSL",0,0,200,16
"scenarioA","X_45","indep",0,0,NA,"SSL",0,0,200,16
"scenarioA","X_46","indep",0,0,NA,"SSL",0,0,200,16
"scenarioA","X_47","indep",0,0,NA,"SSL",0,0,200,16
"scenarioA","X_48","indep",0,0,NA,"SSL",0,0,200,16
"scenarioA","X_49","indep",0,0,NA,"SSL",0,0,200,16
"scenarioA","X_50","indep",0,0,NA,"SSL",0,0,200,16
"scenarioA","X_51","indep",0,0,NA,"SSL",0,0,200,16
"scenarioA","X_52","indep",0,0,NA,"SSL",0,0,200,16
"scenarioA","X_53","indep",0,0,NA,"SSL",0,0,200,16
"scenarioA","X_54","indep",0,0,NA,"SSL",-0.113040500366808,-0.113040500366808,200,16
"scenarioA","X_55","indep",0,0,NA,"SSL",0,0,200,16
"scenarioA","X_56","indep",0,0,NA,"SSL",0,0,200,16
"scenarioA","X_57","indep",0,0,NA,"SSL",0,0,200,16
"scenarioA","X_58","indep",0,0,NA,"SSL",0,0,200,16
"scenarioA","X_59","indep",0,0,NA,"SSL",0,0,200,16
"scenarioA","X_60","indep",0,0,NA,"SSL",0,0,200,16
"scenarioA","X_61","indep",0,0,NA,"SSL",0,0,200,16
"scenarioA","X_62","indep",0,0,NA,"SSL",0,0,200,16
"scenarioA","X_63","indep",0,0,NA,"SSL",0,0,200,16
"scenarioA","X_64","indep",0,0,NA,"SSL",0,0,200,16
"scenarioA","X_65","indep",0,0,NA,"SSL",0,0,200,16
"scenarioA","X_66","indep",0,0,NA,"SSL",0,0,200,16
"scenarioA","X_67","indep",0,0,NA,"SSL",0,0,200,16
"scenarioA","X_68","indep",0,0,NA,"SSL",0,0,200,16
"scenarioA","X_69","indep",0,0,NA,"SSL",0,0,200,16
"scenarioA","X_70","indep",0,0,NA,"SSL",0,0,200,16
"scenarioA","X_71","indep",0,0,NA,"SSL",0,0,200,16
"scenarioA","X_72","indep",0,0,NA,"SSL",0,0,200,16
"scenarioA","X_73","indep",0,0,NA,"SSL",0,0,200,16
"scenarioA","X_74","indep",0,0,NA,"SSL",0,0,200,16
"scenarioA","X_75","indep",0,0,NA,"SSL",0,0,200,16
"scenarioA","X_76","indep",0,0,NA,"SSL",0,0,200,16
"scenarioA","X_77","indep",0,0,NA,"SSL",0,0,200,16
"scenarioA","X_78","indep",0,0,NA,"SSL",0,0,200,16
"scenarioA","X_79","indep",0,0,NA,"SSL",0,0,200,16
"scenarioA","X_80","indep",0,0,NA,"SSL",0,0,200,16
"scenarioA","X_81","indep",0,0,NA,"SSL",0,0,200,16
"scenarioA","X_82","indep",0,0,NA,"SSL",0,0,200,16
"scenarioA","X_83","indep",0,0,NA,"SSL",0,0,200,16
"scenarioA","X_84","indep",0,0,NA,"SSL",0,0,200,16
"scenarioA","X_85","indep",0,0,NA,"SSL",0,0,200,16
"scenarioA","X_86","indep",0,0,NA,"SSL",0,0,200,16
"scenarioA","X_87","indep",0,0,NA,"SSL",0,0,200,16
"scenarioA","X_88","indep",0,0,NA,"SSL",0,0,200,16
"scenarioA","X_89","indep",0,0,NA,"SSL",0,0,200,16
"scenarioA","X_90","indep",0,0,NA,"SSL",0,0,200,16
"scenarioA","X_91","indep",0,0,NA,"SSL",0,0,200,16
"scenarioA","X_92","indep",0,0,NA,"SSL",0,0,200,16
"scenarioA","X_93","indep",0,0,NA,"SSL",0,0,200,16
"scenarioA","X_94","indep",0,0,NA,"SSL",0,0,200,16
"scenarioA","X_95","indep",0,0,NA,"SSL",0,0,200,16
"scenarioA","X_96","indep",0,0,NA,"SSL",0,0,200,16
"scenarioA","X_97","indep",0,0,NA,"SSL",0,0,200,16
"scenarioA","X_98","indep",0,0,NA,"SSL",0,0,200,16
"scenarioA","X_99","indep",0,0,NA,"SSL",0,0,200,16
"scenarioA","X_100","indep",0,0,NA,"SSL",0,0,200,16
"scenarioA","X_101","indep",0,0,NA,"SSL",0,0,200,16
"scenarioA","X_102","indep",0,0,NA,"SSL",0,0,200,16
"scenarioA","X_103","indep",0,0,NA,"SSL",0,0,200,16
"scenarioA","X_104","indep",0,0,NA,"SSL",0,0,200,16
"scenarioA","X_105","indep",0,0,NA,"SSL",0,0,200,16
"scenarioA","X_106","indep",0,0,NA,"SSL",0,0,200,16
"scenarioA","X_107","indep",0,0,NA,"SSL",0,0,200,16
"scenarioA","X_108","indep",0,0,NA,"SSL",0,0,200,16
"scenarioA","X_109","indep",0,0,NA,"SSL",0,0,200,16
"scenarioA","X_110","indep",0,0,NA,"SSL",0,0,200,16
"scenarioA","X_111","indep",0,0,NA,"SSL",0,0,200,16
"scenarioA","X_112","indep",0,0,NA,"SSL",0,0,200,16
"scenarioA","X_113","indep",0,0,NA,"SSL",0,0,200,16
"scenarioA","X_114","indep",0,0,NA,"SSL",0,0,200,16
"scenarioA","X_115","indep",0,0,NA,"SSL",0,0,200,16
"scenarioA","X_116","indep",0,0,NA,"SSL",-0.212175360749587,-0.212175360749587,200,16
"scenarioA","X_117","indep",0,0,NA,"SSL",-0.210213667006097,-0.210213667006097,200,16
"scenarioA","X_118","indep",0,0,NA,"SSL",0,0,200,16
"scenarioA","X_119","indep",0,0,NA,"SSL",0,0,200,16
"scenarioA","X_120","indep",0,0,NA,"SSL",0,0,200,16
"scenarioA","X_121","indep",0,0,NA,"SSL",0,0,200,16
"scenarioA","X_122","indep",0,0,NA,"SSL",0,0,200,16
"scenarioA","X_123","indep",0,0,NA,"SSL",0,0,200,16
"scenarioA","X_124","indep",0,0,NA,"SSL",0,0,200,16
"scenarioA","X_125","indep",0,0,NA,"SSL",0,0,200,16
"scenarioA","X_126","indep",0,0,NA,"SSL",0,0,200,16
"scenarioA","X_127","indep",0,0,NA,"SSL",-0.211433734958104,-0.211433734958104,200,16
"scenarioA","X_128","indep",0,0,NA,"SSL",0.234852782172778,0.234852782172778,200,16
"scenarioA","X_129","indep",0,0,NA,"SSL",0,0,200,16
"scenarioA","X_130","indep",0,0,NA,"SSL",0,0,200,16
"scenarioA","X_131","indep",0,0,NA,"SSL",0,0,200,16
"scenarioA","X_132","indep",0,0,NA,"SSL",0,0,200,16
"scenarioA","X_133","indep",0,0,NA,"SSL",0,0,200,16
"scenarioA","X_134","indep",0,0,NA,"SSL",0,0,200,16
"scenarioA","X_135","indep",0,0,NA,"SSL",0,0,200,16
"scenarioA","X_136","indep",0,0,NA,"SSL",0,0,200,16
"scenarioA","X_137","indep",0,0,NA,"SSL",0,0,200,16
"scenarioA","X_138","indep",0,0,NA,"SSL",0.201029901389082,0.201029901389082,200,16
"scenarioA","X_139","indep",0,0,NA,"SSL",0,0,200,16
"scenarioA","X_140","indep",0,0,NA,"SSL",0,0,200,16
"scenarioA","X_141","indep",0,0,NA,"SSL",0,0,200,16
"scenarioA","X_142","indep",0,0,NA,"SSL",0,0,200,16
"scenarioA","X_143","indep",0,0,NA,"SSL",0,0,200,16
"scenarioA","X_144","indep",0,0,NA,"SSL",0,0,200,16
"scenarioA","X_145","indep",0,0,NA,"SSL",0,0,200,16
"scenarioA","X_146","indep",0,0,NA,"SSL",0,0,200,16
"scenarioA","X_147","indep",0,0,NA,"SSL",0,0,200,16
"scenarioA","X_148","indep",0,0,NA,"SSL",0,0,200,16
"scenarioA","X_149","indep",0,0,NA,"SSL",0,0,200,16
"scenarioA","X_150","indep",0,0,NA,"SSL",0,0,200,16
"scenarioA","X_151","indep",0,0,NA,"SSL",0,0,200,16
"scenarioA","X_152","indep",0,0,NA,"SSL",0,0,200,16
"scenarioA","X_153","indep",0,0,NA,"SSL",0,0,200,16
"scenarioA","X_154","indep",0,0,NA,"SSL",0,0,200,16
"scenarioA","X_155","weak",0.3,0,NA,"SSL",0,0,200,16
"scenarioA","X_156","weak",0.3,0,NA,"SSL",0,0,200,16
"scenarioA","X_157","weak",0.3,0,NA,"SSL",0,0,200,16
"scenarioA","X_158","weak",0.3,0,NA,"SSL",0,0,200,16
"scenarioA","X_159","weak",0.3,0,NA,"SSL",0,0,200,16
"scenarioA","X_160","weak",0.3,0,NA,"SSL",0,0,200,16
"scenarioA","X_161","weak",0.3,0,NA,"SSL",0,0,200,16
"scenarioA","X_162","weak",0.3,0,NA,"SSL",0,0,200,16
"scenarioA","X_163","weak",0.3,0,NA,"SSL",0,0,200,16
"scenarioA","X_164","weak",0.3,0,NA,"SSL",0,0,200,16
"scenarioA","X_165","weak",0.3,0,NA,"SSL",0,0,200,16
"scenarioA","X_166","weak",0.3,0,NA,"SSL",0,0,200,16
"scenarioA","X_167","weak",0.3,0,NA,"SSL",0,0,200,16
"scenarioA","X_168","weak",0.3,0,NA,"SSL",0,0,200,16
"scenarioA","X_169","weak",0.3,0,NA,"SSL",0,0,200,16
"scenarioA","X_170","weak",0.3,0,NA,"SSL",0,0,200,16
"scenarioA","X_171","weak",0.3,0,NA,"SSL",0,0,200,16
"scenarioA","X_172","weak",0.3,0,NA,"SSL",0,0,200,16
"scenarioA","X_173","weak",0.3,0,NA,"SSL",0,0,200,16
"scenarioA","X_174","weak",0.3,0,NA,"SSL",0,0,200,16
"scenarioA","X_175","weak",0.3,0,NA,"SSL",0,0,200,16
"scenarioA","X_176","weak",0.3,0,NA,"SSL",0,0,200,16
"scenarioA","X_177","weak",0.3,0,NA,"SSL",0,0,200,16
"scenarioA","X_178","weak",0.3,0,NA,"SSL",0,0,200,16
"scenarioA","X_179","weak",0.3,0,NA,"SSL",0,0,200,16
"scenarioA","X_180","weak",0.3,0,NA,"SSL",0,0,200,16
"scenarioA","X_181","weak",0.3,0,NA,"SSL",0,0,200,16
"scenarioA","X_182","weak",0.3,0,NA,"SSL",0.257940381869731,0.257940381869731,200,16
"scenarioA","X_183","weak",0.3,0,NA,"SSL",0,0,200,16
"scenarioA","X_184","weak",0.3,0,NA,"SSL",0,0,200,16
"scenarioA","X_185","weak",0.3,0,NA,"SSL",0,0,200,16
"scenarioA","X_186","weak",0.3,0,NA,"SSL",0,0,200,16
"scenarioA","X_187","weak",0.3,0,NA,"SSL",0,0,200,16
"scenarioA","X_188","weak",0.3,0,NA,"SSL",0,0,200,16
"scenarioA","X_189","weak",0.3,0,NA,"SSL",0,0,200,16
"scenarioA","X_190","weak",0.3,0,NA,"SSL",0,0,200,16
"scenarioA","X_191","weak",0.3,0,NA,"SSL",0,0,200,16
"scenarioA","X_192","weak",0.3,0,NA,"SSL",0,0,200,16
"scenarioA","X_193","weak",0.3,0,NA,"SSL",0,0,200,16
"scenarioA","X_194","weak",0.3,0,NA,"SSL",0,0,200,16
"scenarioA","X_195","weak",0.3,0,NA,"SSL",0,0,200,16
"scenarioA","X_196","weak",0.3,0,NA,"SSL",0,0,200,16
"scenarioA","X_197","weak",0.3,0,NA,"SSL",0,0,200,16
"scenarioA","X_198","weak",0.3,0,NA,"SSL",0,0,200,16
"scenarioA","X_199","weak",0.3,0,NA,"SSL",0,0,200,16
"scenarioA","X_200","weak",0.3,0,NA,"SSL",0,0,200,16
"scenarioA","X_201","weak",0.3,0,NA,"SSL",0,0,200,16
"scenarioA","X_202","weak",0.3,0,NA,"SSL",0,0,200,16
"scenarioA","X_203","weak",0.3,0,NA,"SSL",0,0,200,16
"scenarioA","X_204","weak",0.3,0,NA,"SSL",-0.174737035667131,-0.174737035667131,200,16
"scenarioA","X_205","weak",0.3,0,NA,"SSL",0,0,200,16
"scenarioA","X_206","weak",0.3,0,NA,"SSL",0,0,200,16
"scenarioA","X_207","weak",0.3,0,NA,"SSL",0,0,200,16
"scenarioA","X_208","weak",0.3,0,NA,"SSL",0,0,200,16
"scenarioA","X_209","weak",0.3,0,NA,"SSL",0,0,200,16
"scenarioA","X_210","weak",0.3,0,NA,"SSL",0,0,200,16
"scenarioA","X_211","weak",0.3,0,NA,"SSL",0,0,200,16
"scenarioA","X_212","weak",0.3,0,NA,"SSL",0,0,200,16
"scenarioA","X_213","weak",0.3,0,NA,"SSL",0,0,200,16
"scenarioA","X_214","weak",0.3,0,NA,"SSL",0,0,200,16
"scenarioA","X_215","weak",0.3,0,NA,"SSL",0,0,200,16
"scenarioA","X_216","weak",0.3,0,NA,"SSL",0,0,200,16
"scenarioA","X_217","weak",0.3,0,NA,"SSL",0,0,200,16
"scenarioA","X_218","weak",0.3,0,NA,"SSL",0,0,200,16
"scenarioA","X_219","weak",0.3,0,NA,"SSL",0,0,200,16
"scenarioA","X_220","weak",0.3,0,NA,"SSL",0,0,200,16
"scenarioA","X_221","weak",0.3,0,NA,"SSL",0,0,200,16
"scenarioA","X_222","weak",0.3,0,NA,"SSL",0,0,200,16
"scenarioA","X_223","weak",0.3,0,NA,"SSL",0,0,200,16
"scenarioA","X_224","weak",0.3,0,NA,"SSL",0,0,200,16
"scenarioA","X_225","weak",0.3,0,NA,"SSL",0,0,200,16
"scenarioA","X_226","weak",0.3,0,NA,"SSL",0,0,200,16
"scenarioA","X_227","weak",0.3,0,NA,"SSL",0,0,200,16
"scenarioA","X_228","strong",0.6,0,NA,"SSL",0,0,200,16
"scenarioA","X_229","strong",0.6,0,NA,"SSL",0,0,200,16
"scenarioA","X_230","strong",0.6,0,NA,"SSL",0,0,200,16
"scenarioA","X_231","strong",0.6,0,NA,"SSL",0,0,200,16
"scenarioA","X_232","strong",0.6,0,NA,"SSL",0,0,200,16
"scenarioA","X_233","strong",0.6,0,NA,"SSL",0,0,200,16
"scenarioA","X_234","strong",0.6,0,NA,"SSL",0,0,200,16
"scenarioA","X_235","strong",0.6,0,NA,"SSL",0,0,200,16
"scenarioA","X_236","strong",0.6,0,NA,"SSL",0,0,200,16
"scenarioA","X_237","strong",0.6,0,NA,"SSL",0,0,200,16
"scenarioA","X_238","strong",0.6,0,NA,"SSL",0,0,200,16
"scenarioA","X_239","strong",0.6,0,NA,"SSL",0,0,200,16
"scenarioA","X_240","strong",0.6,0,NA,"SSL",0,0,200,16
"scenarioA","X_241","strong",0.6,0,NA,"SSL",0,0,200,16
"scenarioA","X_242","strong",0.6,0,NA,"SSL",0,0,200,16
"scenarioA","X_243","strong",0.6,0,NA,"SSL",0,0,200,16
"scenarioA","X_244","strong",0.6,0,NA,"SSL",0,0,200,16
"scenarioA","X_245","strong",0.6,0,NA,"SSL",0,0,200,16
"scenarioA","X_246","strong",0.6,0,NA,"SSL",0,0,200,16
"scenarioA","X_247","strong",0.6,0,NA,"SSL",0,0,200,16
"scenarioA","X_248","strong",0.6,0,NA,"SSL",0,0,200,16
"scenarioA","X_249","strong",0.6,0,NA,"SSL",0,0,200,16
"scenarioA","X_250","strong",0.6,0,NA,"SSL",0,0,200,16
"scenarioA","X_251","strong",0.6,0,NA,"SSL",0,0,200,16
"scenarioA","X_252","strong",0.6,0,NA,"SSL",0,0,200,16
"scenarioA","X_253","strong",0.6,0,NA,"SSL",0,0,200,16
"scenarioA","X_254","strong",0.6,0,NA,"SSL",0,0,200,16
"scenarioA","X_255","strong",0.6,0,NA,"SSL",0,0,200,16
"scenarioA","X_256","strong",0.6,0,NA,"SSL",0,0,200,16
"scenarioA","X_257","strong",0.6,0,NA,"SSL",0,0,200,16
"scenarioA","X_258","strong",0.6,0,NA,"SSL",0,0,200,16
"scenarioA","X_259","strong",0.6,0,NA,"SSL",0,0,200,16
"scenarioA","X_260","strong",0.6,0,NA,"SSL",0,0,200,16
"scenarioA","X_261","strong",0.6,0,NA,"SSL",0,0,200,16
"scenarioA","X_262","strong",0.6,0,NA,"SSL",0,0,200,16
"scenarioA","X_263","strong",0.6,0,NA,"SSL",0,0,200,16
"scenarioA","X_264","strong",0.6,0,NA,"SSL",0,0,200,16
"scenarioA","X_265","strong",0.6,0,NA,"SSL",0,0,200,16
"scenarioA","X_266","strong",0.6,0,NA,"SSL",0,0,200,16
"scenarioA","X_267","strong",0.6,0,NA,"SSL",0,0,200,16
"scenarioA","X_268","strong",0.6,0,NA,"SSL",0,0,200,16
"scenarioA","X_269","strong",0.6,0,NA,"SSL",0,0,200,16
"scenarioA","X_270","strong",0.6,0,NA,"SSL",0,0,200,16
"scenarioA","X_271","strong",0.6,0,NA,"SSL",0,0,200,16
"scenarioA","X_272","strong",0.6,0,NA,"SSL",0,0,200,16
"scenarioA","X_273","strong",0.6,0,NA,"SSL",0,0,200,16
"scenarioA","X_274","strong",0.6,0,NA,"SSL",0,0,200,16
"scenarioA","X_275","strong",0.6,0,NA,"SSL",0,0,200,16
"scenarioA","X_276","strong",0.6,0,NA,"SSL",0,0,200,16
"scenarioA","X_277","strong",0.6,0,NA,"SSL",0,0,200,16
"scenarioA","X_278","strong",0.6,0,NA,"SSL",0,0,200,16
"scenarioA","X_279","strong",0.6,0,NA,"SSL",0,0,200,16
"scenarioA","X_280","strong",0.6,0,NA,"SSL",0,0,200,16
"scenarioA","X_281","strong",0.6,0,NA,"SSL",0,0,200,16
"scenarioA","X_282","strong",0.6,0,NA,"SSL",0,0,200,16
"scenarioA","X_283","strong",0.6,0,NA,"SSL",0,0,200,16
"scenarioA","X_284","strong",0.6,0,NA,"SSL",0,0,200,16
"scenarioA","X_285","strong",0.6,0,NA,"SSL",0,0,200,16
"scenarioA","X_286","strong",0.6,0,NA,"SSL",0,0,200,16
"scenarioA","X_287","strong",0.6,0,NA,"SSL",0,0,200,16
"scenarioA","X_288","strong",0.6,0,NA,"SSL",0,0,200,16
"scenarioA","X_289","strong",0.6,0,NA,"SSL",0,0,200,16
"scenarioA","X_290","strong",0.6,0,NA,"SSL",0,0,200,16
"scenarioA","X_291","strong",0.6,0,NA,"SSL",0,0,200,16
"scenarioA","X_292","strong",0.6,0,NA,"SSL",0,0,200,16
"scenarioA","X_293","strong",0.6,0,NA,"SSL",0,0,200,16
"scenarioA","X_294","strong",0.6,0,NA,"SSL",0,0,200,16
"scenarioA","X_295","strong",0.6,0,NA,"SSL",0,0,200,16
"scenarioA","X_296","strong",0.6,0,NA,"SSL",0,0,200,16
"scenarioA","X_297","strong",0.6,0,NA,"SSL",0,0,200,16
"scenarioA","X_298","strong",0.6,0,NA,"SSL",0,0,200,16
"scenarioA","X_299","strong",0.6,0,NA,"SSL",0,0,200,16
"scenarioA","X_300","strong",0.6,0,NA,"SSL",0,0,200,16
"scenarioA","X_1","strong",0.6,0.4,0.306715257800661,"LASSO",0,-0.4,200,16
"scenarioA","X_2","strong",0.6,-0.5,-0.430533128030919,"LASSO",0,0.5,200,16
"scenarioA","X_3","weak",0.3,0.6,0.630236525547675,"LASSO",0.281941098242457,-0.318058901757542,200,16
"scenarioA","X_4","weak",0.3,0.75,0.670881359743565,"LASSO",0.322957501159489,-0.427042498840511,200,16
"scenarioA","X_5","indep",0,-0.8,-0.626996241064103,"LASSO",-0.28568276662487,0.51431723337513,200,16
"scenarioA","X_6","indep",0,0,NA,"LASSO",0,0,200,16
"scenarioA","X_7","indep",0,0,NA,"LASSO",0,0,200,16
"scenarioA","X_8","indep",0,0,NA,"LASSO",0,0,200,16
"scenarioA","X_9","indep",0,0,NA,"LASSO",0,0,200,16
"scenarioA","X_10","indep",0,0,NA,"LASSO",0,0,200,16
"scenarioA","X_11","indep",0,0,NA,"LASSO",0,0,200,16
"scenarioA","X_12","indep",0,0,NA,"LASSO",0,0,200,16
"scenarioA","X_13","indep",0,0,NA,"LASSO",0,0,200,16
"scenarioA","X_14","indep",0,0,NA,"LASSO",0,0,200,16
"scenarioA","X_15","indep",0,0,NA,"LASSO",0,0,200,16
"scenarioA","X_16","indep",0,0,NA,"LASSO",0,0,200,16
"scenarioA","X_17","indep",0,0,NA,"LASSO",0,0,200,16
"scenarioA","X_18","indep",0,0,NA,"LASSO",0,0,200,16
"scenarioA","X_19","indep",0,0,NA,"LASSO",0,0,200,16
"scenarioA","X_20","indep",0,0,NA,"LASSO",0,0,200,16
"scenarioA","X_21","indep",0,0,NA,"LASSO",0,0,200,16
"scenarioA","X_22","indep",0,0,NA,"LASSO",0,0,200,16
"scenarioA","X_23","indep",0,0,NA,"LASSO",0,0,200,16
"scenarioA","X_24","indep",0,0,NA,"LASSO",0,0,200,16
"scenarioA","X_25","indep",0,0,NA,"LASSO",0,0,200,16
"scenarioA","X_26","indep",0,0,NA,"LASSO",0,0,200,16
"scenarioA","X_27","indep",0,0,NA,"LASSO",0,0,200,16
"scenarioA","X_28","indep",0,0,NA,"LASSO",0,0,200,16
"scenarioA","X_29","indep",0,0,NA,"LASSO",0,0,200,16
"scenarioA","X_30","indep",0,0,NA,"LASSO",0,0,200,16
"scenarioA","X_31","indep",0,0,NA,"LASSO",0,0,200,16
"scenarioA","X_32","indep",0,0,NA,"LASSO",0,0,200,16
"scenarioA","X_33","indep",0,0,NA,"LASSO",0,0,200,16
"scenarioA","X_34","indep",0,0,NA,"LASSO",0,0,200,16
"scenarioA","X_35","indep",0,0,NA,"LASSO",0,0,200,16
"scenarioA","X_36","indep",0,0,NA,"LASSO",0,0,200,16
"scenarioA","X_37","indep",0,0,NA,"LASSO",0,0,200,16
"scenarioA","X_38","indep",0,0,NA,"LASSO",0,0,200,16
"scenarioA","X_39","indep",0,0,NA,"LASSO",0,0,200,16
"scenarioA","X_40","indep",0,0,NA,"LASSO",0,0,200,16
"scenarioA","X_41","indep",0,0,NA,"LASSO",0,0,200,16
"scenarioA","X_42","indep",0,0,NA,"LASSO",0,0,200,16
"scenarioA","X_43","indep",0,0,NA,"LASSO",0,0,200,16
"scenarioA","X_44","indep",0,0,NA,"LASSO",0,0,200,16
"scenarioA","X_45","indep",0,0,NA,"LASSO",0,0,200,16
"scenarioA","X_46","indep",0,0,NA,"LASSO",0,0,200,16
"scenarioA","X_47","indep",0,0,NA,"LASSO",0,0,200,16
"scenarioA","X_48","indep",0,0,NA,"LASSO",0,0,200,16
"scenarioA","X_49","indep",0,0,NA,"LASSO",0,0,200,16
"scenarioA","X_50","indep",0,0,NA,"LASSO",0,0,200,16
"scenarioA","X_51","indep",0,0,NA,"LASSO",0,0,200,16
"scenarioA","X_52","indep",0,0,NA,"LASSO",0,0,200,16
"scenarioA","X_53","indep",0,0,NA,"LASSO",0,0,200,16
"scenarioA","X_54","indep",0,0,NA,"LASSO",0,0,200,16
"scenarioA","X_55","indep",0,0,NA,"LASSO",0,0,200,16
"scenarioA","X_56","indep",0,0,NA,"LASSO",0,0,200,16
"scenarioA","X_57","indep",0,0,NA,"LASSO",0,0,200,16
"scenarioA","X_58","indep",0,0,NA,"LASSO",0,0,200,16
"scenarioA","X_59","indep",0,0,NA,"LASSO",0,0,200,16
"scenarioA","X_60","indep",0,0,NA,"LASSO",0,0,200,16
"scenarioA","X_61","indep",0,0,NA,"LASSO",0,0,200,16
"scenarioA","X_62","indep",0,0,NA,"LASSO",0,0,200,16
"scenarioA","X_63","indep",0,0,NA,"LASSO",0,0,200,16
"scenarioA","X_64","indep",0,0,NA,"LASSO",0,0,200,16
"scenarioA","X_65","indep",0,0,NA,"LASSO",0,0,200,16
"scenarioA","X_66","indep",0,0,NA,"LASSO",0,0,200,16
"scenarioA","X_67","indep",0,0,NA,"LASSO",0,0,200,16
"scenarioA","X_68","indep",0,0,NA,"LASSO",0,0,200,16
"scenarioA","X_69","indep",0,0,NA,"LASSO",0,0,200,16
"scenarioA","X_70","indep",0,0,NA,"LASSO",0,0,200,16
"scenarioA","X_71","indep",0,0,NA,"LASSO",0,0,200,16
"scenarioA","X_72","indep",0,0,NA,"LASSO",0,0,200,16
"scenarioA","X_73","indep",0,0,NA,"LASSO",0,0,200,16
"scenarioA","X_74","indep",0,0,NA,"LASSO",0,0,200,16
"scenarioA","X_75","indep",0,0,NA,"LASSO",0,0,200,16
"scenarioA","X_76","indep",0,0,NA,"LASSO",0,0,200,16
"scenarioA","X_77","indep",0,0,NA,"LASSO",0,0,200,16
"scenarioA","X_78","indep",0,0,NA,"LASSO",0,0,200,16
"scenarioA","X_79","indep",0,0,NA,"LASSO",0,0,200,16
"scenarioA","X_80","indep",0,0,NA,"LASSO",0,0,200,16
"scenarioA","X_81","indep",0,0,NA,"LASSO",0,0,200,16
"scenarioA","X_82","indep",0,0,NA,"LASSO",0,0,200,16
"scenarioA","X_83","indep",0,0,NA,"LASSO",0,0,200,16
"scenarioA","X_84","indep",0,0,NA,"LASSO",0,0,200,16
"scenarioA","X_85","indep",0,0,NA,"LASSO",0,0,200,16
"scenarioA","X_86","indep",0,0,NA,"LASSO",0,0,200,16
"scenarioA","X_87","indep",0,0,NA,"LASSO",0,0,200,16
"scenarioA","X_88","indep",0,0,NA,"LASSO",0,0,200,16
"scenarioA","X_89","indep",0,0,NA,"LASSO",0,0,200,16
"scenarioA","X_90","indep",0,0,NA,"LASSO",0,0,200,16
"scenarioA","X_91","indep",0,0,NA,"LASSO",0,0,200,16
"scenarioA","X_92","indep",0,0,NA,"LASSO",0,0,200,16
"scenarioA","X_93","indep",0,0,NA,"LASSO",0,0,200,16
"scenarioA","X_94","indep",0,0,NA,"LASSO",0,0,200,16
"scenarioA","X_95","indep",0,0,NA,"LASSO",0,0,200,16
"scenarioA","X_96","indep",0,0,NA,"LASSO",0,0,200,16
"scenarioA","X_97","indep",0,0,NA,"LASSO",0,0,200,16
"scenarioA","X_98","indep",0,0,NA,"LASSO",0,0,200,16
"scenarioA","X_99","indep",0,0,NA,"LASSO",0,0,200,16
"scenarioA","X_100","indep",0,0,NA,"LASSO",0,0,200,16
"scenarioA","X_101","indep",0,0,NA,"LASSO",0,0,200,16
"scenarioA","X_102","indep",0,0,NA,"LASSO",0,0,200,16
"scenarioA","X_103","indep",0,0,NA,"LASSO",0,0,200,16
"scenarioA","X_104","indep",0,0,NA,"LASSO",0,0,200,16
"scenarioA","X_105","indep",0,0,NA,"LASSO",0,0,200,16
"scenarioA","X_106","indep",0,0,NA,"LASSO",0,0,200,16
"scenarioA","X_107","indep",0,0,NA,"LASSO",0,0,200,16
"scenarioA","X_108","indep",0,0,NA,"LASSO",0,0,200,16
"scenarioA","X_109","indep",0,0,NA,"LASSO",0,0,200,16
"scenarioA","X_110","indep",0,0,NA,"LASSO",0,0,200,16
"scenarioA","X_111","indep",0,0,NA,"LASSO",0,0,200,16
"scenarioA","X_112","indep",0,0,NA,"LASSO",0,0,200,16
"scenarioA","X_113","indep",0,0,NA,"LASSO",0,0,200,16
"scenarioA","X_114","indep",0,0,NA,"LASSO",0,0,200,16
"scenarioA","X_115","indep",0,0,NA,"LASSO",0,0,200,16
"scenarioA","X_116","indep",0,0,NA,"LASSO",0,0,200,16
"scenarioA","X_117","indep",0,0,NA,"LASSO",0,0,200,16
"scenarioA","X_118","indep",0,0,NA,"LASSO",0,0,200,16
"scenarioA","X_119","indep",0,0,NA,"LASSO",0,0,200,16
"scenarioA","X_120","indep",0,0,NA,"LASSO",0,0,200,16
"scenarioA","X_121","indep",0,0,NA,"LASSO",0,0,200,16
"scenarioA","X_122","indep",0,0,NA,"LASSO",0,0,200,16
"scenarioA","X_123","indep",0,0,NA,"LASSO",0,0,200,16
"scenarioA","X_124","indep",0,0,NA,"LASSO",0,0,200,16
"scenarioA","X_125","indep",0,0,NA,"LASSO",0,0,200,16
"scenarioA","X_126","indep",0,0,NA,"LASSO",0,0,200,16
"scenarioA","X_127","indep",0,0,NA,"LASSO",0,0,200,16
"scenarioA","X_128","indep",0,0,NA,"LASSO",0,0,200,16
"scenarioA","X_129","indep",0,0,NA,"LASSO",0,0,200,16
"scenarioA","X_130","indep",0,0,NA,"LASSO",0,0,200,16
"scenarioA","X_131","indep",0,0,NA,"LASSO",0,0,200,16
"scenarioA","X_132","indep",0,0,NA,"LASSO",0,0,200,16
"scenarioA","X_133","indep",0,0,NA,"LASSO",0,0,200,16
"scenarioA","X_134","indep",0,0,NA,"LASSO",0,0,200,16
"scenarioA","X_135","indep",0,0,NA,"LASSO",0,0,200,16
"scenarioA","X_136","indep",0,0,NA,"LASSO",0,0,200,16
"scenarioA","X_137","indep",0,0,NA,"LASSO",0,0,200,16
"scenarioA","X_138","indep",0,0,NA,"LASSO",0,0,200,16
"scenarioA","X_139","indep",0,0,NA,"LASSO",0,0,200,16
"scenarioA","X_140","indep",0,0,NA,"LASSO",0,0,200,16
"scenarioA","X_141","indep",0,0,NA,"LASSO",0,0,200,16
"scenarioA","X_142","indep",0,0,NA,"LASSO",0,0,200,16
"scenarioA","X_143","indep",0,0,NA,"LASSO",0,0,200,16
"scenarioA","X_144","indep",0,0,NA,"LASSO",0,0,200,16
"scenarioA","X_145","indep",0,0,NA,"LASSO",0,0,200,16
"scenarioA","X_146","indep",0,0,NA,"LASSO",0,0,200,16
"scenarioA","X_147","indep",0,0,NA,"LASSO",0,0,200,16
"scenarioA","X_148","indep",0,0,NA,"LASSO",0,0,200,16
"scenarioA","X_149","indep",0,0,NA,"LASSO",0,0,200,16
"scenarioA","X_150","indep",0,0,NA,"LASSO",0,0,200,16
"scenarioA","X_151","indep",0,0,NA,"LASSO",0,0,200,16
"scenarioA","X_152","indep",0,0,NA,"LASSO",0,0,200,16
"scenarioA","X_153","indep",0,0,NA,"LASSO",0,0,200,16
"scenarioA","X_154","indep",0,0,NA,"LASSO",0,0,200,16
"scenarioA","X_155","weak",0.3,0,NA,"LASSO",0,0,200,16
"scenarioA","X_156","weak",0.3,0,NA,"LASSO",0,0,200,16
"scenarioA","X_157","weak",0.3,0,NA,"LASSO",0,0,200,16
"scenarioA","X_158","weak",0.3,0,NA,"LASSO",0,0,200,16
"scenarioA","X_159","weak",0.3,0,NA,"LASSO",0,0,200,16
"scenarioA","X_160","weak",0.3,0,NA,"LASSO",0,0,200,16
"scenarioA","X_161","weak",0.3,0,NA,"LASSO",0,0,200,16
"scenarioA","X_162","weak",0.3,0,NA,"LASSO",0,0,200,16
"scenarioA","X_163","weak",0.3,0,NA,"LASSO",0,0,200,16
"scenarioA","X_164","weak",0.3,0,NA,"LASSO",0,0,200,16
"scenarioA","X_165","weak",0.3,0,NA,"LASSO",0,0,200,16
"scenarioA","X_166","weak",0.3,0,NA,"LASSO",0,0,200,16
"scenarioA","X_167","weak",0.3,0,NA,"LASSO",0,0,200,16
"scenarioA","X_168","weak",0.3,0,NA,"LASSO",0,0,200,16
"scenarioA","X_169","weak",0.3,0,NA,"LASSO",0,0,200,16
"scenarioA","X_170","weak",0.3,0,NA,"LASSO",0,0,200,16
"scenarioA","X_171","weak",0.3,0,NA,"LASSO",0,0,200,16
"scenarioA","X_172","weak",0.3,0,NA,"LASSO",0,0,200,16
"scenarioA","X_173","weak",0.3,0,NA,"LASSO",0,0,200,16
"scenarioA","X_174","weak",0.3,0,NA,"LASSO",0,0,200,16
"scenarioA","X_175","weak",0.3,0,NA,"LASSO",0,0,200,16
"scenarioA","X_176","weak",0.3,0,NA,"LASSO",0,0,200,16
"scenarioA","X_177","weak",0.3,0,NA,"LASSO",0,0,200,16
"scenarioA","X_178","weak",0.3,0,NA,"LASSO",0,0,200,16
"scenarioA","X_179","weak",0.3,0,NA,"LASSO",0,0,200,16
"scenarioA","X_180","weak",0.3,0,NA,"LASSO",0,0,200,16
"scenarioA","X_181","weak",0.3,0,NA,"LASSO",0,0,200,16
"scenarioA","X_182","weak",0.3,0,NA,"LASSO",0.0876473830715644,0.0876473830715644,200,16
"scenarioA","X_183","weak",0.3,0,NA,"LASSO",0,0,200,16
"scenarioA","X_184","weak",0.3,0,NA,"LASSO",0,0,200,16
"scenarioA","X_185","weak",0.3,0,NA,"LASSO",0,0,200,16
"scenarioA","X_186","weak",0.3,0,NA,"LASSO",0,0,200,16
"scenarioA","X_187","weak",0.3,0,NA,"LASSO",0,0,200,16
"scenarioA","X_188","weak",0.3,0,NA,"LASSO",0,0,200,16
"scenarioA","X_189","weak",0.3,0,NA,"LASSO",0,0,200,16
"scenarioA","X_190","weak",0.3,0,NA,"LASSO",0,0,200,16
"scenarioA","X_191","weak",0.3,0,NA,"LASSO",0,0,200,16
"scenarioA","X_192","weak",0.3,0,NA,"LASSO",0,0,200,16
"scenarioA","X_193","weak",0.3,0,NA,"LASSO",0,0,200,16
"scenarioA","X_194","weak",0.3,0,NA,"LASSO",0,0,200,16
"scenarioA","X_195","weak",0.3,0,NA,"LASSO",0,0,200,16
"scenarioA","X_196","weak",0.3,0,NA,"LASSO",0,0,200,16
"scenarioA","X_197","weak",0.3,0,NA,"LASSO",0,0,200,16
"scenarioA","X_198","weak",0.3,0,NA,"LASSO",0,0,200,16
"scenarioA","X_199","weak",0.3,0,NA,"LASSO",0,0,200,16
"scenarioA","X_200","weak",0.3,0,NA,"LASSO",0,0,200,16
"scenarioA","X_201","weak",0.3,0,NA,"LASSO",0,0,200,16
"scenarioA","X_202","weak",0.3,0,NA,"LASSO",0,0,200,16
"scenarioA","X_203","weak",0.3,0,NA,"LASSO",0,0,200,16
"scenarioA","X_204","weak",0.3,0,NA,"LASSO",0,0,200,16
"scenarioA","X_205","weak",0.3,0,NA,"LASSO",0,0,200,16
"scenarioA","X_206","weak",0.3,0,NA,"LASSO",0,0,200,16
"scenarioA","X_207","weak",0.3,0,NA,"LASSO",0,0,200,16
"scenarioA","X_208","weak",0.3,0,NA,"LASSO",0,0,200,16
"scenarioA","X_209","weak",0.3,0,NA,"LASSO",0,0,200,16
"scenarioA","X_210","weak",0.3,0,NA,"LASSO",0,0,200,16
"scenarioA","X_211","weak",0.3,0,NA,"LASSO",0,0,200,16
"scenarioA","X_212","weak",0.3,0,NA,"LASSO",0,0,200,16
"scenarioA","X_213","weak",0.3,0,NA,"LASSO",0,0,200,16
"scenarioA","X_214","weak",0.3,0,NA,"LASSO",0,0,200,16
"scenarioA","X_215","weak",0.3,0,NA,"LASSO",0,0,200,16
"scenarioA","X_216","weak",0.3,0,NA,"LASSO",0,0,200,16
"scenarioA","X_217","weak",0.3,0,NA,"LASSO",0,0,200,16
"scenarioA","X_218","weak",0.3,0,NA,"LASSO",0,0,200,16
"scenarioA","X_219","weak",0.3,0,NA,"LASSO",0,0,200,16
"scenarioA","X_220","weak",0.3,0,NA,"LASSO",0,0,200,16
"scenarioA","X_221","weak",0.3,0,NA,"LASSO",0,0,200,16
"scenarioA","X_222","weak",0.3,0,NA,"LASSO",0,0,200,16
"scenarioA","X_223","weak",0.3,0,NA,"LASSO",0,0,200,16
"scenarioA","X_224","weak",0.3,0,NA,"LASSO",0,0,200,16
"scenarioA","X_225","weak",0.3,0,NA,"LASSO",0,0,200,16
"scenarioA","X_226","weak",0.3,0,NA,"LASSO",0,0,200,16
"scenarioA","X_227","weak",0.3,0,NA,"LASSO",0,0,200,16
"scenarioA","X_228","strong",0.6,0,NA,"LASSO",0,0,200,16
"scenarioA","X_229","strong",0.6,0,NA,"LASSO",0,0,200,16
"scenarioA","X_230","strong",0.6,0,NA,"LASSO",0,0,200,16
"scenarioA","X_231","strong",0.6,0,NA,"LASSO",0,0,200,16
"scenarioA","X_232","strong",0.6,0,NA,"LASSO",0,0,200,16
"scenarioA","X_233","strong",0.6,0,NA,"LASSO",0,0,200,16
"scenarioA","X_234","strong",0.6,0,NA,"LASSO",0,0,200,16
"scenarioA","X_235","strong",0.6,0,NA,"LASSO",0,0,200,16
"scenarioA","X_236","strong",0.6,0,NA,"LASSO",0,0,200,16
"scenarioA","X_237","strong",0.6,0,NA,"LASSO",0,0,200,16
"scenarioA","X_238","strong",0.6,0,NA,"LASSO",0,0,200,16
"scenarioA","X_239","strong",0.6,0,NA,"LASSO",0,0,200,16
"scenarioA","X_240","strong",0.6,0,NA,"LASSO",0,0,200,16
"scenarioA","X_241","strong",0.6,0,NA,"LASSO",0,0,200,16
"scenarioA","X_242","strong",0.6,0,NA,"LASSO",0,0,200,16
"scenarioA","X_243","strong",0.6,0,NA,"LASSO",0,0,200,16
"scenarioA","X_244","strong",0.6,0,NA,"LASSO",0,0,200,16
"scenarioA","X_245","strong",0.6,0,NA,"LASSO",0,0,200,16
"scenarioA","X_246","strong",0.6,0,NA,"LASSO",0,0,200,16
"scenarioA","X_247","strong",0.6,0,NA,"LASSO",0,0,200,16
"scenarioA","X_248","strong",0.6,0,NA,"LASSO",0,0,200,16
"scenarioA","X_249","strong",0.6,0,NA,"LASSO",0,0,200,16
"scenarioA","X_250","strong",0.6,0,NA,"LASSO",0,0,200,16
"scenarioA","X_251","strong",0.6,0,NA,"LASSO",0,0,200,16
"scenarioA","X_252","strong",0.6,0,NA,"LASSO",0,0,200,16
"scenarioA","X_253","strong",0.6,0,NA,"LASSO",0,0,200,16
"scenarioA","X_254","strong",0.6,0,NA,"LASSO",0,0,200,16
"scenarioA","X_255","strong",0.6,0,NA,"LASSO",0,0,200,16
"scenarioA","X_256","strong",0.6,0,NA,"LASSO",0,0,200,16
"scenarioA","X_257","strong",0.6,0,NA,"LASSO",0,0,200,16
"scenarioA","X_258","strong",0.6,0,NA,"LASSO",0,0,200,16
"scenarioA","X_259","strong",0.6,0,NA,"LASSO",0,0,200,16
"scenarioA","X_260","strong",0.6,0,NA,"LASSO",0,0,200,16
"scenarioA","X_261","strong",0.6,0,NA,"LASSO",0,0,200,16
"scenarioA","X_262","strong",0.6,0,NA,"LASSO",0,0,200,16
"scenarioA","X_263","strong",0.6,0,NA,"LASSO",0,0,200,16
"scenarioA","X_264","strong",0.6,0,NA,"LASSO",0,0,200,16
"scenarioA","X_265","strong",0.6,0,NA,"LASSO",0,0,200,16
"scenarioA","X_266","strong",0.6,0,NA,"LASSO",0,0,200,16
"scenarioA","X_267","strong",0.6,0,NA,"LASSO",0,0,200,16
"scenarioA","X_268","strong",0.6,0,NA,"LASSO",0,0,200,16
"scenarioA","X_269","strong",0.6,0,NA,"LASSO",0,0,200,16
"scenarioA","X_270","strong",0.6,0,NA,"LASSO",0,0,200,16
"scenarioA","X_271","strong",0.6,0,NA,"LASSO",0,0,200,16
"scenarioA","X_272","strong",0.6,0,NA,"LASSO",0,0,200,16
"scenarioA","X_273","strong",0.6,0,NA,"LASSO",0,0,200,16
"scenarioA","X_274","strong",0.6,0,NA,"LASSO",0,0,200,16
"scenarioA","X_275","strong",0.6,0,NA,"LASSO",0,0,200,16
"scenarioA","X_276","strong",0.6,0,NA,"LASSO",0,0,200,16
"scenarioA","X_277","strong",0.6,0,NA,"LASSO",0,0,200,16
"scenarioA","X_278","strong",0.6,0,NA,"LASSO",0,0,200,16
"scenarioA","X_279","strong",0.6,0,NA,"LASSO",0,0,200,16
"scenarioA","X_280","strong",0.6,0,NA,"LASSO",0,0,200,16
"scenarioA","X_281","strong",0.6,0,NA,"LASSO",0,0,200,16
"scenarioA","X_282","strong",0.6,0,NA,"LASSO",0,0,200,16
"scenarioA","X_283","strong",0.6,0,NA,"LASSO",0,0,200,16
"scenarioA","X_284","strong",0.6,0,NA,"LASSO",0,0,200,16
"scenarioA","X_285","strong",0.6,0,NA,"LASSO",0,0,200,16
"scenarioA","X_286","strong",0.6,0,NA,"LASSO",0,0,200,16
"scenarioA","X_287","strong",0.6,0,NA,"LASSO",0,0,200,16
"scenarioA","X_288","strong",0.6,0,NA,"LASSO",0,0,200,16
"scenarioA","X_289","strong",0.6,0,NA,"LASSO",0,0,200,16
"scenarioA","X_290","strong",0.6,0,NA,"LASSO",0,0,200,16
"scenarioA","X_291","strong",0.6,0,NA,"LASSO",0,0,200,16
"scenarioA","X_292","strong",0.6,0,NA,"LASSO",0,0,200,16
"scenarioA","X_293","strong",0.6,0,NA,"LASSO",0,0,200,16
"scenarioA","X_294","strong",0.6,0,NA,"LASSO",0,0,200,16
"scenarioA","X_295","strong",0.6,0,NA,"LASSO",0,0,200,16
"scenarioA","X_296","strong",0.6,0,NA,"LASSO",0,0,200,16
"scenarioA","X_297","strong",0.6,0,NA,"LASSO",0,0,200,16
"scenarioA","X_298","strong",0.6,0,NA,"LASSO",0,0,200,16
"scenarioA","X_299","strong",0.6,0,NA,"LASSO",0,0,200,16
"scenarioA","X_300","strong",0.6,0,NA,"LASSO",0,0,200,16
"scenarioA","X_1","strong",0.6,0.4,0.535115367049557,"SSL",0,-0.4,200,17
"scenarioA","X_2","strong",0.6,-0.5,-0.522266929670255,"SSL",0,0.5,200,17
"scenarioA","X_3","weak",0.3,0.6,0.591200164745539,"SSL",0.517655655043644,-0.0823443449563563,200,17
"scenarioA","X_4","weak",0.3,0.75,0.713260969767241,"SSL",0.555684221157065,-0.194315778842935,200,17
"scenarioA","X_5","indep",0,-0.8,-0.875638951057391,"SSL",-0.639805445357507,0.160194554642493,200,17
"scenarioA","X_6","indep",0,0,NA,"SSL",0,0,200,17
"scenarioA","X_7","indep",0,0,NA,"SSL",0,0,200,17
"scenarioA","X_8","indep",0,0,NA,"SSL",0,0,200,17
"scenarioA","X_9","indep",0,0,NA,"SSL",0,0,200,17
"scenarioA","X_10","indep",0,0,NA,"SSL",0,0,200,17
"scenarioA","X_11","indep",0,0,NA,"SSL",0,0,200,17
"scenarioA","X_12","indep",0,0,NA,"SSL",0,0,200,17
"scenarioA","X_13","indep",0,0,NA,"SSL",0,0,200,17
"scenarioA","X_14","indep",0,0,NA,"SSL",0,0,200,17
"scenarioA","X_15","indep",0,0,NA,"SSL",0,0,200,17
"scenarioA","X_16","indep",0,0,NA,"SSL",0,0,200,17
"scenarioA","X_17","indep",0,0,NA,"SSL",0,0,200,17
"scenarioA","X_18","indep",0,0,NA,"SSL",0,0,200,17
"scenarioA","X_19","indep",0,0,NA,"SSL",0,0,200,17
"scenarioA","X_20","indep",0,0,NA,"SSL",0,0,200,17
"scenarioA","X_21","indep",0,0,NA,"SSL",0,0,200,17
"scenarioA","X_22","indep",0,0,NA,"SSL",0,0,200,17
"scenarioA","X_23","indep",0,0,NA,"SSL",0,0,200,17
"scenarioA","X_24","indep",0,0,NA,"SSL",0,0,200,17
"scenarioA","X_25","indep",0,0,NA,"SSL",0,0,200,17
"scenarioA","X_26","indep",0,0,NA,"SSL",0,0,200,17
"scenarioA","X_27","indep",0,0,NA,"SSL",0,0,200,17
"scenarioA","X_28","indep",0,0,NA,"SSL",0,0,200,17
"scenarioA","X_29","indep",0,0,NA,"SSL",0,0,200,17
"scenarioA","X_30","indep",0,0,NA,"SSL",0,0,200,17
"scenarioA","X_31","indep",0,0,NA,"SSL",0,0,200,17
"scenarioA","X_32","indep",0,0,NA,"SSL",0,0,200,17
"scenarioA","X_33","indep",0,0,NA,"SSL",0,0,200,17
"scenarioA","X_34","indep",0,0,NA,"SSL",0,0,200,17
"scenarioA","X_35","indep",0,0,NA,"SSL",0,0,200,17
"scenarioA","X_36","indep",0,0,NA,"SSL",0,0,200,17
"scenarioA","X_37","indep",0,0,NA,"SSL",0,0,200,17
"scenarioA","X_38","indep",0,0,NA,"SSL",0,0,200,17
"scenarioA","X_39","indep",0,0,NA,"SSL",0,0,200,17
"scenarioA","X_40","indep",0,0,NA,"SSL",0,0,200,17
"scenarioA","X_41","indep",0,0,NA,"SSL",0,0,200,17
"scenarioA","X_42","indep",0,0,NA,"SSL",0,0,200,17
"scenarioA","X_43","indep",0,0,NA,"SSL",0,0,200,17
"scenarioA","X_44","indep",0,0,NA,"SSL",0,0,200,17
"scenarioA","X_45","indep",0,0,NA,"SSL",0,0,200,17
"scenarioA","X_46","indep",0,0,NA,"SSL",0,0,200,17
"scenarioA","X_47","indep",0,0,NA,"SSL",0,0,200,17
"scenarioA","X_48","indep",0,0,NA,"SSL",0,0,200,17
"scenarioA","X_49","indep",0,0,NA,"SSL",0,0,200,17
"scenarioA","X_50","indep",0,0,NA,"SSL",0,0,200,17
"scenarioA","X_51","indep",0,0,NA,"SSL",0,0,200,17
"scenarioA","X_52","indep",0,0,NA,"SSL",0,0,200,17
"scenarioA","X_53","indep",0,0,NA,"SSL",0,0,200,17
"scenarioA","X_54","indep",0,0,NA,"SSL",0,0,200,17
"scenarioA","X_55","indep",0,0,NA,"SSL",0,0,200,17
"scenarioA","X_56","indep",0,0,NA,"SSL",0,0,200,17
"scenarioA","X_57","indep",0,0,NA,"SSL",0,0,200,17
"scenarioA","X_58","indep",0,0,NA,"SSL",0,0,200,17
"scenarioA","X_59","indep",0,0,NA,"SSL",0,0,200,17
"scenarioA","X_60","indep",0,0,NA,"SSL",0,0,200,17
"scenarioA","X_61","indep",0,0,NA,"SSL",0,0,200,17
"scenarioA","X_62","indep",0,0,NA,"SSL",0,0,200,17
"scenarioA","X_63","indep",0,0,NA,"SSL",0,0,200,17
"scenarioA","X_64","indep",0,0,NA,"SSL",0,0,200,17
"scenarioA","X_65","indep",0,0,NA,"SSL",0,0,200,17
"scenarioA","X_66","indep",0,0,NA,"SSL",0,0,200,17
"scenarioA","X_67","indep",0,0,NA,"SSL",0,0,200,17
"scenarioA","X_68","indep",0,0,NA,"SSL",0,0,200,17
"scenarioA","X_69","indep",0,0,NA,"SSL",0,0,200,17
"scenarioA","X_70","indep",0,0,NA,"SSL",0,0,200,17
"scenarioA","X_71","indep",0,0,NA,"SSL",0,0,200,17
"scenarioA","X_72","indep",0,0,NA,"SSL",0,0,200,17
"scenarioA","X_73","indep",0,0,NA,"SSL",0,0,200,17
"scenarioA","X_74","indep",0,0,NA,"SSL",0,0,200,17
"scenarioA","X_75","indep",0,0,NA,"SSL",0,0,200,17
"scenarioA","X_76","indep",0,0,NA,"SSL",0,0,200,17
"scenarioA","X_77","indep",0,0,NA,"SSL",0,0,200,17
"scenarioA","X_78","indep",0,0,NA,"SSL",0,0,200,17
"scenarioA","X_79","indep",0,0,NA,"SSL",0,0,200,17
"scenarioA","X_80","indep",0,0,NA,"SSL",0,0,200,17
"scenarioA","X_81","indep",0,0,NA,"SSL",0,0,200,17
"scenarioA","X_82","indep",0,0,NA,"SSL",0,0,200,17
"scenarioA","X_83","indep",0,0,NA,"SSL",0,0,200,17
"scenarioA","X_84","indep",0,0,NA,"SSL",0,0,200,17
"scenarioA","X_85","indep",0,0,NA,"SSL",0,0,200,17
"scenarioA","X_86","indep",0,0,NA,"SSL",0,0,200,17
"scenarioA","X_87","indep",0,0,NA,"SSL",0,0,200,17
"scenarioA","X_88","indep",0,0,NA,"SSL",0,0,200,17
"scenarioA","X_89","indep",0,0,NA,"SSL",0,0,200,17
"scenarioA","X_90","indep",0,0,NA,"SSL",0,0,200,17
"scenarioA","X_91","indep",0,0,NA,"SSL",0,0,200,17
"scenarioA","X_92","indep",0,0,NA,"SSL",0,0,200,17
"scenarioA","X_93","indep",0,0,NA,"SSL",0,0,200,17
"scenarioA","X_94","indep",0,0,NA,"SSL",0,0,200,17
"scenarioA","X_95","indep",0,0,NA,"SSL",0,0,200,17
"scenarioA","X_96","indep",0,0,NA,"SSL",0,0,200,17
"scenarioA","X_97","indep",0,0,NA,"SSL",0,0,200,17
"scenarioA","X_98","indep",0,0,NA,"SSL",0,0,200,17
"scenarioA","X_99","indep",0,0,NA,"SSL",0,0,200,17
"scenarioA","X_100","indep",0,0,NA,"SSL",0,0,200,17
"scenarioA","X_101","indep",0,0,NA,"SSL",0,0,200,17
"scenarioA","X_102","indep",0,0,NA,"SSL",0,0,200,17
"scenarioA","X_103","indep",0,0,NA,"SSL",0,0,200,17
"scenarioA","X_104","indep",0,0,NA,"SSL",0,0,200,17
"scenarioA","X_105","indep",0,0,NA,"SSL",0,0,200,17
"scenarioA","X_106","indep",0,0,NA,"SSL",0,0,200,17
"scenarioA","X_107","indep",0,0,NA,"SSL",0,0,200,17
"scenarioA","X_108","indep",0,0,NA,"SSL",0,0,200,17
"scenarioA","X_109","indep",0,0,NA,"SSL",0,0,200,17
"scenarioA","X_110","indep",0,0,NA,"SSL",0,0,200,17
"scenarioA","X_111","indep",0,0,NA,"SSL",0,0,200,17
"scenarioA","X_112","indep",0,0,NA,"SSL",0,0,200,17
"scenarioA","X_113","indep",0,0,NA,"SSL",0,0,200,17
"scenarioA","X_114","indep",0,0,NA,"SSL",0,0,200,17
"scenarioA","X_115","indep",0,0,NA,"SSL",0,0,200,17
"scenarioA","X_116","indep",0,0,NA,"SSL",0,0,200,17
"scenarioA","X_117","indep",0,0,NA,"SSL",0,0,200,17
"scenarioA","X_118","indep",0,0,NA,"SSL",0,0,200,17
"scenarioA","X_119","indep",0,0,NA,"SSL",0,0,200,17
"scenarioA","X_120","indep",0,0,NA,"SSL",0,0,200,17
"scenarioA","X_121","indep",0,0,NA,"SSL",0,0,200,17
"scenarioA","X_122","indep",0,0,NA,"SSL",0,0,200,17
"scenarioA","X_123","indep",0,0,NA,"SSL",0,0,200,17
"scenarioA","X_124","indep",0,0,NA,"SSL",0,0,200,17
"scenarioA","X_125","indep",0,0,NA,"SSL",0,0,200,17
"scenarioA","X_126","indep",0,0,NA,"SSL",0,0,200,17
"scenarioA","X_127","indep",0,0,NA,"SSL",0,0,200,17
"scenarioA","X_128","indep",0,0,NA,"SSL",0,0,200,17
"scenarioA","X_129","indep",0,0,NA,"SSL",0,0,200,17
"scenarioA","X_130","indep",0,0,NA,"SSL",0,0,200,17
"scenarioA","X_131","indep",0,0,NA,"SSL",0,0,200,17
"scenarioA","X_132","indep",0,0,NA,"SSL",0,0,200,17
"scenarioA","X_133","indep",0,0,NA,"SSL",0,0,200,17
"scenarioA","X_134","indep",0,0,NA,"SSL",0,0,200,17
"scenarioA","X_135","indep",0,0,NA,"SSL",0,0,200,17
"scenarioA","X_136","indep",0,0,NA,"SSL",0,0,200,17
"scenarioA","X_137","indep",0,0,NA,"SSL",0,0,200,17
"scenarioA","X_138","indep",0,0,NA,"SSL",0,0,200,17
"scenarioA","X_139","indep",0,0,NA,"SSL",0,0,200,17
"scenarioA","X_140","indep",0,0,NA,"SSL",0,0,200,17
"scenarioA","X_141","indep",0,0,NA,"SSL",0,0,200,17
"scenarioA","X_142","indep",0,0,NA,"SSL",0,0,200,17
"scenarioA","X_143","indep",0,0,NA,"SSL",0,0,200,17
"scenarioA","X_144","indep",0,0,NA,"SSL",0,0,200,17
"scenarioA","X_145","indep",0,0,NA,"SSL",0,0,200,17
"scenarioA","X_146","indep",0,0,NA,"SSL",0,0,200,17
"scenarioA","X_147","indep",0,0,NA,"SSL",0,0,200,17
"scenarioA","X_148","indep",0,0,NA,"SSL",0,0,200,17
"scenarioA","X_149","indep",0,0,NA,"SSL",0,0,200,17
"scenarioA","X_150","indep",0,0,NA,"SSL",0,0,200,17
"scenarioA","X_151","indep",0,0,NA,"SSL",0,0,200,17
"scenarioA","X_152","indep",0,0,NA,"SSL",0,0,200,17
"scenarioA","X_153","indep",0,0,NA,"SSL",0,0,200,17
"scenarioA","X_154","indep",0,0,NA,"SSL",0,0,200,17
"scenarioA","X_155","weak",0.3,0,NA,"SSL",0,0,200,17
"scenarioA","X_156","weak",0.3,0,NA,"SSL",0,0,200,17
"scenarioA","X_157","weak",0.3,0,NA,"SSL",0,0,200,17
"scenarioA","X_158","weak",0.3,0,NA,"SSL",0,0,200,17
"scenarioA","X_159","weak",0.3,0,NA,"SSL",0,0,200,17
"scenarioA","X_160","weak",0.3,0,NA,"SSL",0,0,200,17
"scenarioA","X_161","weak",0.3,0,NA,"SSL",0,0,200,17
"scenarioA","X_162","weak",0.3,0,NA,"SSL",0,0,200,17
"scenarioA","X_163","weak",0.3,0,NA,"SSL",0,0,200,17
"scenarioA","X_164","weak",0.3,0,NA,"SSL",0,0,200,17
"scenarioA","X_165","weak",0.3,0,NA,"SSL",0,0,200,17
"scenarioA","X_166","weak",0.3,0,NA,"SSL",0,0,200,17
"scenarioA","X_167","weak",0.3,0,NA,"SSL",0,0,200,17
"scenarioA","X_168","weak",0.3,0,NA,"SSL",0,0,200,17
"scenarioA","X_169","weak",0.3,0,NA,"SSL",0,0,200,17
"scenarioA","X_170","weak",0.3,0,NA,"SSL",0,0,200,17
"scenarioA","X_171","weak",0.3,0,NA,"SSL",0,0,200,17
"scenarioA","X_172","weak",0.3,0,NA,"SSL",0,0,200,17
"scenarioA","X_173","weak",0.3,0,NA,"SSL",0,0,200,17
"scenarioA","X_174","weak",0.3,0,NA,"SSL",0,0,200,17
"scenarioA","X_175","weak",0.3,0,NA,"SSL",0,0,200,17
"scenarioA","X_176","weak",0.3,0,NA,"SSL",0,0,200,17
"scenarioA","X_177","weak",0.3,0,NA,"SSL",0,0,200,17
"scenarioA","X_178","weak",0.3,0,NA,"SSL",0,0,200,17
"scenarioA","X_179","weak",0.3,0,NA,"SSL",0,0,200,17
"scenarioA","X_180","weak",0.3,0,NA,"SSL",0,0,200,17
"scenarioA","X_181","weak",0.3,0,NA,"SSL",0,0,200,17
"scenarioA","X_182","weak",0.3,0,NA,"SSL",0,0,200,17
"scenarioA","X_183","weak",0.3,0,NA,"SSL",0,0,200,17
"scenarioA","X_184","weak",0.3,0,NA,"SSL",0,0,200,17
"scenarioA","X_185","weak",0.3,0,NA,"SSL",0,0,200,17
"scenarioA","X_186","weak",0.3,0,NA,"SSL",0,0,200,17
"scenarioA","X_187","weak",0.3,0,NA,"SSL",0,0,200,17
"scenarioA","X_188","weak",0.3,0,NA,"SSL",0,0,200,17
"scenarioA","X_189","weak",0.3,0,NA,"SSL",0,0,200,17
"scenarioA","X_190","weak",0.3,0,NA,"SSL",0,0,200,17
"scenarioA","X_191","weak",0.3,0,NA,"SSL",0,0,200,17
"scenarioA","X_192","weak",0.3,0,NA,"SSL",0,0,200,17
"scenarioA","X_193","weak",0.3,0,NA,"SSL",0,0,200,17
"scenarioA","X_194","weak",0.3,0,NA,"SSL",0,0,200,17
"scenarioA","X_195","weak",0.3,0,NA,"SSL",0,0,200,17
"scenarioA","X_196","weak",0.3,0,NA,"SSL",0,0,200,17
"scenarioA","X_197","weak",0.3,0,NA,"SSL",0,0,200,17
"scenarioA","X_198","weak",0.3,0,NA,"SSL",0,0,200,17
"scenarioA","X_199","weak",0.3,0,NA,"SSL",0,0,200,17
"scenarioA","X_200","weak",0.3,0,NA,"SSL",0,0,200,17
"scenarioA","X_201","weak",0.3,0,NA,"SSL",0,0,200,17
"scenarioA","X_202","weak",0.3,0,NA,"SSL",0,0,200,17
"scenarioA","X_203","weak",0.3,0,NA,"SSL",0,0,200,17
"scenarioA","X_204","weak",0.3,0,NA,"SSL",0,0,200,17
"scenarioA","X_205","weak",0.3,0,NA,"SSL",0,0,200,17
"scenarioA","X_206","weak",0.3,0,NA,"SSL",0,0,200,17
"scenarioA","X_207","weak",0.3,0,NA,"SSL",0,0,200,17
"scenarioA","X_208","weak",0.3,0,NA,"SSL",0,0,200,17
"scenarioA","X_209","weak",0.3,0,NA,"SSL",0,0,200,17
"scenarioA","X_210","weak",0.3,0,NA,"SSL",0,0,200,17
"scenarioA","X_211","weak",0.3,0,NA,"SSL",0,0,200,17
"scenarioA","X_212","weak",0.3,0,NA,"SSL",0,0,200,17
"scenarioA","X_213","weak",0.3,0,NA,"SSL",0,0,200,17
"scenarioA","X_214","weak",0.3,0,NA,"SSL",0,0,200,17
"scenarioA","X_215","weak",0.3,0,NA,"SSL",0,0,200,17
"scenarioA","X_216","weak",0.3,0,NA,"SSL",0,0,200,17
"scenarioA","X_217","weak",0.3,0,NA,"SSL",0,0,200,17
"scenarioA","X_218","weak",0.3,0,NA,"SSL",0,0,200,17
"scenarioA","X_219","weak",0.3,0,NA,"SSL",0,0,200,17
"scenarioA","X_220","weak",0.3,0,NA,"SSL",0,0,200,17
"scenarioA","X_221","weak",0.3,0,NA,"SSL",0,0,200,17
"scenarioA","X_222","weak",0.3,0,NA,"SSL",0,0,200,17
"scenarioA","X_223","weak",0.3,0,NA,"SSL",0,0,200,17
"scenarioA","X_224","weak",0.3,0,NA,"SSL",0,0,200,17
"scenarioA","X_225","weak",0.3,0,NA,"SSL",0,0,200,17
"scenarioA","X_226","weak",0.3,0,NA,"SSL",0,0,200,17
"scenarioA","X_227","weak",0.3,0,NA,"SSL",0,0,200,17
"scenarioA","X_228","strong",0.6,0,NA,"SSL",0,0,200,17
"scenarioA","X_229","strong",0.6,0,NA,"SSL",0,0,200,17
"scenarioA","X_230","strong",0.6,0,NA,"SSL",0,0,200,17
"scenarioA","X_231","strong",0.6,0,NA,"SSL",0,0,200,17
"scenarioA","X_232","strong",0.6,0,NA,"SSL",0,0,200,17
"scenarioA","X_233","strong",0.6,0,NA,"SSL",0,0,200,17
"scenarioA","X_234","strong",0.6,0,NA,"SSL",0,0,200,17
"scenarioA","X_235","strong",0.6,0,NA,"SSL",0,0,200,17
"scenarioA","X_236","strong",0.6,0,NA,"SSL",0,0,200,17
"scenarioA","X_237","strong",0.6,0,NA,"SSL",0,0,200,17
"scenarioA","X_238","strong",0.6,0,NA,"SSL",0,0,200,17
"scenarioA","X_239","strong",0.6,0,NA,"SSL",0,0,200,17
"scenarioA","X_240","strong",0.6,0,NA,"SSL",0,0,200,17
"scenarioA","X_241","strong",0.6,0,NA,"SSL",0,0,200,17
"scenarioA","X_242","strong",0.6,0,NA,"SSL",0,0,200,17
"scenarioA","X_243","strong",0.6,0,NA,"SSL",0,0,200,17
"scenarioA","X_244","strong",0.6,0,NA,"SSL",0,0,200,17
"scenarioA","X_245","strong",0.6,0,NA,"SSL",0,0,200,17
"scenarioA","X_246","strong",0.6,0,NA,"SSL",0,0,200,17
"scenarioA","X_247","strong",0.6,0,NA,"SSL",0,0,200,17
"scenarioA","X_248","strong",0.6,0,NA,"SSL",0,0,200,17
"scenarioA","X_249","strong",0.6,0,NA,"SSL",0,0,200,17
"scenarioA","X_250","strong",0.6,0,NA,"SSL",0,0,200,17
"scenarioA","X_251","strong",0.6,0,NA,"SSL",0,0,200,17
"scenarioA","X_252","strong",0.6,0,NA,"SSL",0,0,200,17
"scenarioA","X_253","strong",0.6,0,NA,"SSL",0,0,200,17
"scenarioA","X_254","strong",0.6,0,NA,"SSL",0,0,200,17
"scenarioA","X_255","strong",0.6,0,NA,"SSL",0,0,200,17
"scenarioA","X_256","strong",0.6,0,NA,"SSL",0,0,200,17
"scenarioA","X_257","strong",0.6,0,NA,"SSL",0,0,200,17
"scenarioA","X_258","strong",0.6,0,NA,"SSL",0,0,200,17
"scenarioA","X_259","strong",0.6,0,NA,"SSL",0,0,200,17
"scenarioA","X_260","strong",0.6,0,NA,"SSL",0,0,200,17
"scenarioA","X_261","strong",0.6,0,NA,"SSL",0,0,200,17
"scenarioA","X_262","strong",0.6,0,NA,"SSL",0,0,200,17
"scenarioA","X_263","strong",0.6,0,NA,"SSL",0,0,200,17
"scenarioA","X_264","strong",0.6,0,NA,"SSL",0,0,200,17
"scenarioA","X_265","strong",0.6,0,NA,"SSL",0,0,200,17
"scenarioA","X_266","strong",0.6,0,NA,"SSL",0,0,200,17
"scenarioA","X_267","strong",0.6,0,NA,"SSL",0,0,200,17
"scenarioA","X_268","strong",0.6,0,NA,"SSL",0,0,200,17
"scenarioA","X_269","strong",0.6,0,NA,"SSL",0,0,200,17
"scenarioA","X_270","strong",0.6,0,NA,"SSL",0,0,200,17
"scenarioA","X_271","strong",0.6,0,NA,"SSL",0,0,200,17
"scenarioA","X_272","strong",0.6,0,NA,"SSL",0,0,200,17
"scenarioA","X_273","strong",0.6,0,NA,"SSL",0,0,200,17
"scenarioA","X_274","strong",0.6,0,NA,"SSL",0,0,200,17
"scenarioA","X_275","strong",0.6,0,NA,"SSL",0,0,200,17
"scenarioA","X_276","strong",0.6,0,NA,"SSL",0,0,200,17
"scenarioA","X_277","strong",0.6,0,NA,"SSL",0,0,200,17
"scenarioA","X_278","strong",0.6,0,NA,"SSL",0,0,200,17
"scenarioA","X_279","strong",0.6,0,NA,"SSL",0,0,200,17
"scenarioA","X_280","strong",0.6,0,NA,"SSL",0,0,200,17
"scenarioA","X_281","strong",0.6,0,NA,"SSL",0,0,200,17
"scenarioA","X_282","strong",0.6,0,NA,"SSL",0,0,200,17
"scenarioA","X_283","strong",0.6,0,NA,"SSL",0,0,200,17
"scenarioA","X_284","strong",0.6,0,NA,"SSL",0,0,200,17
"scenarioA","X_285","strong",0.6,0,NA,"SSL",0,0,200,17
"scenarioA","X_286","strong",0.6,0,NA,"SSL",0,0,200,17
"scenarioA","X_287","strong",0.6,0,NA,"SSL",0,0,200,17
"scenarioA","X_288","strong",0.6,0,NA,"SSL",0,0,200,17
"scenarioA","X_289","strong",0.6,0,NA,"SSL",0,0,200,17
"scenarioA","X_290","strong",0.6,0,NA,"SSL",0,0,200,17
"scenarioA","X_291","strong",0.6,0,NA,"SSL",0,0,200,17
"scenarioA","X_292","strong",0.6,0,NA,"SSL",0,0,200,17
"scenarioA","X_293","strong",0.6,0,NA,"SSL",0,0,200,17
"scenarioA","X_294","strong",0.6,0,NA,"SSL",0,0,200,17
"scenarioA","X_295","strong",0.6,0,NA,"SSL",0,0,200,17
"scenarioA","X_296","strong",0.6,0,NA,"SSL",0,0,200,17
"scenarioA","X_297","strong",0.6,0,NA,"SSL",0,0,200,17
"scenarioA","X_298","strong",0.6,0,NA,"SSL",0,0,200,17
"scenarioA","X_299","strong",0.6,0,NA,"SSL",0,0,200,17
"scenarioA","X_300","strong",0.6,0,NA,"SSL",0,0,200,17
"scenarioA","X_1","strong",0.6,0.4,0.535115367049557,"LASSO",0,-0.4,200,17
"scenarioA","X_2","strong",0.6,-0.5,-0.522266929670255,"LASSO",0,0.5,200,17
"scenarioA","X_3","weak",0.3,0.6,0.591200164745539,"LASSO",0.294945683059081,-0.305054316940919,200,17
"scenarioA","X_4","weak",0.3,0.75,0.713260969767241,"LASSO",0.292128399017347,-0.457871600982653,200,17
"scenarioA","X_5","indep",0,-0.8,-0.875638951057391,"LASSO",-0.34573069169448,0.45426930830552,200,17
"scenarioA","X_6","indep",0,0,NA,"LASSO",0,0,200,17
"scenarioA","X_7","indep",0,0,NA,"LASSO",0,0,200,17
"scenarioA","X_8","indep",0,0,NA,"LASSO",0,0,200,17
"scenarioA","X_9","indep",0,0,NA,"LASSO",0,0,200,17
"scenarioA","X_10","indep",0,0,NA,"LASSO",0,0,200,17
"scenarioA","X_11","indep",0,0,NA,"LASSO",0,0,200,17
"scenarioA","X_12","indep",0,0,NA,"LASSO",0,0,200,17
"scenarioA","X_13","indep",0,0,NA,"LASSO",0,0,200,17
"scenarioA","X_14","indep",0,0,NA,"LASSO",0,0,200,17
"scenarioA","X_15","indep",0,0,NA,"LASSO",0,0,200,17
"scenarioA","X_16","indep",0,0,NA,"LASSO",0,0,200,17
"scenarioA","X_17","indep",0,0,NA,"LASSO",0,0,200,17
"scenarioA","X_18","indep",0,0,NA,"LASSO",0,0,200,17
"scenarioA","X_19","indep",0,0,NA,"LASSO",0,0,200,17
"scenarioA","X_20","indep",0,0,NA,"LASSO",0,0,200,17
"scenarioA","X_21","indep",0,0,NA,"LASSO",0,0,200,17
"scenarioA","X_22","indep",0,0,NA,"LASSO",0,0,200,17
"scenarioA","X_23","indep",0,0,NA,"LASSO",0,0,200,17
"scenarioA","X_24","indep",0,0,NA,"LASSO",0,0,200,17
"scenarioA","X_25","indep",0,0,NA,"LASSO",0,0,200,17
"scenarioA","X_26","indep",0,0,NA,"LASSO",0,0,200,17
"scenarioA","X_27","indep",0,0,NA,"LASSO",0,0,200,17
"scenarioA","X_28","indep",0,0,NA,"LASSO",0,0,200,17
"scenarioA","X_29","indep",0,0,NA,"LASSO",0,0,200,17
"scenarioA","X_30","indep",0,0,NA,"LASSO",0,0,200,17
"scenarioA","X_31","indep",0,0,NA,"LASSO",0,0,200,17
"scenarioA","X_32","indep",0,0,NA,"LASSO",0,0,200,17
"scenarioA","X_33","indep",0,0,NA,"LASSO",0,0,200,17
"scenarioA","X_34","indep",0,0,NA,"LASSO",0,0,200,17
"scenarioA","X_35","indep",0,0,NA,"LASSO",0,0,200,17
"scenarioA","X_36","indep",0,0,NA,"LASSO",0,0,200,17
"scenarioA","X_37","indep",0,0,NA,"LASSO",0,0,200,17
"scenarioA","X_38","indep",0,0,NA,"LASSO",0,0,200,17
"scenarioA","X_39","indep",0,0,NA,"LASSO",0,0,200,17
"scenarioA","X_40","indep",0,0,NA,"LASSO",0,0,200,17
"scenarioA","X_41","indep",0,0,NA,"LASSO",0,0,200,17
"scenarioA","X_42","indep",0,0,NA,"LASSO",0,0,200,17
"scenarioA","X_43","indep",0,0,NA,"LASSO",0,0,200,17
"scenarioA","X_44","indep",0,0,NA,"LASSO",0,0,200,17
"scenarioA","X_45","indep",0,0,NA,"LASSO",0,0,200,17
"scenarioA","X_46","indep",0,0,NA,"LASSO",0,0,200,17
"scenarioA","X_47","indep",0,0,NA,"LASSO",0,0,200,17
"scenarioA","X_48","indep",0,0,NA,"LASSO",0,0,200,17
"scenarioA","X_49","indep",0,0,NA,"LASSO",0,0,200,17
"scenarioA","X_50","indep",0,0,NA,"LASSO",0,0,200,17
"scenarioA","X_51","indep",0,0,NA,"LASSO",0,0,200,17
"scenarioA","X_52","indep",0,0,NA,"LASSO",0,0,200,17
"scenarioA","X_53","indep",0,0,NA,"LASSO",0,0,200,17
"scenarioA","X_54","indep",0,0,NA,"LASSO",0,0,200,17
"scenarioA","X_55","indep",0,0,NA,"LASSO",0,0,200,17
"scenarioA","X_56","indep",0,0,NA,"LASSO",0,0,200,17
"scenarioA","X_57","indep",0,0,NA,"LASSO",0,0,200,17
"scenarioA","X_58","indep",0,0,NA,"LASSO",0,0,200,17
"scenarioA","X_59","indep",0,0,NA,"LASSO",0,0,200,17
"scenarioA","X_60","indep",0,0,NA,"LASSO",0,0,200,17
"scenarioA","X_61","indep",0,0,NA,"LASSO",0,0,200,17
"scenarioA","X_62","indep",0,0,NA,"LASSO",0,0,200,17
"scenarioA","X_63","indep",0,0,NA,"LASSO",0,0,200,17
"scenarioA","X_64","indep",0,0,NA,"LASSO",0,0,200,17
"scenarioA","X_65","indep",0,0,NA,"LASSO",0,0,200,17
"scenarioA","X_66","indep",0,0,NA,"LASSO",0,0,200,17
"scenarioA","X_67","indep",0,0,NA,"LASSO",0,0,200,17
"scenarioA","X_68","indep",0,0,NA,"LASSO",0,0,200,17
"scenarioA","X_69","indep",0,0,NA,"LASSO",0,0,200,17
"scenarioA","X_70","indep",0,0,NA,"LASSO",0,0,200,17
"scenarioA","X_71","indep",0,0,NA,"LASSO",0,0,200,17
"scenarioA","X_72","indep",0,0,NA,"LASSO",0,0,200,17
"scenarioA","X_73","indep",0,0,NA,"LASSO",0,0,200,17
"scenarioA","X_74","indep",0,0,NA,"LASSO",0,0,200,17
"scenarioA","X_75","indep",0,0,NA,"LASSO",0,0,200,17
"scenarioA","X_76","indep",0,0,NA,"LASSO",0,0,200,17
"scenarioA","X_77","indep",0,0,NA,"LASSO",0,0,200,17
"scenarioA","X_78","indep",0,0,NA,"LASSO",0,0,200,17
"scenarioA","X_79","indep",0,0,NA,"LASSO",0,0,200,17
"scenarioA","X_80","indep",0,0,NA,"LASSO",0,0,200,17
"scenarioA","X_81","indep",0,0,NA,"LASSO",0,0,200,17
"scenarioA","X_82","indep",0,0,NA,"LASSO",0,0,200,17
"scenarioA","X_83","indep",0,0,NA,"LASSO",0,0,200,17
"scenarioA","X_84","indep",0,0,NA,"LASSO",0,0,200,17
"scenarioA","X_85","indep",0,0,NA,"LASSO",0,0,200,17
"scenarioA","X_86","indep",0,0,NA,"LASSO",0,0,200,17
"scenarioA","X_87","indep",0,0,NA,"LASSO",0,0,200,17
"scenarioA","X_88","indep",0,0,NA,"LASSO",0,0,200,17
"scenarioA","X_89","indep",0,0,NA,"LASSO",0,0,200,17
"scenarioA","X_90","indep",0,0,NA,"LASSO",0,0,200,17
"scenarioA","X_91","indep",0,0,NA,"LASSO",0,0,200,17
"scenarioA","X_92","indep",0,0,NA,"LASSO",0,0,200,17
"scenarioA","X_93","indep",0,0,NA,"LASSO",0,0,200,17
"scenarioA","X_94","indep",0,0,NA,"LASSO",0,0,200,17
"scenarioA","X_95","indep",0,0,NA,"LASSO",0,0,200,17
"scenarioA","X_96","indep",0,0,NA,"LASSO",0,0,200,17
"scenarioA","X_97","indep",0,0,NA,"LASSO",0,0,200,17
"scenarioA","X_98","indep",0,0,NA,"LASSO",0,0,200,17
"scenarioA","X_99","indep",0,0,NA,"LASSO",0,0,200,17
"scenarioA","X_100","indep",0,0,NA,"LASSO",0,0,200,17
"scenarioA","X_101","indep",0,0,NA,"LASSO",0,0,200,17
"scenarioA","X_102","indep",0,0,NA,"LASSO",0,0,200,17
"scenarioA","X_103","indep",0,0,NA,"LASSO",0,0,200,17
"scenarioA","X_104","indep",0,0,NA,"LASSO",0,0,200,17
"scenarioA","X_105","indep",0,0,NA,"LASSO",0,0,200,17
"scenarioA","X_106","indep",0,0,NA,"LASSO",0,0,200,17
"scenarioA","X_107","indep",0,0,NA,"LASSO",0,0,200,17
"scenarioA","X_108","indep",0,0,NA,"LASSO",0,0,200,17
"scenarioA","X_109","indep",0,0,NA,"LASSO",0,0,200,17
"scenarioA","X_110","indep",0,0,NA,"LASSO",0,0,200,17
"scenarioA","X_111","indep",0,0,NA,"LASSO",0,0,200,17
"scenarioA","X_112","indep",0,0,NA,"LASSO",0,0,200,17
"scenarioA","X_113","indep",0,0,NA,"LASSO",0,0,200,17
"scenarioA","X_114","indep",0,0,NA,"LASSO",0,0,200,17
"scenarioA","X_115","indep",0,0,NA,"LASSO",0,0,200,17
"scenarioA","X_116","indep",0,0,NA,"LASSO",0,0,200,17
"scenarioA","X_117","indep",0,0,NA,"LASSO",0,0,200,17
"scenarioA","X_118","indep",0,0,NA,"LASSO",0,0,200,17
"scenarioA","X_119","indep",0,0,NA,"LASSO",0,0,200,17
"scenarioA","X_120","indep",0,0,NA,"LASSO",0,0,200,17
"scenarioA","X_121","indep",0,0,NA,"LASSO",0,0,200,17
"scenarioA","X_122","indep",0,0,NA,"LASSO",0,0,200,17
"scenarioA","X_123","indep",0,0,NA,"LASSO",0,0,200,17
"scenarioA","X_124","indep",0,0,NA,"LASSO",0,0,200,17
"scenarioA","X_125","indep",0,0,NA,"LASSO",0,0,200,17
"scenarioA","X_126","indep",0,0,NA,"LASSO",0,0,200,17
"scenarioA","X_127","indep",0,0,NA,"LASSO",0,0,200,17
"scenarioA","X_128","indep",0,0,NA,"LASSO",0,0,200,17
"scenarioA","X_129","indep",0,0,NA,"LASSO",0,0,200,17
"scenarioA","X_130","indep",0,0,NA,"LASSO",0,0,200,17
"scenarioA","X_131","indep",0,0,NA,"LASSO",0,0,200,17
"scenarioA","X_132","indep",0,0,NA,"LASSO",0,0,200,17
"scenarioA","X_133","indep",0,0,NA,"LASSO",0,0,200,17
"scenarioA","X_134","indep",0,0,NA,"LASSO",0,0,200,17
"scenarioA","X_135","indep",0,0,NA,"LASSO",0,0,200,17
"scenarioA","X_136","indep",0,0,NA,"LASSO",0,0,200,17
"scenarioA","X_137","indep",0,0,NA,"LASSO",0,0,200,17
"scenarioA","X_138","indep",0,0,NA,"LASSO",0,0,200,17
"scenarioA","X_139","indep",0,0,NA,"LASSO",0,0,200,17
"scenarioA","X_140","indep",0,0,NA,"LASSO",0,0,200,17
"scenarioA","X_141","indep",0,0,NA,"LASSO",0,0,200,17
"scenarioA","X_142","indep",0,0,NA,"LASSO",0,0,200,17
"scenarioA","X_143","indep",0,0,NA,"LASSO",0,0,200,17
"scenarioA","X_144","indep",0,0,NA,"LASSO",0,0,200,17
"scenarioA","X_145","indep",0,0,NA,"LASSO",0,0,200,17
"scenarioA","X_146","indep",0,0,NA,"LASSO",0,0,200,17
"scenarioA","X_147","indep",0,0,NA,"LASSO",0,0,200,17
"scenarioA","X_148","indep",0,0,NA,"LASSO",0,0,200,17
"scenarioA","X_149","indep",0,0,NA,"LASSO",0,0,200,17
"scenarioA","X_150","indep",0,0,NA,"LASSO",0,0,200,17
"scenarioA","X_151","indep",0,0,NA,"LASSO",0,0,200,17
"scenarioA","X_152","indep",0,0,NA,"LASSO",0,0,200,17
"scenarioA","X_153","indep",0,0,NA,"LASSO",0,0,200,17
"scenarioA","X_154","indep",0,0,NA,"LASSO",0,0,200,17
"scenarioA","X_155","weak",0.3,0,NA,"LASSO",0,0,200,17
"scenarioA","X_156","weak",0.3,0,NA,"LASSO",0.0499511582404173,0.0499511582404173,200,17
"scenarioA","X_157","weak",0.3,0,NA,"LASSO",0,0,200,17
"scenarioA","X_158","weak",0.3,0,NA,"LASSO",0,0,200,17
"scenarioA","X_159","weak",0.3,0,NA,"LASSO",0,0,200,17
"scenarioA","X_160","weak",0.3,0,NA,"LASSO",0,0,200,17
"scenarioA","X_161","weak",0.3,0,NA,"LASSO",0,0,200,17
"scenarioA","X_162","weak",0.3,0,NA,"LASSO",0,0,200,17
"scenarioA","X_163","weak",0.3,0,NA,"LASSO",0,0,200,17
"scenarioA","X_164","weak",0.3,0,NA,"LASSO",0,0,200,17
"scenarioA","X_165","weak",0.3,0,NA,"LASSO",0,0,200,17
"scenarioA","X_166","weak",0.3,0,NA,"LASSO",0,0,200,17
"scenarioA","X_167","weak",0.3,0,NA,"LASSO",0,0,200,17
"scenarioA","X_168","weak",0.3,0,NA,"LASSO",0,0,200,17
"scenarioA","X_169","weak",0.3,0,NA,"LASSO",0,0,200,17
"scenarioA","X_170","weak",0.3,0,NA,"LASSO",0,0,200,17
"scenarioA","X_171","weak",0.3,0,NA,"LASSO",0,0,200,17
"scenarioA","X_172","weak",0.3,0,NA,"LASSO",0,0,200,17
"scenarioA","X_173","weak",0.3,0,NA,"LASSO",0,0,200,17
"scenarioA","X_174","weak",0.3,0,NA,"LASSO",0,0,200,17
"scenarioA","X_175","weak",0.3,0,NA,"LASSO",0,0,200,17
"scenarioA","X_176","weak",0.3,0,NA,"LASSO",0,0,200,17
"scenarioA","X_177","weak",0.3,0,NA,"LASSO",0,0,200,17
"scenarioA","X_178","weak",0.3,0,NA,"LASSO",0,0,200,17
"scenarioA","X_179","weak",0.3,0,NA,"LASSO",0,0,200,17
"scenarioA","X_180","weak",0.3,0,NA,"LASSO",0,0,200,17
"scenarioA","X_181","weak",0.3,0,NA,"LASSO",0,0,200,17
"scenarioA","X_182","weak",0.3,0,NA,"LASSO",0,0,200,17
"scenarioA","X_183","weak",0.3,0,NA,"LASSO",0,0,200,17
"scenarioA","X_184","weak",0.3,0,NA,"LASSO",0,0,200,17
"scenarioA","X_185","weak",0.3,0,NA,"LASSO",0,0,200,17
"scenarioA","X_186","weak",0.3,0,NA,"LASSO",0,0,200,17
"scenarioA","X_187","weak",0.3,0,NA,"LASSO",0,0,200,17
"scenarioA","X_188","weak",0.3,0,NA,"LASSO",0,0,200,17
"scenarioA","X_189","weak",0.3,0,NA,"LASSO",0,0,200,17
"scenarioA","X_190","weak",0.3,0,NA,"LASSO",0,0,200,17
"scenarioA","X_191","weak",0.3,0,NA,"LASSO",0,0,200,17
"scenarioA","X_192","weak",0.3,0,NA,"LASSO",0,0,200,17
"scenarioA","X_193","weak",0.3,0,NA,"LASSO",0,0,200,17
"scenarioA","X_194","weak",0.3,0,NA,"LASSO",0,0,200,17
"scenarioA","X_195","weak",0.3,0,NA,"LASSO",0,0,200,17
"scenarioA","X_196","weak",0.3,0,NA,"LASSO",0,0,200,17
"scenarioA","X_197","weak",0.3,0,NA,"LASSO",0,0,200,17
"scenarioA","X_198","weak",0.3,0,NA,"LASSO",0,0,200,17
"scenarioA","X_199","weak",0.3,0,NA,"LASSO",0,0,200,17
"scenarioA","X_200","weak",0.3,0,NA,"LASSO",0,0,200,17
"scenarioA","X_201","weak",0.3,0,NA,"LASSO",0,0,200,17
"scenarioA","X_202","weak",0.3,0,NA,"LASSO",0,0,200,17
"scenarioA","X_203","weak",0.3,0,NA,"LASSO",0,0,200,17
"scenarioA","X_204","weak",0.3,0,NA,"LASSO",0,0,200,17
"scenarioA","X_205","weak",0.3,0,NA,"LASSO",0,0,200,17
"scenarioA","X_206","weak",0.3,0,NA,"LASSO",0,0,200,17
"scenarioA","X_207","weak",0.3,0,NA,"LASSO",0,0,200,17
"scenarioA","X_208","weak",0.3,0,NA,"LASSO",0,0,200,17
"scenarioA","X_209","weak",0.3,0,NA,"LASSO",0,0,200,17
"scenarioA","X_210","weak",0.3,0,NA,"LASSO",0,0,200,17
"scenarioA","X_211","weak",0.3,0,NA,"LASSO",0,0,200,17
"scenarioA","X_212","weak",0.3,0,NA,"LASSO",0,0,200,17
"scenarioA","X_213","weak",0.3,0,NA,"LASSO",0,0,200,17
"scenarioA","X_214","weak",0.3,0,NA,"LASSO",0,0,200,17
"scenarioA","X_215","weak",0.3,0,NA,"LASSO",0,0,200,17
"scenarioA","X_216","weak",0.3,0,NA,"LASSO",0,0,200,17
"scenarioA","X_217","weak",0.3,0,NA,"LASSO",0,0,200,17
"scenarioA","X_218","weak",0.3,0,NA,"LASSO",0,0,200,17
"scenarioA","X_219","weak",0.3,0,NA,"LASSO",0,0,200,17
"scenarioA","X_220","weak",0.3,0,NA,"LASSO",0,0,200,17
"scenarioA","X_221","weak",0.3,0,NA,"LASSO",0,0,200,17
"scenarioA","X_222","weak",0.3,0,NA,"LASSO",0,0,200,17
"scenarioA","X_223","weak",0.3,0,NA,"LASSO",0,0,200,17
"scenarioA","X_224","weak",0.3,0,NA,"LASSO",0,0,200,17
"scenarioA","X_225","weak",0.3,0,NA,"LASSO",0,0,200,17
"scenarioA","X_226","weak",0.3,0,NA,"LASSO",0,0,200,17
"scenarioA","X_227","weak",0.3,0,NA,"LASSO",0,0,200,17
"scenarioA","X_228","strong",0.6,0,NA,"LASSO",0,0,200,17
"scenarioA","X_229","strong",0.6,0,NA,"LASSO",0,0,200,17
"scenarioA","X_230","strong",0.6,0,NA,"LASSO",0,0,200,17
"scenarioA","X_231","strong",0.6,0,NA,"LASSO",0,0,200,17
"scenarioA","X_232","strong",0.6,0,NA,"LASSO",0,0,200,17
"scenarioA","X_233","strong",0.6,0,NA,"LASSO",0,0,200,17
"scenarioA","X_234","strong",0.6,0,NA,"LASSO",0,0,200,17
"scenarioA","X_235","strong",0.6,0,NA,"LASSO",0,0,200,17
"scenarioA","X_236","strong",0.6,0,NA,"LASSO",0,0,200,17
"scenarioA","X_237","strong",0.6,0,NA,"LASSO",0,0,200,17
"scenarioA","X_238","strong",0.6,0,NA,"LASSO",0,0,200,17
"scenarioA","X_239","strong",0.6,0,NA,"LASSO",0,0,200,17
"scenarioA","X_240","strong",0.6,0,NA,"LASSO",0,0,200,17
"scenarioA","X_241","strong",0.6,0,NA,"LASSO",0,0,200,17
"scenarioA","X_242","strong",0.6,0,NA,"LASSO",0,0,200,17
"scenarioA","X_243","strong",0.6,0,NA,"LASSO",0,0,200,17
"scenarioA","X_244","strong",0.6,0,NA,"LASSO",0,0,200,17
"scenarioA","X_245","strong",0.6,0,NA,"LASSO",0,0,200,17
"scenarioA","X_246","strong",0.6,0,NA,"LASSO",0,0,200,17
"scenarioA","X_247","strong",0.6,0,NA,"LASSO",0,0,200,17
"scenarioA","X_248","strong",0.6,0,NA,"LASSO",0,0,200,17
"scenarioA","X_249","strong",0.6,0,NA,"LASSO",0,0,200,17
"scenarioA","X_250","strong",0.6,0,NA,"LASSO",0,0,200,17
"scenarioA","X_251","strong",0.6,0,NA,"LASSO",0,0,200,17
"scenarioA","X_252","strong",0.6,0,NA,"LASSO",0,0,200,17
"scenarioA","X_253","strong",0.6,0,NA,"LASSO",0,0,200,17
"scenarioA","X_254","strong",0.6,0,NA,"LASSO",0,0,200,17
"scenarioA","X_255","strong",0.6,0,NA,"LASSO",0,0,200,17
"scenarioA","X_256","strong",0.6,0,NA,"LASSO",0,0,200,17
"scenarioA","X_257","strong",0.6,0,NA,"LASSO",0,0,200,17
"scenarioA","X_258","strong",0.6,0,NA,"LASSO",0,0,200,17
"scenarioA","X_259","strong",0.6,0,NA,"LASSO",0,0,200,17
"scenarioA","X_260","strong",0.6,0,NA,"LASSO",0,0,200,17
"scenarioA","X_261","strong",0.6,0,NA,"LASSO",0,0,200,17
"scenarioA","X_262","strong",0.6,0,NA,"LASSO",0,0,200,17
"scenarioA","X_263","strong",0.6,0,NA,"LASSO",0,0,200,17
"scenarioA","X_264","strong",0.6,0,NA,"LASSO",0,0,200,17
"scenarioA","X_265","strong",0.6,0,NA,"LASSO",0,0,200,17
"scenarioA","X_266","strong",0.6,0,NA,"LASSO",0,0,200,17
"scenarioA","X_267","strong",0.6,0,NA,"LASSO",0,0,200,17
"scenarioA","X_268","strong",0.6,0,NA,"LASSO",0,0,200,17
"scenarioA","X_269","strong",0.6,0,NA,"LASSO",0,0,200,17
"scenarioA","X_270","strong",0.6,0,NA,"LASSO",0,0,200,17
"scenarioA","X_271","strong",0.6,0,NA,"LASSO",0,0,200,17
"scenarioA","X_272","strong",0.6,0,NA,"LASSO",0,0,200,17
"scenarioA","X_273","strong",0.6,0,NA,"LASSO",0,0,200,17
"scenarioA","X_274","strong",0.6,0,NA,"LASSO",0,0,200,17
"scenarioA","X_275","strong",0.6,0,NA,"LASSO",0,0,200,17
"scenarioA","X_276","strong",0.6,0,NA,"LASSO",0,0,200,17
"scenarioA","X_277","strong",0.6,0,NA,"LASSO",0,0,200,17
"scenarioA","X_278","strong",0.6,0,NA,"LASSO",0,0,200,17
"scenarioA","X_279","strong",0.6,0,NA,"LASSO",0,0,200,17
"scenarioA","X_280","strong",0.6,0,NA,"LASSO",0,0,200,17
"scenarioA","X_281","strong",0.6,0,NA,"LASSO",0,0,200,17
"scenarioA","X_282","strong",0.6,0,NA,"LASSO",0,0,200,17
"scenarioA","X_283","strong",0.6,0,NA,"LASSO",0,0,200,17
"scenarioA","X_284","strong",0.6,0,NA,"LASSO",0,0,200,17
"scenarioA","X_285","strong",0.6,0,NA,"LASSO",0,0,200,17
"scenarioA","X_286","strong",0.6,0,NA,"LASSO",0,0,200,17
"scenarioA","X_287","strong",0.6,0,NA,"LASSO",0,0,200,17
"scenarioA","X_288","strong",0.6,0,NA,"LASSO",0,0,200,17
"scenarioA","X_289","strong",0.6,0,NA,"LASSO",0,0,200,17
"scenarioA","X_290","strong",0.6,0,NA,"LASSO",0,0,200,17
"scenarioA","X_291","strong",0.6,0,NA,"LASSO",0,0,200,17
"scenarioA","X_292","strong",0.6,0,NA,"LASSO",0,0,200,17
"scenarioA","X_293","strong",0.6,0,NA,"LASSO",0,0,200,17
"scenarioA","X_294","strong",0.6,0,NA,"LASSO",0,0,200,17
"scenarioA","X_295","strong",0.6,0,NA,"LASSO",0,0,200,17
"scenarioA","X_296","strong",0.6,0,NA,"LASSO",0,0,200,17
"scenarioA","X_297","strong",0.6,0,NA,"LASSO",0,0,200,17
"scenarioA","X_298","strong",0.6,0,NA,"LASSO",0,0,200,17
"scenarioA","X_299","strong",0.6,0,NA,"LASSO",0,0,200,17
"scenarioA","X_300","strong",0.6,0,NA,"LASSO",0,0,200,17
"scenarioA","X_1","strong",0.6,0.4,0.450079851846473,"SSL",0,-0.4,200,18
"scenarioA","X_2","strong",0.6,-0.5,-0.455728426423642,"SSL",0,0.5,200,18
"scenarioA","X_3","weak",0.3,0.6,0.711634148126041,"SSL",0.652929246769154,0.052929246769154,200,18
"scenarioA","X_4","weak",0.3,0.75,0.792109954536375,"SSL",0.706111443238186,-0.0438885567618139,200,18
"scenarioA","X_5","indep",0,-0.8,-0.982373000695436,"SSL",-0.889388114751687,-0.0893881147516871,200,18
"scenarioA","X_6","indep",0,0,NA,"SSL",0,0,200,18
"scenarioA","X_7","indep",0,0,NA,"SSL",0,0,200,18
"scenarioA","X_8","indep",0,0,NA,"SSL",0,0,200,18
"scenarioA","X_9","indep",0,0,NA,"SSL",0,0,200,18
"scenarioA","X_10","indep",0,0,NA,"SSL",0,0,200,18
"scenarioA","X_11","indep",0,0,NA,"SSL",0,0,200,18
"scenarioA","X_12","indep",0,0,NA,"SSL",0,0,200,18
"scenarioA","X_13","indep",0,0,NA,"SSL",0,0,200,18
"scenarioA","X_14","indep",0,0,NA,"SSL",0,0,200,18
"scenarioA","X_15","indep",0,0,NA,"SSL",0,0,200,18
"scenarioA","X_16","indep",0,0,NA,"SSL",0,0,200,18
"scenarioA","X_17","indep",0,0,NA,"SSL",0,0,200,18
"scenarioA","X_18","indep",0,0,NA,"SSL",0,0,200,18
"scenarioA","X_19","indep",0,0,NA,"SSL",0,0,200,18
"scenarioA","X_20","indep",0,0,NA,"SSL",0,0,200,18
"scenarioA","X_21","indep",0,0,NA,"SSL",0,0,200,18
"scenarioA","X_22","indep",0,0,NA,"SSL",0,0,200,18
"scenarioA","X_23","indep",0,0,NA,"SSL",0,0,200,18
"scenarioA","X_24","indep",0,0,NA,"SSL",0,0,200,18
"scenarioA","X_25","indep",0,0,NA,"SSL",0,0,200,18
"scenarioA","X_26","indep",0,0,NA,"SSL",0,0,200,18
"scenarioA","X_27","indep",0,0,NA,"SSL",0,0,200,18
"scenarioA","X_28","indep",0,0,NA,"SSL",0,0,200,18
"scenarioA","X_29","indep",0,0,NA,"SSL",0,0,200,18
"scenarioA","X_30","indep",0,0,NA,"SSL",0,0,200,18
"scenarioA","X_31","indep",0,0,NA,"SSL",0,0,200,18
"scenarioA","X_32","indep",0,0,NA,"SSL",0,0,200,18
"scenarioA","X_33","indep",0,0,NA,"SSL",0,0,200,18
"scenarioA","X_34","indep",0,0,NA,"SSL",0,0,200,18
"scenarioA","X_35","indep",0,0,NA,"SSL",0,0,200,18
"scenarioA","X_36","indep",0,0,NA,"SSL",0,0,200,18
"scenarioA","X_37","indep",0,0,NA,"SSL",0,0,200,18
"scenarioA","X_38","indep",0,0,NA,"SSL",0,0,200,18
"scenarioA","X_39","indep",0,0,NA,"SSL",0,0,200,18
"scenarioA","X_40","indep",0,0,NA,"SSL",0,0,200,18
"scenarioA","X_41","indep",0,0,NA,"SSL",0,0,200,18
"scenarioA","X_42","indep",0,0,NA,"SSL",0,0,200,18
"scenarioA","X_43","indep",0,0,NA,"SSL",0,0,200,18
"scenarioA","X_44","indep",0,0,NA,"SSL",0,0,200,18
"scenarioA","X_45","indep",0,0,NA,"SSL",0,0,200,18
"scenarioA","X_46","indep",0,0,NA,"SSL",0,0,200,18
"scenarioA","X_47","indep",0,0,NA,"SSL",0,0,200,18
"scenarioA","X_48","indep",0,0,NA,"SSL",0,0,200,18
"scenarioA","X_49","indep",0,0,NA,"SSL",0,0,200,18
"scenarioA","X_50","indep",0,0,NA,"SSL",0,0,200,18
"scenarioA","X_51","indep",0,0,NA,"SSL",0,0,200,18
"scenarioA","X_52","indep",0,0,NA,"SSL",0,0,200,18
"scenarioA","X_53","indep",0,0,NA,"SSL",0,0,200,18
"scenarioA","X_54","indep",0,0,NA,"SSL",0,0,200,18
"scenarioA","X_55","indep",0,0,NA,"SSL",0,0,200,18
"scenarioA","X_56","indep",0,0,NA,"SSL",0,0,200,18
"scenarioA","X_57","indep",0,0,NA,"SSL",0,0,200,18
"scenarioA","X_58","indep",0,0,NA,"SSL",0,0,200,18
"scenarioA","X_59","indep",0,0,NA,"SSL",0,0,200,18
"scenarioA","X_60","indep",0,0,NA,"SSL",0,0,200,18
"scenarioA","X_61","indep",0,0,NA,"SSL",0,0,200,18
"scenarioA","X_62","indep",0,0,NA,"SSL",0,0,200,18
"scenarioA","X_63","indep",0,0,NA,"SSL",0,0,200,18
"scenarioA","X_64","indep",0,0,NA,"SSL",0,0,200,18
"scenarioA","X_65","indep",0,0,NA,"SSL",0,0,200,18
"scenarioA","X_66","indep",0,0,NA,"SSL",0,0,200,18
"scenarioA","X_67","indep",0,0,NA,"SSL",0,0,200,18
"scenarioA","X_68","indep",0,0,NA,"SSL",0,0,200,18
"scenarioA","X_69","indep",0,0,NA,"SSL",0,0,200,18
"scenarioA","X_70","indep",0,0,NA,"SSL",0,0,200,18
"scenarioA","X_71","indep",0,0,NA,"SSL",0,0,200,18
"scenarioA","X_72","indep",0,0,NA,"SSL",0,0,200,18
"scenarioA","X_73","indep",0,0,NA,"SSL",0,0,200,18
"scenarioA","X_74","indep",0,0,NA,"SSL",0,0,200,18
"scenarioA","X_75","indep",0,0,NA,"SSL",0,0,200,18
"scenarioA","X_76","indep",0,0,NA,"SSL",0,0,200,18
"scenarioA","X_77","indep",0,0,NA,"SSL",0,0,200,18
"scenarioA","X_78","indep",0,0,NA,"SSL",0,0,200,18
"scenarioA","X_79","indep",0,0,NA,"SSL",0,0,200,18
"scenarioA","X_80","indep",0,0,NA,"SSL",0,0,200,18
"scenarioA","X_81","indep",0,0,NA,"SSL",0,0,200,18
"scenarioA","X_82","indep",0,0,NA,"SSL",0,0,200,18
"scenarioA","X_83","indep",0,0,NA,"SSL",0,0,200,18
"scenarioA","X_84","indep",0,0,NA,"SSL",0,0,200,18
"scenarioA","X_85","indep",0,0,NA,"SSL",0,0,200,18
"scenarioA","X_86","indep",0,0,NA,"SSL",0,0,200,18
"scenarioA","X_87","indep",0,0,NA,"SSL",0,0,200,18
"scenarioA","X_88","indep",0,0,NA,"SSL",0,0,200,18
"scenarioA","X_89","indep",0,0,NA,"SSL",0,0,200,18
"scenarioA","X_90","indep",0,0,NA,"SSL",0,0,200,18
"scenarioA","X_91","indep",0,0,NA,"SSL",0,0,200,18
"scenarioA","X_92","indep",0,0,NA,"SSL",0,0,200,18
"scenarioA","X_93","indep",0,0,NA,"SSL",0,0,200,18
"scenarioA","X_94","indep",0,0,NA,"SSL",0,0,200,18
"scenarioA","X_95","indep",0,0,NA,"SSL",0,0,200,18
"scenarioA","X_96","indep",0,0,NA,"SSL",0,0,200,18
"scenarioA","X_97","indep",0,0,NA,"SSL",0,0,200,18
"scenarioA","X_98","indep",0,0,NA,"SSL",0,0,200,18
"scenarioA","X_99","indep",0,0,NA,"SSL",0,0,200,18
"scenarioA","X_100","indep",0,0,NA,"SSL",0,0,200,18
"scenarioA","X_101","indep",0,0,NA,"SSL",0,0,200,18
"scenarioA","X_102","indep",0,0,NA,"SSL",0,0,200,18
"scenarioA","X_103","indep",0,0,NA,"SSL",0,0,200,18
"scenarioA","X_104","indep",0,0,NA,"SSL",0,0,200,18
"scenarioA","X_105","indep",0,0,NA,"SSL",0,0,200,18
"scenarioA","X_106","indep",0,0,NA,"SSL",0,0,200,18
"scenarioA","X_107","indep",0,0,NA,"SSL",0,0,200,18
"scenarioA","X_108","indep",0,0,NA,"SSL",0,0,200,18
"scenarioA","X_109","indep",0,0,NA,"SSL",0,0,200,18
"scenarioA","X_110","indep",0,0,NA,"SSL",0,0,200,18
"scenarioA","X_111","indep",0,0,NA,"SSL",0,0,200,18
"scenarioA","X_112","indep",0,0,NA,"SSL",0,0,200,18
"scenarioA","X_113","indep",0,0,NA,"SSL",0,0,200,18
"scenarioA","X_114","indep",0,0,NA,"SSL",0,0,200,18
"scenarioA","X_115","indep",0,0,NA,"SSL",0,0,200,18
"scenarioA","X_116","indep",0,0,NA,"SSL",0,0,200,18
"scenarioA","X_117","indep",0,0,NA,"SSL",0,0,200,18
"scenarioA","X_118","indep",0,0,NA,"SSL",0,0,200,18
"scenarioA","X_119","indep",0,0,NA,"SSL",0,0,200,18
"scenarioA","X_120","indep",0,0,NA,"SSL",0,0,200,18
"scenarioA","X_121","indep",0,0,NA,"SSL",0,0,200,18
"scenarioA","X_122","indep",0,0,NA,"SSL",0,0,200,18
"scenarioA","X_123","indep",0,0,NA,"SSL",0,0,200,18
"scenarioA","X_124","indep",0,0,NA,"SSL",0,0,200,18
"scenarioA","X_125","indep",0,0,NA,"SSL",0,0,200,18
"scenarioA","X_126","indep",0,0,NA,"SSL",0,0,200,18
"scenarioA","X_127","indep",0,0,NA,"SSL",0,0,200,18
"scenarioA","X_128","indep",0,0,NA,"SSL",0,0,200,18
"scenarioA","X_129","indep",0,0,NA,"SSL",0,0,200,18
"scenarioA","X_130","indep",0,0,NA,"SSL",0,0,200,18
"scenarioA","X_131","indep",0,0,NA,"SSL",0,0,200,18
"scenarioA","X_132","indep",0,0,NA,"SSL",0,0,200,18
"scenarioA","X_133","indep",0,0,NA,"SSL",0,0,200,18
"scenarioA","X_134","indep",0,0,NA,"SSL",0,0,200,18
"scenarioA","X_135","indep",0,0,NA,"SSL",0,0,200,18
"scenarioA","X_136","indep",0,0,NA,"SSL",0,0,200,18
"scenarioA","X_137","indep",0,0,NA,"SSL",0,0,200,18
"scenarioA","X_138","indep",0,0,NA,"SSL",0,0,200,18
"scenarioA","X_139","indep",0,0,NA,"SSL",0,0,200,18
"scenarioA","X_140","indep",0,0,NA,"SSL",0,0,200,18
"scenarioA","X_141","indep",0,0,NA,"SSL",0,0,200,18
"scenarioA","X_142","indep",0,0,NA,"SSL",0,0,200,18
"scenarioA","X_143","indep",0,0,NA,"SSL",0,0,200,18
"scenarioA","X_144","indep",0,0,NA,"SSL",0,0,200,18
"scenarioA","X_145","indep",0,0,NA,"SSL",0,0,200,18
"scenarioA","X_146","indep",0,0,NA,"SSL",0,0,200,18
"scenarioA","X_147","indep",0,0,NA,"SSL",0,0,200,18
"scenarioA","X_148","indep",0,0,NA,"SSL",0,0,200,18
"scenarioA","X_149","indep",0,0,NA,"SSL",0,0,200,18
"scenarioA","X_150","indep",0,0,NA,"SSL",0,0,200,18
"scenarioA","X_151","indep",0,0,NA,"SSL",0,0,200,18
"scenarioA","X_152","indep",0,0,NA,"SSL",0,0,200,18
"scenarioA","X_153","indep",0,0,NA,"SSL",0,0,200,18
"scenarioA","X_154","indep",0,0,NA,"SSL",0,0,200,18
"scenarioA","X_155","weak",0.3,0,NA,"SSL",0,0,200,18
"scenarioA","X_156","weak",0.3,0,NA,"SSL",0,0,200,18
"scenarioA","X_157","weak",0.3,0,NA,"SSL",0,0,200,18
"scenarioA","X_158","weak",0.3,0,NA,"SSL",0,0,200,18
"scenarioA","X_159","weak",0.3,0,NA,"SSL",0,0,200,18
"scenarioA","X_160","weak",0.3,0,NA,"SSL",0,0,200,18
"scenarioA","X_161","weak",0.3,0,NA,"SSL",0,0,200,18
"scenarioA","X_162","weak",0.3,0,NA,"SSL",0,0,200,18
"scenarioA","X_163","weak",0.3,0,NA,"SSL",0,0,200,18
"scenarioA","X_164","weak",0.3,0,NA,"SSL",0,0,200,18
"scenarioA","X_165","weak",0.3,0,NA,"SSL",0,0,200,18
"scenarioA","X_166","weak",0.3,0,NA,"SSL",0,0,200,18
"scenarioA","X_167","weak",0.3,0,NA,"SSL",0,0,200,18
"scenarioA","X_168","weak",0.3,0,NA,"SSL",0,0,200,18
"scenarioA","X_169","weak",0.3,0,NA,"SSL",0,0,200,18
"scenarioA","X_170","weak",0.3,0,NA,"SSL",0,0,200,18
"scenarioA","X_171","weak",0.3,0,NA,"SSL",0,0,200,18
"scenarioA","X_172","weak",0.3,0,NA,"SSL",0,0,200,18
"scenarioA","X_173","weak",0.3,0,NA,"SSL",0,0,200,18
"scenarioA","X_174","weak",0.3,0,NA,"SSL",0,0,200,18
"scenarioA","X_175","weak",0.3,0,NA,"SSL",0,0,200,18
"scenarioA","X_176","weak",0.3,0,NA,"SSL",0,0,200,18
"scenarioA","X_177","weak",0.3,0,NA,"SSL",0,0,200,18
"scenarioA","X_178","weak",0.3,0,NA,"SSL",0,0,200,18
"scenarioA","X_179","weak",0.3,0,NA,"SSL",0,0,200,18
"scenarioA","X_180","weak",0.3,0,NA,"SSL",0,0,200,18
"scenarioA","X_181","weak",0.3,0,NA,"SSL",0,0,200,18
"scenarioA","X_182","weak",0.3,0,NA,"SSL",0,0,200,18
"scenarioA","X_183","weak",0.3,0,NA,"SSL",0,0,200,18
"scenarioA","X_184","weak",0.3,0,NA,"SSL",0,0,200,18
"scenarioA","X_185","weak",0.3,0,NA,"SSL",0,0,200,18
"scenarioA","X_186","weak",0.3,0,NA,"SSL",0,0,200,18
"scenarioA","X_187","weak",0.3,0,NA,"SSL",0,0,200,18
"scenarioA","X_188","weak",0.3,0,NA,"SSL",0,0,200,18
"scenarioA","X_189","weak",0.3,0,NA,"SSL",0,0,200,18
"scenarioA","X_190","weak",0.3,0,NA,"SSL",0,0,200,18
"scenarioA","X_191","weak",0.3,0,NA,"SSL",0,0,200,18
"scenarioA","X_192","weak",0.3,0,NA,"SSL",0,0,200,18
"scenarioA","X_193","weak",0.3,0,NA,"SSL",0,0,200,18
"scenarioA","X_194","weak",0.3,0,NA,"SSL",0,0,200,18
"scenarioA","X_195","weak",0.3,0,NA,"SSL",0,0,200,18
"scenarioA","X_196","weak",0.3,0,NA,"SSL",0,0,200,18
"scenarioA","X_197","weak",0.3,0,NA,"SSL",0,0,200,18
"scenarioA","X_198","weak",0.3,0,NA,"SSL",0,0,200,18
"scenarioA","X_199","weak",0.3,0,NA,"SSL",0,0,200,18
"scenarioA","X_200","weak",0.3,0,NA,"SSL",0,0,200,18
"scenarioA","X_201","weak",0.3,0,NA,"SSL",0,0,200,18
"scenarioA","X_202","weak",0.3,0,NA,"SSL",0,0,200,18
"scenarioA","X_203","weak",0.3,0,NA,"SSL",0,0,200,18
"scenarioA","X_204","weak",0.3,0,NA,"SSL",0,0,200,18
"scenarioA","X_205","weak",0.3,0,NA,"SSL",0,0,200,18
"scenarioA","X_206","weak",0.3,0,NA,"SSL",0,0,200,18
"scenarioA","X_207","weak",0.3,0,NA,"SSL",0,0,200,18
"scenarioA","X_208","weak",0.3,0,NA,"SSL",0,0,200,18
"scenarioA","X_209","weak",0.3,0,NA,"SSL",0,0,200,18
"scenarioA","X_210","weak",0.3,0,NA,"SSL",0,0,200,18
"scenarioA","X_211","weak",0.3,0,NA,"SSL",0,0,200,18
"scenarioA","X_212","weak",0.3,0,NA,"SSL",0,0,200,18
"scenarioA","X_213","weak",0.3,0,NA,"SSL",0,0,200,18
"scenarioA","X_214","weak",0.3,0,NA,"SSL",0,0,200,18
"scenarioA","X_215","weak",0.3,0,NA,"SSL",0,0,200,18
"scenarioA","X_216","weak",0.3,0,NA,"SSL",0,0,200,18
"scenarioA","X_217","weak",0.3,0,NA,"SSL",0,0,200,18
"scenarioA","X_218","weak",0.3,0,NA,"SSL",0,0,200,18
"scenarioA","X_219","weak",0.3,0,NA,"SSL",0,0,200,18
"scenarioA","X_220","weak",0.3,0,NA,"SSL",0,0,200,18
"scenarioA","X_221","weak",0.3,0,NA,"SSL",0,0,200,18
"scenarioA","X_222","weak",0.3,0,NA,"SSL",0,0,200,18
"scenarioA","X_223","weak",0.3,0,NA,"SSL",0,0,200,18
"scenarioA","X_224","weak",0.3,0,NA,"SSL",0,0,200,18
"scenarioA","X_225","weak",0.3,0,NA,"SSL",0,0,200,18
"scenarioA","X_226","weak",0.3,0,NA,"SSL",0,0,200,18
"scenarioA","X_227","weak",0.3,0,NA,"SSL",0,0,200,18
"scenarioA","X_228","strong",0.6,0,NA,"SSL",0,0,200,18
"scenarioA","X_229","strong",0.6,0,NA,"SSL",0,0,200,18
"scenarioA","X_230","strong",0.6,0,NA,"SSL",0,0,200,18
"scenarioA","X_231","strong",0.6,0,NA,"SSL",0,0,200,18
"scenarioA","X_232","strong",0.6,0,NA,"SSL",0,0,200,18
"scenarioA","X_233","strong",0.6,0,NA,"SSL",0,0,200,18
"scenarioA","X_234","strong",0.6,0,NA,"SSL",0,0,200,18
"scenarioA","X_235","strong",0.6,0,NA,"SSL",0,0,200,18
"scenarioA","X_236","strong",0.6,0,NA,"SSL",0,0,200,18
"scenarioA","X_237","strong",0.6,0,NA,"SSL",0,0,200,18
"scenarioA","X_238","strong",0.6,0,NA,"SSL",0,0,200,18
"scenarioA","X_239","strong",0.6,0,NA,"SSL",0,0,200,18
"scenarioA","X_240","strong",0.6,0,NA,"SSL",0,0,200,18
"scenarioA","X_241","strong",0.6,0,NA,"SSL",0,0,200,18
"scenarioA","X_242","strong",0.6,0,NA,"SSL",0,0,200,18
"scenarioA","X_243","strong",0.6,0,NA,"SSL",0,0,200,18
"scenarioA","X_244","strong",0.6,0,NA,"SSL",0,0,200,18
"scenarioA","X_245","strong",0.6,0,NA,"SSL",0,0,200,18
"scenarioA","X_246","strong",0.6,0,NA,"SSL",0,0,200,18
"scenarioA","X_247","strong",0.6,0,NA,"SSL",0,0,200,18
"scenarioA","X_248","strong",0.6,0,NA,"SSL",0,0,200,18
"scenarioA","X_249","strong",0.6,0,NA,"SSL",0,0,200,18
"scenarioA","X_250","strong",0.6,0,NA,"SSL",0,0,200,18
"scenarioA","X_251","strong",0.6,0,NA,"SSL",0,0,200,18
"scenarioA","X_252","strong",0.6,0,NA,"SSL",0,0,200,18
"scenarioA","X_253","strong",0.6,0,NA,"SSL",0,0,200,18
"scenarioA","X_254","strong",0.6,0,NA,"SSL",0,0,200,18
"scenarioA","X_255","strong",0.6,0,NA,"SSL",0,0,200,18
"scenarioA","X_256","strong",0.6,0,NA,"SSL",0,0,200,18
"scenarioA","X_257","strong",0.6,0,NA,"SSL",0,0,200,18
"scenarioA","X_258","strong",0.6,0,NA,"SSL",0,0,200,18
"scenarioA","X_259","strong",0.6,0,NA,"SSL",0,0,200,18
"scenarioA","X_260","strong",0.6,0,NA,"SSL",0,0,200,18
"scenarioA","X_261","strong",0.6,0,NA,"SSL",0,0,200,18
"scenarioA","X_262","strong",0.6,0,NA,"SSL",0,0,200,18
"scenarioA","X_263","strong",0.6,0,NA,"SSL",0,0,200,18
"scenarioA","X_264","strong",0.6,0,NA,"SSL",0,0,200,18
"scenarioA","X_265","strong",0.6,0,NA,"SSL",0,0,200,18
"scenarioA","X_266","strong",0.6,0,NA,"SSL",0,0,200,18
"scenarioA","X_267","strong",0.6,0,NA,"SSL",0,0,200,18
"scenarioA","X_268","strong",0.6,0,NA,"SSL",0,0,200,18
"scenarioA","X_269","strong",0.6,0,NA,"SSL",0,0,200,18
"scenarioA","X_270","strong",0.6,0,NA,"SSL",0,0,200,18
"scenarioA","X_271","strong",0.6,0,NA,"SSL",0,0,200,18
"scenarioA","X_272","strong",0.6,0,NA,"SSL",0,0,200,18
"scenarioA","X_273","strong",0.6,0,NA,"SSL",0,0,200,18
"scenarioA","X_274","strong",0.6,0,NA,"SSL",0,0,200,18
"scenarioA","X_275","strong",0.6,0,NA,"SSL",0,0,200,18
"scenarioA","X_276","strong",0.6,0,NA,"SSL",0,0,200,18
"scenarioA","X_277","strong",0.6,0,NA,"SSL",0,0,200,18
"scenarioA","X_278","strong",0.6,0,NA,"SSL",0,0,200,18
"scenarioA","X_279","strong",0.6,0,NA,"SSL",0,0,200,18
"scenarioA","X_280","strong",0.6,0,NA,"SSL",0,0,200,18
"scenarioA","X_281","strong",0.6,0,NA,"SSL",0,0,200,18
"scenarioA","X_282","strong",0.6,0,NA,"SSL",0,0,200,18
"scenarioA","X_283","strong",0.6,0,NA,"SSL",0,0,200,18
"scenarioA","X_284","strong",0.6,0,NA,"SSL",0,0,200,18
"scenarioA","X_285","strong",0.6,0,NA,"SSL",0,0,200,18
"scenarioA","X_286","strong",0.6,0,NA,"SSL",0,0,200,18
"scenarioA","X_287","strong",0.6,0,NA,"SSL",0,0,200,18
"scenarioA","X_288","strong",0.6,0,NA,"SSL",0,0,200,18
"scenarioA","X_289","strong",0.6,0,NA,"SSL",0,0,200,18
"scenarioA","X_290","strong",0.6,0,NA,"SSL",0,0,200,18
"scenarioA","X_291","strong",0.6,0,NA,"SSL",0,0,200,18
"scenarioA","X_292","strong",0.6,0,NA,"SSL",0,0,200,18
"scenarioA","X_293","strong",0.6,0,NA,"SSL",0,0,200,18
"scenarioA","X_294","strong",0.6,0,NA,"SSL",0,0,200,18
"scenarioA","X_295","strong",0.6,0,NA,"SSL",0,0,200,18
"scenarioA","X_296","strong",0.6,0,NA,"SSL",0,0,200,18
"scenarioA","X_297","strong",0.6,0,NA,"SSL",0,0,200,18
"scenarioA","X_298","strong",0.6,0,NA,"SSL",0,0,200,18
"scenarioA","X_299","strong",0.6,0,NA,"SSL",0,0,200,18
"scenarioA","X_300","strong",0.6,0,NA,"SSL",0,0,200,18
"scenarioA","X_1","strong",0.6,0.4,0.450079851846473,"LASSO",0,-0.4,200,18
"scenarioA","X_2","strong",0.6,-0.5,-0.455728426423642,"LASSO",0,0.5,200,18
"scenarioA","X_3","weak",0.3,0.6,0.711634148126041,"LASSO",0.348329165270809,-0.251670834729191,200,18
"scenarioA","X_4","weak",0.3,0.75,0.792109954536375,"LASSO",0.362500935389057,-0.387499064610943,200,18
"scenarioA","X_5","indep",0,-0.8,-0.982373000695436,"LASSO",-0.503675920744181,0.296324079255819,200,18
"scenarioA","X_6","indep",0,0,NA,"LASSO",0,0,200,18
"scenarioA","X_7","indep",0,0,NA,"LASSO",0,0,200,18
"scenarioA","X_8","indep",0,0,NA,"LASSO",0,0,200,18
"scenarioA","X_9","indep",0,0,NA,"LASSO",0,0,200,18
"scenarioA","X_10","indep",0,0,NA,"LASSO",0,0,200,18
"scenarioA","X_11","indep",0,0,NA,"LASSO",0,0,200,18
"scenarioA","X_12","indep",0,0,NA,"LASSO",0,0,200,18
"scenarioA","X_13","indep",0,0,NA,"LASSO",0,0,200,18
"scenarioA","X_14","indep",0,0,NA,"LASSO",0,0,200,18
"scenarioA","X_15","indep",0,0,NA,"LASSO",0,0,200,18
"scenarioA","X_16","indep",0,0,NA,"LASSO",0,0,200,18
"scenarioA","X_17","indep",0,0,NA,"LASSO",0,0,200,18
"scenarioA","X_18","indep",0,0,NA,"LASSO",0,0,200,18
"scenarioA","X_19","indep",0,0,NA,"LASSO",0,0,200,18
"scenarioA","X_20","indep",0,0,NA,"LASSO",0,0,200,18
"scenarioA","X_21","indep",0,0,NA,"LASSO",0,0,200,18
"scenarioA","X_22","indep",0,0,NA,"LASSO",0,0,200,18
"scenarioA","X_23","indep",0,0,NA,"LASSO",0,0,200,18
"scenarioA","X_24","indep",0,0,NA,"LASSO",0,0,200,18
"scenarioA","X_25","indep",0,0,NA,"LASSO",0,0,200,18
"scenarioA","X_26","indep",0,0,NA,"LASSO",0,0,200,18
"scenarioA","X_27","indep",0,0,NA,"LASSO",0,0,200,18
"scenarioA","X_28","indep",0,0,NA,"LASSO",0,0,200,18
"scenarioA","X_29","indep",0,0,NA,"LASSO",0,0,200,18
"scenarioA","X_30","indep",0,0,NA,"LASSO",0,0,200,18
"scenarioA","X_31","indep",0,0,NA,"LASSO",0,0,200,18
"scenarioA","X_32","indep",0,0,NA,"LASSO",0,0,200,18
"scenarioA","X_33","indep",0,0,NA,"LASSO",0,0,200,18
"scenarioA","X_34","indep",0,0,NA,"LASSO",0,0,200,18
"scenarioA","X_35","indep",0,0,NA,"LASSO",0,0,200,18
"scenarioA","X_36","indep",0,0,NA,"LASSO",0,0,200,18
"scenarioA","X_37","indep",0,0,NA,"LASSO",0,0,200,18
"scenarioA","X_38","indep",0,0,NA,"LASSO",0,0,200,18
"scenarioA","X_39","indep",0,0,NA,"LASSO",0,0,200,18
"scenarioA","X_40","indep",0,0,NA,"LASSO",0,0,200,18
"scenarioA","X_41","indep",0,0,NA,"LASSO",0,0,200,18
"scenarioA","X_42","indep",0,0,NA,"LASSO",0,0,200,18
"scenarioA","X_43","indep",0,0,NA,"LASSO",0,0,200,18
"scenarioA","X_44","indep",0,0,NA,"LASSO",0,0,200,18
"scenarioA","X_45","indep",0,0,NA,"LASSO",0,0,200,18
"scenarioA","X_46","indep",0,0,NA,"LASSO",0,0,200,18
"scenarioA","X_47","indep",0,0,NA,"LASSO",0,0,200,18
"scenarioA","X_48","indep",0,0,NA,"LASSO",0,0,200,18
"scenarioA","X_49","indep",0,0,NA,"LASSO",0,0,200,18
"scenarioA","X_50","indep",0,0,NA,"LASSO",0,0,200,18
"scenarioA","X_51","indep",0,0,NA,"LASSO",0,0,200,18
"scenarioA","X_52","indep",0,0,NA,"LASSO",0,0,200,18
"scenarioA","X_53","indep",0,0,NA,"LASSO",0,0,200,18
"scenarioA","X_54","indep",0,0,NA,"LASSO",0,0,200,18
"scenarioA","X_55","indep",0,0,NA,"LASSO",0,0,200,18
"scenarioA","X_56","indep",0,0,NA,"LASSO",0,0,200,18
"scenarioA","X_57","indep",0,0,NA,"LASSO",0,0,200,18
"scenarioA","X_58","indep",0,0,NA,"LASSO",0,0,200,18
"scenarioA","X_59","indep",0,0,NA,"LASSO",0,0,200,18
"scenarioA","X_60","indep",0,0,NA,"LASSO",0,0,200,18
"scenarioA","X_61","indep",0,0,NA,"LASSO",0,0,200,18
"scenarioA","X_62","indep",0,0,NA,"LASSO",0,0,200,18
"scenarioA","X_63","indep",0,0,NA,"LASSO",0,0,200,18
"scenarioA","X_64","indep",0,0,NA,"LASSO",0,0,200,18
"scenarioA","X_65","indep",0,0,NA,"LASSO",0,0,200,18
"scenarioA","X_66","indep",0,0,NA,"LASSO",0,0,200,18
"scenarioA","X_67","indep",0,0,NA,"LASSO",0,0,200,18
"scenarioA","X_68","indep",0,0,NA,"LASSO",0,0,200,18
"scenarioA","X_69","indep",0,0,NA,"LASSO",0,0,200,18
"scenarioA","X_70","indep",0,0,NA,"LASSO",0,0,200,18
"scenarioA","X_71","indep",0,0,NA,"LASSO",0,0,200,18
"scenarioA","X_72","indep",0,0,NA,"LASSO",0,0,200,18
"scenarioA","X_73","indep",0,0,NA,"LASSO",0,0,200,18
"scenarioA","X_74","indep",0,0,NA,"LASSO",0,0,200,18
"scenarioA","X_75","indep",0,0,NA,"LASSO",0,0,200,18
"scenarioA","X_76","indep",0,0,NA,"LASSO",0,0,200,18
"scenarioA","X_77","indep",0,0,NA,"LASSO",0,0,200,18
"scenarioA","X_78","indep",0,0,NA,"LASSO",0,0,200,18
"scenarioA","X_79","indep",0,0,NA,"LASSO",0,0,200,18
"scenarioA","X_80","indep",0,0,NA,"LASSO",0,0,200,18
"scenarioA","X_81","indep",0,0,NA,"LASSO",0,0,200,18
"scenarioA","X_82","indep",0,0,NA,"LASSO",0,0,200,18
"scenarioA","X_83","indep",0,0,NA,"LASSO",0,0,200,18
"scenarioA","X_84","indep",0,0,NA,"LASSO",0,0,200,18
"scenarioA","X_85","indep",0,0,NA,"LASSO",0,0,200,18
"scenarioA","X_86","indep",0,0,NA,"LASSO",0,0,200,18
"scenarioA","X_87","indep",0,0,NA,"LASSO",0,0,200,18
"scenarioA","X_88","indep",0,0,NA,"LASSO",0,0,200,18
"scenarioA","X_89","indep",0,0,NA,"LASSO",0,0,200,18
"scenarioA","X_90","indep",0,0,NA,"LASSO",0,0,200,18
"scenarioA","X_91","indep",0,0,NA,"LASSO",0,0,200,18
"scenarioA","X_92","indep",0,0,NA,"LASSO",0,0,200,18
"scenarioA","X_93","indep",0,0,NA,"LASSO",0,0,200,18
"scenarioA","X_94","indep",0,0,NA,"LASSO",0,0,200,18
"scenarioA","X_95","indep",0,0,NA,"LASSO",0,0,200,18
"scenarioA","X_96","indep",0,0,NA,"LASSO",0,0,200,18
"scenarioA","X_97","indep",0,0,NA,"LASSO",0,0,200,18
"scenarioA","X_98","indep",0,0,NA,"LASSO",0,0,200,18
"scenarioA","X_99","indep",0,0,NA,"LASSO",0,0,200,18
"scenarioA","X_100","indep",0,0,NA,"LASSO",0,0,200,18
"scenarioA","X_101","indep",0,0,NA,"LASSO",0,0,200,18
"scenarioA","X_102","indep",0,0,NA,"LASSO",0,0,200,18
"scenarioA","X_103","indep",0,0,NA,"LASSO",0,0,200,18
"scenarioA","X_104","indep",0,0,NA,"LASSO",0,0,200,18
"scenarioA","X_105","indep",0,0,NA,"LASSO",0,0,200,18
"scenarioA","X_106","indep",0,0,NA,"LASSO",0,0,200,18
"scenarioA","X_107","indep",0,0,NA,"LASSO",0,0,200,18
"scenarioA","X_108","indep",0,0,NA,"LASSO",0,0,200,18
"scenarioA","X_109","indep",0,0,NA,"LASSO",0,0,200,18
"scenarioA","X_110","indep",0,0,NA,"LASSO",0,0,200,18
"scenarioA","X_111","indep",0,0,NA,"LASSO",0,0,200,18
"scenarioA","X_112","indep",0,0,NA,"LASSO",0,0,200,18
"scenarioA","X_113","indep",0,0,NA,"LASSO",0,0,200,18
"scenarioA","X_114","indep",0,0,NA,"LASSO",0,0,200,18
"scenarioA","X_115","indep",0,0,NA,"LASSO",0,0,200,18
"scenarioA","X_116","indep",0,0,NA,"LASSO",0,0,200,18
"scenarioA","X_117","indep",0,0,NA,"LASSO",0,0,200,18
"scenarioA","X_118","indep",0,0,NA,"LASSO",0,0,200,18
"scenarioA","X_119","indep",0,0,NA,"LASSO",0,0,200,18
"scenarioA","X_120","indep",0,0,NA,"LASSO",0,0,200,18
"scenarioA","X_121","indep",0,0,NA,"LASSO",0,0,200,18
"scenarioA","X_122","indep",0,0,NA,"LASSO",0,0,200,18
"scenarioA","X_123","indep",0,0,NA,"LASSO",0,0,200,18
"scenarioA","X_124","indep",0,0,NA,"LASSO",0,0,200,18
"scenarioA","X_125","indep",0,0,NA,"LASSO",0,0,200,18
"scenarioA","X_126","indep",0,0,NA,"LASSO",0,0,200,18
"scenarioA","X_127","indep",0,0,NA,"LASSO",0,0,200,18
"scenarioA","X_128","indep",0,0,NA,"LASSO",0,0,200,18
"scenarioA","X_129","indep",0,0,NA,"LASSO",0,0,200,18
"scenarioA","X_130","indep",0,0,NA,"LASSO",0,0,200,18
"scenarioA","X_131","indep",0,0,NA,"LASSO",0,0,200,18
"scenarioA","X_132","indep",0,0,NA,"LASSO",0,0,200,18
"scenarioA","X_133","indep",0,0,NA,"LASSO",0,0,200,18
"scenarioA","X_134","indep",0,0,NA,"LASSO",0,0,200,18
"scenarioA","X_135","indep",0,0,NA,"LASSO",0,0,200,18
"scenarioA","X_136","indep",0,0,NA,"LASSO",0,0,200,18
"scenarioA","X_137","indep",0,0,NA,"LASSO",0,0,200,18
"scenarioA","X_138","indep",0,0,NA,"LASSO",0,0,200,18
"scenarioA","X_139","indep",0,0,NA,"LASSO",0,0,200,18
"scenarioA","X_140","indep",0,0,NA,"LASSO",0,0,200,18
"scenarioA","X_141","indep",0,0,NA,"LASSO",0,0,200,18
"scenarioA","X_142","indep",0,0,NA,"LASSO",0,0,200,18
"scenarioA","X_143","indep",0,0,NA,"LASSO",0,0,200,18
"scenarioA","X_144","indep",0,0,NA,"LASSO",0,0,200,18
"scenarioA","X_145","indep",0,0,NA,"LASSO",0,0,200,18
"scenarioA","X_146","indep",0,0,NA,"LASSO",0,0,200,18
"scenarioA","X_147","indep",0,0,NA,"LASSO",0,0,200,18
"scenarioA","X_148","indep",0,0,NA,"LASSO",0,0,200,18
"scenarioA","X_149","indep",0,0,NA,"LASSO",0,0,200,18
"scenarioA","X_150","indep",0,0,NA,"LASSO",0,0,200,18
"scenarioA","X_151","indep",0,0,NA,"LASSO",0,0,200,18
"scenarioA","X_152","indep",0,0,NA,"LASSO",0,0,200,18
"scenarioA","X_153","indep",0,0,NA,"LASSO",0,0,200,18
"scenarioA","X_154","indep",0,0,NA,"LASSO",0,0,200,18
"scenarioA","X_155","weak",0.3,0,NA,"LASSO",0,0,200,18
"scenarioA","X_156","weak",0.3,0,NA,"LASSO",0,0,200,18
"scenarioA","X_157","weak",0.3,0,NA,"LASSO",0,0,200,18
"scenarioA","X_158","weak",0.3,0,NA,"LASSO",0,0,200,18
"scenarioA","X_159","weak",0.3,0,NA,"LASSO",0,0,200,18
"scenarioA","X_160","weak",0.3,0,NA,"LASSO",0,0,200,18
"scenarioA","X_161","weak",0.3,0,NA,"LASSO",0,0,200,18
"scenarioA","X_162","weak",0.3,0,NA,"LASSO",0,0,200,18
"scenarioA","X_163","weak",0.3,0,NA,"LASSO",0,0,200,18
"scenarioA","X_164","weak",0.3,0,NA,"LASSO",0,0,200,18
"scenarioA","X_165","weak",0.3,0,NA,"LASSO",0,0,200,18
"scenarioA","X_166","weak",0.3,0,NA,"LASSO",0,0,200,18
"scenarioA","X_167","weak",0.3,0,NA,"LASSO",0,0,200,18
"scenarioA","X_168","weak",0.3,0,NA,"LASSO",0,0,200,18
"scenarioA","X_169","weak",0.3,0,NA,"LASSO",0,0,200,18
"scenarioA","X_170","weak",0.3,0,NA,"LASSO",0,0,200,18
"scenarioA","X_171","weak",0.3,0,NA,"LASSO",0,0,200,18
"scenarioA","X_172","weak",0.3,0,NA,"LASSO",0,0,200,18
"scenarioA","X_173","weak",0.3,0,NA,"LASSO",0,0,200,18
"scenarioA","X_174","weak",0.3,0,NA,"LASSO",0,0,200,18
"scenarioA","X_175","weak",0.3,0,NA,"LASSO",0,0,200,18
"scenarioA","X_176","weak",0.3,0,NA,"LASSO",0,0,200,18
"scenarioA","X_177","weak",0.3,0,NA,"LASSO",0,0,200,18
"scenarioA","X_178","weak",0.3,0,NA,"LASSO",0,0,200,18
"scenarioA","X_179","weak",0.3,0,NA,"LASSO",0,0,200,18
"scenarioA","X_180","weak",0.3,0,NA,"LASSO",0,0,200,18
"scenarioA","X_181","weak",0.3,0,NA,"LASSO",0,0,200,18
"scenarioA","X_182","weak",0.3,0,NA,"LASSO",0,0,200,18
"scenarioA","X_183","weak",0.3,0,NA,"LASSO",0,0,200,18
"scenarioA","X_184","weak",0.3,0,NA,"LASSO",0,0,200,18
"scenarioA","X_185","weak",0.3,0,NA,"LASSO",0,0,200,18
"scenarioA","X_186","weak",0.3,0,NA,"LASSO",0,0,200,18
"scenarioA","X_187","weak",0.3,0,NA,"LASSO",0,0,200,18
"scenarioA","X_188","weak",0.3,0,NA,"LASSO",0,0,200,18
"scenarioA","X_189","weak",0.3,0,NA,"LASSO",0,0,200,18
"scenarioA","X_190","weak",0.3,0,NA,"LASSO",0,0,200,18
"scenarioA","X_191","weak",0.3,0,NA,"LASSO",0,0,200,18
"scenarioA","X_192","weak",0.3,0,NA,"LASSO",0,0,200,18
"scenarioA","X_193","weak",0.3,0,NA,"LASSO",0,0,200,18
"scenarioA","X_194","weak",0.3,0,NA,"LASSO",0,0,200,18
"scenarioA","X_195","weak",0.3,0,NA,"LASSO",0,0,200,18
"scenarioA","X_196","weak",0.3,0,NA,"LASSO",0,0,200,18
"scenarioA","X_197","weak",0.3,0,NA,"LASSO",0,0,200,18
"scenarioA","X_198","weak",0.3,0,NA,"LASSO",0,0,200,18
"scenarioA","X_199","weak",0.3,0,NA,"LASSO",0,0,200,18
"scenarioA","X_200","weak",0.3,0,NA,"LASSO",0,0,200,18
"scenarioA","X_201","weak",0.3,0,NA,"LASSO",0,0,200,18
"scenarioA","X_202","weak",0.3,0,NA,"LASSO",0,0,200,18
"scenarioA","X_203","weak",0.3,0,NA,"LASSO",0,0,200,18
"scenarioA","X_204","weak",0.3,0,NA,"LASSO",0,0,200,18
"scenarioA","X_205","weak",0.3,0,NA,"LASSO",0,0,200,18
"scenarioA","X_206","weak",0.3,0,NA,"LASSO",0,0,200,18
"scenarioA","X_207","weak",0.3,0,NA,"LASSO",0,0,200,18
"scenarioA","X_208","weak",0.3,0,NA,"LASSO",0,0,200,18
"scenarioA","X_209","weak",0.3,0,NA,"LASSO",0,0,200,18
"scenarioA","X_210","weak",0.3,0,NA,"LASSO",0,0,200,18
"scenarioA","X_211","weak",0.3,0,NA,"LASSO",0,0,200,18
"scenarioA","X_212","weak",0.3,0,NA,"LASSO",0,0,200,18
"scenarioA","X_213","weak",0.3,0,NA,"LASSO",0,0,200,18
"scenarioA","X_214","weak",0.3,0,NA,"LASSO",0,0,200,18
"scenarioA","X_215","weak",0.3,0,NA,"LASSO",0,0,200,18
"scenarioA","X_216","weak",0.3,0,NA,"LASSO",0,0,200,18
"scenarioA","X_217","weak",0.3,0,NA,"LASSO",0,0,200,18
"scenarioA","X_218","weak",0.3,0,NA,"LASSO",0,0,200,18
"scenarioA","X_219","weak",0.3,0,NA,"LASSO",0,0,200,18
"scenarioA","X_220","weak",0.3,0,NA,"LASSO",0,0,200,18
"scenarioA","X_221","weak",0.3,0,NA,"LASSO",0,0,200,18
"scenarioA","X_222","weak",0.3,0,NA,"LASSO",0,0,200,18
"scenarioA","X_223","weak",0.3,0,NA,"LASSO",0,0,200,18
"scenarioA","X_224","weak",0.3,0,NA,"LASSO",0,0,200,18
"scenarioA","X_225","weak",0.3,0,NA,"LASSO",0,0,200,18
"scenarioA","X_226","weak",0.3,0,NA,"LASSO",0,0,200,18
"scenarioA","X_227","weak",0.3,0,NA,"LASSO",0,0,200,18
"scenarioA","X_228","strong",0.6,0,NA,"LASSO",0,0,200,18
"scenarioA","X_229","strong",0.6,0,NA,"LASSO",0,0,200,18
"scenarioA","X_230","strong",0.6,0,NA,"LASSO",0,0,200,18
"scenarioA","X_231","strong",0.6,0,NA,"LASSO",0,0,200,18
"scenarioA","X_232","strong",0.6,0,NA,"LASSO",0,0,200,18
"scenarioA","X_233","strong",0.6,0,NA,"LASSO",0,0,200,18
"scenarioA","X_234","strong",0.6,0,NA,"LASSO",0,0,200,18
"scenarioA","X_235","strong",0.6,0,NA,"LASSO",0,0,200,18
"scenarioA","X_236","strong",0.6,0,NA,"LASSO",0,0,200,18
"scenarioA","X_237","strong",0.6,0,NA,"LASSO",0,0,200,18
"scenarioA","X_238","strong",0.6,0,NA,"LASSO",0,0,200,18
"scenarioA","X_239","strong",0.6,0,NA,"LASSO",0,0,200,18
"scenarioA","X_240","strong",0.6,0,NA,"LASSO",0,0,200,18
"scenarioA","X_241","strong",0.6,0,NA,"LASSO",0,0,200,18
"scenarioA","X_242","strong",0.6,0,NA,"LASSO",0,0,200,18
"scenarioA","X_243","strong",0.6,0,NA,"LASSO",0,0,200,18
"scenarioA","X_244","strong",0.6,0,NA,"LASSO",0,0,200,18
"scenarioA","X_245","strong",0.6,0,NA,"LASSO",0,0,200,18
"scenarioA","X_246","strong",0.6,0,NA,"LASSO",0,0,200,18
"scenarioA","X_247","strong",0.6,0,NA,"LASSO",0,0,200,18
"scenarioA","X_248","strong",0.6,0,NA,"LASSO",0,0,200,18
"scenarioA","X_249","strong",0.6,0,NA,"LASSO",0,0,200,18
"scenarioA","X_250","strong",0.6,0,NA,"LASSO",0,0,200,18
"scenarioA","X_251","strong",0.6,0,NA,"LASSO",0,0,200,18
"scenarioA","X_252","strong",0.6,0,NA,"LASSO",0,0,200,18
"scenarioA","X_253","strong",0.6,0,NA,"LASSO",0,0,200,18
"scenarioA","X_254","strong",0.6,0,NA,"LASSO",0,0,200,18
"scenarioA","X_255","strong",0.6,0,NA,"LASSO",0,0,200,18
"scenarioA","X_256","strong",0.6,0,NA,"LASSO",0,0,200,18
"scenarioA","X_257","strong",0.6,0,NA,"LASSO",0,0,200,18
"scenarioA","X_258","strong",0.6,0,NA,"LASSO",0,0,200,18
"scenarioA","X_259","strong",0.6,0,NA,"LASSO",0,0,200,18
"scenarioA","X_260","strong",0.6,0,NA,"LASSO",0,0,200,18
"scenarioA","X_261","strong",0.6,0,NA,"LASSO",0,0,200,18
"scenarioA","X_262","strong",0.6,0,NA,"LASSO",0,0,200,18
"scenarioA","X_263","strong",0.6,0,NA,"LASSO",0,0,200,18
"scenarioA","X_264","strong",0.6,0,NA,"LASSO",0,0,200,18
"scenarioA","X_265","strong",0.6,0,NA,"LASSO",0,0,200,18
"scenarioA","X_266","strong",0.6,0,NA,"LASSO",0,0,200,18
"scenarioA","X_267","strong",0.6,0,NA,"LASSO",0,0,200,18
"scenarioA","X_268","strong",0.6,0,NA,"LASSO",0,0,200,18
"scenarioA","X_269","strong",0.6,0,NA,"LASSO",0,0,200,18
"scenarioA","X_270","strong",0.6,0,NA,"LASSO",0,0,200,18
"scenarioA","X_271","strong",0.6,0,NA,"LASSO",0,0,200,18
"scenarioA","X_272","strong",0.6,0,NA,"LASSO",0,0,200,18
"scenarioA","X_273","strong",0.6,0,NA,"LASSO",0,0,200,18
"scenarioA","X_274","strong",0.6,0,NA,"LASSO",0,0,200,18
"scenarioA","X_275","strong",0.6,0,NA,"LASSO",0,0,200,18
"scenarioA","X_276","strong",0.6,0,NA,"LASSO",0,0,200,18
"scenarioA","X_277","strong",0.6,0,NA,"LASSO",0,0,200,18
"scenarioA","X_278","strong",0.6,0,NA,"LASSO",0,0,200,18
"scenarioA","X_279","strong",0.6,0,NA,"LASSO",0,0,200,18
"scenarioA","X_280","strong",0.6,0,NA,"LASSO",0,0,200,18
"scenarioA","X_281","strong",0.6,0,NA,"LASSO",0,0,200,18
"scenarioA","X_282","strong",0.6,0,NA,"LASSO",0,0,200,18
"scenarioA","X_283","strong",0.6,0,NA,"LASSO",0,0,200,18
"scenarioA","X_284","strong",0.6,0,NA,"LASSO",0,0,200,18
"scenarioA","X_285","strong",0.6,0,NA,"LASSO",0,0,200,18
"scenarioA","X_286","strong",0.6,0,NA,"LASSO",0,0,200,18
"scenarioA","X_287","strong",0.6,0,NA,"LASSO",0,0,200,18
"scenarioA","X_288","strong",0.6,0,NA,"LASSO",0,0,200,18
"scenarioA","X_289","strong",0.6,0,NA,"LASSO",0,0,200,18
"scenarioA","X_290","strong",0.6,0,NA,"LASSO",0,0,200,18
"scenarioA","X_291","strong",0.6,0,NA,"LASSO",0,0,200,18
"scenarioA","X_292","strong",0.6,0,NA,"LASSO",0,0,200,18
"scenarioA","X_293","strong",0.6,0,NA,"LASSO",0,0,200,18
"scenarioA","X_294","strong",0.6,0,NA,"LASSO",0,0,200,18
"scenarioA","X_295","strong",0.6,0,NA,"LASSO",0,0,200,18
"scenarioA","X_296","strong",0.6,0,NA,"LASSO",0,0,200,18
"scenarioA","X_297","strong",0.6,0,NA,"LASSO",0,0,200,18
"scenarioA","X_298","strong",0.6,0,NA,"LASSO",0,0,200,18
"scenarioA","X_299","strong",0.6,0,NA,"LASSO",0,0,200,18
"scenarioA","X_300","strong",0.6,0,NA,"LASSO",0,0,200,18
"scenarioA","X_1","strong",0.6,0.4,0.446473183907662,"SSL",0,-0.4,200,19
"scenarioA","X_2","strong",0.6,-0.5,-0.574541794158525,"SSL",0,0.5,200,19
"scenarioA","X_3","weak",0.3,0.6,0.467985924867867,"SSL",0.287770095383168,-0.312229904616832,200,19
"scenarioA","X_4","weak",0.3,0.75,0.98689367361256,"SSL",0.758748723045439,0.0087487230454395,200,19
"scenarioA","X_5","indep",0,-0.8,-0.968979179546668,"SSL",-0.821491066824507,-0.0214910668245072,200,19
"scenarioA","X_6","indep",0,0,NA,"SSL",0,0,200,19
"scenarioA","X_7","indep",0,0,NA,"SSL",0,0,200,19
"scenarioA","X_8","indep",0,0,NA,"SSL",0,0,200,19
"scenarioA","X_9","indep",0,0,NA,"SSL",0,0,200,19
"scenarioA","X_10","indep",0,0,NA,"SSL",0,0,200,19
"scenarioA","X_11","indep",0,0,NA,"SSL",0,0,200,19
"scenarioA","X_12","indep",0,0,NA,"SSL",0,0,200,19
"scenarioA","X_13","indep",0,0,NA,"SSL",0,0,200,19
"scenarioA","X_14","indep",0,0,NA,"SSL",0,0,200,19
"scenarioA","X_15","indep",0,0,NA,"SSL",0,0,200,19
"scenarioA","X_16","indep",0,0,NA,"SSL",0,0,200,19
"scenarioA","X_17","indep",0,0,NA,"SSL",-0.327601591486167,-0.327601591486167,200,19
"scenarioA","X_18","indep",0,0,NA,"SSL",0,0,200,19
"scenarioA","X_19","indep",0,0,NA,"SSL",0,0,200,19
"scenarioA","X_20","indep",0,0,NA,"SSL",0,0,200,19
"scenarioA","X_21","indep",0,0,NA,"SSL",0,0,200,19
"scenarioA","X_22","indep",0,0,NA,"SSL",0,0,200,19
"scenarioA","X_23","indep",0,0,NA,"SSL",0,0,200,19
"scenarioA","X_24","indep",0,0,NA,"SSL",0,0,200,19
"scenarioA","X_25","indep",0,0,NA,"SSL",0,0,200,19
"scenarioA","X_26","indep",0,0,NA,"SSL",0,0,200,19
"scenarioA","X_27","indep",0,0,NA,"SSL",0,0,200,19
"scenarioA","X_28","indep",0,0,NA,"SSL",0,0,200,19
"scenarioA","X_29","indep",0,0,NA,"SSL",0,0,200,19
"scenarioA","X_30","indep",0,0,NA,"SSL",0,0,200,19
"scenarioA","X_31","indep",0,0,NA,"SSL",0,0,200,19
"scenarioA","X_32","indep",0,0,NA,"SSL",0,0,200,19
"scenarioA","X_33","indep",0,0,NA,"SSL",0,0,200,19
"scenarioA","X_34","indep",0,0,NA,"SSL",0,0,200,19
"scenarioA","X_35","indep",0,0,NA,"SSL",0,0,200,19
"scenarioA","X_36","indep",0,0,NA,"SSL",0,0,200,19
"scenarioA","X_37","indep",0,0,NA,"SSL",0,0,200,19
"scenarioA","X_38","indep",0,0,NA,"SSL",0,0,200,19
"scenarioA","X_39","indep",0,0,NA,"SSL",0,0,200,19
"scenarioA","X_40","indep",0,0,NA,"SSL",0,0,200,19
"scenarioA","X_41","indep",0,0,NA,"SSL",0,0,200,19
"scenarioA","X_42","indep",0,0,NA,"SSL",0,0,200,19
"scenarioA","X_43","indep",0,0,NA,"SSL",0,0,200,19
"scenarioA","X_44","indep",0,0,NA,"SSL",0,0,200,19
"scenarioA","X_45","indep",0,0,NA,"SSL",0,0,200,19
"scenarioA","X_46","indep",0,0,NA,"SSL",0,0,200,19
"scenarioA","X_47","indep",0,0,NA,"SSL",0,0,200,19
"scenarioA","X_48","indep",0,0,NA,"SSL",0,0,200,19
"scenarioA","X_49","indep",0,0,NA,"SSL",0,0,200,19
"scenarioA","X_50","indep",0,0,NA,"SSL",0,0,200,19
"scenarioA","X_51","indep",0,0,NA,"SSL",0,0,200,19
"scenarioA","X_52","indep",0,0,NA,"SSL",0,0,200,19
"scenarioA","X_53","indep",0,0,NA,"SSL",0,0,200,19
"scenarioA","X_54","indep",0,0,NA,"SSL",0,0,200,19
"scenarioA","X_55","indep",0,0,NA,"SSL",0,0,200,19
"scenarioA","X_56","indep",0,0,NA,"SSL",0,0,200,19
"scenarioA","X_57","indep",0,0,NA,"SSL",0,0,200,19
"scenarioA","X_58","indep",0,0,NA,"SSL",0,0,200,19
"scenarioA","X_59","indep",0,0,NA,"SSL",0,0,200,19
"scenarioA","X_60","indep",0,0,NA,"SSL",0,0,200,19
"scenarioA","X_61","indep",0,0,NA,"SSL",0,0,200,19
"scenarioA","X_62","indep",0,0,NA,"SSL",0,0,200,19
"scenarioA","X_63","indep",0,0,NA,"SSL",0,0,200,19
"scenarioA","X_64","indep",0,0,NA,"SSL",0,0,200,19
"scenarioA","X_65","indep",0,0,NA,"SSL",0,0,200,19
"scenarioA","X_66","indep",0,0,NA,"SSL",0,0,200,19
"scenarioA","X_67","indep",0,0,NA,"SSL",0,0,200,19
"scenarioA","X_68","indep",0,0,NA,"SSL",0,0,200,19
"scenarioA","X_69","indep",0,0,NA,"SSL",0,0,200,19
"scenarioA","X_70","indep",0,0,NA,"SSL",0,0,200,19
"scenarioA","X_71","indep",0,0,NA,"SSL",0,0,200,19
"scenarioA","X_72","indep",0,0,NA,"SSL",0,0,200,19
"scenarioA","X_73","indep",0,0,NA,"SSL",0,0,200,19
"scenarioA","X_74","indep",0,0,NA,"SSL",0,0,200,19
"scenarioA","X_75","indep",0,0,NA,"SSL",0,0,200,19
"scenarioA","X_76","indep",0,0,NA,"SSL",0,0,200,19
"scenarioA","X_77","indep",0,0,NA,"SSL",0,0,200,19
"scenarioA","X_78","indep",0,0,NA,"SSL",0,0,200,19
"scenarioA","X_79","indep",0,0,NA,"SSL",0,0,200,19
"scenarioA","X_80","indep",0,0,NA,"SSL",0,0,200,19
"scenarioA","X_81","indep",0,0,NA,"SSL",0,0,200,19
"scenarioA","X_82","indep",0,0,NA,"SSL",0,0,200,19
"scenarioA","X_83","indep",0,0,NA,"SSL",0,0,200,19
"scenarioA","X_84","indep",0,0,NA,"SSL",0,0,200,19
"scenarioA","X_85","indep",0,0,NA,"SSL",0,0,200,19
"scenarioA","X_86","indep",0,0,NA,"SSL",0,0,200,19
"scenarioA","X_87","indep",0,0,NA,"SSL",0,0,200,19
"scenarioA","X_88","indep",0,0,NA,"SSL",0,0,200,19
"scenarioA","X_89","indep",0,0,NA,"SSL",0,0,200,19
"scenarioA","X_90","indep",0,0,NA,"SSL",0,0,200,19
"scenarioA","X_91","indep",0,0,NA,"SSL",0,0,200,19
"scenarioA","X_92","indep",0,0,NA,"SSL",0,0,200,19
"scenarioA","X_93","indep",0,0,NA,"SSL",0,0,200,19
"scenarioA","X_94","indep",0,0,NA,"SSL",0,0,200,19
"scenarioA","X_95","indep",0,0,NA,"SSL",0,0,200,19
"scenarioA","X_96","indep",0,0,NA,"SSL",0,0,200,19
"scenarioA","X_97","indep",0,0,NA,"SSL",0,0,200,19
"scenarioA","X_98","indep",0,0,NA,"SSL",0,0,200,19
"scenarioA","X_99","indep",0,0,NA,"SSL",0,0,200,19
"scenarioA","X_100","indep",0,0,NA,"SSL",0,0,200,19
"scenarioA","X_101","indep",0,0,NA,"SSL",0,0,200,19
"scenarioA","X_102","indep",0,0,NA,"SSL",0,0,200,19
"scenarioA","X_103","indep",0,0,NA,"SSL",0,0,200,19
"scenarioA","X_104","indep",0,0,NA,"SSL",0,0,200,19
"scenarioA","X_105","indep",0,0,NA,"SSL",0,0,200,19
"scenarioA","X_106","indep",0,0,NA,"SSL",0,0,200,19
"scenarioA","X_107","indep",0,0,NA,"SSL",0,0,200,19
"scenarioA","X_108","indep",0,0,NA,"SSL",0,0,200,19
"scenarioA","X_109","indep",0,0,NA,"SSL",0,0,200,19
"scenarioA","X_110","indep",0,0,NA,"SSL",0,0,200,19
"scenarioA","X_111","indep",0,0,NA,"SSL",0,0,200,19
"scenarioA","X_112","indep",0,0,NA,"SSL",0,0,200,19
"scenarioA","X_113","indep",0,0,NA,"SSL",0,0,200,19
"scenarioA","X_114","indep",0,0,NA,"SSL",0,0,200,19
"scenarioA","X_115","indep",0,0,NA,"SSL",0,0,200,19
"scenarioA","X_116","indep",0,0,NA,"SSL",0,0,200,19
"scenarioA","X_117","indep",0,0,NA,"SSL",0,0,200,19
"scenarioA","X_118","indep",0,0,NA,"SSL",0,0,200,19
"scenarioA","X_119","indep",0,0,NA,"SSL",0,0,200,19
"scenarioA","X_120","indep",0,0,NA,"SSL",0,0,200,19
"scenarioA","X_121","indep",0,0,NA,"SSL",0,0,200,19
"scenarioA","X_122","indep",0,0,NA,"SSL",0,0,200,19
"scenarioA","X_123","indep",0,0,NA,"SSL",0,0,200,19
"scenarioA","X_124","indep",0,0,NA,"SSL",0,0,200,19
"scenarioA","X_125","indep",0,0,NA,"SSL",0,0,200,19
"scenarioA","X_126","indep",0,0,NA,"SSL",0,0,200,19
"scenarioA","X_127","indep",0,0,NA,"SSL",0,0,200,19
"scenarioA","X_128","indep",0,0,NA,"SSL",0,0,200,19
"scenarioA","X_129","indep",0,0,NA,"SSL",0,0,200,19
"scenarioA","X_130","indep",0,0,NA,"SSL",0,0,200,19
"scenarioA","X_131","indep",0,0,NA,"SSL",0,0,200,19
"scenarioA","X_132","indep",0,0,NA,"SSL",0,0,200,19
"scenarioA","X_133","indep",0,0,NA,"SSL",0,0,200,19
"scenarioA","X_134","indep",0,0,NA,"SSL",0,0,200,19
"scenarioA","X_135","indep",0,0,NA,"SSL",0,0,200,19
"scenarioA","X_136","indep",0,0,NA,"SSL",0,0,200,19
"scenarioA","X_137","indep",0,0,NA,"SSL",0,0,200,19
"scenarioA","X_138","indep",0,0,NA,"SSL",0,0,200,19
"scenarioA","X_139","indep",0,0,NA,"SSL",0,0,200,19
"scenarioA","X_140","indep",0,0,NA,"SSL",0,0,200,19
"scenarioA","X_141","indep",0,0,NA,"SSL",0,0,200,19
"scenarioA","X_142","indep",0,0,NA,"SSL",0,0,200,19
"scenarioA","X_143","indep",0,0,NA,"SSL",0,0,200,19
"scenarioA","X_144","indep",0,0,NA,"SSL",0,0,200,19
"scenarioA","X_145","indep",0,0,NA,"SSL",0,0,200,19
"scenarioA","X_146","indep",0,0,NA,"SSL",0,0,200,19
"scenarioA","X_147","indep",0,0,NA,"SSL",0,0,200,19
"scenarioA","X_148","indep",0,0,NA,"SSL",0,0,200,19
"scenarioA","X_149","indep",0,0,NA,"SSL",0,0,200,19
"scenarioA","X_150","indep",0,0,NA,"SSL",0,0,200,19
"scenarioA","X_151","indep",0,0,NA,"SSL",0,0,200,19
"scenarioA","X_152","indep",0,0,NA,"SSL",0,0,200,19
"scenarioA","X_153","indep",0,0,NA,"SSL",0,0,200,19
"scenarioA","X_154","indep",0,0,NA,"SSL",0,0,200,19
"scenarioA","X_155","weak",0.3,0,NA,"SSL",0,0,200,19
"scenarioA","X_156","weak",0.3,0,NA,"SSL",0,0,200,19
"scenarioA","X_157","weak",0.3,0,NA,"SSL",0,0,200,19
"scenarioA","X_158","weak",0.3,0,NA,"SSL",0,0,200,19
"scenarioA","X_159","weak",0.3,0,NA,"SSL",0,0,200,19
"scenarioA","X_160","weak",0.3,0,NA,"SSL",0,0,200,19
"scenarioA","X_161","weak",0.3,0,NA,"SSL",0,0,200,19
"scenarioA","X_162","weak",0.3,0,NA,"SSL",0,0,200,19
"scenarioA","X_163","weak",0.3,0,NA,"SSL",0,0,200,19
"scenarioA","X_164","weak",0.3,0,NA,"SSL",0,0,200,19
"scenarioA","X_165","weak",0.3,0,NA,"SSL",0,0,200,19
"scenarioA","X_166","weak",0.3,0,NA,"SSL",0,0,200,19
"scenarioA","X_167","weak",0.3,0,NA,"SSL",0,0,200,19
"scenarioA","X_168","weak",0.3,0,NA,"SSL",0,0,200,19
"scenarioA","X_169","weak",0.3,0,NA,"SSL",0,0,200,19
"scenarioA","X_170","weak",0.3,0,NA,"SSL",0,0,200,19
"scenarioA","X_171","weak",0.3,0,NA,"SSL",0,0,200,19
"scenarioA","X_172","weak",0.3,0,NA,"SSL",0,0,200,19
"scenarioA","X_173","weak",0.3,0,NA,"SSL",0,0,200,19
"scenarioA","X_174","weak",0.3,0,NA,"SSL",0,0,200,19
"scenarioA","X_175","weak",0.3,0,NA,"SSL",0,0,200,19
"scenarioA","X_176","weak",0.3,0,NA,"SSL",0,0,200,19
"scenarioA","X_177","weak",0.3,0,NA,"SSL",0,0,200,19
"scenarioA","X_178","weak",0.3,0,NA,"SSL",0,0,200,19
"scenarioA","X_179","weak",0.3,0,NA,"SSL",0,0,200,19
"scenarioA","X_180","weak",0.3,0,NA,"SSL",0,0,200,19
"scenarioA","X_181","weak",0.3,0,NA,"SSL",0,0,200,19
"scenarioA","X_182","weak",0.3,0,NA,"SSL",0,0,200,19
"scenarioA","X_183","weak",0.3,0,NA,"SSL",0,0,200,19
"scenarioA","X_184","weak",0.3,0,NA,"SSL",0,0,200,19
"scenarioA","X_185","weak",0.3,0,NA,"SSL",0,0,200,19
"scenarioA","X_186","weak",0.3,0,NA,"SSL",0,0,200,19
"scenarioA","X_187","weak",0.3,0,NA,"SSL",0,0,200,19
"scenarioA","X_188","weak",0.3,0,NA,"SSL",0,0,200,19
"scenarioA","X_189","weak",0.3,0,NA,"SSL",0,0,200,19
"scenarioA","X_190","weak",0.3,0,NA,"SSL",0,0,200,19
"scenarioA","X_191","weak",0.3,0,NA,"SSL",0,0,200,19
"scenarioA","X_192","weak",0.3,0,NA,"SSL",0,0,200,19
"scenarioA","X_193","weak",0.3,0,NA,"SSL",0,0,200,19
"scenarioA","X_194","weak",0.3,0,NA,"SSL",0,0,200,19
"scenarioA","X_195","weak",0.3,0,NA,"SSL",0,0,200,19
"scenarioA","X_196","weak",0.3,0,NA,"SSL",0,0,200,19
"scenarioA","X_197","weak",0.3,0,NA,"SSL",0,0,200,19
"scenarioA","X_198","weak",0.3,0,NA,"SSL",0,0,200,19
"scenarioA","X_199","weak",0.3,0,NA,"SSL",0,0,200,19
"scenarioA","X_200","weak",0.3,0,NA,"SSL",0,0,200,19
"scenarioA","X_201","weak",0.3,0,NA,"SSL",0,0,200,19
"scenarioA","X_202","weak",0.3,0,NA,"SSL",0,0,200,19
"scenarioA","X_203","weak",0.3,0,NA,"SSL",0,0,200,19
"scenarioA","X_204","weak",0.3,0,NA,"SSL",0,0,200,19
"scenarioA","X_205","weak",0.3,0,NA,"SSL",0,0,200,19
"scenarioA","X_206","weak",0.3,0,NA,"SSL",0,0,200,19
"scenarioA","X_207","weak",0.3,0,NA,"SSL",0,0,200,19
"scenarioA","X_208","weak",0.3,0,NA,"SSL",0,0,200,19
"scenarioA","X_209","weak",0.3,0,NA,"SSL",0,0,200,19
"scenarioA","X_210","weak",0.3,0,NA,"SSL",0,0,200,19
"scenarioA","X_211","weak",0.3,0,NA,"SSL",0,0,200,19
"scenarioA","X_212","weak",0.3,0,NA,"SSL",0,0,200,19
"scenarioA","X_213","weak",0.3,0,NA,"SSL",0,0,200,19
"scenarioA","X_214","weak",0.3,0,NA,"SSL",0,0,200,19
"scenarioA","X_215","weak",0.3,0,NA,"SSL",0,0,200,19
"scenarioA","X_216","weak",0.3,0,NA,"SSL",0,0,200,19
"scenarioA","X_217","weak",0.3,0,NA,"SSL",0,0,200,19
"scenarioA","X_218","weak",0.3,0,NA,"SSL",0,0,200,19
"scenarioA","X_219","weak",0.3,0,NA,"SSL",0,0,200,19
"scenarioA","X_220","weak",0.3,0,NA,"SSL",0,0,200,19
"scenarioA","X_221","weak",0.3,0,NA,"SSL",0,0,200,19
"scenarioA","X_222","weak",0.3,0,NA,"SSL",0,0,200,19
"scenarioA","X_223","weak",0.3,0,NA,"SSL",0,0,200,19
"scenarioA","X_224","weak",0.3,0,NA,"SSL",0,0,200,19
"scenarioA","X_225","weak",0.3,0,NA,"SSL",0,0,200,19
"scenarioA","X_226","weak",0.3,0,NA,"SSL",0,0,200,19
"scenarioA","X_227","weak",0.3,0,NA,"SSL",0,0,200,19
"scenarioA","X_228","strong",0.6,0,NA,"SSL",0,0,200,19
"scenarioA","X_229","strong",0.6,0,NA,"SSL",0,0,200,19
"scenarioA","X_230","strong",0.6,0,NA,"SSL",0,0,200,19
"scenarioA","X_231","strong",0.6,0,NA,"SSL",0,0,200,19
"scenarioA","X_232","strong",0.6,0,NA,"SSL",0,0,200,19
"scenarioA","X_233","strong",0.6,0,NA,"SSL",0,0,200,19
"scenarioA","X_234","strong",0.6,0,NA,"SSL",0,0,200,19
"scenarioA","X_235","strong",0.6,0,NA,"SSL",0,0,200,19
"scenarioA","X_236","strong",0.6,0,NA,"SSL",0,0,200,19
"scenarioA","X_237","strong",0.6,0,NA,"SSL",0,0,200,19
"scenarioA","X_238","strong",0.6,0,NA,"SSL",0,0,200,19
"scenarioA","X_239","strong",0.6,0,NA,"SSL",0,0,200,19
"scenarioA","X_240","strong",0.6,0,NA,"SSL",0,0,200,19
"scenarioA","X_241","strong",0.6,0,NA,"SSL",0,0,200,19
"scenarioA","X_242","strong",0.6,0,NA,"SSL",0,0,200,19
"scenarioA","X_243","strong",0.6,0,NA,"SSL",0,0,200,19
"scenarioA","X_244","strong",0.6,0,NA,"SSL",0,0,200,19
"scenarioA","X_245","strong",0.6,0,NA,"SSL",0,0,200,19
"scenarioA","X_246","strong",0.6,0,NA,"SSL",0,0,200,19
"scenarioA","X_247","strong",0.6,0,NA,"SSL",0,0,200,19
"scenarioA","X_248","strong",0.6,0,NA,"SSL",0,0,200,19
"scenarioA","X_249","strong",0.6,0,NA,"SSL",0,0,200,19
"scenarioA","X_250","strong",0.6,0,NA,"SSL",0,0,200,19
"scenarioA","X_251","strong",0.6,0,NA,"SSL",0,0,200,19
"scenarioA","X_252","strong",0.6,0,NA,"SSL",0,0,200,19
"scenarioA","X_253","strong",0.6,0,NA,"SSL",0,0,200,19
"scenarioA","X_254","strong",0.6,0,NA,"SSL",0,0,200,19
"scenarioA","X_255","strong",0.6,0,NA,"SSL",0,0,200,19
"scenarioA","X_256","strong",0.6,0,NA,"SSL",0,0,200,19
"scenarioA","X_257","strong",0.6,0,NA,"SSL",0,0,200,19
"scenarioA","X_258","strong",0.6,0,NA,"SSL",0,0,200,19
"scenarioA","X_259","strong",0.6,0,NA,"SSL",0,0,200,19
"scenarioA","X_260","strong",0.6,0,NA,"SSL",0,0,200,19
"scenarioA","X_261","strong",0.6,0,NA,"SSL",0,0,200,19
"scenarioA","X_262","strong",0.6,0,NA,"SSL",0,0,200,19
"scenarioA","X_263","strong",0.6,0,NA,"SSL",0,0,200,19
"scenarioA","X_264","strong",0.6,0,NA,"SSL",0,0,200,19
"scenarioA","X_265","strong",0.6,0,NA,"SSL",0,0,200,19
"scenarioA","X_266","strong",0.6,0,NA,"SSL",0,0,200,19
"scenarioA","X_267","strong",0.6,0,NA,"SSL",0,0,200,19
"scenarioA","X_268","strong",0.6,0,NA,"SSL",0,0,200,19
"scenarioA","X_269","strong",0.6,0,NA,"SSL",0,0,200,19
"scenarioA","X_270","strong",0.6,0,NA,"SSL",0,0,200,19
"scenarioA","X_271","strong",0.6,0,NA,"SSL",0,0,200,19
"scenarioA","X_272","strong",0.6,0,NA,"SSL",0,0,200,19
"scenarioA","X_273","strong",0.6,0,NA,"SSL",0,0,200,19
"scenarioA","X_274","strong",0.6,0,NA,"SSL",0,0,200,19
"scenarioA","X_275","strong",0.6,0,NA,"SSL",0,0,200,19
"scenarioA","X_276","strong",0.6,0,NA,"SSL",0,0,200,19
"scenarioA","X_277","strong",0.6,0,NA,"SSL",0,0,200,19
"scenarioA","X_278","strong",0.6,0,NA,"SSL",0,0,200,19
"scenarioA","X_279","strong",0.6,0,NA,"SSL",0,0,200,19
"scenarioA","X_280","strong",0.6,0,NA,"SSL",0,0,200,19
"scenarioA","X_281","strong",0.6,0,NA,"SSL",0,0,200,19
"scenarioA","X_282","strong",0.6,0,NA,"SSL",0,0,200,19
"scenarioA","X_283","strong",0.6,0,NA,"SSL",0,0,200,19
"scenarioA","X_284","strong",0.6,0,NA,"SSL",0,0,200,19
"scenarioA","X_285","strong",0.6,0,NA,"SSL",0,0,200,19
"scenarioA","X_286","strong",0.6,0,NA,"SSL",0,0,200,19
"scenarioA","X_287","strong",0.6,0,NA,"SSL",0,0,200,19
"scenarioA","X_288","strong",0.6,0,NA,"SSL",0,0,200,19
"scenarioA","X_289","strong",0.6,0,NA,"SSL",0,0,200,19
"scenarioA","X_290","strong",0.6,0,NA,"SSL",0,0,200,19
"scenarioA","X_291","strong",0.6,0,NA,"SSL",0,0,200,19
"scenarioA","X_292","strong",0.6,0,NA,"SSL",0,0,200,19
"scenarioA","X_293","strong",0.6,0,NA,"SSL",0,0,200,19
"scenarioA","X_294","strong",0.6,0,NA,"SSL",0,0,200,19
"scenarioA","X_295","strong",0.6,0,NA,"SSL",0,0,200,19
"scenarioA","X_296","strong",0.6,0,NA,"SSL",0,0,200,19
"scenarioA","X_297","strong",0.6,0,NA,"SSL",0,0,200,19
"scenarioA","X_298","strong",0.6,0,NA,"SSL",0,0,200,19
"scenarioA","X_299","strong",0.6,0,NA,"SSL",0,0,200,19
"scenarioA","X_300","strong",0.6,0,NA,"SSL",0,0,200,19
"scenarioA","X_1","strong",0.6,0.4,0.446473183907662,"LASSO",0,-0.4,200,19
"scenarioA","X_2","strong",0.6,-0.5,-0.574541794158525,"LASSO",0,0.5,200,19
"scenarioA","X_3","weak",0.3,0.6,0.467985924867867,"LASSO",0.105896300658707,-0.494103699341293,200,19
"scenarioA","X_4","weak",0.3,0.75,0.98689367361256,"LASSO",0.529695226131841,-0.220304773868159,200,19
"scenarioA","X_5","indep",0,-0.8,-0.968979179546668,"LASSO",-0.560567515910904,0.239432484089096,200,19
"scenarioA","X_6","indep",0,0,NA,"LASSO",0,0,200,19
"scenarioA","X_7","indep",0,0,NA,"LASSO",0,0,200,19
"scenarioA","X_8","indep",0,0,NA,"LASSO",0,0,200,19
"scenarioA","X_9","indep",0,0,NA,"LASSO",0,0,200,19
"scenarioA","X_10","indep",0,0,NA,"LASSO",0,0,200,19
"scenarioA","X_11","indep",0,0,NA,"LASSO",0,0,200,19
"scenarioA","X_12","indep",0,0,NA,"LASSO",0,0,200,19
"scenarioA","X_13","indep",0,0,NA,"LASSO",0,0,200,19
"scenarioA","X_14","indep",0,0,NA,"LASSO",0,0,200,19
"scenarioA","X_15","indep",0,0,NA,"LASSO",0,0,200,19
"scenarioA","X_16","indep",0,0,NA,"LASSO",0,0,200,19
"scenarioA","X_17","indep",0,0,NA,"LASSO",-0.197963960258399,-0.197963960258399,200,19
"scenarioA","X_18","indep",0,0,NA,"LASSO",0,0,200,19
"scenarioA","X_19","indep",0,0,NA,"LASSO",0,0,200,19
"scenarioA","X_20","indep",0,0,NA,"LASSO",0,0,200,19
"scenarioA","X_21","indep",0,0,NA,"LASSO",0,0,200,19
"scenarioA","X_22","indep",0,0,NA,"LASSO",0,0,200,19
"scenarioA","X_23","indep",0,0,NA,"LASSO",0,0,200,19
"scenarioA","X_24","indep",0,0,NA,"LASSO",0,0,200,19
"scenarioA","X_25","indep",0,0,NA,"LASSO",0,0,200,19
"scenarioA","X_26","indep",0,0,NA,"LASSO",0,0,200,19
"scenarioA","X_27","indep",0,0,NA,"LASSO",0,0,200,19
"scenarioA","X_28","indep",0,0,NA,"LASSO",0,0,200,19
"scenarioA","X_29","indep",0,0,NA,"LASSO",0,0,200,19
"scenarioA","X_30","indep",0,0,NA,"LASSO",0,0,200,19
"scenarioA","X_31","indep",0,0,NA,"LASSO",0,0,200,19
"scenarioA","X_32","indep",0,0,NA,"LASSO",0,0,200,19
"scenarioA","X_33","indep",0,0,NA,"LASSO",0,0,200,19
"scenarioA","X_34","indep",0,0,NA,"LASSO",0,0,200,19
"scenarioA","X_35","indep",0,0,NA,"LASSO",0,0,200,19
"scenarioA","X_36","indep",0,0,NA,"LASSO",0,0,200,19
"scenarioA","X_37","indep",0,0,NA,"LASSO",0,0,200,19
"scenarioA","X_38","indep",0,0,NA,"LASSO",0,0,200,19
"scenarioA","X_39","indep",0,0,NA,"LASSO",0,0,200,19
"scenarioA","X_40","indep",0,0,NA,"LASSO",0,0,200,19
"scenarioA","X_41","indep",0,0,NA,"LASSO",0,0,200,19
"scenarioA","X_42","indep",0,0,NA,"LASSO",0,0,200,19
"scenarioA","X_43","indep",0,0,NA,"LASSO",0,0,200,19
"scenarioA","X_44","indep",0,0,NA,"LASSO",0,0,200,19
"scenarioA","X_45","indep",0,0,NA,"LASSO",0,0,200,19
"scenarioA","X_46","indep",0,0,NA,"LASSO",0,0,200,19
"scenarioA","X_47","indep",0,0,NA,"LASSO",0,0,200,19
"scenarioA","X_48","indep",0,0,NA,"LASSO",0,0,200,19
"scenarioA","X_49","indep",0,0,NA,"LASSO",0,0,200,19
"scenarioA","X_50","indep",0,0,NA,"LASSO",0,0,200,19
"scenarioA","X_51","indep",0,0,NA,"LASSO",0,0,200,19
"scenarioA","X_52","indep",0,0,NA,"LASSO",0.0264449270798251,0.0264449270798251,200,19
"scenarioA","X_53","indep",0,0,NA,"LASSO",0,0,200,19
"scenarioA","X_54","indep",0,0,NA,"LASSO",0,0,200,19
"scenarioA","X_55","indep",0,0,NA,"LASSO",0.0783181373291354,0.0783181373291354,200,19
"scenarioA","X_56","indep",0,0,NA,"LASSO",0,0,200,19
"scenarioA","X_57","indep",0,0,NA,"LASSO",0,0,200,19
"scenarioA","X_58","indep",0,0,NA,"LASSO",0,0,200,19
"scenarioA","X_59","indep",0,0,NA,"LASSO",0,0,200,19
"scenarioA","X_60","indep",0,0,NA,"LASSO",0,0,200,19
"scenarioA","X_61","indep",0,0,NA,"LASSO",0,0,200,19
"scenarioA","X_62","indep",0,0,NA,"LASSO",0,0,200,19
"scenarioA","X_63","indep",0,0,NA,"LASSO",0,0,200,19
"scenarioA","X_64","indep",0,0,NA,"LASSO",0,0,200,19
"scenarioA","X_65","indep",0,0,NA,"LASSO",0,0,200,19
"scenarioA","X_66","indep",0,0,NA,"LASSO",0,0,200,19
"scenarioA","X_67","indep",0,0,NA,"LASSO",0,0,200,19
"scenarioA","X_68","indep",0,0,NA,"LASSO",0,0,200,19
"scenarioA","X_69","indep",0,0,NA,"LASSO",0,0,200,19
"scenarioA","X_70","indep",0,0,NA,"LASSO",0,0,200,19
"scenarioA","X_71","indep",0,0,NA,"LASSO",0,0,200,19
"scenarioA","X_72","indep",0,0,NA,"LASSO",0,0,200,19
"scenarioA","X_73","indep",0,0,NA,"LASSO",0,0,200,19
"scenarioA","X_74","indep",0,0,NA,"LASSO",0,0,200,19
"scenarioA","X_75","indep",0,0,NA,"LASSO",0,0,200,19
"scenarioA","X_76","indep",0,0,NA,"LASSO",0,0,200,19
"scenarioA","X_77","indep",0,0,NA,"LASSO",0,0,200,19
"scenarioA","X_78","indep",0,0,NA,"LASSO",0,0,200,19
"scenarioA","X_79","indep",0,0,NA,"LASSO",0,0,200,19
"scenarioA","X_80","indep",0,0,NA,"LASSO",0,0,200,19
"scenarioA","X_81","indep",0,0,NA,"LASSO",0,0,200,19
"scenarioA","X_82","indep",0,0,NA,"LASSO",0,0,200,19
"scenarioA","X_83","indep",0,0,NA,"LASSO",0,0,200,19
"scenarioA","X_84","indep",0,0,NA,"LASSO",0,0,200,19
"scenarioA","X_85","indep",0,0,NA,"LASSO",0,0,200,19
"scenarioA","X_86","indep",0,0,NA,"LASSO",0,0,200,19
"scenarioA","X_87","indep",0,0,NA,"LASSO",0,0,200,19
"scenarioA","X_88","indep",0,0,NA,"LASSO",0,0,200,19
"scenarioA","X_89","indep",0,0,NA,"LASSO",0,0,200,19
"scenarioA","X_90","indep",0,0,NA,"LASSO",0,0,200,19
"scenarioA","X_91","indep",0,0,NA,"LASSO",0,0,200,19
"scenarioA","X_92","indep",0,0,NA,"LASSO",0,0,200,19
"scenarioA","X_93","indep",0,0,NA,"LASSO",0,0,200,19
"scenarioA","X_94","indep",0,0,NA,"LASSO",0,0,200,19
"scenarioA","X_95","indep",0,0,NA,"LASSO",0,0,200,19
"scenarioA","X_96","indep",0,0,NA,"LASSO",0,0,200,19
"scenarioA","X_97","indep",0,0,NA,"LASSO",0,0,200,19
"scenarioA","X_98","indep",0,0,NA,"LASSO",0,0,200,19
"scenarioA","X_99","indep",0,0,NA,"LASSO",0,0,200,19
"scenarioA","X_100","indep",0,0,NA,"LASSO",0,0,200,19
"scenarioA","X_101","indep",0,0,NA,"LASSO",0,0,200,19
"scenarioA","X_102","indep",0,0,NA,"LASSO",0,0,200,19
"scenarioA","X_103","indep",0,0,NA,"LASSO",0,0,200,19
"scenarioA","X_104","indep",0,0,NA,"LASSO",0,0,200,19
"scenarioA","X_105","indep",0,0,NA,"LASSO",0,0,200,19
"scenarioA","X_106","indep",0,0,NA,"LASSO",0,0,200,19
"scenarioA","X_107","indep",0,0,NA,"LASSO",0,0,200,19
"scenarioA","X_108","indep",0,0,NA,"LASSO",0,0,200,19
"scenarioA","X_109","indep",0,0,NA,"LASSO",0,0,200,19
"scenarioA","X_110","indep",0,0,NA,"LASSO",0,0,200,19
"scenarioA","X_111","indep",0,0,NA,"LASSO",0,0,200,19
"scenarioA","X_112","indep",0,0,NA,"LASSO",0,0,200,19
"scenarioA","X_113","indep",0,0,NA,"LASSO",0,0,200,19
"scenarioA","X_114","indep",0,0,NA,"LASSO",0,0,200,19
"scenarioA","X_115","indep",0,0,NA,"LASSO",0.0784606471317645,0.0784606471317645,200,19
"scenarioA","X_116","indep",0,0,NA,"LASSO",0,0,200,19
"scenarioA","X_117","indep",0,0,NA,"LASSO",0,0,200,19
"scenarioA","X_118","indep",0,0,NA,"LASSO",0,0,200,19
"scenarioA","X_119","indep",0,0,NA,"LASSO",0,0,200,19
"scenarioA","X_120","indep",0,0,NA,"LASSO",0,0,200,19
"scenarioA","X_121","indep",0,0,NA,"LASSO",0,0,200,19
"scenarioA","X_122","indep",0,0,NA,"LASSO",0,0,200,19
"scenarioA","X_123","indep",0,0,NA,"LASSO",0,0,200,19
"scenarioA","X_124","indep",0,0,NA,"LASSO",0,0,200,19
"scenarioA","X_125","indep",0,0,NA,"LASSO",0,0,200,19
"scenarioA","X_126","indep",0,0,NA,"LASSO",0,0,200,19
"scenarioA","X_127","indep",0,0,NA,"LASSO",0,0,200,19
"scenarioA","X_128","indep",0,0,NA,"LASSO",0,0,200,19
"scenarioA","X_129","indep",0,0,NA,"LASSO",0,0,200,19
"scenarioA","X_130","indep",0,0,NA,"LASSO",0,0,200,19
"scenarioA","X_131","indep",0,0,NA,"LASSO",0,0,200,19
"scenarioA","X_132","indep",0,0,NA,"LASSO",0,0,200,19
"scenarioA","X_133","indep",0,0,NA,"LASSO",0,0,200,19
"scenarioA","X_134","indep",0,0,NA,"LASSO",0,0,200,19
"scenarioA","X_135","indep",0,0,NA,"LASSO",0,0,200,19
"scenarioA","X_136","indep",0,0,NA,"LASSO",0,0,200,19
"scenarioA","X_137","indep",0,0,NA,"LASSO",0,0,200,19
"scenarioA","X_138","indep",0,0,NA,"LASSO",0,0,200,19
"scenarioA","X_139","indep",0,0,NA,"LASSO",0,0,200,19
"scenarioA","X_140","indep",0,0,NA,"LASSO",0,0,200,19
"scenarioA","X_141","indep",0,0,NA,"LASSO",0,0,200,19
"scenarioA","X_142","indep",0,0,NA,"LASSO",0,0,200,19
"scenarioA","X_143","indep",0,0,NA,"LASSO",0,0,200,19
"scenarioA","X_144","indep",0,0,NA,"LASSO",0,0,200,19
"scenarioA","X_145","indep",0,0,NA,"LASSO",0,0,200,19
"scenarioA","X_146","indep",0,0,NA,"LASSO",0,0,200,19
"scenarioA","X_147","indep",0,0,NA,"LASSO",0,0,200,19
"scenarioA","X_148","indep",0,0,NA,"LASSO",0,0,200,19
"scenarioA","X_149","indep",0,0,NA,"LASSO",0,0,200,19
"scenarioA","X_150","indep",0,0,NA,"LASSO",0,0,200,19
"scenarioA","X_151","indep",0,0,NA,"LASSO",0,0,200,19
"scenarioA","X_152","indep",0,0,NA,"LASSO",0,0,200,19
"scenarioA","X_153","indep",0,0,NA,"LASSO",0,0,200,19
"scenarioA","X_154","indep",0,0,NA,"LASSO",0,0,200,19
"scenarioA","X_155","weak",0.3,0,NA,"LASSO",0,0,200,19
"scenarioA","X_156","weak",0.3,0,NA,"LASSO",0,0,200,19
"scenarioA","X_157","weak",0.3,0,NA,"LASSO",0,0,200,19
"scenarioA","X_158","weak",0.3,0,NA,"LASSO",0,0,200,19
"scenarioA","X_159","weak",0.3,0,NA,"LASSO",0,0,200,19
"scenarioA","X_160","weak",0.3,0,NA,"LASSO",0,0,200,19
"scenarioA","X_161","weak",0.3,0,NA,"LASSO",0,0,200,19
"scenarioA","X_162","weak",0.3,0,NA,"LASSO",0,0,200,19
"scenarioA","X_163","weak",0.3,0,NA,"LASSO",0,0,200,19
"scenarioA","X_164","weak",0.3,0,NA,"LASSO",0,0,200,19
"scenarioA","X_165","weak",0.3,0,NA,"LASSO",0,0,200,19
"scenarioA","X_166","weak",0.3,0,NA,"LASSO",0,0,200,19
"scenarioA","X_167","weak",0.3,0,NA,"LASSO",0,0,200,19
"scenarioA","X_168","weak",0.3,0,NA,"LASSO",0,0,200,19
"scenarioA","X_169","weak",0.3,0,NA,"LASSO",0,0,200,19
"scenarioA","X_170","weak",0.3,0,NA,"LASSO",0,0,200,19
"scenarioA","X_171","weak",0.3,0,NA,"LASSO",0,0,200,19
"scenarioA","X_172","weak",0.3,0,NA,"LASSO",0,0,200,19
"scenarioA","X_173","weak",0.3,0,NA,"LASSO",0.0893233032272351,0.0893233032272351,200,19
"scenarioA","X_174","weak",0.3,0,NA,"LASSO",0,0,200,19
"scenarioA","X_175","weak",0.3,0,NA,"LASSO",0,0,200,19
"scenarioA","X_176","weak",0.3,0,NA,"LASSO",0,0,200,19
"scenarioA","X_177","weak",0.3,0,NA,"LASSO",0,0,200,19
"scenarioA","X_178","weak",0.3,0,NA,"LASSO",0,0,200,19
"scenarioA","X_179","weak",0.3,0,NA,"LASSO",0,0,200,19
"scenarioA","X_180","weak",0.3,0,NA,"LASSO",0,0,200,19
"scenarioA","X_181","weak",0.3,0,NA,"LASSO",0,0,200,19
"scenarioA","X_182","weak",0.3,0,NA,"LASSO",0,0,200,19
"scenarioA","X_183","weak",0.3,0,NA,"LASSO",0,0,200,19
"scenarioA","X_184","weak",0.3,0,NA,"LASSO",0,0,200,19
"scenarioA","X_185","weak",0.3,0,NA,"LASSO",0,0,200,19
"scenarioA","X_186","weak",0.3,0,NA,"LASSO",0,0,200,19
"scenarioA","X_187","weak",0.3,0,NA,"LASSO",0,0,200,19
"scenarioA","X_188","weak",0.3,0,NA,"LASSO",0,0,200,19
"scenarioA","X_189","weak",0.3,0,NA,"LASSO",0,0,200,19
"scenarioA","X_190","weak",0.3,0,NA,"LASSO",0,0,200,19
"scenarioA","X_191","weak",0.3,0,NA,"LASSO",0,0,200,19
"scenarioA","X_192","weak",0.3,0,NA,"LASSO",0,0,200,19
"scenarioA","X_193","weak",0.3,0,NA,"LASSO",0,0,200,19
"scenarioA","X_194","weak",0.3,0,NA,"LASSO",0,0,200,19
"scenarioA","X_195","weak",0.3,0,NA,"LASSO",0,0,200,19
"scenarioA","X_196","weak",0.3,0,NA,"LASSO",0,0,200,19
"scenarioA","X_197","weak",0.3,0,NA,"LASSO",0,0,200,19
"scenarioA","X_198","weak",0.3,0,NA,"LASSO",0,0,200,19
"scenarioA","X_199","weak",0.3,0,NA,"LASSO",0,0,200,19
"scenarioA","X_200","weak",0.3,0,NA,"LASSO",0,0,200,19
"scenarioA","X_201","weak",0.3,0,NA,"LASSO",0,0,200,19
"scenarioA","X_202","weak",0.3,0,NA,"LASSO",0,0,200,19
"scenarioA","X_203","weak",0.3,0,NA,"LASSO",0,0,200,19
"scenarioA","X_204","weak",0.3,0,NA,"LASSO",0,0,200,19
"scenarioA","X_205","weak",0.3,0,NA,"LASSO",0,0,200,19
"scenarioA","X_206","weak",0.3,0,NA,"LASSO",0,0,200,19
"scenarioA","X_207","weak",0.3,0,NA,"LASSO",0,0,200,19
"scenarioA","X_208","weak",0.3,0,NA,"LASSO",0,0,200,19
"scenarioA","X_209","weak",0.3,0,NA,"LASSO",0,0,200,19
"scenarioA","X_210","weak",0.3,0,NA,"LASSO",0,0,200,19
"scenarioA","X_211","weak",0.3,0,NA,"LASSO",0,0,200,19
"scenarioA","X_212","weak",0.3,0,NA,"LASSO",0,0,200,19
"scenarioA","X_213","weak",0.3,0,NA,"LASSO",0,0,200,19
"scenarioA","X_214","weak",0.3,0,NA,"LASSO",0,0,200,19
"scenarioA","X_215","weak",0.3,0,NA,"LASSO",0,0,200,19
"scenarioA","X_216","weak",0.3,0,NA,"LASSO",0,0,200,19
"scenarioA","X_217","weak",0.3,0,NA,"LASSO",0,0,200,19
"scenarioA","X_218","weak",0.3,0,NA,"LASSO",0,0,200,19
"scenarioA","X_219","weak",0.3,0,NA,"LASSO",0,0,200,19
"scenarioA","X_220","weak",0.3,0,NA,"LASSO",0,0,200,19
"scenarioA","X_221","weak",0.3,0,NA,"LASSO",0,0,200,19
"scenarioA","X_222","weak",0.3,0,NA,"LASSO",0,0,200,19
"scenarioA","X_223","weak",0.3,0,NA,"LASSO",0,0,200,19
"scenarioA","X_224","weak",0.3,0,NA,"LASSO",0,0,200,19
"scenarioA","X_225","weak",0.3,0,NA,"LASSO",0,0,200,19
"scenarioA","X_226","weak",0.3,0,NA,"LASSO",0,0,200,19
"scenarioA","X_227","weak",0.3,0,NA,"LASSO",0,0,200,19
"scenarioA","X_228","strong",0.6,0,NA,"LASSO",0,0,200,19
"scenarioA","X_229","strong",0.6,0,NA,"LASSO",0,0,200,19
"scenarioA","X_230","strong",0.6,0,NA,"LASSO",0,0,200,19
"scenarioA","X_231","strong",0.6,0,NA,"LASSO",0,0,200,19
"scenarioA","X_232","strong",0.6,0,NA,"LASSO",0,0,200,19
"scenarioA","X_233","strong",0.6,0,NA,"LASSO",0,0,200,19
"scenarioA","X_234","strong",0.6,0,NA,"LASSO",0,0,200,19
"scenarioA","X_235","strong",0.6,0,NA,"LASSO",0,0,200,19
"scenarioA","X_236","strong",0.6,0,NA,"LASSO",0,0,200,19
"scenarioA","X_237","strong",0.6,0,NA,"LASSO",0,0,200,19
"scenarioA","X_238","strong",0.6,0,NA,"LASSO",0,0,200,19
"scenarioA","X_239","strong",0.6,0,NA,"LASSO",0,0,200,19
"scenarioA","X_240","strong",0.6,0,NA,"LASSO",0,0,200,19
"scenarioA","X_241","strong",0.6,0,NA,"LASSO",0,0,200,19
"scenarioA","X_242","strong",0.6,0,NA,"LASSO",0,0,200,19
"scenarioA","X_243","strong",0.6,0,NA,"LASSO",0,0,200,19
"scenarioA","X_244","strong",0.6,0,NA,"LASSO",0,0,200,19
"scenarioA","X_245","strong",0.6,0,NA,"LASSO",0,0,200,19
"scenarioA","X_246","strong",0.6,0,NA,"LASSO",0,0,200,19
"scenarioA","X_247","strong",0.6,0,NA,"LASSO",0,0,200,19
"scenarioA","X_248","strong",0.6,0,NA,"LASSO",0,0,200,19
"scenarioA","X_249","strong",0.6,0,NA,"LASSO",0,0,200,19
"scenarioA","X_250","strong",0.6,0,NA,"LASSO",0,0,200,19
"scenarioA","X_251","strong",0.6,0,NA,"LASSO",0,0,200,19
"scenarioA","X_252","strong",0.6,0,NA,"LASSO",0,0,200,19
"scenarioA","X_253","strong",0.6,0,NA,"LASSO",0,0,200,19
"scenarioA","X_254","strong",0.6,0,NA,"LASSO",0,0,200,19
"scenarioA","X_255","strong",0.6,0,NA,"LASSO",0,0,200,19
"scenarioA","X_256","strong",0.6,0,NA,"LASSO",0,0,200,19
"scenarioA","X_257","strong",0.6,0,NA,"LASSO",0,0,200,19
"scenarioA","X_258","strong",0.6,0,NA,"LASSO",0,0,200,19
"scenarioA","X_259","strong",0.6,0,NA,"LASSO",0,0,200,19
"scenarioA","X_260","strong",0.6,0,NA,"LASSO",0,0,200,19
"scenarioA","X_261","strong",0.6,0,NA,"LASSO",0,0,200,19
"scenarioA","X_262","strong",0.6,0,NA,"LASSO",0,0,200,19
"scenarioA","X_263","strong",0.6,0,NA,"LASSO",0,0,200,19
"scenarioA","X_264","strong",0.6,0,NA,"LASSO",0,0,200,19
"scenarioA","X_265","strong",0.6,0,NA,"LASSO",0,0,200,19
"scenarioA","X_266","strong",0.6,0,NA,"LASSO",0,0,200,19
"scenarioA","X_267","strong",0.6,0,NA,"LASSO",0,0,200,19
"scenarioA","X_268","strong",0.6,0,NA,"LASSO",0,0,200,19
"scenarioA","X_269","strong",0.6,0,NA,"LASSO",0,0,200,19
"scenarioA","X_270","strong",0.6,0,NA,"LASSO",0,0,200,19
"scenarioA","X_271","strong",0.6,0,NA,"LASSO",0,0,200,19
"scenarioA","X_272","strong",0.6,0,NA,"LASSO",0,0,200,19
"scenarioA","X_273","strong",0.6,0,NA,"LASSO",0,0,200,19
"scenarioA","X_274","strong",0.6,0,NA,"LASSO",0,0,200,19
"scenarioA","X_275","strong",0.6,0,NA,"LASSO",0,0,200,19
"scenarioA","X_276","strong",0.6,0,NA,"LASSO",0,0,200,19
"scenarioA","X_277","strong",0.6,0,NA,"LASSO",0,0,200,19
"scenarioA","X_278","strong",0.6,0,NA,"LASSO",0,0,200,19
"scenarioA","X_279","strong",0.6,0,NA,"LASSO",0,0,200,19
"scenarioA","X_280","strong",0.6,0,NA,"LASSO",0,0,200,19
"scenarioA","X_281","strong",0.6,0,NA,"LASSO",0,0,200,19
"scenarioA","X_282","strong",0.6,0,NA,"LASSO",0,0,200,19
"scenarioA","X_283","strong",0.6,0,NA,"LASSO",0,0,200,19
"scenarioA","X_284","strong",0.6,0,NA,"LASSO",0,0,200,19
"scenarioA","X_285","strong",0.6,0,NA,"LASSO",0,0,200,19
"scenarioA","X_286","strong",0.6,0,NA,"LASSO",0,0,200,19
"scenarioA","X_287","strong",0.6,0,NA,"LASSO",0,0,200,19
"scenarioA","X_288","strong",0.6,0,NA,"LASSO",0,0,200,19
"scenarioA","X_289","strong",0.6,0,NA,"LASSO",0,0,200,19
"scenarioA","X_290","strong",0.6,0,NA,"LASSO",0,0,200,19
"scenarioA","X_291","strong",0.6,0,NA,"LASSO",0,0,200,19
"scenarioA","X_292","strong",0.6,0,NA,"LASSO",0,0,200,19
"scenarioA","X_293","strong",0.6,0,NA,"LASSO",0,0,200,19
"scenarioA","X_294","strong",0.6,0,NA,"LASSO",0,0,200,19
"scenarioA","X_295","strong",0.6,0,NA,"LASSO",0,0,200,19
"scenarioA","X_296","strong",0.6,0,NA,"LASSO",0,0,200,19
"scenarioA","X_297","strong",0.6,0,NA,"LASSO",0,0,200,19
"scenarioA","X_298","strong",0.6,0,NA,"LASSO",0,0,200,19
"scenarioA","X_299","strong",0.6,0,NA,"LASSO",0,0,200,19
"scenarioA","X_300","strong",0.6,0,NA,"LASSO",0,0,200,19
"scenarioA","X_1","strong",0.6,0.4,0.361163768540336,"SSL",0,-0.4,200,20
"scenarioA","X_2","strong",0.6,-0.5,-0.529178876517011,"SSL",0,0.5,200,20
"scenarioA","X_3","weak",0.3,0.6,0.605373820290868,"SSL",0.466280542048147,-0.133719457951853,200,20
"scenarioA","X_4","weak",0.3,0.75,0.89742790518996,"SSL",0.817784668956988,0.0677846689569882,200,20
"scenarioA","X_5","indep",0,-0.8,-1.00388615962317,"SSL",-0.879146373279653,-0.0791463732796529,200,20
"scenarioA","X_6","indep",0,0,NA,"SSL",0,0,200,20
"scenarioA","X_7","indep",0,0,NA,"SSL",0,0,200,20
"scenarioA","X_8","indep",0,0,NA,"SSL",0,0,200,20
"scenarioA","X_9","indep",0,0,NA,"SSL",0,0,200,20
"scenarioA","X_10","indep",0,0,NA,"SSL",0,0,200,20
"scenarioA","X_11","indep",0,0,NA,"SSL",0,0,200,20
"scenarioA","X_12","indep",0,0,NA,"SSL",0,0,200,20
"scenarioA","X_13","indep",0,0,NA,"SSL",0,0,200,20
"scenarioA","X_14","indep",0,0,NA,"SSL",0,0,200,20
"scenarioA","X_15","indep",0,0,NA,"SSL",0,0,200,20
"scenarioA","X_16","indep",0,0,NA,"SSL",0,0,200,20
"scenarioA","X_17","indep",0,0,NA,"SSL",0,0,200,20
"scenarioA","X_18","indep",0,0,NA,"SSL",0,0,200,20
"scenarioA","X_19","indep",0,0,NA,"SSL",0,0,200,20
"scenarioA","X_20","indep",0,0,NA,"SSL",0,0,200,20
"scenarioA","X_21","indep",0,0,NA,"SSL",0,0,200,20
"scenarioA","X_22","indep",0,0,NA,"SSL",0,0,200,20
"scenarioA","X_23","indep",0,0,NA,"SSL",0,0,200,20
"scenarioA","X_24","indep",0,0,NA,"SSL",0,0,200,20
"scenarioA","X_25","indep",0,0,NA,"SSL",0,0,200,20
"scenarioA","X_26","indep",0,0,NA,"SSL",0,0,200,20
"scenarioA","X_27","indep",0,0,NA,"SSL",0,0,200,20
"scenarioA","X_28","indep",0,0,NA,"SSL",0,0,200,20
"scenarioA","X_29","indep",0,0,NA,"SSL",0,0,200,20
"scenarioA","X_30","indep",0,0,NA,"SSL",0,0,200,20
"scenarioA","X_31","indep",0,0,NA,"SSL",0,0,200,20
"scenarioA","X_32","indep",0,0,NA,"SSL",0,0,200,20
"scenarioA","X_33","indep",0,0,NA,"SSL",0,0,200,20
"scenarioA","X_34","indep",0,0,NA,"SSL",0,0,200,20
"scenarioA","X_35","indep",0,0,NA,"SSL",0,0,200,20
"scenarioA","X_36","indep",0,0,NA,"SSL",0,0,200,20
"scenarioA","X_37","indep",0,0,NA,"SSL",0,0,200,20
"scenarioA","X_38","indep",0,0,NA,"SSL",0,0,200,20
"scenarioA","X_39","indep",0,0,NA,"SSL",0,0,200,20
"scenarioA","X_40","indep",0,0,NA,"SSL",0,0,200,20
"scenarioA","X_41","indep",0,0,NA,"SSL",0,0,200,20
"scenarioA","X_42","indep",0,0,NA,"SSL",0,0,200,20
"scenarioA","X_43","indep",0,0,NA,"SSL",0,0,200,20
"scenarioA","X_44","indep",0,0,NA,"SSL",0,0,200,20
"scenarioA","X_45","indep",0,0,NA,"SSL",0,0,200,20
"scenarioA","X_46","indep",0,0,NA,"SSL",0,0,200,20
"scenarioA","X_47","indep",0,0,NA,"SSL",0,0,200,20
"scenarioA","X_48","indep",0,0,NA,"SSL",0,0,200,20
"scenarioA","X_49","indep",0,0,NA,"SSL",0,0,200,20
"scenarioA","X_50","indep",0,0,NA,"SSL",0,0,200,20
"scenarioA","X_51","indep",0,0,NA,"SSL",0,0,200,20
"scenarioA","X_52","indep",0,0,NA,"SSL",0,0,200,20
"scenarioA","X_53","indep",0,0,NA,"SSL",0,0,200,20
"scenarioA","X_54","indep",0,0,NA,"SSL",0,0,200,20
"scenarioA","X_55","indep",0,0,NA,"SSL",0,0,200,20
"scenarioA","X_56","indep",0,0,NA,"SSL",0,0,200,20
"scenarioA","X_57","indep",0,0,NA,"SSL",0,0,200,20
"scenarioA","X_58","indep",0,0,NA,"SSL",0,0,200,20
"scenarioA","X_59","indep",0,0,NA,"SSL",0,0,200,20
"scenarioA","X_60","indep",0,0,NA,"SSL",0,0,200,20
"scenarioA","X_61","indep",0,0,NA,"SSL",0,0,200,20
"scenarioA","X_62","indep",0,0,NA,"SSL",0,0,200,20
"scenarioA","X_63","indep",0,0,NA,"SSL",0,0,200,20
"scenarioA","X_64","indep",0,0,NA,"SSL",0,0,200,20
"scenarioA","X_65","indep",0,0,NA,"SSL",0,0,200,20
"scenarioA","X_66","indep",0,0,NA,"SSL",0,0,200,20
"scenarioA","X_67","indep",0,0,NA,"SSL",0,0,200,20
"scenarioA","X_68","indep",0,0,NA,"SSL",0,0,200,20
"scenarioA","X_69","indep",0,0,NA,"SSL",0,0,200,20
"scenarioA","X_70","indep",0,0,NA,"SSL",0,0,200,20
"scenarioA","X_71","indep",0,0,NA,"SSL",0,0,200,20
"scenarioA","X_72","indep",0,0,NA,"SSL",0,0,200,20
"scenarioA","X_73","indep",0,0,NA,"SSL",0,0,200,20
"scenarioA","X_74","indep",0,0,NA,"SSL",0,0,200,20
"scenarioA","X_75","indep",0,0,NA,"SSL",0,0,200,20
"scenarioA","X_76","indep",0,0,NA,"SSL",0,0,200,20
"scenarioA","X_77","indep",0,0,NA,"SSL",0,0,200,20
"scenarioA","X_78","indep",0,0,NA,"SSL",0,0,200,20
"scenarioA","X_79","indep",0,0,NA,"SSL",0,0,200,20
"scenarioA","X_80","indep",0,0,NA,"SSL",0,0,200,20
"scenarioA","X_81","indep",0,0,NA,"SSL",0,0,200,20
"scenarioA","X_82","indep",0,0,NA,"SSL",0,0,200,20
"scenarioA","X_83","indep",0,0,NA,"SSL",0,0,200,20
"scenarioA","X_84","indep",0,0,NA,"SSL",0,0,200,20
"scenarioA","X_85","indep",0,0,NA,"SSL",0,0,200,20
"scenarioA","X_86","indep",0,0,NA,"SSL",0,0,200,20
"scenarioA","X_87","indep",0,0,NA,"SSL",0,0,200,20
"scenarioA","X_88","indep",0,0,NA,"SSL",0,0,200,20
"scenarioA","X_89","indep",0,0,NA,"SSL",0,0,200,20
"scenarioA","X_90","indep",0,0,NA,"SSL",0,0,200,20
"scenarioA","X_91","indep",0,0,NA,"SSL",0,0,200,20
"scenarioA","X_92","indep",0,0,NA,"SSL",0,0,200,20
"scenarioA","X_93","indep",0,0,NA,"SSL",0,0,200,20
"scenarioA","X_94","indep",0,0,NA,"SSL",0,0,200,20
"scenarioA","X_95","indep",0,0,NA,"SSL",0,0,200,20
"scenarioA","X_96","indep",0,0,NA,"SSL",0,0,200,20
"scenarioA","X_97","indep",0,0,NA,"SSL",0,0,200,20
"scenarioA","X_98","indep",0,0,NA,"SSL",0,0,200,20
"scenarioA","X_99","indep",0,0,NA,"SSL",0,0,200,20
"scenarioA","X_100","indep",0,0,NA,"SSL",0,0,200,20
"scenarioA","X_101","indep",0,0,NA,"SSL",0,0,200,20
"scenarioA","X_102","indep",0,0,NA,"SSL",0,0,200,20
"scenarioA","X_103","indep",0,0,NA,"SSL",0,0,200,20
"scenarioA","X_104","indep",0,0,NA,"SSL",0,0,200,20
"scenarioA","X_105","indep",0,0,NA,"SSL",0,0,200,20
"scenarioA","X_106","indep",0,0,NA,"SSL",0,0,200,20
"scenarioA","X_107","indep",0,0,NA,"SSL",0,0,200,20
"scenarioA","X_108","indep",0,0,NA,"SSL",0,0,200,20
"scenarioA","X_109","indep",0,0,NA,"SSL",0,0,200,20
"scenarioA","X_110","indep",0,0,NA,"SSL",0,0,200,20
"scenarioA","X_111","indep",0,0,NA,"SSL",0,0,200,20
"scenarioA","X_112","indep",0,0,NA,"SSL",0,0,200,20
"scenarioA","X_113","indep",0,0,NA,"SSL",0,0,200,20
"scenarioA","X_114","indep",0,0,NA,"SSL",0,0,200,20
"scenarioA","X_115","indep",0,0,NA,"SSL",0,0,200,20
"scenarioA","X_116","indep",0,0,NA,"SSL",0,0,200,20
"scenarioA","X_117","indep",0,0,NA,"SSL",0,0,200,20
"scenarioA","X_118","indep",0,0,NA,"SSL",0,0,200,20
"scenarioA","X_119","indep",0,0,NA,"SSL",0,0,200,20
"scenarioA","X_120","indep",0,0,NA,"SSL",0,0,200,20
"scenarioA","X_121","indep",0,0,NA,"SSL",0,0,200,20
"scenarioA","X_122","indep",0,0,NA,"SSL",0,0,200,20
"scenarioA","X_123","indep",0,0,NA,"SSL",0,0,200,20
"scenarioA","X_124","indep",0,0,NA,"SSL",0,0,200,20
"scenarioA","X_125","indep",0,0,NA,"SSL",0,0,200,20
"scenarioA","X_126","indep",0,0,NA,"SSL",0,0,200,20
"scenarioA","X_127","indep",0,0,NA,"SSL",0,0,200,20
"scenarioA","X_128","indep",0,0,NA,"SSL",0,0,200,20
"scenarioA","X_129","indep",0,0,NA,"SSL",0,0,200,20
"scenarioA","X_130","indep",0,0,NA,"SSL",0,0,200,20
"scenarioA","X_131","indep",0,0,NA,"SSL",0,0,200,20
"scenarioA","X_132","indep",0,0,NA,"SSL",0,0,200,20
"scenarioA","X_133","indep",0,0,NA,"SSL",0,0,200,20
"scenarioA","X_134","indep",0,0,NA,"SSL",0,0,200,20
"scenarioA","X_135","indep",0,0,NA,"SSL",0,0,200,20
"scenarioA","X_136","indep",0,0,NA,"SSL",0,0,200,20
"scenarioA","X_137","indep",0,0,NA,"SSL",0,0,200,20
"scenarioA","X_138","indep",0,0,NA,"SSL",0,0,200,20
"scenarioA","X_139","indep",0,0,NA,"SSL",0,0,200,20
"scenarioA","X_140","indep",0,0,NA,"SSL",0,0,200,20
"scenarioA","X_141","indep",0,0,NA,"SSL",0,0,200,20
"scenarioA","X_142","indep",0,0,NA,"SSL",0,0,200,20
"scenarioA","X_143","indep",0,0,NA,"SSL",0,0,200,20
"scenarioA","X_144","indep",0,0,NA,"SSL",0,0,200,20
"scenarioA","X_145","indep",0,0,NA,"SSL",0,0,200,20
"scenarioA","X_146","indep",0,0,NA,"SSL",0,0,200,20
"scenarioA","X_147","indep",0,0,NA,"SSL",0,0,200,20
"scenarioA","X_148","indep",0,0,NA,"SSL",0,0,200,20
"scenarioA","X_149","indep",0,0,NA,"SSL",0,0,200,20
"scenarioA","X_150","indep",0,0,NA,"SSL",0,0,200,20
"scenarioA","X_151","indep",0,0,NA,"SSL",0,0,200,20
"scenarioA","X_152","indep",0,0,NA,"SSL",0,0,200,20
"scenarioA","X_153","indep",0,0,NA,"SSL",0,0,200,20
"scenarioA","X_154","indep",0,0,NA,"SSL",0,0,200,20
"scenarioA","X_155","weak",0.3,0,NA,"SSL",0,0,200,20
"scenarioA","X_156","weak",0.3,0,NA,"SSL",0,0,200,20
"scenarioA","X_157","weak",0.3,0,NA,"SSL",0,0,200,20
"scenarioA","X_158","weak",0.3,0,NA,"SSL",0,0,200,20
"scenarioA","X_159","weak",0.3,0,NA,"SSL",0,0,200,20
"scenarioA","X_160","weak",0.3,0,NA,"SSL",0,0,200,20
"scenarioA","X_161","weak",0.3,0,NA,"SSL",0,0,200,20
"scenarioA","X_162","weak",0.3,0,NA,"SSL",0,0,200,20
"scenarioA","X_163","weak",0.3,0,NA,"SSL",0,0,200,20
"scenarioA","X_164","weak",0.3,0,NA,"SSL",0,0,200,20
"scenarioA","X_165","weak",0.3,0,NA,"SSL",0,0,200,20
"scenarioA","X_166","weak",0.3,0,NA,"SSL",0,0,200,20
"scenarioA","X_167","weak",0.3,0,NA,"SSL",0,0,200,20
"scenarioA","X_168","weak",0.3,0,NA,"SSL",0,0,200,20
"scenarioA","X_169","weak",0.3,0,NA,"SSL",0,0,200,20
"scenarioA","X_170","weak",0.3,0,NA,"SSL",0,0,200,20
"scenarioA","X_171","weak",0.3,0,NA,"SSL",0,0,200,20
"scenarioA","X_172","weak",0.3,0,NA,"SSL",0,0,200,20
"scenarioA","X_173","weak",0.3,0,NA,"SSL",0,0,200,20
"scenarioA","X_174","weak",0.3,0,NA,"SSL",0,0,200,20
"scenarioA","X_175","weak",0.3,0,NA,"SSL",0,0,200,20
"scenarioA","X_176","weak",0.3,0,NA,"SSL",0,0,200,20
"scenarioA","X_177","weak",0.3,0,NA,"SSL",0,0,200,20
"scenarioA","X_178","weak",0.3,0,NA,"SSL",0,0,200,20
"scenarioA","X_179","weak",0.3,0,NA,"SSL",0,0,200,20
"scenarioA","X_180","weak",0.3,0,NA,"SSL",0,0,200,20
"scenarioA","X_181","weak",0.3,0,NA,"SSL",0,0,200,20
"scenarioA","X_182","weak",0.3,0,NA,"SSL",0,0,200,20
"scenarioA","X_183","weak",0.3,0,NA,"SSL",0,0,200,20
"scenarioA","X_184","weak",0.3,0,NA,"SSL",0,0,200,20
"scenarioA","X_185","weak",0.3,0,NA,"SSL",0,0,200,20
"scenarioA","X_186","weak",0.3,0,NA,"SSL",0,0,200,20
"scenarioA","X_187","weak",0.3,0,NA,"SSL",0,0,200,20
"scenarioA","X_188","weak",0.3,0,NA,"SSL",0,0,200,20
"scenarioA","X_189","weak",0.3,0,NA,"SSL",0,0,200,20
"scenarioA","X_190","weak",0.3,0,NA,"SSL",0,0,200,20
"scenarioA","X_191","weak",0.3,0,NA,"SSL",0,0,200,20
"scenarioA","X_192","weak",0.3,0,NA,"SSL",0,0,200,20
"scenarioA","X_193","weak",0.3,0,NA,"SSL",0,0,200,20
"scenarioA","X_194","weak",0.3,0,NA,"SSL",0,0,200,20
"scenarioA","X_195","weak",0.3,0,NA,"SSL",0,0,200,20
"scenarioA","X_196","weak",0.3,0,NA,"SSL",0,0,200,20
"scenarioA","X_197","weak",0.3,0,NA,"SSL",0,0,200,20
"scenarioA","X_198","weak",0.3,0,NA,"SSL",0,0,200,20
"scenarioA","X_199","weak",0.3,0,NA,"SSL",0,0,200,20
"scenarioA","X_200","weak",0.3,0,NA,"SSL",0,0,200,20
"scenarioA","X_201","weak",0.3,0,NA,"SSL",0,0,200,20
"scenarioA","X_202","weak",0.3,0,NA,"SSL",0,0,200,20
"scenarioA","X_203","weak",0.3,0,NA,"SSL",0,0,200,20
"scenarioA","X_204","weak",0.3,0,NA,"SSL",0,0,200,20
"scenarioA","X_205","weak",0.3,0,NA,"SSL",0,0,200,20
"scenarioA","X_206","weak",0.3,0,NA,"SSL",0,0,200,20
"scenarioA","X_207","weak",0.3,0,NA,"SSL",0,0,200,20
"scenarioA","X_208","weak",0.3,0,NA,"SSL",0,0,200,20
"scenarioA","X_209","weak",0.3,0,NA,"SSL",0,0,200,20
"scenarioA","X_210","weak",0.3,0,NA,"SSL",0,0,200,20
"scenarioA","X_211","weak",0.3,0,NA,"SSL",0,0,200,20
"scenarioA","X_212","weak",0.3,0,NA,"SSL",0,0,200,20
"scenarioA","X_213","weak",0.3,0,NA,"SSL",0,0,200,20
"scenarioA","X_214","weak",0.3,0,NA,"SSL",0,0,200,20
"scenarioA","X_215","weak",0.3,0,NA,"SSL",0,0,200,20
"scenarioA","X_216","weak",0.3,0,NA,"SSL",0,0,200,20
"scenarioA","X_217","weak",0.3,0,NA,"SSL",0,0,200,20
"scenarioA","X_218","weak",0.3,0,NA,"SSL",0,0,200,20
"scenarioA","X_219","weak",0.3,0,NA,"SSL",0,0,200,20
"scenarioA","X_220","weak",0.3,0,NA,"SSL",0,0,200,20
"scenarioA","X_221","weak",0.3,0,NA,"SSL",0,0,200,20
"scenarioA","X_222","weak",0.3,0,NA,"SSL",0,0,200,20
"scenarioA","X_223","weak",0.3,0,NA,"SSL",0,0,200,20
"scenarioA","X_224","weak",0.3,0,NA,"SSL",0,0,200,20
"scenarioA","X_225","weak",0.3,0,NA,"SSL",0,0,200,20
"scenarioA","X_226","weak",0.3,0,NA,"SSL",0,0,200,20
"scenarioA","X_227","weak",0.3,0,NA,"SSL",0,0,200,20
"scenarioA","X_228","strong",0.6,0,NA,"SSL",0,0,200,20
"scenarioA","X_229","strong",0.6,0,NA,"SSL",0,0,200,20
"scenarioA","X_230","strong",0.6,0,NA,"SSL",0,0,200,20
"scenarioA","X_231","strong",0.6,0,NA,"SSL",0,0,200,20
"scenarioA","X_232","strong",0.6,0,NA,"SSL",0,0,200,20
"scenarioA","X_233","strong",0.6,0,NA,"SSL",0,0,200,20
"scenarioA","X_234","strong",0.6,0,NA,"SSL",0,0,200,20
"scenarioA","X_235","strong",0.6,0,NA,"SSL",0,0,200,20
"scenarioA","X_236","strong",0.6,0,NA,"SSL",0,0,200,20
"scenarioA","X_237","strong",0.6,0,NA,"SSL",0,0,200,20
"scenarioA","X_238","strong",0.6,0,NA,"SSL",0,0,200,20
"scenarioA","X_239","strong",0.6,0,NA,"SSL",0,0,200,20
"scenarioA","X_240","strong",0.6,0,NA,"SSL",0,0,200,20
"scenarioA","X_241","strong",0.6,0,NA,"SSL",0,0,200,20
"scenarioA","X_242","strong",0.6,0,NA,"SSL",0,0,200,20
"scenarioA","X_243","strong",0.6,0,NA,"SSL",0,0,200,20
"scenarioA","X_244","strong",0.6,0,NA,"SSL",0,0,200,20
"scenarioA","X_245","strong",0.6,0,NA,"SSL",0,0,200,20
"scenarioA","X_246","strong",0.6,0,NA,"SSL",0,0,200,20
"scenarioA","X_247","strong",0.6,0,NA,"SSL",0,0,200,20
"scenarioA","X_248","strong",0.6,0,NA,"SSL",0,0,200,20
"scenarioA","X_249","strong",0.6,0,NA,"SSL",0,0,200,20
"scenarioA","X_250","strong",0.6,0,NA,"SSL",0,0,200,20
"scenarioA","X_251","strong",0.6,0,NA,"SSL",0,0,200,20
"scenarioA","X_252","strong",0.6,0,NA,"SSL",0,0,200,20
"scenarioA","X_253","strong",0.6,0,NA,"SSL",0,0,200,20
"scenarioA","X_254","strong",0.6,0,NA,"SSL",0,0,200,20
"scenarioA","X_255","strong",0.6,0,NA,"SSL",0,0,200,20
"scenarioA","X_256","strong",0.6,0,NA,"SSL",0,0,200,20
"scenarioA","X_257","strong",0.6,0,NA,"SSL",0,0,200,20
"scenarioA","X_258","strong",0.6,0,NA,"SSL",0,0,200,20
"scenarioA","X_259","strong",0.6,0,NA,"SSL",0,0,200,20
"scenarioA","X_260","strong",0.6,0,NA,"SSL",0,0,200,20
"scenarioA","X_261","strong",0.6,0,NA,"SSL",0,0,200,20
"scenarioA","X_262","strong",0.6,0,NA,"SSL",0,0,200,20
"scenarioA","X_263","strong",0.6,0,NA,"SSL",0,0,200,20
"scenarioA","X_264","strong",0.6,0,NA,"SSL",0,0,200,20
"scenarioA","X_265","strong",0.6,0,NA,"SSL",0,0,200,20
"scenarioA","X_266","strong",0.6,0,NA,"SSL",0,0,200,20
"scenarioA","X_267","strong",0.6,0,NA,"SSL",0,0,200,20
"scenarioA","X_268","strong",0.6,0,NA,"SSL",0,0,200,20
"scenarioA","X_269","strong",0.6,0,NA,"SSL",0,0,200,20
"scenarioA","X_270","strong",0.6,0,NA,"SSL",0,0,200,20
"scenarioA","X_271","strong",0.6,0,NA,"SSL",0,0,200,20
"scenarioA","X_272","strong",0.6,0,NA,"SSL",0,0,200,20
"scenarioA","X_273","strong",0.6,0,NA,"SSL",0,0,200,20
"scenarioA","X_274","strong",0.6,0,NA,"SSL",0,0,200,20
"scenarioA","X_275","strong",0.6,0,NA,"SSL",0,0,200,20
"scenarioA","X_276","strong",0.6,0,NA,"SSL",0,0,200,20
"scenarioA","X_277","strong",0.6,0,NA,"SSL",0,0,200,20
"scenarioA","X_278","strong",0.6,0,NA,"SSL",0,0,200,20
"scenarioA","X_279","strong",0.6,0,NA,"SSL",0,0,200,20
"scenarioA","X_280","strong",0.6,0,NA,"SSL",0,0,200,20
"scenarioA","X_281","strong",0.6,0,NA,"SSL",0,0,200,20
"scenarioA","X_282","strong",0.6,0,NA,"SSL",0,0,200,20
"scenarioA","X_283","strong",0.6,0,NA,"SSL",0,0,200,20
"scenarioA","X_284","strong",0.6,0,NA,"SSL",0,0,200,20
"scenarioA","X_285","strong",0.6,0,NA,"SSL",0,0,200,20
"scenarioA","X_286","strong",0.6,0,NA,"SSL",0,0,200,20
"scenarioA","X_287","strong",0.6,0,NA,"SSL",0,0,200,20
"scenarioA","X_288","strong",0.6,0,NA,"SSL",0,0,200,20
"scenarioA","X_289","strong",0.6,0,NA,"SSL",0,0,200,20
"scenarioA","X_290","strong",0.6,0,NA,"SSL",0,0,200,20
"scenarioA","X_291","strong",0.6,0,NA,"SSL",0,0,200,20
"scenarioA","X_292","strong",0.6,0,NA,"SSL",0,0,200,20
"scenarioA","X_293","strong",0.6,0,NA,"SSL",0,0,200,20
"scenarioA","X_294","strong",0.6,0,NA,"SSL",0,0,200,20
"scenarioA","X_295","strong",0.6,0,NA,"SSL",0,0,200,20
"scenarioA","X_296","strong",0.6,0,NA,"SSL",0,0,200,20
"scenarioA","X_297","strong",0.6,0,NA,"SSL",0,0,200,20
"scenarioA","X_298","strong",0.6,0,NA,"SSL",0,0,200,20
"scenarioA","X_299","strong",0.6,0,NA,"SSL",0,0,200,20
"scenarioA","X_300","strong",0.6,0,NA,"SSL",0,0,200,20
"scenarioA","X_1","strong",0.6,0.4,0.361163768540336,"LASSO",0,-0.4,200,20
"scenarioA","X_2","strong",0.6,-0.5,-0.529178876517011,"LASSO",0,0.5,200,20
"scenarioA","X_3","weak",0.3,0.6,0.605373820290868,"LASSO",0.194892301759701,-0.405107698240299,200,20
"scenarioA","X_4","weak",0.3,0.75,0.89742790518996,"LASSO",0.485934264700305,-0.264065735299695,200,20
"scenarioA","X_5","indep",0,-0.8,-1.00388615962317,"LASSO",-0.4709387588098,0.3290612411902,200,20
"scenarioA","X_6","indep",0,0,NA,"LASSO",0,0,200,20
"scenarioA","X_7","indep",0,0,NA,"LASSO",0,0,200,20
"scenarioA","X_8","indep",0,0,NA,"LASSO",0,0,200,20
"scenarioA","X_9","indep",0,0,NA,"LASSO",0,0,200,20
"scenarioA","X_10","indep",0,0,NA,"LASSO",0,0,200,20
"scenarioA","X_11","indep",0,0,NA,"LASSO",0,0,200,20
"scenarioA","X_12","indep",0,0,NA,"LASSO",0,0,200,20
"scenarioA","X_13","indep",0,0,NA,"LASSO",0,0,200,20
"scenarioA","X_14","indep",0,0,NA,"LASSO",0,0,200,20
"scenarioA","X_15","indep",0,0,NA,"LASSO",0,0,200,20
"scenarioA","X_16","indep",0,0,NA,"LASSO",0,0,200,20
"scenarioA","X_17","indep",0,0,NA,"LASSO",0,0,200,20
"scenarioA","X_18","indep",0,0,NA,"LASSO",0,0,200,20
"scenarioA","X_19","indep",0,0,NA,"LASSO",0,0,200,20
"scenarioA","X_20","indep",0,0,NA,"LASSO",0,0,200,20
"scenarioA","X_21","indep",0,0,NA,"LASSO",0,0,200,20
"scenarioA","X_22","indep",0,0,NA,"LASSO",0,0,200,20
"scenarioA","X_23","indep",0,0,NA,"LASSO",0,0,200,20
"scenarioA","X_24","indep",0,0,NA,"LASSO",0,0,200,20
"scenarioA","X_25","indep",0,0,NA,"LASSO",0,0,200,20
"scenarioA","X_26","indep",0,0,NA,"LASSO",0,0,200,20
"scenarioA","X_27","indep",0,0,NA,"LASSO",0,0,200,20
"scenarioA","X_28","indep",0,0,NA,"LASSO",0,0,200,20
"scenarioA","X_29","indep",0,0,NA,"LASSO",0,0,200,20
"scenarioA","X_30","indep",0,0,NA,"LASSO",0,0,200,20
"scenarioA","X_31","indep",0,0,NA,"LASSO",0,0,200,20
"scenarioA","X_32","indep",0,0,NA,"LASSO",0,0,200,20
"scenarioA","X_33","indep",0,0,NA,"LASSO",0,0,200,20
"scenarioA","X_34","indep",0,0,NA,"LASSO",0,0,200,20
"scenarioA","X_35","indep",0,0,NA,"LASSO",0,0,200,20
"scenarioA","X_36","indep",0,0,NA,"LASSO",0,0,200,20
"scenarioA","X_37","indep",0,0,NA,"LASSO",0,0,200,20
"scenarioA","X_38","indep",0,0,NA,"LASSO",0,0,200,20
"scenarioA","X_39","indep",0,0,NA,"LASSO",0,0,200,20
"scenarioA","X_40","indep",0,0,NA,"LASSO",0,0,200,20
"scenarioA","X_41","indep",0,0,NA,"LASSO",0,0,200,20
"scenarioA","X_42","indep",0,0,NA,"LASSO",0,0,200,20
"scenarioA","X_43","indep",0,0,NA,"LASSO",0,0,200,20
"scenarioA","X_44","indep",0,0,NA,"LASSO",0,0,200,20
"scenarioA","X_45","indep",0,0,NA,"LASSO",0,0,200,20
"scenarioA","X_46","indep",0,0,NA,"LASSO",0,0,200,20
"scenarioA","X_47","indep",0,0,NA,"LASSO",0,0,200,20
"scenarioA","X_48","indep",0,0,NA,"LASSO",0,0,200,20
"scenarioA","X_49","indep",0,0,NA,"LASSO",0,0,200,20
"scenarioA","X_50","indep",0,0,NA,"LASSO",0,0,200,20
"scenarioA","X_51","indep",0,0,NA,"LASSO",0,0,200,20
"scenarioA","X_52","indep",0,0,NA,"LASSO",0,0,200,20
"scenarioA","X_53","indep",0,0,NA,"LASSO",0,0,200,20
"scenarioA","X_54","indep",0,0,NA,"LASSO",0,0,200,20
"scenarioA","X_55","indep",0,0,NA,"LASSO",0,0,200,20
"scenarioA","X_56","indep",0,0,NA,"LASSO",0,0,200,20
"scenarioA","X_57","indep",0,0,NA,"LASSO",0,0,200,20
"scenarioA","X_58","indep",0,0,NA,"LASSO",0,0,200,20
"scenarioA","X_59","indep",0,0,NA,"LASSO",0,0,200,20
"scenarioA","X_60","indep",0,0,NA,"LASSO",0,0,200,20
"scenarioA","X_61","indep",0,0,NA,"LASSO",0,0,200,20
"scenarioA","X_62","indep",0,0,NA,"LASSO",0,0,200,20
"scenarioA","X_63","indep",0,0,NA,"LASSO",0,0,200,20
"scenarioA","X_64","indep",0,0,NA,"LASSO",0,0,200,20
"scenarioA","X_65","indep",0,0,NA,"LASSO",0,0,200,20
"scenarioA","X_66","indep",0,0,NA,"LASSO",0,0,200,20
"scenarioA","X_67","indep",0,0,NA,"LASSO",0,0,200,20
"scenarioA","X_68","indep",0,0,NA,"LASSO",0,0,200,20
"scenarioA","X_69","indep",0,0,NA,"LASSO",0,0,200,20
"scenarioA","X_70","indep",0,0,NA,"LASSO",0,0,200,20
"scenarioA","X_71","indep",0,0,NA,"LASSO",0,0,200,20
"scenarioA","X_72","indep",0,0,NA,"LASSO",0,0,200,20
"scenarioA","X_73","indep",0,0,NA,"LASSO",0,0,200,20
"scenarioA","X_74","indep",0,0,NA,"LASSO",0,0,200,20
"scenarioA","X_75","indep",0,0,NA,"LASSO",0,0,200,20
"scenarioA","X_76","indep",0,0,NA,"LASSO",0,0,200,20
"scenarioA","X_77","indep",0,0,NA,"LASSO",0,0,200,20
"scenarioA","X_78","indep",0,0,NA,"LASSO",0,0,200,20
"scenarioA","X_79","indep",0,0,NA,"LASSO",0,0,200,20
"scenarioA","X_80","indep",0,0,NA,"LASSO",0,0,200,20
"scenarioA","X_81","indep",0,0,NA,"LASSO",0,0,200,20
"scenarioA","X_82","indep",0,0,NA,"LASSO",0,0,200,20
"scenarioA","X_83","indep",0,0,NA,"LASSO",0,0,200,20
"scenarioA","X_84","indep",0,0,NA,"LASSO",0,0,200,20
"scenarioA","X_85","indep",0,0,NA,"LASSO",0,0,200,20
"scenarioA","X_86","indep",0,0,NA,"LASSO",0,0,200,20
"scenarioA","X_87","indep",0,0,NA,"LASSO",0,0,200,20
"scenarioA","X_88","indep",0,0,NA,"LASSO",0,0,200,20
"scenarioA","X_89","indep",0,0,NA,"LASSO",0,0,200,20
"scenarioA","X_90","indep",0,0,NA,"LASSO",0,0,200,20
"scenarioA","X_91","indep",0,0,NA,"LASSO",0,0,200,20
"scenarioA","X_92","indep",0,0,NA,"LASSO",0,0,200,20
"scenarioA","X_93","indep",0,0,NA,"LASSO",0,0,200,20
"scenarioA","X_94","indep",0,0,NA,"LASSO",0,0,200,20
"scenarioA","X_95","indep",0,0,NA,"LASSO",0,0,200,20
"scenarioA","X_96","indep",0,0,NA,"LASSO",0,0,200,20
"scenarioA","X_97","indep",0,0,NA,"LASSO",0,0,200,20
"scenarioA","X_98","indep",0,0,NA,"LASSO",0,0,200,20
"scenarioA","X_99","indep",0,0,NA,"LASSO",0,0,200,20
"scenarioA","X_100","indep",0,0,NA,"LASSO",0,0,200,20
"scenarioA","X_101","indep",0,0,NA,"LASSO",0,0,200,20
"scenarioA","X_102","indep",0,0,NA,"LASSO",0,0,200,20
"scenarioA","X_103","indep",0,0,NA,"LASSO",0,0,200,20
"scenarioA","X_104","indep",0,0,NA,"LASSO",0,0,200,20
"scenarioA","X_105","indep",0,0,NA,"LASSO",0,0,200,20
"scenarioA","X_106","indep",0,0,NA,"LASSO",0,0,200,20
"scenarioA","X_107","indep",0,0,NA,"LASSO",0,0,200,20
"scenarioA","X_108","indep",0,0,NA,"LASSO",0,0,200,20
"scenarioA","X_109","indep",0,0,NA,"LASSO",0,0,200,20
"scenarioA","X_110","indep",0,0,NA,"LASSO",0,0,200,20
"scenarioA","X_111","indep",0,0,NA,"LASSO",0,0,200,20
"scenarioA","X_112","indep",0,0,NA,"LASSO",0,0,200,20
"scenarioA","X_113","indep",0,0,NA,"LASSO",0,0,200,20
"scenarioA","X_114","indep",0,0,NA,"LASSO",0,0,200,20
"scenarioA","X_115","indep",0,0,NA,"LASSO",0,0,200,20
"scenarioA","X_116","indep",0,0,NA,"LASSO",0,0,200,20
"scenarioA","X_117","indep",0,0,NA,"LASSO",0,0,200,20
"scenarioA","X_118","indep",0,0,NA,"LASSO",0,0,200,20
"scenarioA","X_119","indep",0,0,NA,"LASSO",0,0,200,20
"scenarioA","X_120","indep",0,0,NA,"LASSO",0,0,200,20
"scenarioA","X_121","indep",0,0,NA,"LASSO",0,0,200,20
"scenarioA","X_122","indep",0,0,NA,"LASSO",0,0,200,20
"scenarioA","X_123","indep",0,0,NA,"LASSO",0,0,200,20
"scenarioA","X_124","indep",0,0,NA,"LASSO",0,0,200,20
"scenarioA","X_125","indep",0,0,NA,"LASSO",0,0,200,20
"scenarioA","X_126","indep",0,0,NA,"LASSO",0,0,200,20
"scenarioA","X_127","indep",0,0,NA,"LASSO",0,0,200,20
"scenarioA","X_128","indep",0,0,NA,"LASSO",0,0,200,20
"scenarioA","X_129","indep",0,0,NA,"LASSO",0,0,200,20
"scenarioA","X_130","indep",0,0,NA,"LASSO",0,0,200,20
"scenarioA","X_131","indep",0,0,NA,"LASSO",0,0,200,20
"scenarioA","X_132","indep",0,0,NA,"LASSO",0,0,200,20
"scenarioA","X_133","indep",0,0,NA,"LASSO",0,0,200,20
"scenarioA","X_134","indep",0,0,NA,"LASSO",0,0,200,20
"scenarioA","X_135","indep",0,0,NA,"LASSO",0,0,200,20
"scenarioA","X_136","indep",0,0,NA,"LASSO",0,0,200,20
"scenarioA","X_137","indep",0,0,NA,"LASSO",0,0,200,20
"scenarioA","X_138","indep",0,0,NA,"LASSO",0,0,200,20
"scenarioA","X_139","indep",0,0,NA,"LASSO",0,0,200,20
"scenarioA","X_140","indep",0,0,NA,"LASSO",0,0,200,20
"scenarioA","X_141","indep",0,0,NA,"LASSO",0,0,200,20
"scenarioA","X_142","indep",0,0,NA,"LASSO",0,0,200,20
"scenarioA","X_143","indep",0,0,NA,"LASSO",0,0,200,20
"scenarioA","X_144","indep",0,0,NA,"LASSO",0,0,200,20
"scenarioA","X_145","indep",0,0,NA,"LASSO",0,0,200,20
"scenarioA","X_146","indep",0,0,NA,"LASSO",0,0,200,20
"scenarioA","X_147","indep",0,0,NA,"LASSO",0,0,200,20
"scenarioA","X_148","indep",0,0,NA,"LASSO",0,0,200,20
"scenarioA","X_149","indep",0,0,NA,"LASSO",0,0,200,20
"scenarioA","X_150","indep",0,0,NA,"LASSO",0,0,200,20
"scenarioA","X_151","indep",0,0,NA,"LASSO",0,0,200,20
"scenarioA","X_152","indep",0,0,NA,"LASSO",0,0,200,20
"scenarioA","X_153","indep",0,0,NA,"LASSO",0,0,200,20
"scenarioA","X_154","indep",0,0,NA,"LASSO",0,0,200,20
"scenarioA","X_155","weak",0.3,0,NA,"LASSO",0,0,200,20
"scenarioA","X_156","weak",0.3,0,NA,"LASSO",0,0,200,20
"scenarioA","X_157","weak",0.3,0,NA,"LASSO",0,0,200,20
"scenarioA","X_158","weak",0.3,0,NA,"LASSO",0,0,200,20
"scenarioA","X_159","weak",0.3,0,NA,"LASSO",0,0,200,20
"scenarioA","X_160","weak",0.3,0,NA,"LASSO",0,0,200,20
"scenarioA","X_161","weak",0.3,0,NA,"LASSO",0,0,200,20
"scenarioA","X_162","weak",0.3,0,NA,"LASSO",0,0,200,20
"scenarioA","X_163","weak",0.3,0,NA,"LASSO",0,0,200,20
"scenarioA","X_164","weak",0.3,0,NA,"LASSO",0,0,200,20
"scenarioA","X_165","weak",0.3,0,NA,"LASSO",0,0,200,20
"scenarioA","X_166","weak",0.3,0,NA,"LASSO",0,0,200,20
"scenarioA","X_167","weak",0.3,0,NA,"LASSO",0,0,200,20
"scenarioA","X_168","weak",0.3,0,NA,"LASSO",0,0,200,20
"scenarioA","X_169","weak",0.3,0,NA,"LASSO",0,0,200,20
"scenarioA","X_170","weak",0.3,0,NA,"LASSO",0,0,200,20
"scenarioA","X_171","weak",0.3,0,NA,"LASSO",0,0,200,20
"scenarioA","X_172","weak",0.3,0,NA,"LASSO",0,0,200,20
"scenarioA","X_173","weak",0.3,0,NA,"LASSO",0,0,200,20
"scenarioA","X_174","weak",0.3,0,NA,"LASSO",0,0,200,20
"scenarioA","X_175","weak",0.3,0,NA,"LASSO",0,0,200,20
"scenarioA","X_176","weak",0.3,0,NA,"LASSO",0,0,200,20
"scenarioA","X_177","weak",0.3,0,NA,"LASSO",0,0,200,20
"scenarioA","X_178","weak",0.3,0,NA,"LASSO",0,0,200,20
"scenarioA","X_179","weak",0.3,0,NA,"LASSO",0,0,200,20
"scenarioA","X_180","weak",0.3,0,NA,"LASSO",0,0,200,20
"scenarioA","X_181","weak",0.3,0,NA,"LASSO",0,0,200,20
"scenarioA","X_182","weak",0.3,0,NA,"LASSO",0,0,200,20
"scenarioA","X_183","weak",0.3,0,NA,"LASSO",0,0,200,20
"scenarioA","X_184","weak",0.3,0,NA,"LASSO",0,0,200,20
"scenarioA","X_185","weak",0.3,0,NA,"LASSO",0,0,200,20
"scenarioA","X_186","weak",0.3,0,NA,"LASSO",0,0,200,20
"scenarioA","X_187","weak",0.3,0,NA,"LASSO",0,0,200,20
"scenarioA","X_188","weak",0.3,0,NA,"LASSO",0,0,200,20
"scenarioA","X_189","weak",0.3,0,NA,"LASSO",0,0,200,20
"scenarioA","X_190","weak",0.3,0,NA,"LASSO",0,0,200,20
"scenarioA","X_191","weak",0.3,0,NA,"LASSO",0,0,200,20
"scenarioA","X_192","weak",0.3,0,NA,"LASSO",0,0,200,20
"scenarioA","X_193","weak",0.3,0,NA,"LASSO",0,0,200,20
"scenarioA","X_194","weak",0.3,0,NA,"LASSO",0,0,200,20
"scenarioA","X_195","weak",0.3,0,NA,"LASSO",0,0,200,20
"scenarioA","X_196","weak",0.3,0,NA,"LASSO",0,0,200,20
"scenarioA","X_197","weak",0.3,0,NA,"LASSO",0,0,200,20
"scenarioA","X_198","weak",0.3,0,NA,"LASSO",0,0,200,20
"scenarioA","X_199","weak",0.3,0,NA,"LASSO",0,0,200,20
"scenarioA","X_200","weak",0.3,0,NA,"LASSO",0,0,200,20
"scenarioA","X_201","weak",0.3,0,NA,"LASSO",0,0,200,20
"scenarioA","X_202","weak",0.3,0,NA,"LASSO",0,0,200,20
"scenarioA","X_203","weak",0.3,0,NA,"LASSO",0,0,200,20
"scenarioA","X_204","weak",0.3,0,NA,"LASSO",0,0,200,20
"scenarioA","X_205","weak",0.3,0,NA,"LASSO",0,0,200,20
"scenarioA","X_206","weak",0.3,0,NA,"LASSO",0,0,200,20
"scenarioA","X_207","weak",0.3,0,NA,"LASSO",0,0,200,20
"scenarioA","X_208","weak",0.3,0,NA,"LASSO",0,0,200,20
"scenarioA","X_209","weak",0.3,0,NA,"LASSO",0,0,200,20
"scenarioA","X_210","weak",0.3,0,NA,"LASSO",0,0,200,20
"scenarioA","X_211","weak",0.3,0,NA,"LASSO",0,0,200,20
"scenarioA","X_212","weak",0.3,0,NA,"LASSO",0,0,200,20
"scenarioA","X_213","weak",0.3,0,NA,"LASSO",0,0,200,20
"scenarioA","X_214","weak",0.3,0,NA,"LASSO",0,0,200,20
"scenarioA","X_215","weak",0.3,0,NA,"LASSO",0,0,200,20
"scenarioA","X_216","weak",0.3,0,NA,"LASSO",0,0,200,20
"scenarioA","X_217","weak",0.3,0,NA,"LASSO",0,0,200,20
"scenarioA","X_218","weak",0.3,0,NA,"LASSO",0,0,200,20
"scenarioA","X_219","weak",0.3,0,NA,"LASSO",0,0,200,20
"scenarioA","X_220","weak",0.3,0,NA,"LASSO",0,0,200,20
"scenarioA","X_221","weak",0.3,0,NA,"LASSO",0,0,200,20
"scenarioA","X_222","weak",0.3,0,NA,"LASSO",0,0,200,20
"scenarioA","X_223","weak",0.3,0,NA,"LASSO",0,0,200,20
"scenarioA","X_224","weak",0.3,0,NA,"LASSO",0,0,200,20
"scenarioA","X_225","weak",0.3,0,NA,"LASSO",0,0,200,20
"scenarioA","X_226","weak",0.3,0,NA,"LASSO",0,0,200,20
"scenarioA","X_227","weak",0.3,0,NA,"LASSO",0,0,200,20
"scenarioA","X_228","strong",0.6,0,NA,"LASSO",0,0,200,20
"scenarioA","X_229","strong",0.6,0,NA,"LASSO",0,0,200,20
"scenarioA","X_230","strong",0.6,0,NA,"LASSO",0,0,200,20
"scenarioA","X_231","strong",0.6,0,NA,"LASSO",0,0,200,20
"scenarioA","X_232","strong",0.6,0,NA,"LASSO",0,0,200,20
"scenarioA","X_233","strong",0.6,0,NA,"LASSO",0,0,200,20
"scenarioA","X_234","strong",0.6,0,NA,"LASSO",0,0,200,20
"scenarioA","X_235","strong",0.6,0,NA,"LASSO",0,0,200,20
"scenarioA","X_236","strong",0.6,0,NA,"LASSO",0,0,200,20
"scenarioA","X_237","strong",0.6,0,NA,"LASSO",0,0,200,20
"scenarioA","X_238","strong",0.6,0,NA,"LASSO",0,0,200,20
"scenarioA","X_239","strong",0.6,0,NA,"LASSO",0,0,200,20
"scenarioA","X_240","strong",0.6,0,NA,"LASSO",0,0,200,20
"scenarioA","X_241","strong",0.6,0,NA,"LASSO",0,0,200,20
"scenarioA","X_242","strong",0.6,0,NA,"LASSO",0,0,200,20
"scenarioA","X_243","strong",0.6,0,NA,"LASSO",0,0,200,20
"scenarioA","X_244","strong",0.6,0,NA,"LASSO",0,0,200,20
"scenarioA","X_245","strong",0.6,0,NA,"LASSO",0,0,200,20
"scenarioA","X_246","strong",0.6,0,NA,"LASSO",0,0,200,20
"scenarioA","X_247","strong",0.6,0,NA,"LASSO",0,0,200,20
"scenarioA","X_248","strong",0.6,0,NA,"LASSO",0,0,200,20
"scenarioA","X_249","strong",0.6,0,NA,"LASSO",0,0,200,20
"scenarioA","X_250","strong",0.6,0,NA,"LASSO",0,0,200,20
"scenarioA","X_251","strong",0.6,0,NA,"LASSO",0,0,200,20
"scenarioA","X_252","strong",0.6,0,NA,"LASSO",0,0,200,20
"scenarioA","X_253","strong",0.6,0,NA,"LASSO",0,0,200,20
"scenarioA","X_254","strong",0.6,0,NA,"LASSO",0,0,200,20
"scenarioA","X_255","strong",0.6,0,NA,"LASSO",0,0,200,20
"scenarioA","X_256","strong",0.6,0,NA,"LASSO",0,0,200,20
"scenarioA","X_257","strong",0.6,0,NA,"LASSO",0,0,200,20
"scenarioA","X_258","strong",0.6,0,NA,"LASSO",0,0,200,20
"scenarioA","X_259","strong",0.6,0,NA,"LASSO",0,0,200,20
"scenarioA","X_260","strong",0.6,0,NA,"LASSO",0,0,200,20
"scenarioA","X_261","strong",0.6,0,NA,"LASSO",0,0,200,20
"scenarioA","X_262","strong",0.6,0,NA,"LASSO",0,0,200,20
"scenarioA","X_263","strong",0.6,0,NA,"LASSO",0,0,200,20
"scenarioA","X_264","strong",0.6,0,NA,"LASSO",0,0,200,20
"scenarioA","X_265","strong",0.6,0,NA,"LASSO",0,0,200,20
"scenarioA","X_266","strong",0.6,0,NA,"LASSO",0,0,200,20
"scenarioA","X_267","strong",0.6,0,NA,"LASSO",0,0,200,20
"scenarioA","X_268","strong",0.6,0,NA,"LASSO",0,0,200,20
"scenarioA","X_269","strong",0.6,0,NA,"LASSO",0,0,200,20
"scenarioA","X_270","strong",0.6,0,NA,"LASSO",0,0,200,20
"scenarioA","X_271","strong",0.6,0,NA,"LASSO",0,0,200,20
"scenarioA","X_272","strong",0.6,0,NA,"LASSO",0,0,200,20
"scenarioA","X_273","strong",0.6,0,NA,"LASSO",0,0,200,20
"scenarioA","X_274","strong",0.6,0,NA,"LASSO",0,0,200,20
"scenarioA","X_275","strong",0.6,0,NA,"LASSO",0,0,200,20
"scenarioA","X_276","strong",0.6,0,NA,"LASSO",0,0,200,20
"scenarioA","X_277","strong",0.6,0,NA,"LASSO",0,0,200,20
"scenarioA","X_278","strong",0.6,0,NA,"LASSO",0,0,200,20
"scenarioA","X_279","strong",0.6,0,NA,"LASSO",0,0,200,20
"scenarioA","X_280","strong",0.6,0,NA,"LASSO",0,0,200,20
"scenarioA","X_281","strong",0.6,0,NA,"LASSO",0,0,200,20
"scenarioA","X_282","strong",0.6,0,NA,"LASSO",0,0,200,20
"scenarioA","X_283","strong",0.6,0,NA,"LASSO",0,0,200,20
"scenarioA","X_284","strong",0.6,0,NA,"LASSO",0,0,200,20
"scenarioA","X_285","strong",0.6,0,NA,"LASSO",0,0,200,20
"scenarioA","X_286","strong",0.6,0,NA,"LASSO",0,0,200,20
"scenarioA","X_287","strong",0.6,0,NA,"LASSO",0,0,200,20
"scenarioA","X_288","strong",0.6,0,NA,"LASSO",0,0,200,20
"scenarioA","X_289","strong",0.6,0,NA,"LASSO",0,0,200,20
"scenarioA","X_290","strong",0.6,0,NA,"LASSO",0,0,200,20
"scenarioA","X_291","strong",0.6,0,NA,"LASSO",0,0,200,20
"scenarioA","X_292","strong",0.6,0,NA,"LASSO",0,0,200,20
"scenarioA","X_293","strong",0.6,0,NA,"LASSO",0,0,200,20
"scenarioA","X_294","strong",0.6,0,NA,"LASSO",0,0,200,20
"scenarioA","X_295","strong",0.6,0,NA,"LASSO",0,0,200,20
"scenarioA","X_296","strong",0.6,0,NA,"LASSO",0,0,200,20
"scenarioA","X_297","strong",0.6,0,NA,"LASSO",0,0,200,20
"scenarioA","X_298","strong",0.6,0,NA,"LASSO",0,0,200,20
"scenarioA","X_299","strong",0.6,0,NA,"LASSO",0,0,200,20
"scenarioA","X_300","strong",0.6,0,NA,"LASSO",0,0,200,20
"scenarioA","X_1","strong",0.6,0.4,0.497581285996625,"SSL",0,-0.4,200,21
"scenarioA","X_2","strong",0.6,-0.5,-0.431350831184223,"SSL",0,0.5,200,21
"scenarioA","X_3","weak",0.3,0.6,0.468064499042304,"SSL",0.375267293190628,-0.224732706809372,200,21
"scenarioA","X_4","weak",0.3,0.75,0.918185567363361,"SSL",0.824336280230196,0.074336280230196,200,21
"scenarioA","X_5","indep",0,-0.8,-0.792683480303825,"SSL",-0.54534847943324,0.25465152056676,200,21
"scenarioA","X_6","indep",0,0,NA,"SSL",0.177056988586731,0.177056988586731,200,21
"scenarioA","X_7","indep",0,0,NA,"SSL",0,0,200,21
"scenarioA","X_8","indep",0,0,NA,"SSL",0,0,200,21
"scenarioA","X_9","indep",0,0,NA,"SSL",0,0,200,21
"scenarioA","X_10","indep",0,0,NA,"SSL",0,0,200,21
"scenarioA","X_11","indep",0,0,NA,"SSL",0,0,200,21
"scenarioA","X_12","indep",0,0,NA,"SSL",0,0,200,21
"scenarioA","X_13","indep",0,0,NA,"SSL",0,0,200,21
"scenarioA","X_14","indep",0,0,NA,"SSL",0,0,200,21
"scenarioA","X_15","indep",0,0,NA,"SSL",0,0,200,21
"scenarioA","X_16","indep",0,0,NA,"SSL",0,0,200,21
"scenarioA","X_17","indep",0,0,NA,"SSL",0,0,200,21
"scenarioA","X_18","indep",0,0,NA,"SSL",0,0,200,21
"scenarioA","X_19","indep",0,0,NA,"SSL",0,0,200,21
"scenarioA","X_20","indep",0,0,NA,"SSL",0,0,200,21
"scenarioA","X_21","indep",0,0,NA,"SSL",0,0,200,21
"scenarioA","X_22","indep",0,0,NA,"SSL",0,0,200,21
"scenarioA","X_23","indep",0,0,NA,"SSL",0,0,200,21
"scenarioA","X_24","indep",0,0,NA,"SSL",0,0,200,21
"scenarioA","X_25","indep",0,0,NA,"SSL",0,0,200,21
"scenarioA","X_26","indep",0,0,NA,"SSL",0,0,200,21
"scenarioA","X_27","indep",0,0,NA,"SSL",0,0,200,21
"scenarioA","X_28","indep",0,0,NA,"SSL",0,0,200,21
"scenarioA","X_29","indep",0,0,NA,"SSL",0,0,200,21
"scenarioA","X_30","indep",0,0,NA,"SSL",0,0,200,21
"scenarioA","X_31","indep",0,0,NA,"SSL",0,0,200,21
"scenarioA","X_32","indep",0,0,NA,"SSL",0,0,200,21
"scenarioA","X_33","indep",0,0,NA,"SSL",0,0,200,21
"scenarioA","X_34","indep",0,0,NA,"SSL",0,0,200,21
"scenarioA","X_35","indep",0,0,NA,"SSL",0,0,200,21
"scenarioA","X_36","indep",0,0,NA,"SSL",0,0,200,21
"scenarioA","X_37","indep",0,0,NA,"SSL",0,0,200,21
"scenarioA","X_38","indep",0,0,NA,"SSL",0,0,200,21
"scenarioA","X_39","indep",0,0,NA,"SSL",0,0,200,21
"scenarioA","X_40","indep",0,0,NA,"SSL",0,0,200,21
"scenarioA","X_41","indep",0,0,NA,"SSL",0,0,200,21
"scenarioA","X_42","indep",0,0,NA,"SSL",0,0,200,21
"scenarioA","X_43","indep",0,0,NA,"SSL",0,0,200,21
"scenarioA","X_44","indep",0,0,NA,"SSL",0,0,200,21
"scenarioA","X_45","indep",0,0,NA,"SSL",0,0,200,21
"scenarioA","X_46","indep",0,0,NA,"SSL",0,0,200,21
"scenarioA","X_47","indep",0,0,NA,"SSL",0,0,200,21
"scenarioA","X_48","indep",0,0,NA,"SSL",0,0,200,21
"scenarioA","X_49","indep",0,0,NA,"SSL",0,0,200,21
"scenarioA","X_50","indep",0,0,NA,"SSL",0,0,200,21
"scenarioA","X_51","indep",0,0,NA,"SSL",0,0,200,21
"scenarioA","X_52","indep",0,0,NA,"SSL",0,0,200,21
"scenarioA","X_53","indep",0,0,NA,"SSL",0,0,200,21
"scenarioA","X_54","indep",0,0,NA,"SSL",0,0,200,21
"scenarioA","X_55","indep",0,0,NA,"SSL",0,0,200,21
"scenarioA","X_56","indep",0,0,NA,"SSL",0,0,200,21
"scenarioA","X_57","indep",0,0,NA,"SSL",0,0,200,21
"scenarioA","X_58","indep",0,0,NA,"SSL",0,0,200,21
"scenarioA","X_59","indep",0,0,NA,"SSL",0,0,200,21
"scenarioA","X_60","indep",0,0,NA,"SSL",0,0,200,21
"scenarioA","X_61","indep",0,0,NA,"SSL",0,0,200,21
"scenarioA","X_62","indep",0,0,NA,"SSL",0,0,200,21
"scenarioA","X_63","indep",0,0,NA,"SSL",0,0,200,21
"scenarioA","X_64","indep",0,0,NA,"SSL",0,0,200,21
"scenarioA","X_65","indep",0,0,NA,"SSL",0,0,200,21
"scenarioA","X_66","indep",0,0,NA,"SSL",0,0,200,21
"scenarioA","X_67","indep",0,0,NA,"SSL",0,0,200,21
"scenarioA","X_68","indep",0,0,NA,"SSL",0,0,200,21
"scenarioA","X_69","indep",0,0,NA,"SSL",0,0,200,21
"scenarioA","X_70","indep",0,0,NA,"SSL",0,0,200,21
"scenarioA","X_71","indep",0,0,NA,"SSL",0,0,200,21
"scenarioA","X_72","indep",0,0,NA,"SSL",0,0,200,21
"scenarioA","X_73","indep",0,0,NA,"SSL",0,0,200,21
"scenarioA","X_74","indep",0,0,NA,"SSL",0,0,200,21
"scenarioA","X_75","indep",0,0,NA,"SSL",0,0,200,21
"scenarioA","X_76","indep",0,0,NA,"SSL",0,0,200,21
"scenarioA","X_77","indep",0,0,NA,"SSL",0,0,200,21
"scenarioA","X_78","indep",0,0,NA,"SSL",0,0,200,21
"scenarioA","X_79","indep",0,0,NA,"SSL",0,0,200,21
"scenarioA","X_80","indep",0,0,NA,"SSL",0,0,200,21
"scenarioA","X_81","indep",0,0,NA,"SSL",0,0,200,21
"scenarioA","X_82","indep",0,0,NA,"SSL",0,0,200,21
"scenarioA","X_83","indep",0,0,NA,"SSL",0,0,200,21
"scenarioA","X_84","indep",0,0,NA,"SSL",0,0,200,21
"scenarioA","X_85","indep",0,0,NA,"SSL",0,0,200,21
"scenarioA","X_86","indep",0,0,NA,"SSL",0,0,200,21
"scenarioA","X_87","indep",0,0,NA,"SSL",0,0,200,21
"scenarioA","X_88","indep",0,0,NA,"SSL",0,0,200,21
"scenarioA","X_89","indep",0,0,NA,"SSL",0.304402084130641,0.304402084130641,200,21
"scenarioA","X_90","indep",0,0,NA,"SSL",0,0,200,21
"scenarioA","X_91","indep",0,0,NA,"SSL",0,0,200,21
"scenarioA","X_92","indep",0,0,NA,"SSL",0,0,200,21
"scenarioA","X_93","indep",0,0,NA,"SSL",0,0,200,21
"scenarioA","X_94","indep",0,0,NA,"SSL",0,0,200,21
"scenarioA","X_95","indep",0,0,NA,"SSL",0,0,200,21
"scenarioA","X_96","indep",0,0,NA,"SSL",0,0,200,21
"scenarioA","X_97","indep",0,0,NA,"SSL",0,0,200,21
"scenarioA","X_98","indep",0,0,NA,"SSL",0,0,200,21
"scenarioA","X_99","indep",0,0,NA,"SSL",0,0,200,21
"scenarioA","X_100","indep",0,0,NA,"SSL",0,0,200,21
"scenarioA","X_101","indep",0,0,NA,"SSL",0,0,200,21
"scenarioA","X_102","indep",0,0,NA,"SSL",0,0,200,21
"scenarioA","X_103","indep",0,0,NA,"SSL",0,0,200,21
"scenarioA","X_104","indep",0,0,NA,"SSL",0,0,200,21
"scenarioA","X_105","indep",0,0,NA,"SSL",0,0,200,21
"scenarioA","X_106","indep",0,0,NA,"SSL",0,0,200,21
"scenarioA","X_107","indep",0,0,NA,"SSL",0,0,200,21
"scenarioA","X_108","indep",0,0,NA,"SSL",0,0,200,21
"scenarioA","X_109","indep",0,0,NA,"SSL",0,0,200,21
"scenarioA","X_110","indep",0,0,NA,"SSL",0,0,200,21
"scenarioA","X_111","indep",0,0,NA,"SSL",0,0,200,21
"scenarioA","X_112","indep",0,0,NA,"SSL",0,0,200,21
"scenarioA","X_113","indep",0,0,NA,"SSL",0,0,200,21
"scenarioA","X_114","indep",0,0,NA,"SSL",0,0,200,21
"scenarioA","X_115","indep",0,0,NA,"SSL",0,0,200,21
"scenarioA","X_116","indep",0,0,NA,"SSL",0,0,200,21
"scenarioA","X_117","indep",0,0,NA,"SSL",0,0,200,21
"scenarioA","X_118","indep",0,0,NA,"SSL",0,0,200,21
"scenarioA","X_119","indep",0,0,NA,"SSL",0,0,200,21
"scenarioA","X_120","indep",0,0,NA,"SSL",0,0,200,21
"scenarioA","X_121","indep",0,0,NA,"SSL",0,0,200,21
"scenarioA","X_122","indep",0,0,NA,"SSL",0,0,200,21
"scenarioA","X_123","indep",0,0,NA,"SSL",0,0,200,21
"scenarioA","X_124","indep",0,0,NA,"SSL",0,0,200,21
"scenarioA","X_125","indep",0,0,NA,"SSL",0,0,200,21
"scenarioA","X_126","indep",0,0,NA,"SSL",0,0,200,21
"scenarioA","X_127","indep",0,0,NA,"SSL",0,0,200,21
"scenarioA","X_128","indep",0,0,NA,"SSL",0,0,200,21
"scenarioA","X_129","indep",0,0,NA,"SSL",0,0,200,21
"scenarioA","X_130","indep",0,0,NA,"SSL",0,0,200,21
"scenarioA","X_131","indep",0,0,NA,"SSL",0,0,200,21
"scenarioA","X_132","indep",0,0,NA,"SSL",0,0,200,21
"scenarioA","X_133","indep",0,0,NA,"SSL",0,0,200,21
"scenarioA","X_134","indep",0,0,NA,"SSL",0,0,200,21
"scenarioA","X_135","indep",0,0,NA,"SSL",0,0,200,21
"scenarioA","X_136","indep",0,0,NA,"SSL",-0.213498198377936,-0.213498198377936,200,21
"scenarioA","X_137","indep",0,0,NA,"SSL",0,0,200,21
"scenarioA","X_138","indep",0,0,NA,"SSL",0,0,200,21
"scenarioA","X_139","indep",0,0,NA,"SSL",0,0,200,21
"scenarioA","X_140","indep",0,0,NA,"SSL",0,0,200,21
"scenarioA","X_141","indep",0,0,NA,"SSL",0,0,200,21
"scenarioA","X_142","indep",0,0,NA,"SSL",0,0,200,21
"scenarioA","X_143","indep",0,0,NA,"SSL",0,0,200,21
"scenarioA","X_144","indep",0,0,NA,"SSL",0,0,200,21
"scenarioA","X_145","indep",0,0,NA,"SSL",0,0,200,21
"scenarioA","X_146","indep",0,0,NA,"SSL",0,0,200,21
"scenarioA","X_147","indep",0,0,NA,"SSL",0,0,200,21
"scenarioA","X_148","indep",0,0,NA,"SSL",0,0,200,21
"scenarioA","X_149","indep",0,0,NA,"SSL",0,0,200,21
"scenarioA","X_150","indep",0,0,NA,"SSL",0,0,200,21
"scenarioA","X_151","indep",0,0,NA,"SSL",0,0,200,21
"scenarioA","X_152","indep",0,0,NA,"SSL",0,0,200,21
"scenarioA","X_153","indep",0,0,NA,"SSL",0,0,200,21
"scenarioA","X_154","indep",0,0,NA,"SSL",0,0,200,21
"scenarioA","X_155","weak",0.3,0,NA,"SSL",0.166558263683908,0.166558263683908,200,21
"scenarioA","X_156","weak",0.3,0,NA,"SSL",0,0,200,21
"scenarioA","X_157","weak",0.3,0,NA,"SSL",0,0,200,21
"scenarioA","X_158","weak",0.3,0,NA,"SSL",0,0,200,21
"scenarioA","X_159","weak",0.3,0,NA,"SSL",0,0,200,21
"scenarioA","X_160","weak",0.3,0,NA,"SSL",0,0,200,21
"scenarioA","X_161","weak",0.3,0,NA,"SSL",0,0,200,21
"scenarioA","X_162","weak",0.3,0,NA,"SSL",0,0,200,21
"scenarioA","X_163","weak",0.3,0,NA,"SSL",0,0,200,21
"scenarioA","X_164","weak",0.3,0,NA,"SSL",0,0,200,21
"scenarioA","X_165","weak",0.3,0,NA,"SSL",0.11119488761907,0.11119488761907,200,21
"scenarioA","X_166","weak",0.3,0,NA,"SSL",0,0,200,21
"scenarioA","X_167","weak",0.3,0,NA,"SSL",0,0,200,21
"scenarioA","X_168","weak",0.3,0,NA,"SSL",0,0,200,21
"scenarioA","X_169","weak",0.3,0,NA,"SSL",0,0,200,21
"scenarioA","X_170","weak",0.3,0,NA,"SSL",0,0,200,21
"scenarioA","X_171","weak",0.3,0,NA,"SSL",0,0,200,21
"scenarioA","X_172","weak",0.3,0,NA,"SSL",0,0,200,21
"scenarioA","X_173","weak",0.3,0,NA,"SSL",0,0,200,21
"scenarioA","X_174","weak",0.3,0,NA,"SSL",0,0,200,21
"scenarioA","X_175","weak",0.3,0,NA,"SSL",0,0,200,21
"scenarioA","X_176","weak",0.3,0,NA,"SSL",0,0,200,21
"scenarioA","X_177","weak",0.3,0,NA,"SSL",0,0,200,21
"scenarioA","X_178","weak",0.3,0,NA,"SSL",0,0,200,21
"scenarioA","X_179","weak",0.3,0,NA,"SSL",0,0,200,21
"scenarioA","X_180","weak",0.3,0,NA,"SSL",0,0,200,21
"scenarioA","X_181","weak",0.3,0,NA,"SSL",0,0,200,21
"scenarioA","X_182","weak",0.3,0,NA,"SSL",0,0,200,21
"scenarioA","X_183","weak",0.3,0,NA,"SSL",0,0,200,21
"scenarioA","X_184","weak",0.3,0,NA,"SSL",0,0,200,21
"scenarioA","X_185","weak",0.3,0,NA,"SSL",0,0,200,21
"scenarioA","X_186","weak",0.3,0,NA,"SSL",0,0,200,21
"scenarioA","X_187","weak",0.3,0,NA,"SSL",0,0,200,21
"scenarioA","X_188","weak",0.3,0,NA,"SSL",0,0,200,21
"scenarioA","X_189","weak",0.3,0,NA,"SSL",0,0,200,21
"scenarioA","X_190","weak",0.3,0,NA,"SSL",0,0,200,21
"scenarioA","X_191","weak",0.3,0,NA,"SSL",0,0,200,21
"scenarioA","X_192","weak",0.3,0,NA,"SSL",0,0,200,21
"scenarioA","X_193","weak",0.3,0,NA,"SSL",0,0,200,21
"scenarioA","X_194","weak",0.3,0,NA,"SSL",0,0,200,21
"scenarioA","X_195","weak",0.3,0,NA,"SSL",0,0,200,21
"scenarioA","X_196","weak",0.3,0,NA,"SSL",0,0,200,21
"scenarioA","X_197","weak",0.3,0,NA,"SSL",0,0,200,21
"scenarioA","X_198","weak",0.3,0,NA,"SSL",0,0,200,21
"scenarioA","X_199","weak",0.3,0,NA,"SSL",0,0,200,21
"scenarioA","X_200","weak",0.3,0,NA,"SSL",0,0,200,21
"scenarioA","X_201","weak",0.3,0,NA,"SSL",0,0,200,21
"scenarioA","X_202","weak",0.3,0,NA,"SSL",0,0,200,21
"scenarioA","X_203","weak",0.3,0,NA,"SSL",0,0,200,21
"scenarioA","X_204","weak",0.3,0,NA,"SSL",0,0,200,21
"scenarioA","X_205","weak",0.3,0,NA,"SSL",0,0,200,21
"scenarioA","X_206","weak",0.3,0,NA,"SSL",0,0,200,21
"scenarioA","X_207","weak",0.3,0,NA,"SSL",0,0,200,21
"scenarioA","X_208","weak",0.3,0,NA,"SSL",0,0,200,21
"scenarioA","X_209","weak",0.3,0,NA,"SSL",0,0,200,21
"scenarioA","X_210","weak",0.3,0,NA,"SSL",0,0,200,21
"scenarioA","X_211","weak",0.3,0,NA,"SSL",0,0,200,21
"scenarioA","X_212","weak",0.3,0,NA,"SSL",0,0,200,21
"scenarioA","X_213","weak",0.3,0,NA,"SSL",0,0,200,21
"scenarioA","X_214","weak",0.3,0,NA,"SSL",0,0,200,21
"scenarioA","X_215","weak",0.3,0,NA,"SSL",0,0,200,21
"scenarioA","X_216","weak",0.3,0,NA,"SSL",0,0,200,21
"scenarioA","X_217","weak",0.3,0,NA,"SSL",0,0,200,21
"scenarioA","X_218","weak",0.3,0,NA,"SSL",0,0,200,21
"scenarioA","X_219","weak",0.3,0,NA,"SSL",0,0,200,21
"scenarioA","X_220","weak",0.3,0,NA,"SSL",0,0,200,21
"scenarioA","X_221","weak",0.3,0,NA,"SSL",0,0,200,21
"scenarioA","X_222","weak",0.3,0,NA,"SSL",0,0,200,21
"scenarioA","X_223","weak",0.3,0,NA,"SSL",0,0,200,21
"scenarioA","X_224","weak",0.3,0,NA,"SSL",0,0,200,21
"scenarioA","X_225","weak",0.3,0,NA,"SSL",0,0,200,21
"scenarioA","X_226","weak",0.3,0,NA,"SSL",0,0,200,21
"scenarioA","X_227","weak",0.3,0,NA,"SSL",0,0,200,21
"scenarioA","X_228","strong",0.6,0,NA,"SSL",0,0,200,21
"scenarioA","X_229","strong",0.6,0,NA,"SSL",0,0,200,21
"scenarioA","X_230","strong",0.6,0,NA,"SSL",0,0,200,21
"scenarioA","X_231","strong",0.6,0,NA,"SSL",0,0,200,21
"scenarioA","X_232","strong",0.6,0,NA,"SSL",0,0,200,21
"scenarioA","X_233","strong",0.6,0,NA,"SSL",0,0,200,21
"scenarioA","X_234","strong",0.6,0,NA,"SSL",0,0,200,21
"scenarioA","X_235","strong",0.6,0,NA,"SSL",0,0,200,21
"scenarioA","X_236","strong",0.6,0,NA,"SSL",0,0,200,21
"scenarioA","X_237","strong",0.6,0,NA,"SSL",0,0,200,21
"scenarioA","X_238","strong",0.6,0,NA,"SSL",0,0,200,21
"scenarioA","X_239","strong",0.6,0,NA,"SSL",0,0,200,21
"scenarioA","X_240","strong",0.6,0,NA,"SSL",0,0,200,21
"scenarioA","X_241","strong",0.6,0,NA,"SSL",0,0,200,21
"scenarioA","X_242","strong",0.6,0,NA,"SSL",0,0,200,21
"scenarioA","X_243","strong",0.6,0,NA,"SSL",0,0,200,21
"scenarioA","X_244","strong",0.6,0,NA,"SSL",0,0,200,21
"scenarioA","X_245","strong",0.6,0,NA,"SSL",0,0,200,21
"scenarioA","X_246","strong",0.6,0,NA,"SSL",0,0,200,21
"scenarioA","X_247","strong",0.6,0,NA,"SSL",0,0,200,21
"scenarioA","X_248","strong",0.6,0,NA,"SSL",0,0,200,21
"scenarioA","X_249","strong",0.6,0,NA,"SSL",0,0,200,21
"scenarioA","X_250","strong",0.6,0,NA,"SSL",0,0,200,21
"scenarioA","X_251","strong",0.6,0,NA,"SSL",0,0,200,21
"scenarioA","X_252","strong",0.6,0,NA,"SSL",0,0,200,21
"scenarioA","X_253","strong",0.6,0,NA,"SSL",0,0,200,21
"scenarioA","X_254","strong",0.6,0,NA,"SSL",0,0,200,21
"scenarioA","X_255","strong",0.6,0,NA,"SSL",0,0,200,21
"scenarioA","X_256","strong",0.6,0,NA,"SSL",0,0,200,21
"scenarioA","X_257","strong",0.6,0,NA,"SSL",0,0,200,21
"scenarioA","X_258","strong",0.6,0,NA,"SSL",0,0,200,21
"scenarioA","X_259","strong",0.6,0,NA,"SSL",0,0,200,21
"scenarioA","X_260","strong",0.6,0,NA,"SSL",0,0,200,21
"scenarioA","X_261","strong",0.6,0,NA,"SSL",0,0,200,21
"scenarioA","X_262","strong",0.6,0,NA,"SSL",0,0,200,21
"scenarioA","X_263","strong",0.6,0,NA,"SSL",0,0,200,21
"scenarioA","X_264","strong",0.6,0,NA,"SSL",0,0,200,21
"scenarioA","X_265","strong",0.6,0,NA,"SSL",0,0,200,21
"scenarioA","X_266","strong",0.6,0,NA,"SSL",0,0,200,21
"scenarioA","X_267","strong",0.6,0,NA,"SSL",0,0,200,21
"scenarioA","X_268","strong",0.6,0,NA,"SSL",0.135101704615854,0.135101704615854,200,21
"scenarioA","X_269","strong",0.6,0,NA,"SSL",0,0,200,21
"scenarioA","X_270","strong",0.6,0,NA,"SSL",0,0,200,21
"scenarioA","X_271","strong",0.6,0,NA,"SSL",0,0,200,21
"scenarioA","X_272","strong",0.6,0,NA,"SSL",0,0,200,21
"scenarioA","X_273","strong",0.6,0,NA,"SSL",0,0,200,21
"scenarioA","X_274","strong",0.6,0,NA,"SSL",0,0,200,21
"scenarioA","X_275","strong",0.6,0,NA,"SSL",0,0,200,21
"scenarioA","X_276","strong",0.6,0,NA,"SSL",0.167974422336159,0.167974422336159,200,21
"scenarioA","X_277","strong",0.6,0,NA,"SSL",0,0,200,21
"scenarioA","X_278","strong",0.6,0,NA,"SSL",0,0,200,21
"scenarioA","X_279","strong",0.6,0,NA,"SSL",0,0,200,21
"scenarioA","X_280","strong",0.6,0,NA,"SSL",0,0,200,21
"scenarioA","X_281","strong",0.6,0,NA,"SSL",0,0,200,21
"scenarioA","X_282","strong",0.6,0,NA,"SSL",0,0,200,21
"scenarioA","X_283","strong",0.6,0,NA,"SSL",0,0,200,21
"scenarioA","X_284","strong",0.6,0,NA,"SSL",0,0,200,21
"scenarioA","X_285","strong",0.6,0,NA,"SSL",0,0,200,21
"scenarioA","X_286","strong",0.6,0,NA,"SSL",0,0,200,21
"scenarioA","X_287","strong",0.6,0,NA,"SSL",0,0,200,21
"scenarioA","X_288","strong",0.6,0,NA,"SSL",0,0,200,21
"scenarioA","X_289","strong",0.6,0,NA,"SSL",0,0,200,21
"scenarioA","X_290","strong",0.6,0,NA,"SSL",0,0,200,21
"scenarioA","X_291","strong",0.6,0,NA,"SSL",0,0,200,21
"scenarioA","X_292","strong",0.6,0,NA,"SSL",0,0,200,21
"scenarioA","X_293","strong",0.6,0,NA,"SSL",0,0,200,21
"scenarioA","X_294","strong",0.6,0,NA,"SSL",0,0,200,21
"scenarioA","X_295","strong",0.6,0,NA,"SSL",0,0,200,21
"scenarioA","X_296","strong",0.6,0,NA,"SSL",0,0,200,21
"scenarioA","X_297","strong",0.6,0,NA,"SSL",0,0,200,21
"scenarioA","X_298","strong",0.6,0,NA,"SSL",0,0,200,21
"scenarioA","X_299","strong",0.6,0,NA,"SSL",0,0,200,21
"scenarioA","X_300","strong",0.6,0,NA,"SSL",0,0,200,21
"scenarioA","X_1","strong",0.6,0.4,0.497581285996625,"LASSO",0,-0.4,200,21
"scenarioA","X_2","strong",0.6,-0.5,-0.431350831184223,"LASSO",0,0.5,200,21
"scenarioA","X_3","weak",0.3,0.6,0.468064499042304,"LASSO",0.123861998523772,-0.476138001476228,200,21
"scenarioA","X_4","weak",0.3,0.75,0.918185567363361,"LASSO",0.479746648609866,-0.270253351390134,200,21
"scenarioA","X_5","indep",0,-0.8,-0.792683480303825,"LASSO",-0.232737465942833,0.567262534057167,200,21
"scenarioA","X_6","indep",0,0,NA,"LASSO",0,0,200,21
"scenarioA","X_7","indep",0,0,NA,"LASSO",0,0,200,21
"scenarioA","X_8","indep",0,0,NA,"LASSO",0,0,200,21
"scenarioA","X_9","indep",0,0,NA,"LASSO",0,0,200,21
"scenarioA","X_10","indep",0,0,NA,"LASSO",0,0,200,21
"scenarioA","X_11","indep",0,0,NA,"LASSO",0,0,200,21
"scenarioA","X_12","indep",0,0,NA,"LASSO",0,0,200,21
"scenarioA","X_13","indep",0,0,NA,"LASSO",0,0,200,21
"scenarioA","X_14","indep",0,0,NA,"LASSO",0,0,200,21
"scenarioA","X_15","indep",0,0,NA,"LASSO",0,0,200,21
"scenarioA","X_16","indep",0,0,NA,"LASSO",0,0,200,21
"scenarioA","X_17","indep",0,0,NA,"LASSO",0,0,200,21
"scenarioA","X_18","indep",0,0,NA,"LASSO",0,0,200,21
"scenarioA","X_19","indep",0,0,NA,"LASSO",0,0,200,21
"scenarioA","X_20","indep",0,0,NA,"LASSO",0,0,200,21
"scenarioA","X_21","indep",0,0,NA,"LASSO",0,0,200,21
"scenarioA","X_22","indep",0,0,NA,"LASSO",0,0,200,21
"scenarioA","X_23","indep",0,0,NA,"LASSO",0,0,200,21
"scenarioA","X_24","indep",0,0,NA,"LASSO",0,0,200,21
"scenarioA","X_25","indep",0,0,NA,"LASSO",0,0,200,21
"scenarioA","X_26","indep",0,0,NA,"LASSO",0,0,200,21
"scenarioA","X_27","indep",0,0,NA,"LASSO",0,0,200,21
"scenarioA","X_28","indep",0,0,NA,"LASSO",0,0,200,21
"scenarioA","X_29","indep",0,0,NA,"LASSO",0,0,200,21
"scenarioA","X_30","indep",0,0,NA,"LASSO",0,0,200,21
"scenarioA","X_31","indep",0,0,NA,"LASSO",0,0,200,21
"scenarioA","X_32","indep",0,0,NA,"LASSO",0,0,200,21
"scenarioA","X_33","indep",0,0,NA,"LASSO",0,0,200,21
"scenarioA","X_34","indep",0,0,NA,"LASSO",0,0,200,21
"scenarioA","X_35","indep",0,0,NA,"LASSO",0,0,200,21
"scenarioA","X_36","indep",0,0,NA,"LASSO",0,0,200,21
"scenarioA","X_37","indep",0,0,NA,"LASSO",0,0,200,21
"scenarioA","X_38","indep",0,0,NA,"LASSO",0,0,200,21
"scenarioA","X_39","indep",0,0,NA,"LASSO",0,0,200,21
"scenarioA","X_40","indep",0,0,NA,"LASSO",0,0,200,21
"scenarioA","X_41","indep",0,0,NA,"LASSO",0,0,200,21
"scenarioA","X_42","indep",0,0,NA,"LASSO",0,0,200,21
"scenarioA","X_43","indep",0,0,NA,"LASSO",0,0,200,21
"scenarioA","X_44","indep",0,0,NA,"LASSO",0,0,200,21
"scenarioA","X_45","indep",0,0,NA,"LASSO",0,0,200,21
"scenarioA","X_46","indep",0,0,NA,"LASSO",0,0,200,21
"scenarioA","X_47","indep",0,0,NA,"LASSO",0,0,200,21
"scenarioA","X_48","indep",0,0,NA,"LASSO",0,0,200,21
"scenarioA","X_49","indep",0,0,NA,"LASSO",0,0,200,21
"scenarioA","X_50","indep",0,0,NA,"LASSO",0,0,200,21
"scenarioA","X_51","indep",0,0,NA,"LASSO",0,0,200,21
"scenarioA","X_52","indep",0,0,NA,"LASSO",0,0,200,21
"scenarioA","X_53","indep",0,0,NA,"LASSO",0,0,200,21
"scenarioA","X_54","indep",0,0,NA,"LASSO",0,0,200,21
"scenarioA","X_55","indep",0,0,NA,"LASSO",0,0,200,21
"scenarioA","X_56","indep",0,0,NA,"LASSO",0,0,200,21
"scenarioA","X_57","indep",0,0,NA,"LASSO",0,0,200,21
"scenarioA","X_58","indep",0,0,NA,"LASSO",0,0,200,21
"scenarioA","X_59","indep",0,0,NA,"LASSO",0,0,200,21
"scenarioA","X_60","indep",0,0,NA,"LASSO",0,0,200,21
"scenarioA","X_61","indep",0,0,NA,"LASSO",0,0,200,21
"scenarioA","X_62","indep",0,0,NA,"LASSO",0,0,200,21
"scenarioA","X_63","indep",0,0,NA,"LASSO",0,0,200,21
"scenarioA","X_64","indep",0,0,NA,"LASSO",0,0,200,21
"scenarioA","X_65","indep",0,0,NA,"LASSO",0,0,200,21
"scenarioA","X_66","indep",0,0,NA,"LASSO",0,0,200,21
"scenarioA","X_67","indep",0,0,NA,"LASSO",0,0,200,21
"scenarioA","X_68","indep",0,0,NA,"LASSO",0,0,200,21
"scenarioA","X_69","indep",0,0,NA,"LASSO",0,0,200,21
"scenarioA","X_70","indep",0,0,NA,"LASSO",0,0,200,21
"scenarioA","X_71","indep",0,0,NA,"LASSO",0,0,200,21
"scenarioA","X_72","indep",0,0,NA,"LASSO",0,0,200,21
"scenarioA","X_73","indep",0,0,NA,"LASSO",0,0,200,21
"scenarioA","X_74","indep",0,0,NA,"LASSO",0,0,200,21
"scenarioA","X_75","indep",0,0,NA,"LASSO",0,0,200,21
"scenarioA","X_76","indep",0,0,NA,"LASSO",0,0,200,21
"scenarioA","X_77","indep",0,0,NA,"LASSO",0,0,200,21
"scenarioA","X_78","indep",0,0,NA,"LASSO",0,0,200,21
"scenarioA","X_79","indep",0,0,NA,"LASSO",0,0,200,21
"scenarioA","X_80","indep",0,0,NA,"LASSO",0,0,200,21
"scenarioA","X_81","indep",0,0,NA,"LASSO",0,0,200,21
"scenarioA","X_82","indep",0,0,NA,"LASSO",0,0,200,21
"scenarioA","X_83","indep",0,0,NA,"LASSO",0,0,200,21
"scenarioA","X_84","indep",0,0,NA,"LASSO",0,0,200,21
"scenarioA","X_85","indep",0,0,NA,"LASSO",0,0,200,21
"scenarioA","X_86","indep",0,0,NA,"LASSO",0,0,200,21
"scenarioA","X_87","indep",0,0,NA,"LASSO",0,0,200,21
"scenarioA","X_88","indep",0,0,NA,"LASSO",0,0,200,21
"scenarioA","X_89","indep",0,0,NA,"LASSO",0,0,200,21
"scenarioA","X_90","indep",0,0,NA,"LASSO",0,0,200,21
"scenarioA","X_91","indep",0,0,NA,"LASSO",0,0,200,21
"scenarioA","X_92","indep",0,0,NA,"LASSO",0,0,200,21
"scenarioA","X_93","indep",0,0,NA,"LASSO",0,0,200,21
"scenarioA","X_94","indep",0,0,NA,"LASSO",0,0,200,21
"scenarioA","X_95","indep",0,0,NA,"LASSO",0,0,200,21
"scenarioA","X_96","indep",0,0,NA,"LASSO",0,0,200,21
"scenarioA","X_97","indep",0,0,NA,"LASSO",0,0,200,21
"scenarioA","X_98","indep",0,0,NA,"LASSO",0,0,200,21
"scenarioA","X_99","indep",0,0,NA,"LASSO",0,0,200,21
"scenarioA","X_100","indep",0,0,NA,"LASSO",0,0,200,21
"scenarioA","X_101","indep",0,0,NA,"LASSO",0,0,200,21
"scenarioA","X_102","indep",0,0,NA,"LASSO",0,0,200,21
"scenarioA","X_103","indep",0,0,NA,"LASSO",0,0,200,21
"scenarioA","X_104","indep",0,0,NA,"LASSO",0,0,200,21
"scenarioA","X_105","indep",0,0,NA,"LASSO",0,0,200,21
"scenarioA","X_106","indep",0,0,NA,"LASSO",0,0,200,21
"scenarioA","X_107","indep",0,0,NA,"LASSO",0,0,200,21
"scenarioA","X_108","indep",0,0,NA,"LASSO",0,0,200,21
"scenarioA","X_109","indep",0,0,NA,"LASSO",0,0,200,21
"scenarioA","X_110","indep",0,0,NA,"LASSO",0,0,200,21
"scenarioA","X_111","indep",0,0,NA,"LASSO",0,0,200,21
"scenarioA","X_112","indep",0,0,NA,"LASSO",0,0,200,21
"scenarioA","X_113","indep",0,0,NA,"LASSO",0,0,200,21
"scenarioA","X_114","indep",0,0,NA,"LASSO",0,0,200,21
"scenarioA","X_115","indep",0,0,NA,"LASSO",0,0,200,21
"scenarioA","X_116","indep",0,0,NA,"LASSO",0,0,200,21
"scenarioA","X_117","indep",0,0,NA,"LASSO",0,0,200,21
"scenarioA","X_118","indep",0,0,NA,"LASSO",0,0,200,21
"scenarioA","X_119","indep",0,0,NA,"LASSO",0,0,200,21
"scenarioA","X_120","indep",0,0,NA,"LASSO",0,0,200,21
"scenarioA","X_121","indep",0,0,NA,"LASSO",0,0,200,21
"scenarioA","X_122","indep",0,0,NA,"LASSO",0,0,200,21
"scenarioA","X_123","indep",0,0,NA,"LASSO",0,0,200,21
"scenarioA","X_124","indep",0,0,NA,"LASSO",0,0,200,21
"scenarioA","X_125","indep",0,0,NA,"LASSO",0,0,200,21
"scenarioA","X_126","indep",0,0,NA,"LASSO",0,0,200,21
"scenarioA","X_127","indep",0,0,NA,"LASSO",0,0,200,21
"scenarioA","X_128","indep",0,0,NA,"LASSO",0,0,200,21
"scenarioA","X_129","indep",0,0,NA,"LASSO",0,0,200,21
"scenarioA","X_130","indep",0,0,NA,"LASSO",0,0,200,21
"scenarioA","X_131","indep",0,0,NA,"LASSO",0,0,200,21
"scenarioA","X_132","indep",0,0,NA,"LASSO",0,0,200,21
"scenarioA","X_133","indep",0,0,NA,"LASSO",0,0,200,21
"scenarioA","X_134","indep",0,0,NA,"LASSO",0,0,200,21
"scenarioA","X_135","indep",0,0,NA,"LASSO",0,0,200,21
"scenarioA","X_136","indep",0,0,NA,"LASSO",0,0,200,21
"scenarioA","X_137","indep",0,0,NA,"LASSO",0,0,200,21
"scenarioA","X_138","indep",0,0,NA,"LASSO",0,0,200,21
"scenarioA","X_139","indep",0,0,NA,"LASSO",0,0,200,21
"scenarioA","X_140","indep",0,0,NA,"LASSO",0,0,200,21
"scenarioA","X_141","indep",0,0,NA,"LASSO",0,0,200,21
"scenarioA","X_142","indep",0,0,NA,"LASSO",0,0,200,21
"scenarioA","X_143","indep",0,0,NA,"LASSO",0,0,200,21
"scenarioA","X_144","indep",0,0,NA,"LASSO",0,0,200,21
"scenarioA","X_145","indep",0,0,NA,"LASSO",0,0,200,21
"scenarioA","X_146","indep",0,0,NA,"LASSO",0,0,200,21
"scenarioA","X_147","indep",0,0,NA,"LASSO",0,0,200,21
"scenarioA","X_148","indep",0,0,NA,"LASSO",0,0,200,21
"scenarioA","X_149","indep",0,0,NA,"LASSO",0,0,200,21
"scenarioA","X_150","indep",0,0,NA,"LASSO",0,0,200,21
"scenarioA","X_151","indep",0,0,NA,"LASSO",0,0,200,21
"scenarioA","X_152","indep",0,0,NA,"LASSO",0,0,200,21
"scenarioA","X_153","indep",0,0,NA,"LASSO",0,0,200,21
"scenarioA","X_154","indep",0,0,NA,"LASSO",0,0,200,21
"scenarioA","X_155","weak",0.3,0,NA,"LASSO",0.0214246705173198,0.0214246705173198,200,21
"scenarioA","X_156","weak",0.3,0,NA,"LASSO",0,0,200,21
"scenarioA","X_157","weak",0.3,0,NA,"LASSO",0,0,200,21
"scenarioA","X_158","weak",0.3,0,NA,"LASSO",0,0,200,21
"scenarioA","X_159","weak",0.3,0,NA,"LASSO",0,0,200,21
"scenarioA","X_160","weak",0.3,0,NA,"LASSO",0,0,200,21
"scenarioA","X_161","weak",0.3,0,NA,"LASSO",0,0,200,21
"scenarioA","X_162","weak",0.3,0,NA,"LASSO",0,0,200,21
"scenarioA","X_163","weak",0.3,0,NA,"LASSO",0,0,200,21
"scenarioA","X_164","weak",0.3,0,NA,"LASSO",0.0212563608151749,0.0212563608151749,200,21
"scenarioA","X_165","weak",0.3,0,NA,"LASSO",0,0,200,21
"scenarioA","X_166","weak",0.3,0,NA,"LASSO",0,0,200,21
"scenarioA","X_167","weak",0.3,0,NA,"LASSO",0,0,200,21
"scenarioA","X_168","weak",0.3,0,NA,"LASSO",0,0,200,21
"scenarioA","X_169","weak",0.3,0,NA,"LASSO",0,0,200,21
"scenarioA","X_170","weak",0.3,0,NA,"LASSO",0,0,200,21
"scenarioA","X_171","weak",0.3,0,NA,"LASSO",0,0,200,21
"scenarioA","X_172","weak",0.3,0,NA,"LASSO",0,0,200,21
"scenarioA","X_173","weak",0.3,0,NA,"LASSO",0,0,200,21
"scenarioA","X_174","weak",0.3,0,NA,"LASSO",0,0,200,21
"scenarioA","X_175","weak",0.3,0,NA,"LASSO",0,0,200,21
"scenarioA","X_176","weak",0.3,0,NA,"LASSO",0,0,200,21
"scenarioA","X_177","weak",0.3,0,NA,"LASSO",0,0,200,21
"scenarioA","X_178","weak",0.3,0,NA,"LASSO",0,0,200,21
"scenarioA","X_179","weak",0.3,0,NA,"LASSO",0,0,200,21
"scenarioA","X_180","weak",0.3,0,NA,"LASSO",0,0,200,21
"scenarioA","X_181","weak",0.3,0,NA,"LASSO",0,0,200,21
"scenarioA","X_182","weak",0.3,0,NA,"LASSO",0,0,200,21
"scenarioA","X_183","weak",0.3,0,NA,"LASSO",0,0,200,21
"scenarioA","X_184","weak",0.3,0,NA,"LASSO",0,0,200,21
"scenarioA","X_185","weak",0.3,0,NA,"LASSO",0,0,200,21
"scenarioA","X_186","weak",0.3,0,NA,"LASSO",0,0,200,21
"scenarioA","X_187","weak",0.3,0,NA,"LASSO",0,0,200,21
"scenarioA","X_188","weak",0.3,0,NA,"LASSO",0,0,200,21
"scenarioA","X_189","weak",0.3,0,NA,"LASSO",0,0,200,21
"scenarioA","X_190","weak",0.3,0,NA,"LASSO",0,0,200,21
"scenarioA","X_191","weak",0.3,0,NA,"LASSO",0,0,200,21
"scenarioA","X_192","weak",0.3,0,NA,"LASSO",0,0,200,21
"scenarioA","X_193","weak",0.3,0,NA,"LASSO",0,0,200,21
"scenarioA","X_194","weak",0.3,0,NA,"LASSO",0,0,200,21
"scenarioA","X_195","weak",0.3,0,NA,"LASSO",0,0,200,21
"scenarioA","X_196","weak",0.3,0,NA,"LASSO",0,0,200,21
"scenarioA","X_197","weak",0.3,0,NA,"LASSO",0,0,200,21
"scenarioA","X_198","weak",0.3,0,NA,"LASSO",0,0,200,21
"scenarioA","X_199","weak",0.3,0,NA,"LASSO",0,0,200,21
"scenarioA","X_200","weak",0.3,0,NA,"LASSO",0,0,200,21
"scenarioA","X_201","weak",0.3,0,NA,"LASSO",0,0,200,21
"scenarioA","X_202","weak",0.3,0,NA,"LASSO",0,0,200,21
"scenarioA","X_203","weak",0.3,0,NA,"LASSO",0,0,200,21
"scenarioA","X_204","weak",0.3,0,NA,"LASSO",0,0,200,21
"scenarioA","X_205","weak",0.3,0,NA,"LASSO",0,0,200,21
"scenarioA","X_206","weak",0.3,0,NA,"LASSO",0,0,200,21
"scenarioA","X_207","weak",0.3,0,NA,"LASSO",0,0,200,21
"scenarioA","X_208","weak",0.3,0,NA,"LASSO",0,0,200,21
"scenarioA","X_209","weak",0.3,0,NA,"LASSO",0,0,200,21
"scenarioA","X_210","weak",0.3,0,NA,"LASSO",0,0,200,21
"scenarioA","X_211","weak",0.3,0,NA,"LASSO",0,0,200,21
"scenarioA","X_212","weak",0.3,0,NA,"LASSO",0,0,200,21
"scenarioA","X_213","weak",0.3,0,NA,"LASSO",0,0,200,21
"scenarioA","X_214","weak",0.3,0,NA,"LASSO",0,0,200,21
"scenarioA","X_215","weak",0.3,0,NA,"LASSO",0,0,200,21
"scenarioA","X_216","weak",0.3,0,NA,"LASSO",0,0,200,21
"scenarioA","X_217","weak",0.3,0,NA,"LASSO",0,0,200,21
"scenarioA","X_218","weak",0.3,0,NA,"LASSO",0,0,200,21
"scenarioA","X_219","weak",0.3,0,NA,"LASSO",0,0,200,21
"scenarioA","X_220","weak",0.3,0,NA,"LASSO",0,0,200,21
"scenarioA","X_221","weak",0.3,0,NA,"LASSO",0,0,200,21
"scenarioA","X_222","weak",0.3,0,NA,"LASSO",0,0,200,21
"scenarioA","X_223","weak",0.3,0,NA,"LASSO",0,0,200,21
"scenarioA","X_224","weak",0.3,0,NA,"LASSO",0,0,200,21
"scenarioA","X_225","weak",0.3,0,NA,"LASSO",0,0,200,21
"scenarioA","X_226","weak",0.3,0,NA,"LASSO",0,0,200,21
"scenarioA","X_227","weak",0.3,0,NA,"LASSO",0,0,200,21
"scenarioA","X_228","strong",0.6,0,NA,"LASSO",0,0,200,21
"scenarioA","X_229","strong",0.6,0,NA,"LASSO",0,0,200,21
"scenarioA","X_230","strong",0.6,0,NA,"LASSO",0,0,200,21
"scenarioA","X_231","strong",0.6,0,NA,"LASSO",0,0,200,21
"scenarioA","X_232","strong",0.6,0,NA,"LASSO",0,0,200,21
"scenarioA","X_233","strong",0.6,0,NA,"LASSO",0,0,200,21
"scenarioA","X_234","strong",0.6,0,NA,"LASSO",0,0,200,21
"scenarioA","X_235","strong",0.6,0,NA,"LASSO",0,0,200,21
"scenarioA","X_236","strong",0.6,0,NA,"LASSO",0,0,200,21
"scenarioA","X_237","strong",0.6,0,NA,"LASSO",0,0,200,21
"scenarioA","X_238","strong",0.6,0,NA,"LASSO",0,0,200,21
"scenarioA","X_239","strong",0.6,0,NA,"LASSO",0,0,200,21
"scenarioA","X_240","strong",0.6,0,NA,"LASSO",0,0,200,21
"scenarioA","X_241","strong",0.6,0,NA,"LASSO",0,0,200,21
"scenarioA","X_242","strong",0.6,0,NA,"LASSO",0,0,200,21
"scenarioA","X_243","strong",0.6,0,NA,"LASSO",0,0,200,21
"scenarioA","X_244","strong",0.6,0,NA,"LASSO",0,0,200,21
"scenarioA","X_245","strong",0.6,0,NA,"LASSO",0,0,200,21
"scenarioA","X_246","strong",0.6,0,NA,"LASSO",0,0,200,21
"scenarioA","X_247","strong",0.6,0,NA,"LASSO",0,0,200,21
"scenarioA","X_248","strong",0.6,0,NA,"LASSO",0,0,200,21
"scenarioA","X_249","strong",0.6,0,NA,"LASSO",0,0,200,21
"scenarioA","X_250","strong",0.6,0,NA,"LASSO",0,0,200,21
"scenarioA","X_251","strong",0.6,0,NA,"LASSO",0,0,200,21
"scenarioA","X_252","strong",0.6,0,NA,"LASSO",0,0,200,21
"scenarioA","X_253","strong",0.6,0,NA,"LASSO",0,0,200,21
"scenarioA","X_254","strong",0.6,0,NA,"LASSO",0,0,200,21
"scenarioA","X_255","strong",0.6,0,NA,"LASSO",0,0,200,21
"scenarioA","X_256","strong",0.6,0,NA,"LASSO",0,0,200,21
"scenarioA","X_257","strong",0.6,0,NA,"LASSO",0,0,200,21
"scenarioA","X_258","strong",0.6,0,NA,"LASSO",0,0,200,21
"scenarioA","X_259","strong",0.6,0,NA,"LASSO",0,0,200,21
"scenarioA","X_260","strong",0.6,0,NA,"LASSO",0,0,200,21
"scenarioA","X_261","strong",0.6,0,NA,"LASSO",0,0,200,21
"scenarioA","X_262","strong",0.6,0,NA,"LASSO",0,0,200,21
"scenarioA","X_263","strong",0.6,0,NA,"LASSO",0,0,200,21
"scenarioA","X_264","strong",0.6,0,NA,"LASSO",0,0,200,21
"scenarioA","X_265","strong",0.6,0,NA,"LASSO",0,0,200,21
"scenarioA","X_266","strong",0.6,0,NA,"LASSO",0,0,200,21
"scenarioA","X_267","strong",0.6,0,NA,"LASSO",0,0,200,21
"scenarioA","X_268","strong",0.6,0,NA,"LASSO",0,0,200,21
"scenarioA","X_269","strong",0.6,0,NA,"LASSO",0,0,200,21
"scenarioA","X_270","strong",0.6,0,NA,"LASSO",0,0,200,21
"scenarioA","X_271","strong",0.6,0,NA,"LASSO",0,0,200,21
"scenarioA","X_272","strong",0.6,0,NA,"LASSO",0,0,200,21
"scenarioA","X_273","strong",0.6,0,NA,"LASSO",0,0,200,21
"scenarioA","X_274","strong",0.6,0,NA,"LASSO",0,0,200,21
"scenarioA","X_275","strong",0.6,0,NA,"LASSO",0,0,200,21
"scenarioA","X_276","strong",0.6,0,NA,"LASSO",0,0,200,21
"scenarioA","X_277","strong",0.6,0,NA,"LASSO",0,0,200,21
"scenarioA","X_278","strong",0.6,0,NA,"LASSO",0,0,200,21
"scenarioA","X_279","strong",0.6,0,NA,"LASSO",0,0,200,21
"scenarioA","X_280","strong",0.6,0,NA,"LASSO",0,0,200,21
"scenarioA","X_281","strong",0.6,0,NA,"LASSO",0,0,200,21
"scenarioA","X_282","strong",0.6,0,NA,"LASSO",0,0,200,21
"scenarioA","X_283","strong",0.6,0,NA,"LASSO",0,0,200,21
"scenarioA","X_284","strong",0.6,0,NA,"LASSO",0,0,200,21
"scenarioA","X_285","strong",0.6,0,NA,"LASSO",0,0,200,21
"scenarioA","X_286","strong",0.6,0,NA,"LASSO",0,0,200,21
"scenarioA","X_287","strong",0.6,0,NA,"LASSO",0,0,200,21
"scenarioA","X_288","strong",0.6,0,NA,"LASSO",0,0,200,21
"scenarioA","X_289","strong",0.6,0,NA,"LASSO",0,0,200,21
"scenarioA","X_290","strong",0.6,0,NA,"LASSO",0,0,200,21
"scenarioA","X_291","strong",0.6,0,NA,"LASSO",0,0,200,21
"scenarioA","X_292","strong",0.6,0,NA,"LASSO",0,0,200,21
"scenarioA","X_293","strong",0.6,0,NA,"LASSO",0,0,200,21
"scenarioA","X_294","strong",0.6,0,NA,"LASSO",0,0,200,21
"scenarioA","X_295","strong",0.6,0,NA,"LASSO",0,0,200,21
"scenarioA","X_296","strong",0.6,0,NA,"LASSO",0,0,200,21
"scenarioA","X_297","strong",0.6,0,NA,"LASSO",0,0,200,21
"scenarioA","X_298","strong",0.6,0,NA,"LASSO",0,0,200,21
"scenarioA","X_299","strong",0.6,0,NA,"LASSO",0,0,200,21
"scenarioA","X_300","strong",0.6,0,NA,"LASSO",0,0,200,21
