"scenario","predictor","Block","BlockRho","True","FG","Model","Estimate","Bias","nobs","run_number"
"scenarioB","X_1","strong",0.6,0.4,0.292611227482313,"SSL",0.133526655889657,-0.266473344110343,200,1
"scenarioB","X_2","strong",0.6,-0.5,-0.311175852066996,"SSL",-0.17898454260903,0.32101545739097,200,1
"scenarioB","X_3","weak",0.3,0.6,0.685876187987148,"SSL",0.637300660722285,0.0373006607222849,200,1
"scenarioB","X_4","weak",0.3,0.75,0.823115062963733,"SSL",0.76519671308924,0.0151967130892403,200,1
"scenarioB","X_5","indep",0,-0.8,-0.821366034154461,"SSL",-0.71442519936224,0.0855748006377601,200,1
"scenarioB","X_6","indep",0,0,NA,"SSL",0,0,200,1
"scenarioB","X_7","indep",0,0,NA,"SSL",0,0,200,1
"scenarioB","X_8","indep",0,0,NA,"SSL",0,0,200,1
"scenarioB","X_9","indep",0,0,NA,"SSL",-0.148582156579093,-0.148582156579093,200,1
"scenarioB","X_10","indep",0,0,NA,"SSL",0,0,200,1
"scenarioB","X_11","indep",0,0,NA,"SSL",0,0,200,1
"scenarioB","X_12","indep",0,0,NA,"SSL",0,0,200,1
"scenarioB","X_13","indep",0,0,NA,"SSL",0.223438357193044,0.223438357193044,200,1
"scenarioB","X_14","indep",0,0,NA,"SSL",0,0,200,1
"scenarioB","X_15","indep",0,0,NA,"SSL",0,0,200,1
"scenarioB","X_16","indep",0,0,NA,"SSL",0,0,200,1
"scenarioB","X_17","indep",0,0,NA,"SSL",0,0,200,1
"scenarioB","X_18","weak",0.3,0,NA,"SSL",0,0,200,1
"scenarioB","X_19","weak",0.3,0,NA,"SSL",0,0,200,1
"scenarioB","X_20","weak",0.3,0,NA,"SSL",0,0,200,1
"scenarioB","X_21","weak",0.3,0,NA,"SSL",0,0,200,1
"scenarioB","X_22","strong",0.6,0,NA,"SSL",0,0,200,1
"scenarioB","X_23","strong",0.6,0,NA,"SSL",0,0,200,1
"scenarioB","X_24","strong",0.6,0,NA,"SSL",0,0,200,1
"scenarioB","X_25","strong",0.6,0,NA,"SSL",0,0,200,1
"scenarioB","X_1","strong",0.6,0.4,0.292611227482313,"LASSO",0,-0.4,200,1
"scenarioB","X_2","strong",0.6,-0.5,-0.311175852066996,"LASSO",-0.0383795675371878,0.461620432462812,200,1
"scenarioB","X_3","weak",0.3,0.6,0.685876187987148,"LASSO",0.53367322465814,-0.0663267753418602,200,1
"scenarioB","X_4","weak",0.3,0.75,0.823115062963733,"LASSO",0.601447745733271,-0.148552254266729,200,1
"scenarioB","X_5","indep",0,-0.8,-0.821366034154461,"LASSO",-0.548498611519625,0.251501388480375,200,1
"scenarioB","X_6","indep",0,0,NA,"LASSO",0,0,200,1
"scenarioB","X_7","indep",0,0,NA,"LASSO",0,0,200,1
"scenarioB","X_8","indep",0,0,NA,"LASSO",0,0,200,1
"scenarioB","X_9","indep",0,0,NA,"LASSO",-0.0672191767649735,-0.0672191767649735,200,1
"scenarioB","X_10","indep",0,0,NA,"LASSO",0,0,200,1
"scenarioB","X_11","indep",0,0,NA,"LASSO",0,0,200,1
"scenarioB","X_12","indep",0,0,NA,"LASSO",0,0,200,1
"scenarioB","X_13","indep",0,0,NA,"LASSO",0.133465056820168,0.133465056820168,200,1
"scenarioB","X_14","indep",0,0,NA,"LASSO",0,0,200,1
"scenarioB","X_15","indep",0,0,NA,"LASSO",0,0,200,1
"scenarioB","X_16","indep",0,0,NA,"LASSO",0,0,200,1
"scenarioB","X_17","indep",0,0,NA,"LASSO",0,0,200,1
"scenarioB","X_18","weak",0.3,0,NA,"LASSO",0,0,200,1
"scenarioB","X_19","weak",0.3,0,NA,"LASSO",0,0,200,1
"scenarioB","X_20","weak",0.3,0,NA,"LASSO",0,0,200,1
"scenarioB","X_21","weak",0.3,0,NA,"LASSO",0,0,200,1
"scenarioB","X_22","strong",0.6,0,NA,"LASSO",0,0,200,1
"scenarioB","X_23","strong",0.6,0,NA,"LASSO",0,0,200,1
"scenarioB","X_24","strong",0.6,0,NA,"LASSO",0,0,200,1
"scenarioB","X_25","strong",0.6,0,NA,"LASSO",0,0,200,1
"scenarioB","X_1","strong",0.6,0.4,0.459600742622239,"SSL",0.706171023806901,0.306171023806901,200,2
"scenarioB","X_2","strong",0.6,-0.5,-0.466113541778014,"SSL",-0.236524220389623,0.263475779610377,200,2
"scenarioB","X_3","weak",0.3,0.6,0.527504687568474,"SSL",0.416295113072491,-0.183704886927509,200,2
"scenarioB","X_4","weak",0.3,0.75,0.702414567101628,"SSL",0.758026994771543,0.00802699477154289,200,2
"scenarioB","X_5","indep",0,-0.8,-0.89321166752246,"SSL",-1.04457684195749,-0.244576841957486,200,2
"scenarioB","X_6","indep",0,0,NA,"SSL",0.0989138559169006,0.0989138559169006,200,2
"scenarioB","X_7","indep",0,0,NA,"SSL",-0.0437903991621818,-0.0437903991621818,200,2
"scenarioB","X_8","indep",0,0,NA,"SSL",-0.0653996321126276,-0.0653996321126276,200,2
"scenarioB","X_9","indep",0,0,NA,"SSL",0.1155633549086,0.1155633549086,200,2
"scenarioB","X_10","indep",0,0,NA,"SSL",0.0316535161129619,0.0316535161129619,200,2
"scenarioB","X_11","indep",0,0,NA,"SSL",-0.0328829219899958,-0.0328829219899958,200,2
"scenarioB","X_12","indep",0,0,NA,"SSL",0.0669314706711965,0.0669314706711965,200,2
"scenarioB","X_13","indep",0,0,NA,"SSL",0.0760071442555923,0.0760071442555923,200,2
"scenarioB","X_14","indep",0,0,NA,"SSL",0,0,200,2
"scenarioB","X_15","indep",0,0,NA,"SSL",0.0407809020316052,0.0407809020316052,200,2
"scenarioB","X_16","indep",0,0,NA,"SSL",0.0282529589852808,0.0282529589852808,200,2
"scenarioB","X_17","indep",0,0,NA,"SSL",0.0954603737340078,0.0954603737340078,200,2
"scenarioB","X_18","weak",0.3,0,NA,"SSL",0.125790617614066,0.125790617614066,200,2
"scenarioB","X_19","weak",0.3,0,NA,"SSL",0,0,200,2
"scenarioB","X_20","weak",0.3,0,NA,"SSL",0.213002316201302,0.213002316201302,200,2
"scenarioB","X_21","weak",0.3,0,NA,"SSL",-0.0982946701926142,-0.0982946701926142,200,2
"scenarioB","X_22","strong",0.6,0,NA,"SSL",0,0,200,2
"scenarioB","X_23","strong",0.6,0,NA,"SSL",0,0,200,2
"scenarioB","X_24","strong",0.6,0,NA,"SSL",-0.40453329781324,-0.40453329781324,200,2
"scenarioB","X_25","strong",0.6,0,NA,"SSL",-0.312264889767588,-0.312264889767588,200,2
"scenarioB","X_1","strong",0.6,0.4,0.459600742622239,"LASSO",0.313409145439447,-0.0865908545605533,200,2
"scenarioB","X_2","strong",0.6,-0.5,-0.466113541778014,"LASSO",-0.0882289181585433,0.411771081841457,200,2
"scenarioB","X_3","weak",0.3,0.6,0.527504687568474,"LASSO",0.32881609784255,-0.27118390215745,200,2
"scenarioB","X_4","weak",0.3,0.75,0.702414567101628,"LASSO",0.552927590367156,-0.197072409632844,200,2
"scenarioB","X_5","indep",0,-0.8,-0.89321166752246,"LASSO",-0.768511303632056,0.0314886963679445,200,2
"scenarioB","X_6","indep",0,0,NA,"LASSO",0,0,200,2
"scenarioB","X_7","indep",0,0,NA,"LASSO",0,0,200,2
"scenarioB","X_8","indep",0,0,NA,"LASSO",0,0,200,2
"scenarioB","X_9","indep",0,0,NA,"LASSO",0,0,200,2
"scenarioB","X_10","indep",0,0,NA,"LASSO",0,0,200,2
"scenarioB","X_11","indep",0,0,NA,"LASSO",0,0,200,2
"scenarioB","X_12","indep",0,0,NA,"LASSO",0,0,200,2
"scenarioB","X_13","indep",0,0,NA,"LASSO",0,0,200,2
"scenarioB","X_14","indep",0,0,NA,"LASSO",0,0,200,2
"scenarioB","X_15","indep",0,0,NA,"LASSO",0,0,200,2
"scenarioB","X_16","indep",0,0,NA,"LASSO",0,0,200,2
"scenarioB","X_17","indep",0,0,NA,"LASSO",0,0,200,2
"scenarioB","X_18","weak",0.3,0,NA,"LASSO",0.0384618988366077,0.0384618988366077,200,2
"scenarioB","X_19","weak",0.3,0,NA,"LASSO",0,0,200,2
"scenarioB","X_20","weak",0.3,0,NA,"LASSO",0.0713089270137719,0.0713089270137719,200,2
"scenarioB","X_21","weak",0.3,0,NA,"LASSO",0,0,200,2
"scenarioB","X_22","strong",0.6,0,NA,"LASSO",0,0,200,2
"scenarioB","X_23","strong",0.6,0,NA,"LASSO",0,0,200,2
"scenarioB","X_24","strong",0.6,0,NA,"LASSO",-0.267211630556484,-0.267211630556484,200,2
"scenarioB","X_25","strong",0.6,0,NA,"LASSO",-0.169994374075306,-0.169994374075306,200,2
"scenarioB","X_1","strong",0.6,0.4,0.235829013538338,"SSL",0,-0.4,200,3
"scenarioB","X_2","strong",0.6,-0.5,-0.353743456223991,"SSL",0,0.5,200,3
"scenarioB","X_3","weak",0.3,0.6,0.66075641743176,"SSL",0.561904539752508,-0.0380954602474924,200,3
"scenarioB","X_4","weak",0.3,0.75,0.682232149266455,"SSL",0.634706121474268,-0.115293878525732,200,3
"scenarioB","X_5","indep",0,-0.8,-0.857816385873412,"SSL",-0.717629304389208,0.082370695610792,200,3
"scenarioB","X_6","indep",0,0,NA,"SSL",0,0,200,3
"scenarioB","X_7","indep",0,0,NA,"SSL",0,0,200,3
"scenarioB","X_8","indep",0,0,NA,"SSL",0,0,200,3
"scenarioB","X_9","indep",0,0,NA,"SSL",0,0,200,3
"scenarioB","X_10","indep",0,0,NA,"SSL",0,0,200,3
"scenarioB","X_11","indep",0,0,NA,"SSL",0,0,200,3
"scenarioB","X_12","indep",0,0,NA,"SSL",0,0,200,3
"scenarioB","X_13","indep",0,0,NA,"SSL",0,0,200,3
"scenarioB","X_14","indep",0,0,NA,"SSL",0,0,200,3
"scenarioB","X_15","indep",0,0,NA,"SSL",0,0,200,3
"scenarioB","X_16","indep",0,0,NA,"SSL",0,0,200,3
"scenarioB","X_17","indep",0,0,NA,"SSL",0,0,200,3
"scenarioB","X_18","weak",0.3,0,NA,"SSL",0,0,200,3
"scenarioB","X_19","weak",0.3,0,NA,"SSL",0,0,200,3
"scenarioB","X_20","weak",0.3,0,NA,"SSL",0,0,200,3
"scenarioB","X_21","weak",0.3,0,NA,"SSL",0,0,200,3
"scenarioB","X_22","strong",0.6,0,NA,"SSL",0,0,200,3
"scenarioB","X_23","strong",0.6,0,NA,"SSL",0,0,200,3
"scenarioB","X_24","strong",0.6,0,NA,"SSL",0,0,200,3
"scenarioB","X_25","strong",0.6,0,NA,"SSL",0,0,200,3
"scenarioB","X_1","strong",0.6,0.4,0.235829013538338,"LASSO",0,-0.4,200,3
"scenarioB","X_2","strong",0.6,-0.5,-0.353743456223991,"LASSO",-0.0783044705825602,0.42169552941744,200,3
"scenarioB","X_3","weak",0.3,0.6,0.66075641743176,"LASSO",0.449059806370298,-0.150940193629702,200,3
"scenarioB","X_4","weak",0.3,0.75,0.682232149266455,"LASSO",0.535447734032002,-0.214552265967998,200,3
"scenarioB","X_5","indep",0,-0.8,-0.857816385873412,"LASSO",-0.616555874744595,0.183444125255405,200,3
"scenarioB","X_6","indep",0,0,NA,"LASSO",0,0,200,3
"scenarioB","X_7","indep",0,0,NA,"LASSO",0.0557043503646427,0.0557043503646427,200,3
"scenarioB","X_8","indep",0,0,NA,"LASSO",0,0,200,3
"scenarioB","X_9","indep",0,0,NA,"LASSO",0,0,200,3
"scenarioB","X_10","indep",0,0,NA,"LASSO",0,0,200,3
"scenarioB","X_11","indep",0,0,NA,"LASSO",0,0,200,3
"scenarioB","X_12","indep",0,0,NA,"LASSO",-0.0758699536584314,-0.0758699536584314,200,3
"scenarioB","X_13","indep",0,0,NA,"LASSO",0,0,200,3
"scenarioB","X_14","indep",0,0,NA,"LASSO",0,0,200,3
"scenarioB","X_15","indep",0,0,NA,"LASSO",0,0,200,3
"scenarioB","X_16","indep",0,0,NA,"LASSO",0,0,200,3
"scenarioB","X_17","indep",0,0,NA,"LASSO",0,0,200,3
"scenarioB","X_18","weak",0.3,0,NA,"LASSO",0,0,200,3
"scenarioB","X_19","weak",0.3,0,NA,"LASSO",0,0,200,3
"scenarioB","X_20","weak",0.3,0,NA,"LASSO",0,0,200,3
"scenarioB","X_21","weak",0.3,0,NA,"LASSO",0,0,200,3
"scenarioB","X_22","strong",0.6,0,NA,"LASSO",0,0,200,3
"scenarioB","X_23","strong",0.6,0,NA,"LASSO",0,0,200,3
"scenarioB","X_24","strong",0.6,0,NA,"LASSO",0,0,200,3
"scenarioB","X_25","strong",0.6,0,NA,"LASSO",-0.0258593985610297,-0.0258593985610297,200,3
"scenarioB","X_1","strong",0.6,0.4,0.426499282046497,"SSL",0.669949911857175,0.269949911857175,200,4
"scenarioB","X_2","strong",0.6,-0.5,-0.412209069166957,"SSL",-0.385233489256882,0.114766510743118,200,4
"scenarioB","X_3","weak",0.3,0.6,0.548737619946414,"SSL",0.561939483969602,-0.0380605160303984,200,4
"scenarioB","X_4","weak",0.3,0.75,0.640650673642217,"SSL",0.674448425259522,-0.0755515747404785,200,4
"scenarioB","X_5","indep",0,-0.8,-0.739858121050231,"SSL",-0.851081694781269,-0.0510816947812691,200,4
"scenarioB","X_6","indep",0,0,NA,"SSL",0,0,200,4
"scenarioB","X_7","indep",0,0,NA,"SSL",0.0471986689274869,0.0471986689274869,200,4
"scenarioB","X_8","indep",0,0,NA,"SSL",0.147678701762745,0.147678701762745,200,4
"scenarioB","X_9","indep",0,0,NA,"SSL",0.00953651466976483,0.00953651466976483,200,4
"scenarioB","X_10","indep",0,0,NA,"SSL",0.0286851131502365,0.0286851131502365,200,4
"scenarioB","X_11","indep",0,0,NA,"SSL",0.0635374790548016,0.0635374790548016,200,4
"scenarioB","X_12","indep",0,0,NA,"SSL",-0.323945538812188,-0.323945538812188,200,4
"scenarioB","X_13","indep",0,0,NA,"SSL",0,0,200,4
"scenarioB","X_14","indep",0,0,NA,"SSL",0.0370605604473467,0.0370605604473467,200,4
"scenarioB","X_15","indep",0,0,NA,"SSL",0,0,200,4
"scenarioB","X_16","indep",0,0,NA,"SSL",-0.0379098841281888,-0.0379098841281888,200,4
"scenarioB","X_17","indep",0,0,NA,"SSL",-0.0174620119313384,-0.0174620119313384,200,4
"scenarioB","X_18","weak",0.3,0,NA,"SSL",-0.0829693486277532,-0.0829693486277532,200,4
"scenarioB","X_19","weak",0.3,0,NA,"SSL",0.136302012705478,0.136302012705478,200,4
"scenarioB","X_20","weak",0.3,0,NA,"SSL",0.239899288689392,0.239899288689392,200,4
"scenarioB","X_21","weak",0.3,0,NA,"SSL",-0.0650631787726188,-0.0650631787726188,200,4
"scenarioB","X_22","strong",0.6,0,NA,"SSL",-0.109343577900617,-0.109343577900617,200,4
"scenarioB","X_23","strong",0.6,0,NA,"SSL",-0.223490027517201,-0.223490027517201,200,4
"scenarioB","X_24","strong",0.6,0,NA,"SSL",-0.017125079343522,-0.017125079343522,200,4
"scenarioB","X_25","strong",0.6,0,NA,"SSL",0.0670114787313728,0.0670114787313728,200,4
"scenarioB","X_1","strong",0.6,0.4,0.426499282046497,"LASSO",0.146449255863122,-0.253550744136878,200,4
"scenarioB","X_2","strong",0.6,-0.5,-0.412209069166957,"LASSO",-0.127535780088426,0.372464219911574,200,4
"scenarioB","X_3","weak",0.3,0.6,0.548737619946414,"LASSO",0.468474108145093,-0.131525891854907,200,4
"scenarioB","X_4","weak",0.3,0.75,0.640650673642217,"LASSO",0.474316897451787,-0.275683102548213,200,4
"scenarioB","X_5","indep",0,-0.8,-0.739858121050231,"LASSO",-0.61737443549728,0.18262556450272,200,4
"scenarioB","X_6","indep",0,0,NA,"LASSO",0,0,200,4
"scenarioB","X_7","indep",0,0,NA,"LASSO",0,0,200,4
"scenarioB","X_8","indep",0,0,NA,"LASSO",0,0,200,4
"scenarioB","X_9","indep",0,0,NA,"LASSO",0,0,200,4
"scenarioB","X_10","indep",0,0,NA,"LASSO",0,0,200,4
"scenarioB","X_11","indep",0,0,NA,"LASSO",0,0,200,4
"scenarioB","X_12","indep",0,0,NA,"LASSO",-0.118955333476146,-0.118955333476146,200,4
"scenarioB","X_13","indep",0,0,NA,"LASSO",0,0,200,4
"scenarioB","X_14","indep",0,0,NA,"LASSO",0,0,200,4
"scenarioB","X_15","indep",0,0,NA,"LASSO",0,0,200,4
"scenarioB","X_16","indep",0,0,NA,"LASSO",0,0,200,4
"scenarioB","X_17","indep",0,0,NA,"LASSO",0,0,200,4
"scenarioB","X_18","weak",0.3,0,NA,"LASSO",0,0,200,4
"scenarioB","X_19","weak",0.3,0,NA,"LASSO",0,0,200,4
"scenarioB","X_20","weak",0.3,0,NA,"LASSO",0,0,200,4
"scenarioB","X_21","weak",0.3,0,NA,"LASSO",0,0,200,4
"scenarioB","X_22","strong",0.6,0,NA,"LASSO",0,0,200,4
"scenarioB","X_23","strong",0.6,0,NA,"LASSO",0,0,200,4
"scenarioB","X_24","strong",0.6,0,NA,"LASSO",0,0,200,4
"scenarioB","X_25","strong",0.6,0,NA,"LASSO",0,0,200,4
"scenarioB","X_1","strong",0.6,0.4,0.270535167048582,"SSL",0,-0.4,200,5
"scenarioB","X_2","strong",0.6,-0.5,-0.239382860826652,"SSL",0,0.5,200,5
"scenarioB","X_3","weak",0.3,0.6,0.691070506098598,"SSL",0.576519210555811,-0.0234807894441889,200,5
"scenarioB","X_4","weak",0.3,0.75,0.722568936246997,"SSL",0.628504002657753,-0.121495997342247,200,5
"scenarioB","X_5","indep",0,-0.8,-0.871332854631423,"SSL",-0.714215361234034,0.0857846387659664,200,5
"scenarioB","X_6","indep",0,0,NA,"SSL",0,0,200,5
"scenarioB","X_7","indep",0,0,NA,"SSL",0,0,200,5
"scenarioB","X_8","indep",0,0,NA,"SSL",0,0,200,5
"scenarioB","X_9","indep",0,0,NA,"SSL",0,0,200,5
"scenarioB","X_10","indep",0,0,NA,"SSL",0,0,200,5
"scenarioB","X_11","indep",0,0,NA,"SSL",0,0,200,5
"scenarioB","X_12","indep",0,0,NA,"SSL",0,0,200,5
"scenarioB","X_13","indep",0,0,NA,"SSL",0,0,200,5
"scenarioB","X_14","indep",0,0,NA,"SSL",0,0,200,5
"scenarioB","X_15","indep",0,0,NA,"SSL",0,0,200,5
"scenarioB","X_16","indep",0,0,NA,"SSL",0,0,200,5
"scenarioB","X_17","indep",0,0,NA,"SSL",-0.231036480129324,-0.231036480129324,200,5
"scenarioB","X_18","weak",0.3,0,NA,"SSL",0,0,200,5
"scenarioB","X_19","weak",0.3,0,NA,"SSL",0,0,200,5
"scenarioB","X_20","weak",0.3,0,NA,"SSL",0,0,200,5
"scenarioB","X_21","weak",0.3,0,NA,"SSL",0,0,200,5
"scenarioB","X_22","strong",0.6,0,NA,"SSL",0,0,200,5
"scenarioB","X_23","strong",0.6,0,NA,"SSL",0,0,200,5
"scenarioB","X_24","strong",0.6,0,NA,"SSL",0,0,200,5
"scenarioB","X_25","strong",0.6,0,NA,"SSL",0,0,200,5
"scenarioB","X_1","strong",0.6,0.4,0.270535167048582,"LASSO",0,-0.4,200,5
"scenarioB","X_2","strong",0.6,-0.5,-0.239382860826652,"LASSO",0,0.5,200,5
"scenarioB","X_3","weak",0.3,0.6,0.691070506098598,"LASSO",0.436893724709582,-0.163106275290418,200,5
"scenarioB","X_4","weak",0.3,0.75,0.722568936246997,"LASSO",0.469084472197749,-0.280915527802251,200,5
"scenarioB","X_5","indep",0,-0.8,-0.871332854631423,"LASSO",-0.52780848815273,0.27219151184727,200,5
"scenarioB","X_6","indep",0,0,NA,"LASSO",0,0,200,5
"scenarioB","X_7","indep",0,0,NA,"LASSO",0,0,200,5
"scenarioB","X_8","indep",0,0,NA,"LASSO",0,0,200,5
"scenarioB","X_9","indep",0,0,NA,"LASSO",0,0,200,5
"scenarioB","X_10","indep",0,0,NA,"LASSO",0,0,200,5
"scenarioB","X_11","indep",0,0,NA,"LASSO",0,0,200,5
"scenarioB","X_12","indep",0,0,NA,"LASSO",0,0,200,5
"scenarioB","X_13","indep",0,0,NA,"LASSO",0,0,200,5
"scenarioB","X_14","indep",0,0,NA,"LASSO",0,0,200,5
"scenarioB","X_15","indep",0,0,NA,"LASSO",0,0,200,5
"scenarioB","X_16","indep",0,0,NA,"LASSO",0,0,200,5
"scenarioB","X_17","indep",0,0,NA,"LASSO",-0.115185979126155,-0.115185979126155,200,5
"scenarioB","X_18","weak",0.3,0,NA,"LASSO",0,0,200,5
"scenarioB","X_19","weak",0.3,0,NA,"LASSO",0,0,200,5
"scenarioB","X_20","weak",0.3,0,NA,"LASSO",0.0300184523262835,0.0300184523262835,200,5
"scenarioB","X_21","weak",0.3,0,NA,"LASSO",0,0,200,5
"scenarioB","X_22","strong",0.6,0,NA,"LASSO",0,0,200,5
"scenarioB","X_23","strong",0.6,0,NA,"LASSO",0,0,200,5
"scenarioB","X_24","strong",0.6,0,NA,"LASSO",0,0,200,5
"scenarioB","X_25","strong",0.6,0,NA,"LASSO",0,0,200,5
"scenarioB","X_1","strong",0.6,0.4,0.504864181833384,"SSL",0.334399420307371,-0.0656005796926293,200,6
"scenarioB","X_2","strong",0.6,-0.5,-0.607225671410597,"SSL",-0.453263293691845,0.0467367063081547,200,6
"scenarioB","X_3","weak",0.3,0.6,0.773981631046406,"SSL",0.670480626178635,0.0704806261786354,200,6
"scenarioB","X_4","weak",0.3,0.75,0.823081857666999,"SSL",0.778662303756433,0.0286623037564327,200,6
"scenarioB","X_5","indep",0,-0.8,-0.790200292503063,"SSL",-0.705780758004366,0.0942192419956343,200,6
"scenarioB","X_6","indep",0,0,NA,"SSL",-0.0961262628788987,-0.0961262628788987,200,6
"scenarioB","X_7","indep",0,0,NA,"SSL",0,0,200,6
"scenarioB","X_8","indep",0,0,NA,"SSL",0.184892710422563,0.184892710422563,200,6
"scenarioB","X_9","indep",0,0,NA,"SSL",0,0,200,6
"scenarioB","X_10","indep",0,0,NA,"SSL",0,0,200,6
"scenarioB","X_11","indep",0,0,NA,"SSL",0,0,200,6
"scenarioB","X_12","indep",0,0,NA,"SSL",0,0,200,6
"scenarioB","X_13","indep",0,0,NA,"SSL",0,0,200,6
"scenarioB","X_14","indep",0,0,NA,"SSL",-0.13555101838808,-0.13555101838808,200,6
"scenarioB","X_15","indep",0,0,NA,"SSL",-0.0603606472570178,-0.0603606472570178,200,6
"scenarioB","X_16","indep",0,0,NA,"SSL",0,0,200,6
"scenarioB","X_17","indep",0,0,NA,"SSL",0,0,200,6
"scenarioB","X_18","weak",0.3,0,NA,"SSL",-0.140666916366297,-0.140666916366297,200,6
"scenarioB","X_19","weak",0.3,0,NA,"SSL",0.140319281349985,0.140319281349985,200,6
"scenarioB","X_20","weak",0.3,0,NA,"SSL",0.16722094065577,0.16722094065577,200,6
"scenarioB","X_21","weak",0.3,0,NA,"SSL",0,0,200,6
"scenarioB","X_22","strong",0.6,0,NA,"SSL",0,0,200,6
"scenarioB","X_23","strong",0.6,0,NA,"SSL",0,0,200,6
"scenarioB","X_24","strong",0.6,0,NA,"SSL",0,0,200,6
"scenarioB","X_25","strong",0.6,0,NA,"SSL",0,0,200,6
"scenarioB","X_1","strong",0.6,0.4,0.504864181833384,"LASSO",0.190940107469607,-0.209059892530393,200,6
"scenarioB","X_2","strong",0.6,-0.5,-0.607225671410597,"LASSO",-0.303056223862573,0.196943776137427,200,6
"scenarioB","X_3","weak",0.3,0.6,0.773981631046406,"LASSO",0.564209398597822,-0.0357906014021775,200,6
"scenarioB","X_4","weak",0.3,0.75,0.823081857666999,"LASSO",0.674123108627921,-0.0758768913720785,200,6
"scenarioB","X_5","indep",0,-0.8,-0.790200292503063,"LASSO",-0.626321816599024,0.173678183400976,200,6
"scenarioB","X_6","indep",0,0,NA,"LASSO",-0.0524259256569787,-0.0524259256569787,200,6
"scenarioB","X_7","indep",0,0,NA,"LASSO",0,0,200,6
"scenarioB","X_8","indep",0,0,NA,"LASSO",0.129999035330306,0.129999035330306,200,6
"scenarioB","X_9","indep",0,0,NA,"LASSO",0,0,200,6
"scenarioB","X_10","indep",0,0,NA,"LASSO",0,0,200,6
"scenarioB","X_11","indep",0,0,NA,"LASSO",0,0,200,6
"scenarioB","X_12","indep",0,0,NA,"LASSO",0,0,200,6
"scenarioB","X_13","indep",0,0,NA,"LASSO",0,0,200,6
"scenarioB","X_14","indep",0,0,NA,"LASSO",-0.0903799593971636,-0.0903799593971636,200,6
"scenarioB","X_15","indep",0,0,NA,"LASSO",-0.0374292415101455,-0.0374292415101455,200,6
"scenarioB","X_16","indep",0,0,NA,"LASSO",0,0,200,6
"scenarioB","X_17","indep",0,0,NA,"LASSO",0,0,200,6
"scenarioB","X_18","weak",0.3,0,NA,"LASSO",-0.0452937145633696,-0.0452937145633696,200,6
"scenarioB","X_19","weak",0.3,0,NA,"LASSO",0.0722719144702492,0.0722719144702492,200,6
"scenarioB","X_20","weak",0.3,0,NA,"LASSO",0.131420348288968,0.131420348288968,200,6
"scenarioB","X_21","weak",0.3,0,NA,"LASSO",0,0,200,6
"scenarioB","X_22","strong",0.6,0,NA,"LASSO",0,0,200,6
"scenarioB","X_23","strong",0.6,0,NA,"LASSO",0,0,200,6
"scenarioB","X_24","strong",0.6,0,NA,"LASSO",0,0,200,6
"scenarioB","X_25","strong",0.6,0,NA,"LASSO",0,0,200,6
"scenarioB","X_1","strong",0.6,0.4,0.363810042785439,"SSL",0,-0.4,200,7
"scenarioB","X_2","strong",0.6,-0.5,-0.278054786507782,"SSL",0,0.5,200,7
"scenarioB","X_3","weak",0.3,0.6,0.404468546769485,"SSL",0.334096531761545,-0.265903468238455,200,7
"scenarioB","X_4","weak",0.3,0.75,0.698623532165872,"SSL",0.66364320172377,-0.0863567982762297,200,7
"scenarioB","X_5","indep",0,-0.8,-0.674849940060538,"SSL",-0.536678995922072,0.263321004077928,200,7
"scenarioB","X_6","indep",0,0,NA,"SSL",0,0,200,7
"scenarioB","X_7","indep",0,0,NA,"SSL",0,0,200,7
"scenarioB","X_8","indep",0,0,NA,"SSL",0,0,200,7
"scenarioB","X_9","indep",0,0,NA,"SSL",0,0,200,7
"scenarioB","X_10","indep",0,0,NA,"SSL",0,0,200,7
"scenarioB","X_11","indep",0,0,NA,"SSL",0,0,200,7
"scenarioB","X_12","indep",0,0,NA,"SSL",0,0,200,7
"scenarioB","X_13","indep",0,0,NA,"SSL",0,0,200,7
"scenarioB","X_14","indep",0,0,NA,"SSL",0,0,200,7
"scenarioB","X_15","indep",0,0,NA,"SSL",0,0,200,7
"scenarioB","X_16","indep",0,0,NA,"SSL",0,0,200,7
"scenarioB","X_17","indep",0,0,NA,"SSL",0,0,200,7
"scenarioB","X_18","weak",0.3,0,NA,"SSL",0,0,200,7
"scenarioB","X_19","weak",0.3,0,NA,"SSL",0,0,200,7
"scenarioB","X_20","weak",0.3,0,NA,"SSL",0,0,200,7
"scenarioB","X_21","weak",0.3,0,NA,"SSL",0,0,200,7
"scenarioB","X_22","strong",0.6,0,NA,"SSL",0,0,200,7
"scenarioB","X_23","strong",0.6,0,NA,"SSL",0,0,200,7
"scenarioB","X_24","strong",0.6,0,NA,"SSL",0,0,200,7
"scenarioB","X_25","strong",0.6,0,NA,"SSL",0,0,200,7
"scenarioB","X_1","strong",0.6,0.4,0.363810042785439,"LASSO",0,-0.4,200,7
"scenarioB","X_2","strong",0.6,-0.5,-0.278054786507782,"LASSO",0,0.5,200,7
"scenarioB","X_3","weak",0.3,0.6,0.404468546769485,"LASSO",0.200929747396733,-0.399070252603266,200,7
"scenarioB","X_4","weak",0.3,0.75,0.698623532165872,"LASSO",0.543008402684286,-0.206991597315714,200,7
"scenarioB","X_5","indep",0,-0.8,-0.674849940060538,"LASSO",-0.41080210599759,0.38919789400241,200,7
"scenarioB","X_6","indep",0,0,NA,"LASSO",0,0,200,7
"scenarioB","X_7","indep",0,0,NA,"LASSO",0,0,200,7
"scenarioB","X_8","indep",0,0,NA,"LASSO",0,0,200,7
"scenarioB","X_9","indep",0,0,NA,"LASSO",0,0,200,7
"scenarioB","X_10","indep",0,0,NA,"LASSO",0,0,200,7
"scenarioB","X_11","indep",0,0,NA,"LASSO",0,0,200,7
"scenarioB","X_12","indep",0,0,NA,"LASSO",0,0,200,7
"scenarioB","X_13","indep",0,0,NA,"LASSO",0,0,200,7
"scenarioB","X_14","indep",0,0,NA,"LASSO",0,0,200,7
"scenarioB","X_15","indep",0,0,NA,"LASSO",0,0,200,7
"scenarioB","X_16","indep",0,0,NA,"LASSO",0,0,200,7
"scenarioB","X_17","indep",0,0,NA,"LASSO",0,0,200,7
"scenarioB","X_18","weak",0.3,0,NA,"LASSO",0,0,200,7
"scenarioB","X_19","weak",0.3,0,NA,"LASSO",0,0,200,7
"scenarioB","X_20","weak",0.3,0,NA,"LASSO",0,0,200,7
"scenarioB","X_21","weak",0.3,0,NA,"LASSO",0,0,200,7
"scenarioB","X_22","strong",0.6,0,NA,"LASSO",0,0,200,7
"scenarioB","X_23","strong",0.6,0,NA,"LASSO",0,0,200,7
"scenarioB","X_24","strong",0.6,0,NA,"LASSO",0,0,200,7
"scenarioB","X_25","strong",0.6,0,NA,"LASSO",0,0,200,7
"scenarioB","X_1","strong",0.6,0.4,0.514196382980995,"SSL",0.344266817024014,-0.0557331829759865,200,8
"scenarioB","X_2","strong",0.6,-0.5,-0.573247143143258,"SSL",-0.402171996168664,0.0978280038313358,200,8
"scenarioB","X_3","weak",0.3,0.6,0.548677200107989,"SSL",0.41793300503924,-0.18206699496076,200,8
"scenarioB","X_4","weak",0.3,0.75,0.897465922650551,"SSL",0.78185902736468,0.0318590273646797,200,8
"scenarioB","X_5","indep",0,-0.8,-0.992273641742657,"SSL",-0.884976134296654,-0.0849761342966538,200,8
"scenarioB","X_6","indep",0,0,NA,"SSL",0,0,200,8
"scenarioB","X_7","indep",0,0,NA,"SSL",0,0,200,8
"scenarioB","X_8","indep",0,0,NA,"SSL",0,0,200,8
"scenarioB","X_9","indep",0,0,NA,"SSL",0,0,200,8
"scenarioB","X_10","indep",0,0,NA,"SSL",0,0,200,8
"scenarioB","X_11","indep",0,0,NA,"SSL",0,0,200,8
"scenarioB","X_12","indep",0,0,NA,"SSL",0,0,200,8
"scenarioB","X_13","indep",0,0,NA,"SSL",0.15304811719961,0.15304811719961,200,8
"scenarioB","X_14","indep",0,0,NA,"SSL",0,0,200,8
"scenarioB","X_15","indep",0,0,NA,"SSL",0,0,200,8
"scenarioB","X_16","indep",0,0,NA,"SSL",0,0,200,8
"scenarioB","X_17","indep",0,0,NA,"SSL",0,0,200,8
"scenarioB","X_18","weak",0.3,0,NA,"SSL",0,0,200,8
"scenarioB","X_19","weak",0.3,0,NA,"SSL",0,0,200,8
"scenarioB","X_20","weak",0.3,0,NA,"SSL",0,0,200,8
"scenarioB","X_21","weak",0.3,0,NA,"SSL",0,0,200,8
"scenarioB","X_22","strong",0.6,0,NA,"SSL",0,0,200,8
"scenarioB","X_23","strong",0.6,0,NA,"SSL",0,0,200,8
"scenarioB","X_24","strong",0.6,0,NA,"SSL",0,0,200,8
"scenarioB","X_25","strong",0.6,0,NA,"SSL",0,0,200,8
"scenarioB","X_1","strong",0.6,0.4,0.514196382980995,"LASSO",0.316725166814917,-0.0832748331850831,200,8
"scenarioB","X_2","strong",0.6,-0.5,-0.573247143143258,"LASSO",-0.376355202831483,0.123644797168517,200,8
"scenarioB","X_3","weak",0.3,0.6,0.548677200107989,"LASSO",0.408605117256702,-0.191394882743298,200,8
"scenarioB","X_4","weak",0.3,0.75,0.897465922650551,"LASSO",0.77956941113201,0.0295694111320098,200,8
"scenarioB","X_5","indep",0,-0.8,-0.992273641742657,"LASSO",-0.87065766967717,-0.07065766967717,200,8
"scenarioB","X_6","indep",0,0,NA,"LASSO",0,0,200,8
"scenarioB","X_7","indep",0,0,NA,"LASSO",0,0,200,8
"scenarioB","X_8","indep",0,0,NA,"LASSO",0,0,200,8
"scenarioB","X_9","indep",0,0,NA,"LASSO",0,0,200,8
"scenarioB","X_10","indep",0,0,NA,"LASSO",0,0,200,8
"scenarioB","X_11","indep",0,0,NA,"LASSO",0,0,200,8
"scenarioB","X_12","indep",0,0,NA,"LASSO",0,0,200,8
"scenarioB","X_13","indep",0,0,NA,"LASSO",0.146182362357986,0.146182362357986,200,8
"scenarioB","X_14","indep",0,0,NA,"LASSO",0,0,200,8
"scenarioB","X_15","indep",0,0,NA,"LASSO",-0.0393687735984064,-0.0393687735984064,200,8
"scenarioB","X_16","indep",0,0,NA,"LASSO",-0.0458538074689628,-0.0458538074689628,200,8
"scenarioB","X_17","indep",0,0,NA,"LASSO",0,0,200,8
"scenarioB","X_18","weak",0.3,0,NA,"LASSO",0,0,200,8
"scenarioB","X_19","weak",0.3,0,NA,"LASSO",0,0,200,8
"scenarioB","X_20","weak",0.3,0,NA,"LASSO",0,0,200,8
"scenarioB","X_21","weak",0.3,0,NA,"LASSO",0,0,200,8
"scenarioB","X_22","strong",0.6,0,NA,"LASSO",0,0,200,8
"scenarioB","X_23","strong",0.6,0,NA,"LASSO",0,0,200,8
"scenarioB","X_24","strong",0.6,0,NA,"LASSO",0,0,200,8
"scenarioB","X_25","strong",0.6,0,NA,"LASSO",0,0,200,8
"scenarioB","X_1","strong",0.6,0.4,0.313207314705634,"SSL",0.10458706218815,-0.29541293781185,200,9
"scenarioB","X_2","strong",0.6,-0.5,-0.550177694997897,"SSL",-0.514467273611346,-0.0144672736113459,200,9
"scenarioB","X_3","weak",0.3,0.6,0.442678616252293,"SSL",0.415286853083444,-0.184713146916556,200,9
"scenarioB","X_4","weak",0.3,0.75,0.618531212488356,"SSL",0.638460929103074,-0.111539070896926,200,9
"scenarioB","X_5","indep",0,-0.8,-0.757062915489988,"SSL",-0.77549484384837,0.0245051561516304,200,9
"scenarioB","X_6","indep",0,0,NA,"SSL",-0.192627752319651,-0.192627752319651,200,9
"scenarioB","X_7","indep",0,0,NA,"SSL",-0.179887591069056,-0.179887591069056,200,9
"scenarioB","X_8","indep",0,0,NA,"SSL",0,0,200,9
"scenarioB","X_9","indep",0,0,NA,"SSL",0.0753064759874569,0.0753064759874569,200,9
"scenarioB","X_10","indep",0,0,NA,"SSL",0,0,200,9
"scenarioB","X_11","indep",0,0,NA,"SSL",0,0,200,9
"scenarioB","X_12","indep",0,0,NA,"SSL",0.13272539819451,0.13272539819451,200,9
"scenarioB","X_13","indep",0,0,NA,"SSL",0,0,200,9
"scenarioB","X_14","indep",0,0,NA,"SSL",0,0,200,9
"scenarioB","X_15","indep",0,0,NA,"SSL",0,0,200,9
"scenarioB","X_16","indep",0,0,NA,"SSL",0,0,200,9
"scenarioB","X_17","indep",0,0,NA,"SSL",0,0,200,9
"scenarioB","X_18","weak",0.3,0,NA,"SSL",0.179229649627782,0.179229649627782,200,9
"scenarioB","X_19","weak",0.3,0,NA,"SSL",0,0,200,9
"scenarioB","X_20","weak",0.3,0,NA,"SSL",-0.149009440685116,-0.149009440685116,200,9
"scenarioB","X_21","weak",0.3,0,NA,"SSL",0,0,200,9
"scenarioB","X_22","strong",0.6,0,NA,"SSL",0,0,200,9
"scenarioB","X_23","strong",0.6,0,NA,"SSL",0,0,200,9
"scenarioB","X_24","strong",0.6,0,NA,"SSL",0.14230861660167,0.14230861660167,200,9
"scenarioB","X_25","strong",0.6,0,NA,"SSL",0,0,200,9
"scenarioB","X_1","strong",0.6,0.4,0.313207314705634,"LASSO",0.0860476019266601,-0.31395239807334,200,9
"scenarioB","X_2","strong",0.6,-0.5,-0.550177694997897,"LASSO",-0.441899845578405,0.0581001544215948,200,9
"scenarioB","X_3","weak",0.3,0.6,0.442678616252293,"LASSO",0.380102823499142,-0.219897176500858,200,9
"scenarioB","X_4","weak",0.3,0.75,0.618531212488356,"LASSO",0.576220232293779,-0.173779767706221,200,9
"scenarioB","X_5","indep",0,-0.8,-0.757062915489988,"LASSO",-0.711847409031263,0.0881525909687375,200,9
"scenarioB","X_6","indep",0,0,NA,"LASSO",-0.174842497925181,-0.174842497925181,200,9
"scenarioB","X_7","indep",0,0,NA,"LASSO",-0.142983377965344,-0.142983377965344,200,9
"scenarioB","X_8","indep",0,0,NA,"LASSO",0,0,200,9
"scenarioB","X_9","indep",0,0,NA,"LASSO",0.0541570706419915,0.0541570706419915,200,9
"scenarioB","X_10","indep",0,0,NA,"LASSO",0,0,200,9
"scenarioB","X_11","indep",0,0,NA,"LASSO",0,0,200,9
"scenarioB","X_12","indep",0,0,NA,"LASSO",0.105199367133173,0.105199367133173,200,9
"scenarioB","X_13","indep",0,0,NA,"LASSO",0,0,200,9
"scenarioB","X_14","indep",0,0,NA,"LASSO",0,0,200,9
"scenarioB","X_15","indep",0,0,NA,"LASSO",0.0246809500837661,0.0246809500837661,200,9
"scenarioB","X_16","indep",0,0,NA,"LASSO",0,0,200,9
"scenarioB","X_17","indep",0,0,NA,"LASSO",0,0,200,9
"scenarioB","X_18","weak",0.3,0,NA,"LASSO",0.156650209227173,0.156650209227173,200,9
"scenarioB","X_19","weak",0.3,0,NA,"LASSO",0,0,200,9
"scenarioB","X_20","weak",0.3,0,NA,"LASSO",-0.100340515586622,-0.100340515586622,200,9
"scenarioB","X_21","weak",0.3,0,NA,"LASSO",0,0,200,9
"scenarioB","X_22","strong",0.6,0,NA,"LASSO",0,0,200,9
"scenarioB","X_23","strong",0.6,0,NA,"LASSO",0,0,200,9
"scenarioB","X_24","strong",0.6,0,NA,"LASSO",0.096215091637674,0.096215091637674,200,9
"scenarioB","X_25","strong",0.6,0,NA,"LASSO",0,0,200,9
"scenarioB","X_1","strong",0.6,0.4,0.435407271491652,"SSL",0,-0.4,200,10
"scenarioB","X_2","strong",0.6,-0.5,-0.578405530425839,"SSL",-0.23332800801847,0.26667199198153,200,10
"scenarioB","X_3","weak",0.3,0.6,0.668026434448128,"SSL",0.578701363538704,-0.0212986364612955,200,10
"scenarioB","X_4","weak",0.3,0.75,0.659889048949801,"SSL",0.567759522656306,-0.182240477343694,200,10
"scenarioB","X_5","indep",0,-0.8,-0.722763927875045,"SSL",-0.655185448246275,0.144814551753725,200,10
"scenarioB","X_6","indep",0,0,NA,"SSL",0,0,200,10
"scenarioB","X_7","indep",0,0,NA,"SSL",0,0,200,10
"scenarioB","X_8","indep",0,0,NA,"SSL",0,0,200,10
"scenarioB","X_9","indep",0,0,NA,"SSL",0,0,200,10
"scenarioB","X_10","indep",0,0,NA,"SSL",0,0,200,10
"scenarioB","X_11","indep",0,0,NA,"SSL",0,0,200,10
"scenarioB","X_12","indep",0,0,NA,"SSL",0,0,200,10
"scenarioB","X_13","indep",0,0,NA,"SSL",0,0,200,10
"scenarioB","X_14","indep",0,0,NA,"SSL",0,0,200,10
"scenarioB","X_15","indep",0,0,NA,"SSL",0,0,200,10
"scenarioB","X_16","indep",0,0,NA,"SSL",0,0,200,10
"scenarioB","X_17","indep",0,0,NA,"SSL",0,0,200,10
"scenarioB","X_18","weak",0.3,0,NA,"SSL",0,0,200,10
"scenarioB","X_19","weak",0.3,0,NA,"SSL",0,0,200,10
"scenarioB","X_20","weak",0.3,0,NA,"SSL",0,0,200,10
"scenarioB","X_21","weak",0.3,0,NA,"SSL",0,0,200,10
"scenarioB","X_22","strong",0.6,0,NA,"SSL",0,0,200,10
"scenarioB","X_23","strong",0.6,0,NA,"SSL",0,0,200,10
"scenarioB","X_24","strong",0.6,0,NA,"SSL",0,0,200,10
"scenarioB","X_25","strong",0.6,0,NA,"SSL",0,0,200,10
"scenarioB","X_1","strong",0.6,0.4,0.435407271491652,"LASSO",0,-0.4,200,10
"scenarioB","X_2","strong",0.6,-0.5,-0.578405530425839,"LASSO",-0.150554242021287,0.349445757978713,200,10
"scenarioB","X_3","weak",0.3,0.6,0.668026434448128,"LASSO",0.471205974556932,-0.128794025443068,200,10
"scenarioB","X_4","weak",0.3,0.75,0.659889048949801,"LASSO",0.488154459357657,-0.261845540642343,200,10
"scenarioB","X_5","indep",0,-0.8,-0.722763927875045,"LASSO",-0.558610531390039,0.241389468609961,200,10
"scenarioB","X_6","indep",0,0,NA,"LASSO",0,0,200,10
"scenarioB","X_7","indep",0,0,NA,"LASSO",0,0,200,10
"scenarioB","X_8","indep",0,0,NA,"LASSO",0,0,200,10
"scenarioB","X_9","indep",0,0,NA,"LASSO",0,0,200,10
"scenarioB","X_10","indep",0,0,NA,"LASSO",0.0448701453367707,0.0448701453367707,200,10
"scenarioB","X_11","indep",0,0,NA,"LASSO",0,0,200,10
"scenarioB","X_12","indep",0,0,NA,"LASSO",0,0,200,10
"scenarioB","X_13","indep",0,0,NA,"LASSO",0,0,200,10
"scenarioB","X_14","indep",0,0,NA,"LASSO",0,0,200,10
"scenarioB","X_15","indep",0,0,NA,"LASSO",0,0,200,10
"scenarioB","X_16","indep",0,0,NA,"LASSO",0,0,200,10
"scenarioB","X_17","indep",0,0,NA,"LASSO",0,0,200,10
"scenarioB","X_18","weak",0.3,0,NA,"LASSO",0,0,200,10
"scenarioB","X_19","weak",0.3,0,NA,"LASSO",0,0,200,10
"scenarioB","X_20","weak",0.3,0,NA,"LASSO",0.0666617304984526,0.0666617304984526,200,10
"scenarioB","X_21","weak",0.3,0,NA,"LASSO",0,0,200,10
"scenarioB","X_22","strong",0.6,0,NA,"LASSO",0,0,200,10
"scenarioB","X_23","strong",0.6,0,NA,"LASSO",0,0,200,10
"scenarioB","X_24","strong",0.6,0,NA,"LASSO",0,0,200,10
"scenarioB","X_25","strong",0.6,0,NA,"LASSO",0,0,200,10
"scenarioB","X_1","strong",0.6,0.4,0.459848674121373,"SSL",0.419124096188186,0.0191240961881857,200,11
"scenarioB","X_2","strong",0.6,-0.5,-0.424626559455094,"SSL",-0.327173085575985,0.172826914424015,200,11
"scenarioB","X_3","weak",0.3,0.6,0.409600674614817,"SSL",0.299757391298637,-0.300242608701363,200,11
"scenarioB","X_4","weak",0.3,0.75,0.819374312285358,"SSL",0.748756298403154,-0.00124370159684628,200,11
"scenarioB","X_5","indep",0,-0.8,-0.817389499523783,"SSL",-0.786936305720319,0.0130636942796808,200,11
"scenarioB","X_6","indep",0,0,NA,"SSL",0,0,200,11
"scenarioB","X_7","indep",0,0,NA,"SSL",0,0,200,11
"scenarioB","X_8","indep",0,0,NA,"SSL",0,0,200,11
"scenarioB","X_9","indep",0,0,NA,"SSL",0,0,200,11
"scenarioB","X_10","indep",0,0,NA,"SSL",0,0,200,11
"scenarioB","X_11","indep",0,0,NA,"SSL",0,0,200,11
"scenarioB","X_12","indep",0,0,NA,"SSL",-0.134953514771438,-0.134953514771438,200,11
"scenarioB","X_13","indep",0,0,NA,"SSL",0,0,200,11
"scenarioB","X_14","indep",0,0,NA,"SSL",0,0,200,11
"scenarioB","X_15","indep",0,0,NA,"SSL",0,0,200,11
"scenarioB","X_16","indep",0,0,NA,"SSL",0,0,200,11
"scenarioB","X_17","indep",0,0,NA,"SSL",0,0,200,11
"scenarioB","X_18","weak",0.3,0,NA,"SSL",0,0,200,11
"scenarioB","X_19","weak",0.3,0,NA,"SSL",0,0,200,11
"scenarioB","X_20","weak",0.3,0,NA,"SSL",0.186555803591752,0.186555803591752,200,11
"scenarioB","X_21","weak",0.3,0,NA,"SSL",0.125466338381165,0.125466338381165,200,11
"scenarioB","X_22","strong",0.6,0,NA,"SSL",0,0,200,11
"scenarioB","X_23","strong",0.6,0,NA,"SSL",0,0,200,11
"scenarioB","X_24","strong",0.6,0,NA,"SSL",0,0,200,11
"scenarioB","X_25","strong",0.6,0,NA,"SSL",0,0,200,11
"scenarioB","X_1","strong",0.6,0.4,0.459848674121373,"LASSO",0.093742791343537,-0.306257208656463,200,11
"scenarioB","X_2","strong",0.6,-0.5,-0.424626559455094,"LASSO",0,0.5,200,11
"scenarioB","X_3","weak",0.3,0.6,0.409600674614817,"LASSO",0.254659625480864,-0.345340374519136,200,11
"scenarioB","X_4","weak",0.3,0.75,0.819374312285358,"LASSO",0.552823825742782,-0.197176174257218,200,11
"scenarioB","X_5","indep",0,-0.8,-0.817389499523783,"LASSO",-0.575258066868102,0.224741933131898,200,11
"scenarioB","X_6","indep",0,0,NA,"LASSO",0,0,200,11
"scenarioB","X_7","indep",0,0,NA,"LASSO",0,0,200,11
"scenarioB","X_8","indep",0,0,NA,"LASSO",0,0,200,11
"scenarioB","X_9","indep",0,0,NA,"LASSO",0,0,200,11
"scenarioB","X_10","indep",0,0,NA,"LASSO",0,0,200,11
"scenarioB","X_11","indep",0,0,NA,"LASSO",0,0,200,11
"scenarioB","X_12","indep",0,0,NA,"LASSO",0,0,200,11
"scenarioB","X_13","indep",0,0,NA,"LASSO",0,0,200,11
"scenarioB","X_14","indep",0,0,NA,"LASSO",0,0,200,11
"scenarioB","X_15","indep",0,0,NA,"LASSO",0,0,200,11
"scenarioB","X_16","indep",0,0,NA,"LASSO",0,0,200,11
"scenarioB","X_17","indep",0,0,NA,"LASSO",0,0,200,11
"scenarioB","X_18","weak",0.3,0,NA,"LASSO",0,0,200,11
"scenarioB","X_19","weak",0.3,0,NA,"LASSO",0,0,200,11
"scenarioB","X_20","weak",0.3,0,NA,"LASSO",0.105446074237898,0.105446074237898,200,11
"scenarioB","X_21","weak",0.3,0,NA,"LASSO",0.0752305145121275,0.0752305145121275,200,11
"scenarioB","X_22","strong",0.6,0,NA,"LASSO",0,0,200,11
"scenarioB","X_23","strong",0.6,0,NA,"LASSO",0,0,200,11
"scenarioB","X_24","strong",0.6,0,NA,"LASSO",0,0,200,11
"scenarioB","X_25","strong",0.6,0,NA,"LASSO",0,0,200,11
"scenarioB","X_1","strong",0.6,0.4,0.341780041306598,"SSL",0.121179608297694,-0.278820391702306,200,12
"scenarioB","X_2","strong",0.6,-0.5,-0.413053315011964,"SSL",-0.258263303025021,0.241736696974979,200,12
"scenarioB","X_3","weak",0.3,0.6,0.571393732413638,"SSL",0.507997789914453,-0.0920022100855465,200,12
"scenarioB","X_4","weak",0.3,0.75,0.595614647163276,"SSL",0.552583171610664,-0.197416828389336,200,12
"scenarioB","X_5","indep",0,-0.8,-0.72789279844025,"SSL",-0.696283669254483,0.103716330745517,200,12
"scenarioB","X_6","indep",0,0,NA,"SSL",0,0,200,12
"scenarioB","X_7","indep",0,0,NA,"SSL",0,0,200,12
"scenarioB","X_8","indep",0,0,NA,"SSL",-0.179233580095299,-0.179233580095299,200,12
"scenarioB","X_9","indep",0,0,NA,"SSL",0,0,200,12
"scenarioB","X_10","indep",0,0,NA,"SSL",0,0,200,12
"scenarioB","X_11","indep",0,0,NA,"SSL",0,0,200,12
"scenarioB","X_12","indep",0,0,NA,"SSL",0,0,200,12
"scenarioB","X_13","indep",0,0,NA,"SSL",0,0,200,12
"scenarioB","X_14","indep",0,0,NA,"SSL",0,0,200,12
"scenarioB","X_15","indep",0,0,NA,"SSL",0,0,200,12
"scenarioB","X_16","indep",0,0,NA,"SSL",0,0,200,12
"scenarioB","X_17","indep",0,0,NA,"SSL",0,0,200,12
"scenarioB","X_18","weak",0.3,0,NA,"SSL",0,0,200,12
"scenarioB","X_19","weak",0.3,0,NA,"SSL",0.307814010226425,0.307814010226425,200,12
"scenarioB","X_20","weak",0.3,0,NA,"SSL",0,0,200,12
"scenarioB","X_21","weak",0.3,0,NA,"SSL",0,0,200,12
"scenarioB","X_22","strong",0.6,0,NA,"SSL",0,0,200,12
"scenarioB","X_23","strong",0.6,0,NA,"SSL",0,0,200,12
"scenarioB","X_24","strong",0.6,0,NA,"SSL",0,0,200,12
"scenarioB","X_25","strong",0.6,0,NA,"SSL",0,0,200,12
"scenarioB","X_1","strong",0.6,0.4,0.341780041306598,"LASSO",0,-0.4,200,12
"scenarioB","X_2","strong",0.6,-0.5,-0.413053315011964,"LASSO",-0.0397357596717993,0.460264240328201,200,12
"scenarioB","X_3","weak",0.3,0.6,0.571393732413638,"LASSO",0.376161318356328,-0.223838681643672,200,12
"scenarioB","X_4","weak",0.3,0.75,0.595614647163276,"LASSO",0.445393918576479,-0.304606081423521,200,12
"scenarioB","X_5","indep",0,-0.8,-0.72789279844025,"LASSO",-0.554915062329013,0.245084937670987,200,12
"scenarioB","X_6","indep",0,0,NA,"LASSO",0,0,200,12
"scenarioB","X_7","indep",0,0,NA,"LASSO",0,0,200,12
"scenarioB","X_8","indep",0,0,NA,"LASSO",-0.0811979069290099,-0.0811979069290099,200,12
"scenarioB","X_9","indep",0,0,NA,"LASSO",0,0,200,12
"scenarioB","X_10","indep",0,0,NA,"LASSO",0,0,200,12
"scenarioB","X_11","indep",0,0,NA,"LASSO",0,0,200,12
"scenarioB","X_12","indep",0,0,NA,"LASSO",0,0,200,12
"scenarioB","X_13","indep",0,0,NA,"LASSO",0,0,200,12
"scenarioB","X_14","indep",0,0,NA,"LASSO",0,0,200,12
"scenarioB","X_15","indep",0,0,NA,"LASSO",0,0,200,12
"scenarioB","X_16","indep",0,0,NA,"LASSO",0,0,200,12
"scenarioB","X_17","indep",0,0,NA,"LASSO",0,0,200,12
"scenarioB","X_18","weak",0.3,0,NA,"LASSO",0,0,200,12
"scenarioB","X_19","weak",0.3,0,NA,"LASSO",0.210450903495129,0.210450903495129,200,12
"scenarioB","X_20","weak",0.3,0,NA,"LASSO",0,0,200,12
"scenarioB","X_21","weak",0.3,0,NA,"LASSO",0,0,200,12
"scenarioB","X_22","strong",0.6,0,NA,"LASSO",-0.0221544472506399,-0.0221544472506399,200,12
"scenarioB","X_23","strong",0.6,0,NA,"LASSO",0,0,200,12
"scenarioB","X_24","strong",0.6,0,NA,"LASSO",0,0,200,12
"scenarioB","X_25","strong",0.6,0,NA,"LASSO",0,0,200,12
"scenarioB","X_1","strong",0.6,0.4,0.291424503913025,"SSL",0,-0.4,200,13
"scenarioB","X_2","strong",0.6,-0.5,-0.443413177651364,"SSL",0,0.5,200,13
"scenarioB","X_3","weak",0.3,0.6,0.684090685741991,"SSL",0.51196255102154,-0.0880374489784603,200,13
"scenarioB","X_4","weak",0.3,0.75,0.59487117469774,"SSL",0.487617748936197,-0.262382251063803,200,13
"scenarioB","X_5","indep",0,-0.8,-0.818946237323003,"SSL",-0.711237145494464,0.0887628545055357,200,13
"scenarioB","X_6","indep",0,0,NA,"SSL",0,0,200,13
"scenarioB","X_7","indep",0,0,NA,"SSL",0,0,200,13
"scenarioB","X_8","indep",0,0,NA,"SSL",0,0,200,13
"scenarioB","X_9","indep",0,0,NA,"SSL",0,0,200,13
"scenarioB","X_10","indep",0,0,NA,"SSL",0,0,200,13
"scenarioB","X_11","indep",0,0,NA,"SSL",0,0,200,13
"scenarioB","X_12","indep",0,0,NA,"SSL",0,0,200,13
"scenarioB","X_13","indep",0,0,NA,"SSL",0,0,200,13
"scenarioB","X_14","indep",0,0,NA,"SSL",0,0,200,13
"scenarioB","X_15","indep",0,0,NA,"SSL",0,0,200,13
"scenarioB","X_16","indep",0,0,NA,"SSL",0,0,200,13
"scenarioB","X_17","indep",0,0,NA,"SSL",0,0,200,13
"scenarioB","X_18","weak",0.3,0,NA,"SSL",0,0,200,13
"scenarioB","X_19","weak",0.3,0,NA,"SSL",0,0,200,13
"scenarioB","X_20","weak",0.3,0,NA,"SSL",0,0,200,13
"scenarioB","X_21","weak",0.3,0,NA,"SSL",0,0,200,13
"scenarioB","X_22","strong",0.6,0,NA,"SSL",0,0,200,13
"scenarioB","X_23","strong",0.6,0,NA,"SSL",0,0,200,13
"scenarioB","X_24","strong",0.6,0,NA,"SSL",0,0,200,13
"scenarioB","X_25","strong",0.6,0,NA,"SSL",0,0,200,13
"scenarioB","X_1","strong",0.6,0.4,0.291424503913025,"LASSO",0,-0.4,200,13
"scenarioB","X_2","strong",0.6,-0.5,-0.443413177651364,"LASSO",-0.0926434740772674,0.407356525922733,200,13
"scenarioB","X_3","weak",0.3,0.6,0.684090685741991,"LASSO",0.474293712312684,-0.125706287687316,200,13
"scenarioB","X_4","weak",0.3,0.75,0.59487117469774,"LASSO",0.409723506283251,-0.340276493716749,200,13
"scenarioB","X_5","indep",0,-0.8,-0.818946237323003,"LASSO",-0.66363320449083,0.13636679550917,200,13
"scenarioB","X_6","indep",0,0,NA,"LASSO",0,0,200,13
"scenarioB","X_7","indep",0,0,NA,"LASSO",0,0,200,13
"scenarioB","X_8","indep",0,0,NA,"LASSO",0,0,200,13
"scenarioB","X_9","indep",0,0,NA,"LASSO",0.0404316303335904,0.0404316303335904,200,13
"scenarioB","X_10","indep",0,0,NA,"LASSO",0,0,200,13
"scenarioB","X_11","indep",0,0,NA,"LASSO",0,0,200,13
"scenarioB","X_12","indep",0,0,NA,"LASSO",0.121533327043877,0.121533327043877,200,13
"scenarioB","X_13","indep",0,0,NA,"LASSO",0,0,200,13
"scenarioB","X_14","indep",0,0,NA,"LASSO",0,0,200,13
"scenarioB","X_15","indep",0,0,NA,"LASSO",-0.0896341791765971,-0.0896341791765971,200,13
"scenarioB","X_16","indep",0,0,NA,"LASSO",0,0,200,13
"scenarioB","X_17","indep",0,0,NA,"LASSO",0,0,200,13
"scenarioB","X_18","weak",0.3,0,NA,"LASSO",0,0,200,13
"scenarioB","X_19","weak",0.3,0,NA,"LASSO",0,0,200,13
"scenarioB","X_20","weak",0.3,0,NA,"LASSO",0,0,200,13
"scenarioB","X_21","weak",0.3,0,NA,"LASSO",0.0310878845323253,0.0310878845323253,200,13
"scenarioB","X_22","strong",0.6,0,NA,"LASSO",0,0,200,13
"scenarioB","X_23","strong",0.6,0,NA,"LASSO",0,0,200,13
"scenarioB","X_24","strong",0.6,0,NA,"LASSO",0,0,200,13
"scenarioB","X_25","strong",0.6,0,NA,"LASSO",0,0,200,13
"scenarioB","X_1","strong",0.6,0.4,0.265014324924904,"SSL",0,-0.4,200,14
"scenarioB","X_2","strong",0.6,-0.5,-0.341358362377588,"SSL",-0.15760979502551,0.34239020497449,200,14
"scenarioB","X_3","weak",0.3,0.6,0.502156131782529,"SSL",0.409568976993004,-0.190431023006996,200,14
"scenarioB","X_4","weak",0.3,0.75,0.734840868443377,"SSL",0.67255492804953,-0.0774450719504701,200,14
"scenarioB","X_5","indep",0,-0.8,-0.585459285404249,"SSL",-0.531669970006663,0.268330029993337,200,14
"scenarioB","X_6","indep",0,0,NA,"SSL",0,0,200,14
"scenarioB","X_7","indep",0,0,NA,"SSL",0,0,200,14
"scenarioB","X_8","indep",0,0,NA,"SSL",0,0,200,14
"scenarioB","X_9","indep",0,0,NA,"SSL",0.121716112625468,0.121716112625468,200,14
"scenarioB","X_10","indep",0,0,NA,"SSL",0,0,200,14
"scenarioB","X_11","indep",0,0,NA,"SSL",0,0,200,14
"scenarioB","X_12","indep",0,0,NA,"SSL",0,0,200,14
"scenarioB","X_13","indep",0,0,NA,"SSL",0,0,200,14
"scenarioB","X_14","indep",0,0,NA,"SSL",0,0,200,14
"scenarioB","X_15","indep",0,0,NA,"SSL",0,0,200,14
"scenarioB","X_16","indep",0,0,NA,"SSL",0,0,200,14
"scenarioB","X_17","indep",0,0,NA,"SSL",0,0,200,14
"scenarioB","X_18","weak",0.3,0,NA,"SSL",0,0,200,14
"scenarioB","X_19","weak",0.3,0,NA,"SSL",0.106049668710213,0.106049668710213,200,14
"scenarioB","X_20","weak",0.3,0,NA,"SSL",0,0,200,14
"scenarioB","X_21","weak",0.3,0,NA,"SSL",0,0,200,14
"scenarioB","X_22","strong",0.6,0,NA,"SSL",0,0,200,14
"scenarioB","X_23","strong",0.6,0,NA,"SSL",0,0,200,14
"scenarioB","X_24","strong",0.6,0,NA,"SSL",0,0,200,14
"scenarioB","X_25","strong",0.6,0,NA,"SSL",0,0,200,14
"scenarioB","X_1","strong",0.6,0.4,0.265014324924904,"LASSO",0,-0.4,200,14
"scenarioB","X_2","strong",0.6,-0.5,-0.341358362377588,"LASSO",0,0.5,200,14
"scenarioB","X_3","weak",0.3,0.6,0.502156131782529,"LASSO",0.318705702617552,-0.281294297382448,200,14
"scenarioB","X_4","weak",0.3,0.75,0.734840868443377,"LASSO",0.513910649296655,-0.236089350703345,200,14
"scenarioB","X_5","indep",0,-0.8,-0.585459285404249,"LASSO",-0.303026011784906,0.496973988215094,200,14
"scenarioB","X_6","indep",0,0,NA,"LASSO",0,0,200,14
"scenarioB","X_7","indep",0,0,NA,"LASSO",0,0,200,14
"scenarioB","X_8","indep",0,0,NA,"LASSO",0,0,200,14
"scenarioB","X_9","indep",0,0,NA,"LASSO",0,0,200,14
"scenarioB","X_10","indep",0,0,NA,"LASSO",0,0,200,14
"scenarioB","X_11","indep",0,0,NA,"LASSO",0,0,200,14
"scenarioB","X_12","indep",0,0,NA,"LASSO",0,0,200,14
"scenarioB","X_13","indep",0,0,NA,"LASSO",0,0,200,14
"scenarioB","X_14","indep",0,0,NA,"LASSO",0,0,200,14
"scenarioB","X_15","indep",0,0,NA,"LASSO",0,0,200,14
"scenarioB","X_16","indep",0,0,NA,"LASSO",0,0,200,14
"scenarioB","X_17","indep",0,0,NA,"LASSO",0,0,200,14
"scenarioB","X_18","weak",0.3,0,NA,"LASSO",0,0,200,14
"scenarioB","X_19","weak",0.3,0,NA,"LASSO",0,0,200,14
"scenarioB","X_20","weak",0.3,0,NA,"LASSO",0,0,200,14
"scenarioB","X_21","weak",0.3,0,NA,"LASSO",0,0,200,14
"scenarioB","X_22","strong",0.6,0,NA,"LASSO",0,0,200,14
"scenarioB","X_23","strong",0.6,0,NA,"LASSO",0,0,200,14
"scenarioB","X_24","strong",0.6,0,NA,"LASSO",0,0,200,14
"scenarioB","X_25","strong",0.6,0,NA,"LASSO",0,0,200,14
"scenarioB","X_1","strong",0.6,0.4,0.705212733816895,"SSL",0.863482646440497,0.463482646440497,200,15
"scenarioB","X_2","strong",0.6,-0.5,-0.804678678376879,"SSL",-0.641553514478171,-0.141553514478171,200,15
"scenarioB","X_3","weak",0.3,0.6,0.617735425708107,"SSL",0.638241307566775,0.0382413075667747,200,15
"scenarioB","X_4","weak",0.3,0.75,0.786867173542872,"SSL",0.744427241491876,-0.00557275850812355,200,15
"scenarioB","X_5","indep",0,-0.8,-1.06740483141259,"SSL",-1.07781935090213,-0.277819350902125,200,15
"scenarioB","X_6","indep",0,0,NA,"SSL",-0.124581160277841,-0.124581160277841,200,15
"scenarioB","X_7","indep",0,0,NA,"SSL",0,0,200,15
"scenarioB","X_8","indep",0,0,NA,"SSL",0,0,200,15
"scenarioB","X_9","indep",0,0,NA,"SSL",0.125839057981939,0.125839057981939,200,15
"scenarioB","X_10","indep",0,0,NA,"SSL",-0.207378223612336,-0.207378223612336,200,15
"scenarioB","X_11","indep",0,0,NA,"SSL",-0.0628109507458828,-0.0628109507458828,200,15
"scenarioB","X_12","indep",0,0,NA,"SSL",0,0,200,15
"scenarioB","X_13","indep",0,0,NA,"SSL",0,0,200,15
"scenarioB","X_14","indep",0,0,NA,"SSL",0.153177252734588,0.153177252734588,200,15
"scenarioB","X_15","indep",0,0,NA,"SSL",0,0,200,15
"scenarioB","X_16","indep",0,0,NA,"SSL",0,0,200,15
"scenarioB","X_17","indep",0,0,NA,"SSL",0.0530647951157753,0.0530647951157753,200,15
"scenarioB","X_18","weak",0.3,0,NA,"SSL",0,0,200,15
"scenarioB","X_19","weak",0.3,0,NA,"SSL",0.0457425392173931,0.0457425392173931,200,15
"scenarioB","X_20","weak",0.3,0,NA,"SSL",-0.081250634166761,-0.081250634166761,200,15
"scenarioB","X_21","weak",0.3,0,NA,"SSL",0,0,200,15
"scenarioB","X_22","strong",0.6,0,NA,"SSL",-0.385889952821987,-0.385889952821987,200,15
"scenarioB","X_23","strong",0.6,0,NA,"SSL",0,0,200,15
"scenarioB","X_24","strong",0.6,0,NA,"SSL",0.0953550959225785,0.0953550959225785,200,15
"scenarioB","X_25","strong",0.6,0,NA,"SSL",-0.0774754303320446,-0.0774754303320446,200,15
"scenarioB","X_1","strong",0.6,0.4,0.705212733816895,"LASSO",0.423741457383645,0.023741457383645,200,15
"scenarioB","X_2","strong",0.6,-0.5,-0.804678678376879,"LASSO",-0.382759783542323,0.117240216457677,200,15
"scenarioB","X_3","weak",0.3,0.6,0.617735425708107,"LASSO",0.457774134059281,-0.142225865940719,200,15
"scenarioB","X_4","weak",0.3,0.75,0.786867173542872,"LASSO",0.575110266990775,-0.174889733009225,200,15
"scenarioB","X_5","indep",0,-0.8,-1.06740483141259,"LASSO",-0.805983897758258,-0.00598389775825781,200,15
"scenarioB","X_6","indep",0,0,NA,"LASSO",0,0,200,15
"scenarioB","X_7","indep",0,0,NA,"LASSO",0,0,200,15
"scenarioB","X_8","indep",0,0,NA,"LASSO",0,0,200,15
"scenarioB","X_9","indep",0,0,NA,"LASSO",0.0252425620817661,0.0252425620817661,200,15
"scenarioB","X_10","indep",0,0,NA,"LASSO",-0.0864162947609407,-0.0864162947609407,200,15
"scenarioB","X_11","indep",0,0,NA,"LASSO",-0.0358382848714342,-0.0358382848714342,200,15
"scenarioB","X_12","indep",0,0,NA,"LASSO",0,0,200,15
"scenarioB","X_13","indep",0,0,NA,"LASSO",0,0,200,15
"scenarioB","X_14","indep",0,0,NA,"LASSO",0,0,200,15
"scenarioB","X_15","indep",0,0,NA,"LASSO",0,0,200,15
"scenarioB","X_16","indep",0,0,NA,"LASSO",0,0,200,15
"scenarioB","X_17","indep",0,0,NA,"LASSO",0,0,200,15
"scenarioB","X_18","weak",0.3,0,NA,"LASSO",0,0,200,15
"scenarioB","X_19","weak",0.3,0,NA,"LASSO",0,0,200,15
"scenarioB","X_20","weak",0.3,0,NA,"LASSO",0,0,200,15
"scenarioB","X_21","weak",0.3,0,NA,"LASSO",0,0,200,15
"scenarioB","X_22","strong",0.6,0,NA,"LASSO",-0.157238453598365,-0.157238453598365,200,15
"scenarioB","X_23","strong",0.6,0,NA,"LASSO",0,0,200,15
"scenarioB","X_24","strong",0.6,0,NA,"LASSO",0,0,200,15
"scenarioB","X_25","strong",0.6,0,NA,"LASSO",0,0,200,15
"scenarioB","X_1","strong",0.6,0.4,0.420802133258656,"SSL",0,-0.4,200,16
"scenarioB","X_2","strong",0.6,-0.5,-0.61799540277252,"SSL",-0.310501991868994,0.189498008131006,200,16
"scenarioB","X_3","weak",0.3,0.6,0.95559292447268,"SSL",0.832763999201655,0.232763999201655,200,16
"scenarioB","X_4","weak",0.3,0.75,0.686027948744632,"SSL",0.60021269234408,-0.14978730765592,200,16
"scenarioB","X_5","indep",0,-0.8,-0.714456781622489,"SSL",-0.537040579938812,0.262959420061188,200,16
"scenarioB","X_6","indep",0,0,NA,"SSL",0,0,200,16
"scenarioB","X_7","indep",0,0,NA,"SSL",0,0,200,16
"scenarioB","X_8","indep",0,0,NA,"SSL",0,0,200,16
"scenarioB","X_9","indep",0,0,NA,"SSL",0,0,200,16
"scenarioB","X_10","indep",0,0,NA,"SSL",0,0,200,16
"scenarioB","X_11","indep",0,0,NA,"SSL",0,0,200,16
"scenarioB","X_12","indep",0,0,NA,"SSL",0,0,200,16
"scenarioB","X_13","indep",0,0,NA,"SSL",0,0,200,16
"scenarioB","X_14","indep",0,0,NA,"SSL",0,0,200,16
"scenarioB","X_15","indep",0,0,NA,"SSL",0,0,200,16
"scenarioB","X_16","indep",0,0,NA,"SSL",0,0,200,16
"scenarioB","X_17","indep",0,0,NA,"SSL",0,0,200,16
"scenarioB","X_18","weak",0.3,0,NA,"SSL",0,0,200,16
"scenarioB","X_19","weak",0.3,0,NA,"SSL",0,0,200,16
"scenarioB","X_20","weak",0.3,0,NA,"SSL",0,0,200,16
"scenarioB","X_21","weak",0.3,0,NA,"SSL",0,0,200,16
"scenarioB","X_22","strong",0.6,0,NA,"SSL",0,0,200,16
"scenarioB","X_23","strong",0.6,0,NA,"SSL",0,0,200,16
"scenarioB","X_24","strong",0.6,0,NA,"SSL",0,0,200,16
"scenarioB","X_25","strong",0.6,0,NA,"SSL",0,0,200,16
"scenarioB","X_1","strong",0.6,0.4,0.420802133258656,"LASSO",0,-0.4,200,16
"scenarioB","X_2","strong",0.6,-0.5,-0.61799540277252,"LASSO",-0.182837265074448,0.317162734925552,200,16
"scenarioB","X_3","weak",0.3,0.6,0.95559292447268,"LASSO",0.646283014580181,0.0462830145801814,200,16
"scenarioB","X_4","weak",0.3,0.75,0.686027948744632,"LASSO",0.437580810777257,-0.312419189222743,200,16
"scenarioB","X_5","indep",0,-0.8,-0.714456781622489,"LASSO",-0.350598552103536,0.449401447896464,200,16
"scenarioB","X_6","indep",0,0,NA,"LASSO",0,0,200,16
"scenarioB","X_7","indep",0,0,NA,"LASSO",0,0,200,16
"scenarioB","X_8","indep",0,0,NA,"LASSO",0,0,200,16
"scenarioB","X_9","indep",0,0,NA,"LASSO",0,0,200,16
"scenarioB","X_10","indep",0,0,NA,"LASSO",0,0,200,16
"scenarioB","X_11","indep",0,0,NA,"LASSO",0,0,200,16
"scenarioB","X_12","indep",0,0,NA,"LASSO",0,0,200,16
"scenarioB","X_13","indep",0,0,NA,"LASSO",0,0,200,16
"scenarioB","X_14","indep",0,0,NA,"LASSO",0,0,200,16
"scenarioB","X_15","indep",0,0,NA,"LASSO",0,0,200,16
"scenarioB","X_16","indep",0,0,NA,"LASSO",0,0,200,16
"scenarioB","X_17","indep",0,0,NA,"LASSO",0,0,200,16
"scenarioB","X_18","weak",0.3,0,NA,"LASSO",0,0,200,16
"scenarioB","X_19","weak",0.3,0,NA,"LASSO",0,0,200,16
"scenarioB","X_20","weak",0.3,0,NA,"LASSO",0,0,200,16
"scenarioB","X_21","weak",0.3,0,NA,"LASSO",0,0,200,16
"scenarioB","X_22","strong",0.6,0,NA,"LASSO",0,0,200,16
"scenarioB","X_23","strong",0.6,0,NA,"LASSO",-0.0292608116915012,-0.0292608116915012,200,16
"scenarioB","X_24","strong",0.6,0,NA,"LASSO",0,0,200,16
"scenarioB","X_25","strong",0.6,0,NA,"LASSO",0,0,200,16
"scenarioB","X_1","strong",0.6,0.4,0.327018224549951,"SSL",0,-0.4,200,17
"scenarioB","X_2","strong",0.6,-0.5,-0.594185653250877,"SSL",-0.305499376157129,0.194500623842871,200,17
"scenarioB","X_3","weak",0.3,0.6,0.555601738725356,"SSL",0.484067439096873,-0.115932560903127,200,17
"scenarioB","X_4","weak",0.3,0.75,0.641045230552103,"SSL",0.592444947952703,-0.157555052047297,200,17
"scenarioB","X_5","indep",0,-0.8,-0.827715384160833,"SSL",-0.63961948663805,0.16038051336195,200,17
"scenarioB","X_6","indep",0,0,NA,"SSL",0,0,200,17
"scenarioB","X_7","indep",0,0,NA,"SSL",0,0,200,17
"scenarioB","X_8","indep",0,0,NA,"SSL",0.196105170304931,0.196105170304931,200,17
"scenarioB","X_9","indep",0,0,NA,"SSL",0,0,200,17
"scenarioB","X_10","indep",0,0,NA,"SSL",0,0,200,17
"scenarioB","X_11","indep",0,0,NA,"SSL",0,0,200,17
"scenarioB","X_12","indep",0,0,NA,"SSL",0,0,200,17
"scenarioB","X_13","indep",0,0,NA,"SSL",0,0,200,17
"scenarioB","X_14","indep",0,0,NA,"SSL",0,0,200,17
"scenarioB","X_15","indep",0,0,NA,"SSL",0,0,200,17
"scenarioB","X_16","indep",0,0,NA,"SSL",0,0,200,17
"scenarioB","X_17","indep",0,0,NA,"SSL",0,0,200,17
"scenarioB","X_18","weak",0.3,0,NA,"SSL",0,0,200,17
"scenarioB","X_19","weak",0.3,0,NA,"SSL",0,0,200,17
"scenarioB","X_20","weak",0.3,0,NA,"SSL",0,0,200,17
"scenarioB","X_21","weak",0.3,0,NA,"SSL",0,0,200,17
"scenarioB","X_22","strong",0.6,0,NA,"SSL",0,0,200,17
"scenarioB","X_23","strong",0.6,0,NA,"SSL",0,0,200,17
"scenarioB","X_24","strong",0.6,0,NA,"SSL",0,0,200,17
"scenarioB","X_25","strong",0.6,0,NA,"SSL",0,0,200,17
"scenarioB","X_1","strong",0.6,0.4,0.327018224549951,"LASSO",0,-0.4,200,17
"scenarioB","X_2","strong",0.6,-0.5,-0.594185653250877,"LASSO",-0.188383513672056,0.311616486327944,200,17
"scenarioB","X_3","weak",0.3,0.6,0.555601738725356,"LASSO",0.366792844155292,-0.233207155844708,200,17
"scenarioB","X_4","weak",0.3,0.75,0.641045230552103,"LASSO",0.448619205611913,-0.301380794388087,200,17
"scenarioB","X_5","indep",0,-0.8,-0.827715384160833,"LASSO",-0.492023417381687,0.307976582618313,200,17
"scenarioB","X_6","indep",0,0,NA,"LASSO",0,0,200,17
"scenarioB","X_7","indep",0,0,NA,"LASSO",0,0,200,17
"scenarioB","X_8","indep",0,0,NA,"LASSO",0.11375316107508,0.11375316107508,200,17
"scenarioB","X_9","indep",0,0,NA,"LASSO",0,0,200,17
"scenarioB","X_10","indep",0,0,NA,"LASSO",0,0,200,17
"scenarioB","X_11","indep",0,0,NA,"LASSO",0,0,200,17
"scenarioB","X_12","indep",0,0,NA,"LASSO",0,0,200,17
"scenarioB","X_13","indep",0,0,NA,"LASSO",0,0,200,17
"scenarioB","X_14","indep",0,0,NA,"LASSO",0,0,200,17
"scenarioB","X_15","indep",0,0,NA,"LASSO",0,0,200,17
"scenarioB","X_16","indep",0,0,NA,"LASSO",0,0,200,17
"scenarioB","X_17","indep",0,0,NA,"LASSO",0,0,200,17
"scenarioB","X_18","weak",0.3,0,NA,"LASSO",0,0,200,17
"scenarioB","X_19","weak",0.3,0,NA,"LASSO",0,0,200,17
"scenarioB","X_20","weak",0.3,0,NA,"LASSO",0.0234376989536588,0.0234376989536588,200,17
"scenarioB","X_21","weak",0.3,0,NA,"LASSO",0,0,200,17
"scenarioB","X_22","strong",0.6,0,NA,"LASSO",0,0,200,17
"scenarioB","X_23","strong",0.6,0,NA,"LASSO",0,0,200,17
"scenarioB","X_24","strong",0.6,0,NA,"LASSO",0,0,200,17
"scenarioB","X_25","strong",0.6,0,NA,"LASSO",0,0,200,17
"scenarioB","X_1","strong",0.6,0.4,0.214677853339432,"SSL",0,-0.4,200,18
"scenarioB","X_2","strong",0.6,-0.5,-0.309152952387064,"SSL",-0.231064970393476,0.268935029606524,200,18
"scenarioB","X_3","weak",0.3,0.6,0.562787814203934,"SSL",0.419221407655644,-0.180778592344356,200,18
"scenarioB","X_4","weak",0.3,0.75,0.914988508847089,"SSL",0.812918264880472,0.0629182648804716,200,18
"scenarioB","X_5","indep",0,-0.8,-0.932676193396509,"SSL",-0.886174882740976,-0.0861748827409764,200,18
"scenarioB","X_6","indep",0,0,NA,"SSL",0,0,200,18
"scenarioB","X_7","indep",0,0,NA,"SSL",0,0,200,18
"scenarioB","X_8","indep",0,0,NA,"SSL",0,0,200,18
"scenarioB","X_9","indep",0,0,NA,"SSL",0,0,200,18
"scenarioB","X_10","indep",0,0,NA,"SSL",0,0,200,18
"scenarioB","X_11","indep",0,0,NA,"SSL",0.260207074234842,0.260207074234842,200,18
"scenarioB","X_12","indep",0,0,NA,"SSL",0,0,200,18
"scenarioB","X_13","indep",0,0,NA,"SSL",0,0,200,18
"scenarioB","X_14","indep",0,0,NA,"SSL",0,0,200,18
"scenarioB","X_15","indep",0,0,NA,"SSL",0,0,200,18
"scenarioB","X_16","indep",0,0,NA,"SSL",0,0,200,18
"scenarioB","X_17","indep",0,0,NA,"SSL",-0.21928142407379,-0.21928142407379,200,18
"scenarioB","X_18","weak",0.3,0,NA,"SSL",0,0,200,18
"scenarioB","X_19","weak",0.3,0,NA,"SSL",0,0,200,18
"scenarioB","X_20","weak",0.3,0,NA,"SSL",0,0,200,18
"scenarioB","X_21","weak",0.3,0,NA,"SSL",0,0,200,18
"scenarioB","X_22","strong",0.6,0,NA,"SSL",0,0,200,18
"scenarioB","X_23","strong",0.6,0,NA,"SSL",0,0,200,18
"scenarioB","X_24","strong",0.6,0,NA,"SSL",0.237757739981615,0.237757739981615,200,18
"scenarioB","X_25","strong",0.6,0,NA,"SSL",0,0,200,18
"scenarioB","X_1","strong",0.6,0.4,0.214677853339432,"LASSO",0,-0.4,200,18
"scenarioB","X_2","strong",0.6,-0.5,-0.309152952387064,"LASSO",0,0.5,200,18
"scenarioB","X_3","weak",0.3,0.6,0.562787814203934,"LASSO",0.330500189297015,-0.269499810702985,200,18
"scenarioB","X_4","weak",0.3,0.75,0.914988508847089,"LASSO",0.603578848786203,-0.146421151213797,200,18
"scenarioB","X_5","indep",0,-0.8,-0.932676193396509,"LASSO",-0.591683822129661,0.208316177870339,200,18
"scenarioB","X_6","indep",0,0,NA,"LASSO",0,0,200,18
"scenarioB","X_7","indep",0,0,NA,"LASSO",0,0,200,18
"scenarioB","X_8","indep",0,0,NA,"LASSO",0,0,200,18
"scenarioB","X_9","indep",0,0,NA,"LASSO",0,0,200,18
"scenarioB","X_10","indep",0,0,NA,"LASSO",0,0,200,18
"scenarioB","X_11","indep",0,0,NA,"LASSO",0.123165829193513,0.123165829193513,200,18
"scenarioB","X_12","indep",0,0,NA,"LASSO",0,0,200,18
"scenarioB","X_13","indep",0,0,NA,"LASSO",0,0,200,18
"scenarioB","X_14","indep",0,0,NA,"LASSO",0,0,200,18
"scenarioB","X_15","indep",0,0,NA,"LASSO",0,0,200,18
"scenarioB","X_16","indep",0,0,NA,"LASSO",0,0,200,18
"scenarioB","X_17","indep",0,0,NA,"LASSO",-0.0359408559685023,-0.0359408559685023,200,18
"scenarioB","X_18","weak",0.3,0,NA,"LASSO",0,0,200,18
"scenarioB","X_19","weak",0.3,0,NA,"LASSO",0,0,200,18
"scenarioB","X_20","weak",0.3,0,NA,"LASSO",0,0,200,18
"scenarioB","X_21","weak",0.3,0,NA,"LASSO",0,0,200,18
"scenarioB","X_22","strong",0.6,0,NA,"LASSO",0,0,200,18
"scenarioB","X_23","strong",0.6,0,NA,"LASSO",0,0,200,18
"scenarioB","X_24","strong",0.6,0,NA,"LASSO",0,0,200,18
"scenarioB","X_25","strong",0.6,0,NA,"LASSO",0,0,200,18
"scenarioB","X_1","strong",0.6,0.4,0.421990652775265,"SSL",0.284981922263425,-0.115018077736575,200,19
"scenarioB","X_2","strong",0.6,-0.5,-0.520484066762148,"SSL",-0.392243822867368,0.107756177132632,200,19
"scenarioB","X_3","weak",0.3,0.6,0.609318889284753,"SSL",0.543288282301326,-0.0567117176986743,200,19
"scenarioB","X_4","weak",0.3,0.75,0.735351520698791,"SSL",0.663741080491861,-0.0862589195081395,200,19
"scenarioB","X_5","indep",0,-0.8,-0.886795841527299,"SSL",-0.796976469701236,0.00302353029876401,200,19
"scenarioB","X_6","indep",0,0,NA,"SSL",0,0,200,19
"scenarioB","X_7","indep",0,0,NA,"SSL",0,0,200,19
"scenarioB","X_8","indep",0,0,NA,"SSL",0,0,200,19
"scenarioB","X_9","indep",0,0,NA,"SSL",0,0,200,19
"scenarioB","X_10","indep",0,0,NA,"SSL",0,0,200,19
"scenarioB","X_11","indep",0,0,NA,"SSL",0,0,200,19
"scenarioB","X_12","indep",0,0,NA,"SSL",0,0,200,19
"scenarioB","X_13","indep",0,0,NA,"SSL",0,0,200,19
"scenarioB","X_14","indep",0,0,NA,"SSL",0,0,200,19
"scenarioB","X_15","indep",0,0,NA,"SSL",0,0,200,19
"scenarioB","X_16","indep",0,0,NA,"SSL",0,0,200,19
"scenarioB","X_17","indep",0,0,NA,"SSL",0,0,200,19
"scenarioB","X_18","weak",0.3,0,NA,"SSL",0,0,200,19
"scenarioB","X_19","weak",0.3,0,NA,"SSL",0,0,200,19
"scenarioB","X_20","weak",0.3,0,NA,"SSL",0,0,200,19
"scenarioB","X_21","weak",0.3,0,NA,"SSL",0,0,200,19
"scenarioB","X_22","strong",0.6,0,NA,"SSL",0,0,200,19
"scenarioB","X_23","strong",0.6,0,NA,"SSL",0,0,200,19
"scenarioB","X_24","strong",0.6,0,NA,"SSL",0,0,200,19
"scenarioB","X_25","strong",0.6,0,NA,"SSL",0,0,200,19
"scenarioB","X_1","strong",0.6,0.4,0.421990652775265,"LASSO",0.0910078579439273,-0.308992142056073,200,19
"scenarioB","X_2","strong",0.6,-0.5,-0.520484066762148,"LASSO",-0.19679051841207,0.30320948158793,200,19
"scenarioB","X_3","weak",0.3,0.6,0.609318889284753,"LASSO",0.483491842546627,-0.116508157453373,200,19
"scenarioB","X_4","weak",0.3,0.75,0.735351520698791,"LASSO",0.600175830701003,-0.149824169298997,200,19
"scenarioB","X_5","indep",0,-0.8,-0.886795841527299,"LASSO",-0.704709872897562,0.0952901271024376,200,19
"scenarioB","X_6","indep",0,0,NA,"LASSO",0,0,200,19
"scenarioB","X_7","indep",0,0,NA,"LASSO",0.0839852130022677,0.0839852130022677,200,19
"scenarioB","X_8","indep",0,0,NA,"LASSO",0,0,200,19
"scenarioB","X_9","indep",0,0,NA,"LASSO",0,0,200,19
"scenarioB","X_10","indep",0,0,NA,"LASSO",0,0,200,19
"scenarioB","X_11","indep",0,0,NA,"LASSO",0,0,200,19
"scenarioB","X_12","indep",0,0,NA,"LASSO",0,0,200,19
"scenarioB","X_13","indep",0,0,NA,"LASSO",0,0,200,19
"scenarioB","X_14","indep",0,0,NA,"LASSO",0,0,200,19
"scenarioB","X_15","indep",0,0,NA,"LASSO",0,0,200,19
"scenarioB","X_16","indep",0,0,NA,"LASSO",0,0,200,19
"scenarioB","X_17","indep",0,0,NA,"LASSO",0,0,200,19
"scenarioB","X_18","weak",0.3,0,NA,"LASSO",0,0,200,19
"scenarioB","X_19","weak",0.3,0,NA,"LASSO",0,0,200,19
"scenarioB","X_20","weak",0.3,0,NA,"LASSO",0,0,200,19
"scenarioB","X_21","weak",0.3,0,NA,"LASSO",-0.05292109967969,-0.05292109967969,200,19
"scenarioB","X_22","strong",0.6,0,NA,"LASSO",0,0,200,19
"scenarioB","X_23","strong",0.6,0,NA,"LASSO",0,0,200,19
"scenarioB","X_24","strong",0.6,0,NA,"LASSO",0,0,200,19
"scenarioB","X_25","strong",0.6,0,NA,"LASSO",0,0,200,19
"scenarioB","X_1","strong",0.6,0.4,0.501363633702979,"SSL",0.24533307328397,-0.15466692671603,200,20
"scenarioB","X_2","strong",0.6,-0.5,-0.721912060136398,"SSL",-0.539292676083868,-0.0392926760838683,200,20
"scenarioB","X_3","weak",0.3,0.6,0.563134081857564,"SSL",0.508055462759331,-0.0919445372406685,200,20
"scenarioB","X_4","weak",0.3,0.75,0.699019842817992,"SSL",0.56907426291242,-0.18092573708758,200,20
"scenarioB","X_5","indep",0,-0.8,-0.805778689511564,"SSL",-0.722486833542123,0.0775131664578773,200,20
"scenarioB","X_6","indep",0,0,NA,"SSL",0,0,200,20
"scenarioB","X_7","indep",0,0,NA,"SSL",0,0,200,20
"scenarioB","X_8","indep",0,0,NA,"SSL",0,0,200,20
"scenarioB","X_9","indep",0,0,NA,"SSL",0.142171599355297,0.142171599355297,200,20
"scenarioB","X_10","indep",0,0,NA,"SSL",0,0,200,20
"scenarioB","X_11","indep",0,0,NA,"SSL",0.161847452245578,0.161847452245578,200,20
"scenarioB","X_12","indep",0,0,NA,"SSL",0,0,200,20
"scenarioB","X_13","indep",0,0,NA,"SSL",0,0,200,20
"scenarioB","X_14","indep",0,0,NA,"SSL",0,0,200,20
"scenarioB","X_15","indep",0,0,NA,"SSL",0,0,200,20
"scenarioB","X_16","indep",0,0,NA,"SSL",0,0,200,20
"scenarioB","X_17","indep",0,0,NA,"SSL",0,0,200,20
"scenarioB","X_18","weak",0.3,0,NA,"SSL",0,0,200,20
"scenarioB","X_19","weak",0.3,0,NA,"SSL",0,0,200,20
"scenarioB","X_20","weak",0.3,0,NA,"SSL",0,0,200,20
"scenarioB","X_21","weak",0.3,0,NA,"SSL",0,0,200,20
"scenarioB","X_22","strong",0.6,0,NA,"SSL",0,0,200,20
"scenarioB","X_23","strong",0.6,0,NA,"SSL",0,0,200,20
"scenarioB","X_24","strong",0.6,0,NA,"SSL",0,0,200,20
"scenarioB","X_25","strong",0.6,0,NA,"SSL",0,0,200,20
"scenarioB","X_1","strong",0.6,0.4,0.501363633702979,"LASSO",0,-0.4,200,20
"scenarioB","X_2","strong",0.6,-0.5,-0.721912060136398,"LASSO",-0.225431521375924,0.274568478624076,200,20
"scenarioB","X_3","weak",0.3,0.6,0.563134081857564,"LASSO",0.354149861309507,-0.245850138690493,200,20
"scenarioB","X_4","weak",0.3,0.75,0.699019842817992,"LASSO",0.370335209584678,-0.379664790415322,200,20
"scenarioB","X_5","indep",0,-0.8,-0.805778689511564,"LASSO",-0.489756112208441,0.310243887791559,200,20
"scenarioB","X_6","indep",0,0,NA,"LASSO",0,0,200,20
"scenarioB","X_7","indep",0,0,NA,"LASSO",0,0,200,20
"scenarioB","X_8","indep",0,0,NA,"LASSO",0,0,200,20
"scenarioB","X_9","indep",0,0,NA,"LASSO",0,0,200,20
"scenarioB","X_10","indep",0,0,NA,"LASSO",0,0,200,20
"scenarioB","X_11","indep",0,0,NA,"LASSO",0,0,200,20
"scenarioB","X_12","indep",0,0,NA,"LASSO",0,0,200,20
"scenarioB","X_13","indep",0,0,NA,"LASSO",0,0,200,20
"scenarioB","X_14","indep",0,0,NA,"LASSO",0,0,200,20
"scenarioB","X_15","indep",0,0,NA,"LASSO",0,0,200,20
"scenarioB","X_16","indep",0,0,NA,"LASSO",0,0,200,20
"scenarioB","X_17","indep",0,0,NA,"LASSO",0,0,200,20
"scenarioB","X_18","weak",0.3,0,NA,"LASSO",0,0,200,20
"scenarioB","X_19","weak",0.3,0,NA,"LASSO",0,0,200,20
"scenarioB","X_20","weak",0.3,0,NA,"LASSO",0,0,200,20
"scenarioB","X_21","weak",0.3,0,NA,"LASSO",0,0,200,20
"scenarioB","X_22","strong",0.6,0,NA,"LASSO",0,0,200,20
"scenarioB","X_23","strong",0.6,0,NA,"LASSO",0,0,200,20
"scenarioB","X_24","strong",0.6,0,NA,"LASSO",0,0,200,20
"scenarioB","X_25","strong",0.6,0,NA,"LASSO",0,0,200,20
"scenarioB","X_1","strong",0.6,0.4,0.446371059469234,"SSL",0.261750728265797,-0.138249271734203,200,21
"scenarioB","X_2","strong",0.6,-0.5,-0.662934949679569,"SSL",-0.703489566989581,-0.203489566989581,200,21
"scenarioB","X_3","weak",0.3,0.6,0.84745023258262,"SSL",0.89532748743248,0.29532748743248,200,21
"scenarioB","X_4","weak",0.3,0.75,0.873589258565297,"SSL",0.825484225576319,0.0754842255763188,200,21
"scenarioB","X_5","indep",0,-0.8,-0.746030921517794,"SSL",-0.669203477089567,0.130796522910433,200,21
"scenarioB","X_6","indep",0,0,NA,"SSL",0,0,200,21
"scenarioB","X_7","indep",0,0,NA,"SSL",0.171332469793971,0.171332469793971,200,21
"scenarioB","X_8","indep",0,0,NA,"SSL",0.121564414892115,0.121564414892115,200,21
"scenarioB","X_9","indep",0,0,NA,"SSL",0.197704853097885,0.197704853097885,200,21
"scenarioB","X_10","indep",0,0,NA,"SSL",-0.0626659711599823,-0.0626659711599823,200,21
"scenarioB","X_11","indep",0,0,NA,"SSL",-0.0882509158258553,-0.0882509158258553,200,21
"scenarioB","X_12","indep",0,0,NA,"SSL",0.116040465230671,0.116040465230671,200,21
"scenarioB","X_13","indep",0,0,NA,"SSL",-0.232723014658947,-0.232723014658947,200,21
"scenarioB","X_14","indep",0,0,NA,"SSL",0,0,200,21
"scenarioB","X_15","indep",0,0,NA,"SSL",-0.0512675653814467,-0.0512675653814467,200,21
"scenarioB","X_16","indep",0,0,NA,"SSL",0,0,200,21
"scenarioB","X_17","indep",0,0,NA,"SSL",0.0929130914910017,0.0929130914910017,200,21
"scenarioB","X_18","weak",0.3,0,NA,"SSL",0.0830122811013877,0.0830122811013877,200,21
"scenarioB","X_19","weak",0.3,0,NA,"SSL",-0.173003023254832,-0.173003023254832,200,21
"scenarioB","X_20","weak",0.3,0,NA,"SSL",0.0593023252882544,0.0593023252882544,200,21
"scenarioB","X_21","weak",0.3,0,NA,"SSL",0,0,200,21
"scenarioB","X_22","strong",0.6,0,NA,"SSL",0.0904112254513437,0.0904112254513437,200,21
"scenarioB","X_23","strong",0.6,0,NA,"SSL",0.0562772006370208,0.0562772006370208,200,21
"scenarioB","X_24","strong",0.6,0,NA,"SSL",0,0,200,21
"scenarioB","X_25","strong",0.6,0,NA,"SSL",0,0,200,21
"scenarioB","X_1","strong",0.6,0.4,0.446371059469234,"LASSO",0,-0.4,200,21
"scenarioB","X_2","strong",0.6,-0.5,-0.662934949679569,"LASSO",-0.167667802835327,0.332332197164673,200,21
"scenarioB","X_3","weak",0.3,0.6,0.84745023258262,"LASSO",0.543262065773215,-0.0567379342267852,200,21
"scenarioB","X_4","weak",0.3,0.75,0.873589258565297,"LASSO",0.55824359298907,-0.19175640701093,200,21
"scenarioB","X_5","indep",0,-0.8,-0.746030921517794,"LASSO",-0.381689174096639,0.418310825903361,200,21
"scenarioB","X_6","indep",0,0,NA,"LASSO",0,0,200,21
"scenarioB","X_7","indep",0,0,NA,"LASSO",0,0,200,21
"scenarioB","X_8","indep",0,0,NA,"LASSO",0,0,200,21
"scenarioB","X_9","indep",0,0,NA,"LASSO",0,0,200,21
"scenarioB","X_10","indep",0,0,NA,"LASSO",0,0,200,21
"scenarioB","X_11","indep",0,0,NA,"LASSO",0,0,200,21
"scenarioB","X_12","indep",0,0,NA,"LASSO",0,0,200,21
"scenarioB","X_13","indep",0,0,NA,"LASSO",-0.0322991498614658,-0.0322991498614658,200,21
"scenarioB","X_14","indep",0,0,NA,"LASSO",0,0,200,21
"scenarioB","X_15","indep",0,0,NA,"LASSO",0,0,200,21
"scenarioB","X_16","indep",0,0,NA,"LASSO",0,0,200,21
"scenarioB","X_17","indep",0,0,NA,"LASSO",0,0,200,21
"scenarioB","X_18","weak",0.3,0,NA,"LASSO",0,0,200,21
"scenarioB","X_19","weak",0.3,0,NA,"LASSO",0,0,200,21
"scenarioB","X_20","weak",0.3,0,NA,"LASSO",0,0,200,21
"scenarioB","X_21","weak",0.3,0,NA,"LASSO",0,0,200,21
"scenarioB","X_22","strong",0.6,0,NA,"LASSO",0,0,200,21
"scenarioB","X_23","strong",0.6,0,NA,"LASSO",0,0,200,21
"scenarioB","X_24","strong",0.6,0,NA,"LASSO",0,0,200,21
"scenarioB","X_25","strong",0.6,0,NA,"LASSO",0,0,200,21
"scenarioB","X_1","strong",0.6,0.4,0.150033737119026,"SSL",0,-0.4,200,22
"scenarioB","X_2","strong",0.6,-0.5,-0.329889692534222,"SSL",0,0.5,200,22
"scenarioB","X_3","weak",0.3,0.6,0.55338063214017,"SSL",0.530466711428397,-0.069533288571603,200,22
"scenarioB","X_4","weak",0.3,0.75,0.753890297679077,"SSL",0.738919709292897,-0.0110802907071033,200,22
"scenarioB","X_5","indep",0,-0.8,-0.556347825632861,"SSL",-0.522308059059368,0.277691940940633,200,22
"scenarioB","X_6","indep",0,0,NA,"SSL",0,0,200,22
"scenarioB","X_7","indep",0,0,NA,"SSL",0,0,200,22
"scenarioB","X_8","indep",0,0,NA,"SSL",0,0,200,22
"scenarioB","X_9","indep",0,0,NA,"SSL",0,0,200,22
"scenarioB","X_10","indep",0,0,NA,"SSL",0,0,200,22
"scenarioB","X_11","indep",0,0,NA,"SSL",0,0,200,22
"scenarioB","X_12","indep",0,0,NA,"SSL",0,0,200,22
"scenarioB","X_13","indep",0,0,NA,"SSL",0,0,200,22
"scenarioB","X_14","indep",0,0,NA,"SSL",0,0,200,22
"scenarioB","X_15","indep",0,0,NA,"SSL",0,0,200,22
"scenarioB","X_16","indep",0,0,NA,"SSL",0,0,200,22
"scenarioB","X_17","indep",0,0,NA,"SSL",0,0,200,22
"scenarioB","X_18","weak",0.3,0,NA,"SSL",0,0,200,22
"scenarioB","X_19","weak",0.3,0,NA,"SSL",0,0,200,22
"scenarioB","X_20","weak",0.3,0,NA,"SSL",0,0,200,22
"scenarioB","X_21","weak",0.3,0,NA,"SSL",0,0,200,22
"scenarioB","X_22","strong",0.6,0,NA,"SSL",0,0,200,22
"scenarioB","X_23","strong",0.6,0,NA,"SSL",0,0,200,22
"scenarioB","X_24","strong",0.6,0,NA,"SSL",0,0,200,22
"scenarioB","X_25","strong",0.6,0,NA,"SSL",0,0,200,22
"scenarioB","X_1","strong",0.6,0.4,0.150033737119026,"LASSO",0,-0.4,200,22
"scenarioB","X_2","strong",0.6,-0.5,-0.329889692534222,"LASSO",0,0.5,200,22
"scenarioB","X_3","weak",0.3,0.6,0.55338063214017,"LASSO",0.311152273971954,-0.288847726028046,200,22
"scenarioB","X_4","weak",0.3,0.75,0.753890297679077,"LASSO",0.538022122072383,-0.211977877927617,200,22
"scenarioB","X_5","indep",0,-0.8,-0.556347825632861,"LASSO",-0.299732169257695,0.500267830742305,200,22
"scenarioB","X_6","indep",0,0,NA,"LASSO",0,0,200,22
"scenarioB","X_7","indep",0,0,NA,"LASSO",0,0,200,22
"scenarioB","X_8","indep",0,0,NA,"LASSO",0,0,200,22
"scenarioB","X_9","indep",0,0,NA,"LASSO",0,0,200,22
"scenarioB","X_10","indep",0,0,NA,"LASSO",0,0,200,22
"scenarioB","X_11","indep",0,0,NA,"LASSO",0,0,200,22
"scenarioB","X_12","indep",0,0,NA,"LASSO",0,0,200,22
"scenarioB","X_13","indep",0,0,NA,"LASSO",0,0,200,22
"scenarioB","X_14","indep",0,0,NA,"LASSO",0,0,200,22
"scenarioB","X_15","indep",0,0,NA,"LASSO",0,0,200,22
"scenarioB","X_16","indep",0,0,NA,"LASSO",0,0,200,22
"scenarioB","X_17","indep",0,0,NA,"LASSO",0,0,200,22
"scenarioB","X_18","weak",0.3,0,NA,"LASSO",0,0,200,22
"scenarioB","X_19","weak",0.3,0,NA,"LASSO",0,0,200,22
"scenarioB","X_20","weak",0.3,0,NA,"LASSO",0,0,200,22
"scenarioB","X_21","weak",0.3,0,NA,"LASSO",0,0,200,22
"scenarioB","X_22","strong",0.6,0,NA,"LASSO",0,0,200,22
"scenarioB","X_23","strong",0.6,0,NA,"LASSO",0,0,200,22
"scenarioB","X_24","strong",0.6,0,NA,"LASSO",0,0,200,22
"scenarioB","X_25","strong",0.6,0,NA,"LASSO",0,0,200,22
"scenarioB","X_1","strong",0.6,0.4,0.618802642041671,"SSL",0.351044202672543,-0.0489557973274574,200,23
"scenarioB","X_2","strong",0.6,-0.5,-0.60362653062064,"SSL",-0.435247681767954,0.0647523182320457,200,23
"scenarioB","X_3","weak",0.3,0.6,0.633586045067429,"SSL",0.577760408091637,-0.0222395919083628,200,23
"scenarioB","X_4","weak",0.3,0.75,0.583789551654848,"SSL",0.470754425279576,-0.279245574720424,200,23
"scenarioB","X_5","indep",0,-0.8,-0.749547662864889,"SSL",-0.636911297062472,0.163088702937528,200,23
"scenarioB","X_6","indep",0,0,NA,"SSL",0,0,200,23
"scenarioB","X_7","indep",0,0,NA,"SSL",0.219693509884224,0.219693509884224,200,23
"scenarioB","X_8","indep",0,0,NA,"SSL",0,0,200,23
"scenarioB","X_9","indep",0,0,NA,"SSL",0,0,200,23
"scenarioB","X_10","indep",0,0,NA,"SSL",0,0,200,23
"scenarioB","X_11","indep",0,0,NA,"SSL",0,0,200,23
"scenarioB","X_12","indep",0,0,NA,"SSL",0,0,200,23
"scenarioB","X_13","indep",0,0,NA,"SSL",0,0,200,23
"scenarioB","X_14","indep",0,0,NA,"SSL",0,0,200,23
"scenarioB","X_15","indep",0,0,NA,"SSL",0,0,200,23
"scenarioB","X_16","indep",0,0,NA,"SSL",0,0,200,23
"scenarioB","X_17","indep",0,0,NA,"SSL",0,0,200,23
"scenarioB","X_18","weak",0.3,0,NA,"SSL",0,0,200,23
"scenarioB","X_19","weak",0.3,0,NA,"SSL",0,0,200,23
"scenarioB","X_20","weak",0.3,0,NA,"SSL",0,0,200,23
"scenarioB","X_21","weak",0.3,0,NA,"SSL",0,0,200,23
"scenarioB","X_22","strong",0.6,0,NA,"SSL",0,0,200,23
"scenarioB","X_23","strong",0.6,0,NA,"SSL",0.173652411375518,0.173652411375518,200,23
"scenarioB","X_24","strong",0.6,0,NA,"SSL",0,0,200,23
"scenarioB","X_25","strong",0.6,0,NA,"SSL",0,0,200,23
"scenarioB","X_1","strong",0.6,0.4,0.618802642041671,"LASSO",0,-0.4,200,23
"scenarioB","X_2","strong",0.6,-0.5,-0.60362653062064,"LASSO",0,0.5,200,23
"scenarioB","X_3","weak",0.3,0.6,0.633586045067429,"LASSO",0.397348299082487,-0.202651700917513,200,23
"scenarioB","X_4","weak",0.3,0.75,0.583789551654848,"LASSO",0.257477553919682,-0.492522446080318,200,23
"scenarioB","X_5","indep",0,-0.8,-0.749547662864889,"LASSO",-0.313672254332439,0.486327745667561,200,23
"scenarioB","X_6","indep",0,0,NA,"LASSO",0,0,200,23
"scenarioB","X_7","indep",0,0,NA,"LASSO",0.0348479552466164,0.0348479552466164,200,23
"scenarioB","X_8","indep",0,0,NA,"LASSO",0,0,200,23
"scenarioB","X_9","indep",0,0,NA,"LASSO",0,0,200,23
"scenarioB","X_10","indep",0,0,NA,"LASSO",0,0,200,23
"scenarioB","X_11","indep",0,0,NA,"LASSO",0,0,200,23
"scenarioB","X_12","indep",0,0,NA,"LASSO",0,0,200,23
"scenarioB","X_13","indep",0,0,NA,"LASSO",0,0,200,23
"scenarioB","X_14","indep",0,0,NA,"LASSO",0,0,200,23
"scenarioB","X_15","indep",0,0,NA,"LASSO",0,0,200,23
"scenarioB","X_16","indep",0,0,NA,"LASSO",0,0,200,23
"scenarioB","X_17","indep",0,0,NA,"LASSO",0,0,200,23
"scenarioB","X_18","weak",0.3,0,NA,"LASSO",0,0,200,23
"scenarioB","X_19","weak",0.3,0,NA,"LASSO",0,0,200,23
"scenarioB","X_20","weak",0.3,0,NA,"LASSO",0,0,200,23
"scenarioB","X_21","weak",0.3,0,NA,"LASSO",0,0,200,23
"scenarioB","X_22","strong",0.6,0,NA,"LASSO",0,0,200,23
"scenarioB","X_23","strong",0.6,0,NA,"LASSO",0,0,200,23
"scenarioB","X_24","strong",0.6,0,NA,"LASSO",0,0,200,23
"scenarioB","X_25","strong",0.6,0,NA,"LASSO",0,0,200,23
"scenarioB","X_1","strong",0.6,0.4,0.41568840130743,"SSL",0.217198121170064,-0.182801878829936,200,24
"scenarioB","X_2","strong",0.6,-0.5,-0.605641738247355,"SSL",-0.41947397771714,0.08052602228286,200,24
"scenarioB","X_3","weak",0.3,0.6,0.786664946486732,"SSL",0.684730393728969,0.0847303937289691,200,24
"scenarioB","X_4","weak",0.3,0.75,0.753972118022524,"SSL",0.656222754823443,-0.0937772451765567,200,24
"scenarioB","X_5","indep",0,-0.8,-0.882829574372216,"SSL",-0.765467354191259,0.0345326458087412,200,24
"scenarioB","X_6","indep",0,0,NA,"SSL",0,0,200,24
"scenarioB","X_7","indep",0,0,NA,"SSL",0,0,200,24
"scenarioB","X_8","indep",0,0,NA,"SSL",0,0,200,24
"scenarioB","X_9","indep",0,0,NA,"SSL",0,0,200,24
"scenarioB","X_10","indep",0,0,NA,"SSL",0,0,200,24
"scenarioB","X_11","indep",0,0,NA,"SSL",0,0,200,24
"scenarioB","X_12","indep",0,0,NA,"SSL",0.156142613818403,0.156142613818403,200,24
"scenarioB","X_13","indep",0,0,NA,"SSL",0,0,200,24
"scenarioB","X_14","indep",0,0,NA,"SSL",0,0,200,24
"scenarioB","X_15","indep",0,0,NA,"SSL",0,0,200,24
"scenarioB","X_16","indep",0,0,NA,"SSL",0,0,200,24
"scenarioB","X_17","indep",0,0,NA,"SSL",0,0,200,24
"scenarioB","X_18","weak",0.3,0,NA,"SSL",0,0,200,24
"scenarioB","X_19","weak",0.3,0,NA,"SSL",0,0,200,24
"scenarioB","X_20","weak",0.3,0,NA,"SSL",0,0,200,24
"scenarioB","X_21","weak",0.3,0,NA,"SSL",0,0,200,24
"scenarioB","X_22","strong",0.6,0,NA,"SSL",0,0,200,24
"scenarioB","X_23","strong",0.6,0,NA,"SSL",0,0,200,24
"scenarioB","X_24","strong",0.6,0,NA,"SSL",0,0,200,24
"scenarioB","X_25","strong",0.6,0,NA,"SSL",0,0,200,24
"scenarioB","X_1","strong",0.6,0.4,0.41568840130743,"LASSO",0,-0.4,200,24
"scenarioB","X_2","strong",0.6,-0.5,-0.605641738247355,"LASSO",-0.203755917274548,0.296244082725452,200,24
"scenarioB","X_3","weak",0.3,0.6,0.786664946486732,"LASSO",0.555768861476975,-0.0442311385230252,200,24
"scenarioB","X_4","weak",0.3,0.75,0.753972118022524,"LASSO",0.526798841368032,-0.223201158631968,200,24
"scenarioB","X_5","indep",0,-0.8,-0.882829574372216,"LASSO",-0.606753433167838,0.193246566832162,200,24
"scenarioB","X_6","indep",0,0,NA,"LASSO",0,0,200,24
"scenarioB","X_7","indep",0,0,NA,"LASSO",0,0,200,24
"scenarioB","X_8","indep",0,0,NA,"LASSO",0,0,200,24
"scenarioB","X_9","indep",0,0,NA,"LASSO",0,0,200,24
"scenarioB","X_10","indep",0,0,NA,"LASSO",0,0,200,24
"scenarioB","X_11","indep",0,0,NA,"LASSO",-0.02230834745791,-0.02230834745791,200,24
"scenarioB","X_12","indep",0,0,NA,"LASSO",0.0974323111922282,0.0974323111922282,200,24
"scenarioB","X_13","indep",0,0,NA,"LASSO",0,0,200,24
"scenarioB","X_14","indep",0,0,NA,"LASSO",0,0,200,24
"scenarioB","X_15","indep",0,0,NA,"LASSO",0,0,200,24
"scenarioB","X_16","indep",0,0,NA,"LASSO",0,0,200,24
"scenarioB","X_17","indep",0,0,NA,"LASSO",0,0,200,24
"scenarioB","X_18","weak",0.3,0,NA,"LASSO",0,0,200,24
"scenarioB","X_19","weak",0.3,0,NA,"LASSO",0,0,200,24
"scenarioB","X_20","weak",0.3,0,NA,"LASSO",0,0,200,24
"scenarioB","X_21","weak",0.3,0,NA,"LASSO",0,0,200,24
"scenarioB","X_22","strong",0.6,0,NA,"LASSO",0,0,200,24
"scenarioB","X_23","strong",0.6,0,NA,"LASSO",0,0,200,24
"scenarioB","X_24","strong",0.6,0,NA,"LASSO",0,0,200,24
"scenarioB","X_25","strong",0.6,0,NA,"LASSO",0,0,200,24
"scenarioB","X_1","strong",0.6,0.4,0.602741312604705,"SSL",0.447241196131784,0.0472411961317838,200,25
"scenarioB","X_2","strong",0.6,-0.5,-0.677090272552756,"SSL",-0.504443820213852,-0.00444382021385159,200,25
"scenarioB","X_3","weak",0.3,0.6,0.416900431682525,"SSL",0.356409653600989,-0.243590346399011,200,25
"scenarioB","X_4","weak",0.3,0.75,0.792827870323239,"SSL",0.701171412576668,-0.0488285874233316,200,25
"scenarioB","X_5","indep",0,-0.8,-0.884814382267836,"SSL",-0.781940940514923,0.0180590594850774,200,25
"scenarioB","X_6","indep",0,0,NA,"SSL",0,0,200,25
"scenarioB","X_7","indep",0,0,NA,"SSL",0,0,200,25
"scenarioB","X_8","indep",0,0,NA,"SSL",0,0,200,25
"scenarioB","X_9","indep",0,0,NA,"SSL",0,0,200,25
"scenarioB","X_10","indep",0,0,NA,"SSL",0,0,200,25
"scenarioB","X_11","indep",0,0,NA,"SSL",0,0,200,25
"scenarioB","X_12","indep",0,0,NA,"SSL",0,0,200,25
"scenarioB","X_13","indep",0,0,NA,"SSL",0,0,200,25
"scenarioB","X_14","indep",0,0,NA,"SSL",0,0,200,25
"scenarioB","X_15","indep",0,0,NA,"SSL",0,0,200,25
"scenarioB","X_16","indep",0,0,NA,"SSL",0,0,200,25
"scenarioB","X_17","indep",0,0,NA,"SSL",0,0,200,25
"scenarioB","X_18","weak",0.3,0,NA,"SSL",0,0,200,25
"scenarioB","X_19","weak",0.3,0,NA,"SSL",0,0,200,25
"scenarioB","X_20","weak",0.3,0,NA,"SSL",0,0,200,25
"scenarioB","X_21","weak",0.3,0,NA,"SSL",0,0,200,25
"scenarioB","X_22","strong",0.6,0,NA,"SSL",0,0,200,25
"scenarioB","X_23","strong",0.6,0,NA,"SSL",0,0,200,25
"scenarioB","X_24","strong",0.6,0,NA,"SSL",0,0,200,25
"scenarioB","X_25","strong",0.6,0,NA,"SSL",0,0,200,25
"scenarioB","X_1","strong",0.6,0.4,0.602741312604705,"LASSO",0.308551367755461,-0.0914486322445395,200,25
"scenarioB","X_2","strong",0.6,-0.5,-0.677090272552756,"LASSO",-0.35494158843058,0.14505841156942,200,25
"scenarioB","X_3","weak",0.3,0.6,0.416900431682525,"LASSO",0.327170173543841,-0.272829826456158,200,25
"scenarioB","X_4","weak",0.3,0.75,0.792827870323239,"LASSO",0.630784032648021,-0.119215967351979,200,25
"scenarioB","X_5","indep",0,-0.8,-0.884814382267836,"LASSO",-0.702799933721253,0.0972000662787468,200,25
"scenarioB","X_6","indep",0,0,NA,"LASSO",0,0,200,25
"scenarioB","X_7","indep",0,0,NA,"LASSO",0,0,200,25
"scenarioB","X_8","indep",0,0,NA,"LASSO",0,0,200,25
"scenarioB","X_9","indep",0,0,NA,"LASSO",0,0,200,25
"scenarioB","X_10","indep",0,0,NA,"LASSO",0,0,200,25
"scenarioB","X_11","indep",0,0,NA,"LASSO",0,0,200,25
"scenarioB","X_12","indep",0,0,NA,"LASSO",0,0,200,25
"scenarioB","X_13","indep",0,0,NA,"LASSO",0,0,200,25
"scenarioB","X_14","indep",0,0,NA,"LASSO",0,0,200,25
"scenarioB","X_15","indep",0,0,NA,"LASSO",0,0,200,25
"scenarioB","X_16","indep",0,0,NA,"LASSO",0,0,200,25
"scenarioB","X_17","indep",0,0,NA,"LASSO",0,0,200,25
"scenarioB","X_18","weak",0.3,0,NA,"LASSO",0,0,200,25
"scenarioB","X_19","weak",0.3,0,NA,"LASSO",-0.0579460674165092,-0.0579460674165092,200,25
"scenarioB","X_20","weak",0.3,0,NA,"LASSO",0,0,200,25
"scenarioB","X_21","weak",0.3,0,NA,"LASSO",0,0,200,25
"scenarioB","X_22","strong",0.6,0,NA,"LASSO",0,0,200,25
"scenarioB","X_23","strong",0.6,0,NA,"LASSO",0,0,200,25
"scenarioB","X_24","strong",0.6,0,NA,"LASSO",0,0,200,25
"scenarioB","X_25","strong",0.6,0,NA,"LASSO",0,0,200,25
"scenarioB","X_1","strong",0.6,0.4,0.237113249843213,"SSL",0,-0.4,200,26
"scenarioB","X_2","strong",0.6,-0.5,-0.409253200230947,"SSL",-0.212792187559836,0.287207812440164,200,26
"scenarioB","X_3","weak",0.3,0.6,0.749665026696898,"SSL",0.71490386859161,0.11490386859161,200,26
"scenarioB","X_4","weak",0.3,0.75,0.781495977653308,"SSL",0.72569514987591,-0.0243048501240896,200,26
"scenarioB","X_5","indep",0,-0.8,-0.82517457714095,"SSL",-0.708799332645685,0.0912006673543153,200,26
"scenarioB","X_6","indep",0,0,NA,"SSL",0,0,200,26
"scenarioB","X_7","indep",0,0,NA,"SSL",0,0,200,26
"scenarioB","X_8","indep",0,0,NA,"SSL",0,0,200,26
"scenarioB","X_9","indep",0,0,NA,"SSL",0,0,200,26
"scenarioB","X_10","indep",0,0,NA,"SSL",0,0,200,26
"scenarioB","X_11","indep",0,0,NA,"SSL",0,0,200,26
"scenarioB","X_12","indep",0,0,NA,"SSL",0,0,200,26
"scenarioB","X_13","indep",0,0,NA,"SSL",0,0,200,26
"scenarioB","X_14","indep",0,0,NA,"SSL",-0.240417405020921,-0.240417405020921,200,26
"scenarioB","X_15","indep",0,0,NA,"SSL",0,0,200,26
"scenarioB","X_16","indep",0,0,NA,"SSL",0,0,200,26
"scenarioB","X_17","indep",0,0,NA,"SSL",0,0,200,26
"scenarioB","X_18","weak",0.3,0,NA,"SSL",0,0,200,26
"scenarioB","X_19","weak",0.3,0,NA,"SSL",0,0,200,26
"scenarioB","X_20","weak",0.3,0,NA,"SSL",0,0,200,26
"scenarioB","X_21","weak",0.3,0,NA,"SSL",0,0,200,26
"scenarioB","X_22","strong",0.6,0,NA,"SSL",0,0,200,26
"scenarioB","X_23","strong",0.6,0,NA,"SSL",0,0,200,26
"scenarioB","X_24","strong",0.6,0,NA,"SSL",0,0,200,26
"scenarioB","X_25","strong",0.6,0,NA,"SSL",0,0,200,26
"scenarioB","X_1","strong",0.6,0.4,0.237113249843213,"LASSO",0,-0.4,200,26
"scenarioB","X_2","strong",0.6,-0.5,-0.409253200230947,"LASSO",-0.0951968828557621,0.404803117144238,200,26
"scenarioB","X_3","weak",0.3,0.6,0.749665026696898,"LASSO",0.543633863530565,-0.0563661364694348,200,26
"scenarioB","X_4","weak",0.3,0.75,0.781495977653308,"LASSO",0.557100599440234,-0.192899400559766,200,26
"scenarioB","X_5","indep",0,-0.8,-0.82517457714095,"LASSO",-0.531296556360565,0.268703443639435,200,26
"scenarioB","X_6","indep",0,0,NA,"LASSO",0,0,200,26
"scenarioB","X_7","indep",0,0,NA,"LASSO",0,0,200,26
"scenarioB","X_8","indep",0,0,NA,"LASSO",0,0,200,26
"scenarioB","X_9","indep",0,0,NA,"LASSO",0,0,200,26
"scenarioB","X_10","indep",0,0,NA,"LASSO",0,0,200,26
"scenarioB","X_11","indep",0,0,NA,"LASSO",0,0,200,26
"scenarioB","X_12","indep",0,0,NA,"LASSO",0,0,200,26
"scenarioB","X_13","indep",0,0,NA,"LASSO",0,0,200,26
"scenarioB","X_14","indep",0,0,NA,"LASSO",-0.0919757488100249,-0.0919757488100249,200,26
"scenarioB","X_15","indep",0,0,NA,"LASSO",0,0,200,26
"scenarioB","X_16","indep",0,0,NA,"LASSO",0,0,200,26
"scenarioB","X_17","indep",0,0,NA,"LASSO",0,0,200,26
"scenarioB","X_18","weak",0.3,0,NA,"LASSO",0,0,200,26
"scenarioB","X_19","weak",0.3,0,NA,"LASSO",0,0,200,26
"scenarioB","X_20","weak",0.3,0,NA,"LASSO",0,0,200,26
"scenarioB","X_21","weak",0.3,0,NA,"LASSO",0,0,200,26
"scenarioB","X_22","strong",0.6,0,NA,"LASSO",0,0,200,26
"scenarioB","X_23","strong",0.6,0,NA,"LASSO",0,0,200,26
"scenarioB","X_24","strong",0.6,0,NA,"LASSO",0,0,200,26
"scenarioB","X_25","strong",0.6,0,NA,"LASSO",0,0,200,26
"scenarioB","X_1","strong",0.6,0.4,0.463639068395319,"SSL",0.429077265298556,0.0290772652985565,200,27
"scenarioB","X_2","strong",0.6,-0.5,-0.564984860272196,"SSL",-0.742939276912511,-0.242939276912511,200,27
"scenarioB","X_3","weak",0.3,0.6,0.5520983777738,"SSL",0.5470461787193,-0.0529538212806997,200,27
"scenarioB","X_4","weak",0.3,0.75,0.783486975742044,"SSL",0.85831026581524,0.10831026581524,200,27
"scenarioB","X_5","indep",0,-0.8,-0.650561370190002,"SSL",-0.626659422326515,0.173340577673485,200,27
"scenarioB","X_6","indep",0,0,NA,"SSL",0,0,200,27
"scenarioB","X_7","indep",0,0,NA,"SSL",0.106425156239353,0.106425156239353,200,27
"scenarioB","X_8","indep",0,0,NA,"SSL",0,0,200,27
"scenarioB","X_9","indep",0,0,NA,"SSL",0,0,200,27
"scenarioB","X_10","indep",0,0,NA,"SSL",0.0882862621104971,0.0882862621104971,200,27
"scenarioB","X_11","indep",0,0,NA,"SSL",0,0,200,27
"scenarioB","X_12","indep",0,0,NA,"SSL",0.152402284573748,0.152402284573748,200,27
"scenarioB","X_13","indep",0,0,NA,"SSL",0,0,200,27
"scenarioB","X_14","indep",0,0,NA,"SSL",0,0,200,27
"scenarioB","X_15","indep",0,0,NA,"SSL",0,0,200,27
"scenarioB","X_16","indep",0,0,NA,"SSL",0.11005334289492,0.11005334289492,200,27
"scenarioB","X_17","indep",0,0,NA,"SSL",0.0631606685645198,0.0631606685645198,200,27
"scenarioB","X_18","weak",0.3,0,NA,"SSL",0,0,200,27
"scenarioB","X_19","weak",0.3,0,NA,"SSL",0,0,200,27
"scenarioB","X_20","weak",0.3,0,NA,"SSL",-0.15060290366024,-0.15060290366024,200,27
"scenarioB","X_21","weak",0.3,0,NA,"SSL",0,0,200,27
"scenarioB","X_22","strong",0.6,0,NA,"SSL",0.314821434699267,0.314821434699267,200,27
"scenarioB","X_23","strong",0.6,0,NA,"SSL",0,0,200,27
"scenarioB","X_24","strong",0.6,0,NA,"SSL",0,0,200,27
"scenarioB","X_25","strong",0.6,0,NA,"SSL",0,0,200,27
"scenarioB","X_1","strong",0.6,0.4,0.463639068395319,"LASSO",0,-0.4,200,27
"scenarioB","X_2","strong",0.6,-0.5,-0.564984860272196,"LASSO",-0.122086400318453,0.377913599681547,200,27
"scenarioB","X_3","weak",0.3,0.6,0.5520983777738,"LASSO",0.327447407243326,-0.272552592756674,200,27
"scenarioB","X_4","weak",0.3,0.75,0.783486975742044,"LASSO",0.505903592516511,-0.244096407483489,200,27
"scenarioB","X_5","indep",0,-0.8,-0.650561370190002,"LASSO",-0.394856814865154,0.405143185134846,200,27
"scenarioB","X_6","indep",0,0,NA,"LASSO",0,0,200,27
"scenarioB","X_7","indep",0,0,NA,"LASSO",0,0,200,27
"scenarioB","X_8","indep",0,0,NA,"LASSO",0,0,200,27
"scenarioB","X_9","indep",0,0,NA,"LASSO",0,0,200,27
"scenarioB","X_10","indep",0,0,NA,"LASSO",0,0,200,27
"scenarioB","X_11","indep",0,0,NA,"LASSO",0,0,200,27
"scenarioB","X_12","indep",0,0,NA,"LASSO",0.045612567651157,0.045612567651157,200,27
"scenarioB","X_13","indep",0,0,NA,"LASSO",0,0,200,27
"scenarioB","X_14","indep",0,0,NA,"LASSO",0,0,200,27
"scenarioB","X_15","indep",0,0,NA,"LASSO",0,0,200,27
"scenarioB","X_16","indep",0,0,NA,"LASSO",0,0,200,27
"scenarioB","X_17","indep",0,0,NA,"LASSO",0,0,200,27
"scenarioB","X_18","weak",0.3,0,NA,"LASSO",0,0,200,27
"scenarioB","X_19","weak",0.3,0,NA,"LASSO",0,0,200,27
"scenarioB","X_20","weak",0.3,0,NA,"LASSO",0,0,200,27
"scenarioB","X_21","weak",0.3,0,NA,"LASSO",0,0,200,27
"scenarioB","X_22","strong",0.6,0,NA,"LASSO",0.0694943391125066,0.0694943391125066,200,27
"scenarioB","X_23","strong",0.6,0,NA,"LASSO",0,0,200,27
"scenarioB","X_24","strong",0.6,0,NA,"LASSO",0,0,200,27
"scenarioB","X_25","strong",0.6,0,NA,"LASSO",0,0,200,27
"scenarioB","X_1","strong",0.6,0.4,0.435959396971556,"SSL",0,-0.4,200,28
"scenarioB","X_2","strong",0.6,-0.5,-0.309877409357042,"SSL",0,0.5,200,28
"scenarioB","X_3","weak",0.3,0.6,0.630493616417594,"SSL",0.548021478859649,-0.0519785211403514,200,28
"scenarioB","X_4","weak",0.3,0.75,0.540086731266536,"SSL",0.459235490918934,-0.290764509081066,200,28
"scenarioB","X_5","indep",0,-0.8,-0.656541331960829,"SSL",-0.542036257699694,0.257963742300306,200,28
"scenarioB","X_6","indep",0,0,NA,"SSL",0,0,200,28
"scenarioB","X_7","indep",0,0,NA,"SSL",0,0,200,28
"scenarioB","X_8","indep",0,0,NA,"SSL",0,0,200,28
"scenarioB","X_9","indep",0,0,NA,"SSL",0,0,200,28
"scenarioB","X_10","indep",0,0,NA,"SSL",0,0,200,28
"scenarioB","X_11","indep",0,0,NA,"SSL",0,0,200,28
"scenarioB","X_12","indep",0,0,NA,"SSL",0,0,200,28
"scenarioB","X_13","indep",0,0,NA,"SSL",0,0,200,28
"scenarioB","X_14","indep",0,0,NA,"SSL",0,0,200,28
"scenarioB","X_15","indep",0,0,NA,"SSL",0,0,200,28
"scenarioB","X_16","indep",0,0,NA,"SSL",0,0,200,28
"scenarioB","X_17","indep",0,0,NA,"SSL",0,0,200,28
"scenarioB","X_18","weak",0.3,0,NA,"SSL",0,0,200,28
"scenarioB","X_19","weak",0.3,0,NA,"SSL",0,0,200,28
"scenarioB","X_20","weak",0.3,0,NA,"SSL",0,0,200,28
"scenarioB","X_21","weak",0.3,0,NA,"SSL",0,0,200,28
"scenarioB","X_22","strong",0.6,0,NA,"SSL",0,0,200,28
"scenarioB","X_23","strong",0.6,0,NA,"SSL",0,0,200,28
"scenarioB","X_24","strong",0.6,0,NA,"SSL",0,0,200,28
"scenarioB","X_25","strong",0.6,0,NA,"SSL",0,0,200,28
"scenarioB","X_1","strong",0.6,0.4,0.435959396971556,"LASSO",0.0878575913925154,-0.312142408607485,200,28
"scenarioB","X_2","strong",0.6,-0.5,-0.309877409357042,"LASSO",0,0.5,200,28
"scenarioB","X_3","weak",0.3,0.6,0.630493616417594,"LASSO",0.442957998234394,-0.157042001765606,200,28
"scenarioB","X_4","weak",0.3,0.75,0.540086731266536,"LASSO",0.374269520913184,-0.375730479086816,200,28
"scenarioB","X_5","indep",0,-0.8,-0.656541331960829,"LASSO",-0.407665431908641,0.392334568091359,200,28
"scenarioB","X_6","indep",0,0,NA,"LASSO",0,0,200,28
"scenarioB","X_7","indep",0,0,NA,"LASSO",0,0,200,28
"scenarioB","X_8","indep",0,0,NA,"LASSO",0,0,200,28
"scenarioB","X_9","indep",0,0,NA,"LASSO",0,0,200,28
"scenarioB","X_10","indep",0,0,NA,"LASSO",0,0,200,28
"scenarioB","X_11","indep",0,0,NA,"LASSO",0,0,200,28
"scenarioB","X_12","indep",0,0,NA,"LASSO",0,0,200,28
"scenarioB","X_13","indep",0,0,NA,"LASSO",0,0,200,28
"scenarioB","X_14","indep",0,0,NA,"LASSO",0,0,200,28
"scenarioB","X_15","indep",0,0,NA,"LASSO",0,0,200,28
"scenarioB","X_16","indep",0,0,NA,"LASSO",0,0,200,28
"scenarioB","X_17","indep",0,0,NA,"LASSO",0,0,200,28
"scenarioB","X_18","weak",0.3,0,NA,"LASSO",0,0,200,28
"scenarioB","X_19","weak",0.3,0,NA,"LASSO",0,0,200,28
"scenarioB","X_20","weak",0.3,0,NA,"LASSO",0,0,200,28
"scenarioB","X_21","weak",0.3,0,NA,"LASSO",0,0,200,28
"scenarioB","X_22","strong",0.6,0,NA,"LASSO",0,0,200,28
"scenarioB","X_23","strong",0.6,0,NA,"LASSO",0,0,200,28
"scenarioB","X_24","strong",0.6,0,NA,"LASSO",0,0,200,28
"scenarioB","X_25","strong",0.6,0,NA,"LASSO",0,0,200,28
"scenarioB","X_1","strong",0.6,0.4,0.346662586853211,"SSL",0.280468532879344,-0.119531467120656,200,29
"scenarioB","X_2","strong",0.6,-0.5,-0.433994922967691,"SSL",-0.280824595860285,0.219175404139715,200,29
"scenarioB","X_3","weak",0.3,0.6,0.820520145561664,"SSL",0.733189758121341,0.133189758121341,200,29
"scenarioB","X_4","weak",0.3,0.75,0.594562051811263,"SSL",0.548925118849107,-0.201074881150893,200,29
"scenarioB","X_5","indep",0,-0.8,-0.926986491394837,"SSL",-0.786310334988607,0.0136896650113935,200,29
"scenarioB","X_6","indep",0,0,NA,"SSL",0,0,200,29
"scenarioB","X_7","indep",0,0,NA,"SSL",0,0,200,29
"scenarioB","X_8","indep",0,0,NA,"SSL",0,0,200,29
"scenarioB","X_9","indep",0,0,NA,"SSL",0,0,200,29
"scenarioB","X_10","indep",0,0,NA,"SSL",0,0,200,29
"scenarioB","X_11","indep",0,0,NA,"SSL",0,0,200,29
"scenarioB","X_12","indep",0,0,NA,"SSL",0.123086871265782,0.123086871265782,200,29
"scenarioB","X_13","indep",0,0,NA,"SSL",0,0,200,29
"scenarioB","X_14","indep",0,0,NA,"SSL",0,0,200,29
"scenarioB","X_15","indep",0,0,NA,"SSL",0,0,200,29
"scenarioB","X_16","indep",0,0,NA,"SSL",0,0,200,29
"scenarioB","X_17","indep",0,0,NA,"SSL",0,0,200,29
"scenarioB","X_18","weak",0.3,0,NA,"SSL",0,0,200,29
"scenarioB","X_19","weak",0.3,0,NA,"SSL",0,0,200,29
"scenarioB","X_20","weak",0.3,0,NA,"SSL",0,0,200,29
"scenarioB","X_21","weak",0.3,0,NA,"SSL",0,0,200,29
"scenarioB","X_22","strong",0.6,0,NA,"SSL",0,0,200,29
"scenarioB","X_23","strong",0.6,0,NA,"SSL",0,0,200,29
"scenarioB","X_24","strong",0.6,0,NA,"SSL",-0.121020387779271,-0.121020387779271,200,29
"scenarioB","X_25","strong",0.6,0,NA,"SSL",0,0,200,29
"scenarioB","X_1","strong",0.6,0.4,0.346662586853211,"LASSO",0.0747957947346995,-0.325204205265301,200,29
"scenarioB","X_2","strong",0.6,-0.5,-0.433994922967691,"LASSO",-0.160102603698499,0.339897396301501,200,29
"scenarioB","X_3","weak",0.3,0.6,0.820520145561664,"LASSO",0.608172937553955,0.00817293755395521,200,29
"scenarioB","X_4","weak",0.3,0.75,0.594562051811263,"LASSO",0.439246373400395,-0.310753626599605,200,29
"scenarioB","X_5","indep",0,-0.8,-0.926986491394837,"LASSO",-0.716370495500942,0.0836295044990584,200,29
"scenarioB","X_6","indep",0,0,NA,"LASSO",0,0,200,29
"scenarioB","X_7","indep",0,0,NA,"LASSO",0,0,200,29
"scenarioB","X_8","indep",0,0,NA,"LASSO",0,0,200,29
"scenarioB","X_9","indep",0,0,NA,"LASSO",0,0,200,29
"scenarioB","X_10","indep",0,0,NA,"LASSO",0,0,200,29
"scenarioB","X_11","indep",0,0,NA,"LASSO",0,0,200,29
"scenarioB","X_12","indep",0,0,NA,"LASSO",0.0649358782969734,0.0649358782969734,200,29
"scenarioB","X_13","indep",0,0,NA,"LASSO",0,0,200,29
"scenarioB","X_14","indep",0,0,NA,"LASSO",0,0,200,29
"scenarioB","X_15","indep",0,0,NA,"LASSO",0,0,200,29
"scenarioB","X_16","indep",0,0,NA,"LASSO",0,0,200,29
"scenarioB","X_17","indep",0,0,NA,"LASSO",0,0,200,29
"scenarioB","X_18","weak",0.3,0,NA,"LASSO",0,0,200,29
"scenarioB","X_19","weak",0.3,0,NA,"LASSO",0,0,200,29
"scenarioB","X_20","weak",0.3,0,NA,"LASSO",0,0,200,29
"scenarioB","X_21","weak",0.3,0,NA,"LASSO",0,0,200,29
"scenarioB","X_22","strong",0.6,0,NA,"LASSO",0,0,200,29
"scenarioB","X_23","strong",0.6,0,NA,"LASSO",0,0,200,29
"scenarioB","X_24","strong",0.6,0,NA,"LASSO",0,0,200,29
"scenarioB","X_25","strong",0.6,0,NA,"LASSO",0,0,200,29
"scenarioB","X_1","strong",0.6,0.4,0.323905798761054,"SSL",0.197272830992342,-0.202727169007658,200,30
"scenarioB","X_2","strong",0.6,-0.5,-0.452970653407948,"SSL",-0.302130277491007,0.197869722508993,200,30
"scenarioB","X_3","weak",0.3,0.6,0.706436559436991,"SSL",0.641437740754895,0.0414377407548947,200,30
"scenarioB","X_4","weak",0.3,0.75,0.699008917041224,"SSL",0.629780493996653,-0.120219506003347,200,30
"scenarioB","X_5","indep",0,-0.8,-0.775819728032515,"SSL",-0.67147339886035,0.12852660113965,200,30
"scenarioB","X_6","indep",0,0,NA,"SSL",0,0,200,30
"scenarioB","X_7","indep",0,0,NA,"SSL",0,0,200,30
"scenarioB","X_8","indep",0,0,NA,"SSL",0,0,200,30
"scenarioB","X_9","indep",0,0,NA,"SSL",0,0,200,30
"scenarioB","X_10","indep",0,0,NA,"SSL",0,0,200,30
"scenarioB","X_11","indep",0,0,NA,"SSL",0,0,200,30
"scenarioB","X_12","indep",0,0,NA,"SSL",0,0,200,30
"scenarioB","X_13","indep",0,0,NA,"SSL",0,0,200,30
"scenarioB","X_14","indep",0,0,NA,"SSL",0,0,200,30
"scenarioB","X_15","indep",0,0,NA,"SSL",0,0,200,30
"scenarioB","X_16","indep",0,0,NA,"SSL",0,0,200,30
"scenarioB","X_17","indep",0,0,NA,"SSL",0,0,200,30
"scenarioB","X_18","weak",0.3,0,NA,"SSL",0,0,200,30
"scenarioB","X_19","weak",0.3,0,NA,"SSL",0,0,200,30
"scenarioB","X_20","weak",0.3,0,NA,"SSL",0,0,200,30
"scenarioB","X_21","weak",0.3,0,NA,"SSL",0,0,200,30
"scenarioB","X_22","strong",0.6,0,NA,"SSL",0,0,200,30
"scenarioB","X_23","strong",0.6,0,NA,"SSL",0,0,200,30
"scenarioB","X_24","strong",0.6,0,NA,"SSL",0,0,200,30
"scenarioB","X_25","strong",0.6,0,NA,"SSL",0,0,200,30
"scenarioB","X_1","strong",0.6,0.4,0.323905798761054,"LASSO",0,-0.4,200,30
"scenarioB","X_2","strong",0.6,-0.5,-0.452970653407948,"LASSO",-0.0698296681747079,0.430170331825292,200,30
"scenarioB","X_3","weak",0.3,0.6,0.706436559436991,"LASSO",0.520150324464738,-0.0798496755352622,200,30
"scenarioB","X_4","weak",0.3,0.75,0.699008917041224,"LASSO",0.512331102912026,-0.237668897087974,200,30
"scenarioB","X_5","indep",0,-0.8,-0.775819728032515,"LASSO",-0.507057020528988,0.292942979471012,200,30
"scenarioB","X_6","indep",0,0,NA,"LASSO",0,0,200,30
"scenarioB","X_7","indep",0,0,NA,"LASSO",0,0,200,30
"scenarioB","X_8","indep",0,0,NA,"LASSO",0,0,200,30
"scenarioB","X_9","indep",0,0,NA,"LASSO",0,0,200,30
"scenarioB","X_10","indep",0,0,NA,"LASSO",0,0,200,30
"scenarioB","X_11","indep",0,0,NA,"LASSO",0,0,200,30
"scenarioB","X_12","indep",0,0,NA,"LASSO",0,0,200,30
"scenarioB","X_13","indep",0,0,NA,"LASSO",0,0,200,30
"scenarioB","X_14","indep",0,0,NA,"LASSO",0,0,200,30
"scenarioB","X_15","indep",0,0,NA,"LASSO",0,0,200,30
"scenarioB","X_16","indep",0,0,NA,"LASSO",0,0,200,30
"scenarioB","X_17","indep",0,0,NA,"LASSO",0,0,200,30
"scenarioB","X_18","weak",0.3,0,NA,"LASSO",0,0,200,30
"scenarioB","X_19","weak",0.3,0,NA,"LASSO",0,0,200,30
"scenarioB","X_20","weak",0.3,0,NA,"LASSO",0,0,200,30
"scenarioB","X_21","weak",0.3,0,NA,"LASSO",0.0213287045130509,0.0213287045130509,200,30
"scenarioB","X_22","strong",0.6,0,NA,"LASSO",0,0,200,30
"scenarioB","X_23","strong",0.6,0,NA,"LASSO",0,0,200,30
"scenarioB","X_24","strong",0.6,0,NA,"LASSO",0,0,200,30
"scenarioB","X_25","strong",0.6,0,NA,"LASSO",0,0,200,30
"scenarioB","X_1","strong",0.6,0.4,0.288305256884628,"SSL",0,-0.4,200,31
"scenarioB","X_2","strong",0.6,-0.5,-0.401978657485815,"SSL",-0.196536619564109,0.303463380435891,200,31
"scenarioB","X_3","weak",0.3,0.6,0.624863283835892,"SSL",0.530431102158425,-0.0695688978415752,200,31
"scenarioB","X_4","weak",0.3,0.75,0.83047795569906,"SSL",0.715465986622139,-0.0345340133778607,200,31
"scenarioB","X_5","indep",0,-0.8,-0.754359451276133,"SSL",-0.640247354595159,0.159752645404841,200,31
"scenarioB","X_6","indep",0,0,NA,"SSL",0,0,200,31
"scenarioB","X_7","indep",0,0,NA,"SSL",0,0,200,31
"scenarioB","X_8","indep",0,0,NA,"SSL",0,0,200,31
"scenarioB","X_9","indep",0,0,NA,"SSL",0,0,200,31
"scenarioB","X_10","indep",0,0,NA,"SSL",0,0,200,31
"scenarioB","X_11","indep",0,0,NA,"SSL",0,0,200,31
"scenarioB","X_12","indep",0,0,NA,"SSL",0,0,200,31
"scenarioB","X_13","indep",0,0,NA,"SSL",0,0,200,31
"scenarioB","X_14","indep",0,0,NA,"SSL",0,0,200,31
"scenarioB","X_15","indep",0,0,NA,"SSL",0,0,200,31
"scenarioB","X_16","indep",0,0,NA,"SSL",0,0,200,31
"scenarioB","X_17","indep",0,0,NA,"SSL",0,0,200,31
"scenarioB","X_18","weak",0.3,0,NA,"SSL",0,0,200,31
"scenarioB","X_19","weak",0.3,0,NA,"SSL",0,0,200,31
"scenarioB","X_20","weak",0.3,0,NA,"SSL",0,0,200,31
"scenarioB","X_21","weak",0.3,0,NA,"SSL",0,0,200,31
"scenarioB","X_22","strong",0.6,0,NA,"SSL",0,0,200,31
"scenarioB","X_23","strong",0.6,0,NA,"SSL",0,0,200,31
"scenarioB","X_24","strong",0.6,0,NA,"SSL",0,0,200,31
"scenarioB","X_25","strong",0.6,0,NA,"SSL",0,0,200,31
"scenarioB","X_1","strong",0.6,0.4,0.288305256884628,"LASSO",0,-0.4,200,31
"scenarioB","X_2","strong",0.6,-0.5,-0.401978657485815,"LASSO",-0.106560601250986,0.393439398749014,200,31
"scenarioB","X_3","weak",0.3,0.6,0.624863283835892,"LASSO",0.408304696831092,-0.191695303168908,200,31
"scenarioB","X_4","weak",0.3,0.75,0.83047795569906,"LASSO",0.596525992973603,-0.153474007026397,200,31
"scenarioB","X_5","indep",0,-0.8,-0.754359451276133,"LASSO",-0.503232628176215,0.296767371823785,200,31
"scenarioB","X_6","indep",0,0,NA,"LASSO",0,0,200,31
"scenarioB","X_7","indep",0,0,NA,"LASSO",0,0,200,31
"scenarioB","X_8","indep",0,0,NA,"LASSO",0,0,200,31
"scenarioB","X_9","indep",0,0,NA,"LASSO",0,0,200,31
"scenarioB","X_10","indep",0,0,NA,"LASSO",0,0,200,31
"scenarioB","X_11","indep",0,0,NA,"LASSO",0,0,200,31
"scenarioB","X_12","indep",0,0,NA,"LASSO",0,0,200,31
"scenarioB","X_13","indep",0,0,NA,"LASSO",0,0,200,31
"scenarioB","X_14","indep",0,0,NA,"LASSO",0,0,200,31
"scenarioB","X_15","indep",0,0,NA,"LASSO",0,0,200,31
"scenarioB","X_16","indep",0,0,NA,"LASSO",0,0,200,31
"scenarioB","X_17","indep",0,0,NA,"LASSO",0,0,200,31
"scenarioB","X_18","weak",0.3,0,NA,"LASSO",0,0,200,31
"scenarioB","X_19","weak",0.3,0,NA,"LASSO",0,0,200,31
"scenarioB","X_20","weak",0.3,0,NA,"LASSO",0,0,200,31
"scenarioB","X_21","weak",0.3,0,NA,"LASSO",0.0684990518229426,0.0684990518229426,200,31
"scenarioB","X_22","strong",0.6,0,NA,"LASSO",0,0,200,31
"scenarioB","X_23","strong",0.6,0,NA,"LASSO",0,0,200,31
"scenarioB","X_24","strong",0.6,0,NA,"LASSO",0,0,200,31
"scenarioB","X_25","strong",0.6,0,NA,"LASSO",0,0,200,31
"scenarioB","X_1","strong",0.6,0.4,0.380812363388028,"SSL",0.12611575455368,-0.27388424544632,200,32
"scenarioB","X_2","strong",0.6,-0.5,-0.359142449080858,"SSL",-0.351362415732298,0.148637584267702,200,32
"scenarioB","X_3","weak",0.3,0.6,0.691684354028314,"SSL",0.552358499659232,-0.0476415003407681,200,32
"scenarioB","X_4","weak",0.3,0.75,0.781015135167224,"SSL",0.674477412033441,-0.0755225879665588,200,32
"scenarioB","X_5","indep",0,-0.8,-0.817282386513682,"SSL",-0.692433172623554,0.107566827376446,200,32
"scenarioB","X_6","indep",0,0,NA,"SSL",0,0,200,32
"scenarioB","X_7","indep",0,0,NA,"SSL",0,0,200,32
"scenarioB","X_8","indep",0,0,NA,"SSL",0,0,200,32
"scenarioB","X_9","indep",0,0,NA,"SSL",0,0,200,32
"scenarioB","X_10","indep",0,0,NA,"SSL",0,0,200,32
"scenarioB","X_11","indep",0,0,NA,"SSL",0,0,200,32
"scenarioB","X_12","indep",0,0,NA,"SSL",0,0,200,32
"scenarioB","X_13","indep",0,0,NA,"SSL",0.110543772614463,0.110543772614463,200,32
"scenarioB","X_14","indep",0,0,NA,"SSL",0,0,200,32
"scenarioB","X_15","indep",0,0,NA,"SSL",0,0,200,32
"scenarioB","X_16","indep",0,0,NA,"SSL",-0.158077570598744,-0.158077570598744,200,32
"scenarioB","X_17","indep",0,0,NA,"SSL",0,0,200,32
"scenarioB","X_18","weak",0.3,0,NA,"SSL",0.290543518716577,0.290543518716577,200,32
"scenarioB","X_19","weak",0.3,0,NA,"SSL",0,0,200,32
"scenarioB","X_20","weak",0.3,0,NA,"SSL",0,0,200,32
"scenarioB","X_21","weak",0.3,0,NA,"SSL",0,0,200,32
"scenarioB","X_22","strong",0.6,0,NA,"SSL",0.203784662760368,0.203784662760368,200,32
"scenarioB","X_23","strong",0.6,0,NA,"SSL",0,0,200,32
"scenarioB","X_24","strong",0.6,0,NA,"SSL",0,0,200,32
"scenarioB","X_25","strong",0.6,0,NA,"SSL",0,0,200,32
"scenarioB","X_1","strong",0.6,0.4,0.380812363388028,"LASSO",0,-0.4,200,32
"scenarioB","X_2","strong",0.6,-0.5,-0.359142449080858,"LASSO",0,0.5,200,32
"scenarioB","X_3","weak",0.3,0.6,0.691684354028314,"LASSO",0.351168667655724,-0.248831332344276,200,32
"scenarioB","X_4","weak",0.3,0.75,0.781015135167224,"LASSO",0.487187290369074,-0.262812709630926,200,32
"scenarioB","X_5","indep",0,-0.8,-0.817282386513682,"LASSO",-0.439163720338366,0.360836279661634,200,32
"scenarioB","X_6","indep",0,0,NA,"LASSO",0,0,200,32
"scenarioB","X_7","indep",0,0,NA,"LASSO",0,0,200,32
"scenarioB","X_8","indep",0,0,NA,"LASSO",0,0,200,32
"scenarioB","X_9","indep",0,0,NA,"LASSO",0,0,200,32
"scenarioB","X_10","indep",0,0,NA,"LASSO",0,0,200,32
"scenarioB","X_11","indep",0,0,NA,"LASSO",0,0,200,32
"scenarioB","X_12","indep",0,0,NA,"LASSO",0,0,200,32
"scenarioB","X_13","indep",0,0,NA,"LASSO",0,0,200,32
"scenarioB","X_14","indep",0,0,NA,"LASSO",0,0,200,32
"scenarioB","X_15","indep",0,0,NA,"LASSO",0,0,200,32
"scenarioB","X_16","indep",0,0,NA,"LASSO",0,0,200,32
"scenarioB","X_17","indep",0,0,NA,"LASSO",0,0,200,32
"scenarioB","X_18","weak",0.3,0,NA,"LASSO",0.193736469803392,0.193736469803392,200,32
"scenarioB","X_19","weak",0.3,0,NA,"LASSO",0,0,200,32
"scenarioB","X_20","weak",0.3,0,NA,"LASSO",0,0,200,32
"scenarioB","X_21","weak",0.3,0,NA,"LASSO",0,0,200,32
"scenarioB","X_22","strong",0.6,0,NA,"LASSO",0,0,200,32
"scenarioB","X_23","strong",0.6,0,NA,"LASSO",0,0,200,32
"scenarioB","X_24","strong",0.6,0,NA,"LASSO",0,0,200,32
"scenarioB","X_25","strong",0.6,0,NA,"LASSO",0,0,200,32
"scenarioB","X_1","strong",0.6,0.4,0.422839079526172,"SSL",0.218897327666229,-0.181102672333771,200,33
"scenarioB","X_2","strong",0.6,-0.5,-0.429836590349298,"SSL",-0.393070857859576,0.106929142140424,200,33
"scenarioB","X_3","weak",0.3,0.6,0.331635862698039,"SSL",0.28100083669982,-0.31899916330018,200,33
"scenarioB","X_4","weak",0.3,0.75,0.85489499927557,"SSL",0.783394924063908,0.0333949240639084,200,33
"scenarioB","X_5","indep",0,-0.8,-1.02781190081071,"SSL",-0.897221592825156,-0.0972215928251556,200,33
"scenarioB","X_6","indep",0,0,NA,"SSL",0,0,200,33
"scenarioB","X_7","indep",0,0,NA,"SSL",0,0,200,33
"scenarioB","X_8","indep",0,0,NA,"SSL",0,0,200,33
"scenarioB","X_9","indep",0,0,NA,"SSL",0,0,200,33
"scenarioB","X_10","indep",0,0,NA,"SSL",0,0,200,33
"scenarioB","X_11","indep",0,0,NA,"SSL",0,0,200,33
"scenarioB","X_12","indep",0,0,NA,"SSL",0,0,200,33
"scenarioB","X_13","indep",0,0,NA,"SSL",0,0,200,33
"scenarioB","X_14","indep",0,0,NA,"SSL",0,0,200,33
"scenarioB","X_15","indep",0,0,NA,"SSL",0,0,200,33
"scenarioB","X_16","indep",0,0,NA,"SSL",0,0,200,33
"scenarioB","X_17","indep",0,0,NA,"SSL",0,0,200,33
"scenarioB","X_18","weak",0.3,0,NA,"SSL",0,0,200,33
"scenarioB","X_19","weak",0.3,0,NA,"SSL",0,0,200,33
"scenarioB","X_20","weak",0.3,0,NA,"SSL",0,0,200,33
"scenarioB","X_21","weak",0.3,0,NA,"SSL",0,0,200,33
"scenarioB","X_22","strong",0.6,0,NA,"SSL",0,0,200,33
"scenarioB","X_23","strong",0.6,0,NA,"SSL",0,0,200,33
"scenarioB","X_24","strong",0.6,0,NA,"SSL",0,0,200,33
"scenarioB","X_25","strong",0.6,0,NA,"SSL",0.197661776181116,0.197661776181116,200,33
"scenarioB","X_1","strong",0.6,0.4,0.422839079526172,"LASSO",0,-0.4,200,33
"scenarioB","X_2","strong",0.6,-0.5,-0.429836590349298,"LASSO",0,0.5,200,33
"scenarioB","X_3","weak",0.3,0.6,0.331635862698039,"LASSO",0.134857181267171,-0.465142818732829,200,33
"scenarioB","X_4","weak",0.3,0.75,0.85489499927557,"LASSO",0.575772493144006,-0.174227506855994,200,33
"scenarioB","X_5","indep",0,-0.8,-1.02781190081071,"LASSO",-0.59608880279647,0.20391119720353,200,33
"scenarioB","X_6","indep",0,0,NA,"LASSO",0,0,200,33
"scenarioB","X_7","indep",0,0,NA,"LASSO",0,0,200,33
"scenarioB","X_8","indep",0,0,NA,"LASSO",0,0,200,33
"scenarioB","X_9","indep",0,0,NA,"LASSO",0,0,200,33
"scenarioB","X_10","indep",0,0,NA,"LASSO",0,0,200,33
"scenarioB","X_11","indep",0,0,NA,"LASSO",0,0,200,33
"scenarioB","X_12","indep",0,0,NA,"LASSO",0,0,200,33
"scenarioB","X_13","indep",0,0,NA,"LASSO",0,0,200,33
"scenarioB","X_14","indep",0,0,NA,"LASSO",0,0,200,33
"scenarioB","X_15","indep",0,0,NA,"LASSO",0,0,200,33
"scenarioB","X_16","indep",0,0,NA,"LASSO",0,0,200,33
"scenarioB","X_17","indep",0,0,NA,"LASSO",0,0,200,33
"scenarioB","X_18","weak",0.3,0,NA,"LASSO",0,0,200,33
"scenarioB","X_19","weak",0.3,0,NA,"LASSO",0,0,200,33
"scenarioB","X_20","weak",0.3,0,NA,"LASSO",0,0,200,33
"scenarioB","X_21","weak",0.3,0,NA,"LASSO",0.0497415311422639,0.0497415311422639,200,33
"scenarioB","X_22","strong",0.6,0,NA,"LASSO",0,0,200,33
"scenarioB","X_23","strong",0.6,0,NA,"LASSO",0,0,200,33
"scenarioB","X_24","strong",0.6,0,NA,"LASSO",0,0,200,33
"scenarioB","X_25","strong",0.6,0,NA,"LASSO",0,0,200,33
"scenarioB","X_1","strong",0.6,0.4,0.169686543967123,"SSL",0,-0.4,200,34
"scenarioB","X_2","strong",0.6,-0.5,-0.283434886337108,"SSL",0,0.5,200,34
"scenarioB","X_3","weak",0.3,0.6,0.671568215958576,"SSL",0.574626459508691,-0.0253735404913095,200,34
"scenarioB","X_4","weak",0.3,0.75,0.890483661866302,"SSL",0.776590702568143,0.0265907025681426,200,34
"scenarioB","X_5","indep",0,-0.8,-0.762012093139646,"SSL",-0.679431727623834,0.120568272376166,200,34
"scenarioB","X_6","indep",0,0,NA,"SSL",0,0,200,34
"scenarioB","X_7","indep",0,0,NA,"SSL",0,0,200,34
"scenarioB","X_8","indep",0,0,NA,"SSL",0,0,200,34
"scenarioB","X_9","indep",0,0,NA,"SSL",0,0,200,34
"scenarioB","X_10","indep",0,0,NA,"SSL",0,0,200,34
"scenarioB","X_11","indep",0,0,NA,"SSL",0,0,200,34
"scenarioB","X_12","indep",0,0,NA,"SSL",0,0,200,34
"scenarioB","X_13","indep",0,0,NA,"SSL",0,0,200,34
"scenarioB","X_14","indep",0,0,NA,"SSL",0,0,200,34
"scenarioB","X_15","indep",0,0,NA,"SSL",0,0,200,34
"scenarioB","X_16","indep",0,0,NA,"SSL",0,0,200,34
"scenarioB","X_17","indep",0,0,NA,"SSL",0,0,200,34
"scenarioB","X_18","weak",0.3,0,NA,"SSL",0,0,200,34
"scenarioB","X_19","weak",0.3,0,NA,"SSL",0,0,200,34
"scenarioB","X_20","weak",0.3,0,NA,"SSL",0,0,200,34
"scenarioB","X_21","weak",0.3,0,NA,"SSL",0,0,200,34
"scenarioB","X_22","strong",0.6,0,NA,"SSL",0,0,200,34
"scenarioB","X_23","strong",0.6,0,NA,"SSL",0,0,200,34
"scenarioB","X_24","strong",0.6,0,NA,"SSL",0,0,200,34
"scenarioB","X_25","strong",0.6,0,NA,"SSL",0,0,200,34
"scenarioB","X_1","strong",0.6,0.4,0.169686543967123,"LASSO",0,-0.4,200,34
"scenarioB","X_2","strong",0.6,-0.5,-0.283434886337108,"LASSO",0,0.5,200,34
"scenarioB","X_3","weak",0.3,0.6,0.671568215958576,"LASSO",0.447850441418614,-0.152149558581386,200,34
"scenarioB","X_4","weak",0.3,0.75,0.890483661866302,"LASSO",0.629693567290516,-0.120306432709484,200,34
"scenarioB","X_5","indep",0,-0.8,-0.762012093139646,"LASSO",-0.514590491170657,0.285409508829343,200,34
"scenarioB","X_6","indep",0,0,NA,"LASSO",0,0,200,34
"scenarioB","X_7","indep",0,0,NA,"LASSO",0,0,200,34
"scenarioB","X_8","indep",0,0,NA,"LASSO",0,0,200,34
"scenarioB","X_9","indep",0,0,NA,"LASSO",0,0,200,34
"scenarioB","X_10","indep",0,0,NA,"LASSO",0,0,200,34
"scenarioB","X_11","indep",0,0,NA,"LASSO",0,0,200,34
"scenarioB","X_12","indep",0,0,NA,"LASSO",0,0,200,34
"scenarioB","X_13","indep",0,0,NA,"LASSO",0,0,200,34
"scenarioB","X_14","indep",0,0,NA,"LASSO",0,0,200,34
"scenarioB","X_15","indep",0,0,NA,"LASSO",0,0,200,34
"scenarioB","X_16","indep",0,0,NA,"LASSO",0,0,200,34
"scenarioB","X_17","indep",0,0,NA,"LASSO",0,0,200,34
"scenarioB","X_18","weak",0.3,0,NA,"LASSO",0,0,200,34
"scenarioB","X_19","weak",0.3,0,NA,"LASSO",0,0,200,34
"scenarioB","X_20","weak",0.3,0,NA,"LASSO",0,0,200,34
"scenarioB","X_21","weak",0.3,0,NA,"LASSO",0,0,200,34
"scenarioB","X_22","strong",0.6,0,NA,"LASSO",0,0,200,34
"scenarioB","X_23","strong",0.6,0,NA,"LASSO",0,0,200,34
"scenarioB","X_24","strong",0.6,0,NA,"LASSO",0,0,200,34
"scenarioB","X_25","strong",0.6,0,NA,"LASSO",0,0,200,34
"scenarioB","X_1","strong",0.6,0.4,0.444897859972472,"SSL",0.399921434149219,-7.85658507811982e-05,200,35
"scenarioB","X_2","strong",0.6,-0.5,-0.590567713659249,"SSL",-0.535510572841413,-0.0355105728414133,200,35
"scenarioB","X_3","weak",0.3,0.6,0.576847688311712,"SSL",0.54914917162432,-0.0508508283756801,200,35
"scenarioB","X_4","weak",0.3,0.75,0.972500503391857,"SSL",0.931764930216773,0.181764930216773,200,35
"scenarioB","X_5","indep",0,-0.8,-0.77065256337093,"SSL",-0.73912678168603,0.0608732183139703,200,35
"scenarioB","X_6","indep",0,0,NA,"SSL",0,0,200,35
"scenarioB","X_7","indep",0,0,NA,"SSL",0,0,200,35
"scenarioB","X_8","indep",0,0,NA,"SSL",0,0,200,35
"scenarioB","X_9","indep",0,0,NA,"SSL",0,0,200,35
"scenarioB","X_10","indep",0,0,NA,"SSL",0,0,200,35
"scenarioB","X_11","indep",0,0,NA,"SSL",0,0,200,35
"scenarioB","X_12","indep",0,0,NA,"SSL",0,0,200,35
"scenarioB","X_13","indep",0,0,NA,"SSL",0,0,200,35
"scenarioB","X_14","indep",0,0,NA,"SSL",0,0,200,35
"scenarioB","X_15","indep",0,0,NA,"SSL",0,0,200,35
"scenarioB","X_16","indep",0,0,NA,"SSL",0,0,200,35
"scenarioB","X_17","indep",0,0,NA,"SSL",0,0,200,35
"scenarioB","X_18","weak",0.3,0,NA,"SSL",0,0,200,35
"scenarioB","X_19","weak",0.3,0,NA,"SSL",0,0,200,35
"scenarioB","X_20","weak",0.3,0,NA,"SSL",0,0,200,35
"scenarioB","X_21","weak",0.3,0,NA,"SSL",0,0,200,35
"scenarioB","X_22","strong",0.6,0,NA,"SSL",0,0,200,35
"scenarioB","X_23","strong",0.6,0,NA,"SSL",0,0,200,35
"scenarioB","X_24","strong",0.6,0,NA,"SSL",0,0,200,35
"scenarioB","X_25","strong",0.6,0,NA,"SSL",0,0,200,35
"scenarioB","X_1","strong",0.6,0.4,0.444897859972472,"LASSO",0.119030403000239,-0.280969596999761,200,35
"scenarioB","X_2","strong",0.6,-0.5,-0.590567713659249,"LASSO",-0.208733975910652,0.291266024089348,200,35
"scenarioB","X_3","weak",0.3,0.6,0.576847688311712,"LASSO",0.37238677446718,-0.22761322553282,200,35
"scenarioB","X_4","weak",0.3,0.75,0.972500503391857,"LASSO",0.694595720517154,-0.0554042794828455,200,35
"scenarioB","X_5","indep",0,-0.8,-0.77065256337093,"LASSO",-0.559246724638474,0.240753275361526,200,35
"scenarioB","X_6","indep",0,0,NA,"LASSO",0,0,200,35
"scenarioB","X_7","indep",0,0,NA,"LASSO",0,0,200,35
"scenarioB","X_8","indep",0,0,NA,"LASSO",0,0,200,35
"scenarioB","X_9","indep",0,0,NA,"LASSO",0,0,200,35
"scenarioB","X_10","indep",0,0,NA,"LASSO",0,0,200,35
"scenarioB","X_11","indep",0,0,NA,"LASSO",0,0,200,35
"scenarioB","X_12","indep",0,0,NA,"LASSO",-0.0307127183521883,-0.0307127183521883,200,35
"scenarioB","X_13","indep",0,0,NA,"LASSO",0,0,200,35
"scenarioB","X_14","indep",0,0,NA,"LASSO",0,0,200,35
"scenarioB","X_15","indep",0,0,NA,"LASSO",0,0,200,35
"scenarioB","X_16","indep",0,0,NA,"LASSO",0,0,200,35
"scenarioB","X_17","indep",0,0,NA,"LASSO",0,0,200,35
"scenarioB","X_18","weak",0.3,0,NA,"LASSO",0,0,200,35
"scenarioB","X_19","weak",0.3,0,NA,"LASSO",0.0393609697505983,0.0393609697505983,200,35
"scenarioB","X_20","weak",0.3,0,NA,"LASSO",0,0,200,35
"scenarioB","X_21","weak",0.3,0,NA,"LASSO",0,0,200,35
"scenarioB","X_22","strong",0.6,0,NA,"LASSO",0,0,200,35
"scenarioB","X_23","strong",0.6,0,NA,"LASSO",0,0,200,35
"scenarioB","X_24","strong",0.6,0,NA,"LASSO",0,0,200,35
"scenarioB","X_25","strong",0.6,0,NA,"LASSO",0,0,200,35
"scenarioB","X_1","strong",0.6,0.4,0.477242072318391,"SSL",0.349321769183651,-0.050678230816349,200,36
"scenarioB","X_2","strong",0.6,-0.5,-0.540103079843769,"SSL",-0.431292948111837,0.0687070518881628,200,36
"scenarioB","X_3","weak",0.3,0.6,0.622742490301006,"SSL",0.629948532444171,0.0299485324441706,200,36
"scenarioB","X_4","weak",0.3,0.75,0.901255809112529,"SSL",0.762998477810368,0.012998477810368,200,36
"scenarioB","X_5","indep",0,-0.8,-0.977011437558807,"SSL",-0.879854179530928,-0.0798541795309277,200,36
"scenarioB","X_6","indep",0,0,NA,"SSL",-0.13231472323948,-0.13231472323948,200,36
"scenarioB","X_7","indep",0,0,NA,"SSL",0.149224381262283,0.149224381262283,200,36
"scenarioB","X_8","indep",0,0,NA,"SSL",0,0,200,36
"scenarioB","X_9","indep",0,0,NA,"SSL",0.143056814416585,0.143056814416585,200,36
"scenarioB","X_10","indep",0,0,NA,"SSL",0,0,200,36
"scenarioB","X_11","indep",0,0,NA,"SSL",0,0,200,36
"scenarioB","X_12","indep",0,0,NA,"SSL",0,0,200,36
"scenarioB","X_13","indep",0,0,NA,"SSL",0,0,200,36
"scenarioB","X_14","indep",0,0,NA,"SSL",0,0,200,36
"scenarioB","X_15","indep",0,0,NA,"SSL",0,0,200,36
"scenarioB","X_16","indep",0,0,NA,"SSL",0.132341974290849,0.132341974290849,200,36
"scenarioB","X_17","indep",0,0,NA,"SSL",0,0,200,36
"scenarioB","X_18","weak",0.3,0,NA,"SSL",0.275398899045567,0.275398899045567,200,36
"scenarioB","X_19","weak",0.3,0,NA,"SSL",0,0,200,36
"scenarioB","X_20","weak",0.3,0,NA,"SSL",-0.297422181474872,-0.297422181474872,200,36
"scenarioB","X_21","weak",0.3,0,NA,"SSL",0,0,200,36
"scenarioB","X_22","strong",0.6,0,NA,"SSL",0,0,200,36
"scenarioB","X_23","strong",0.6,0,NA,"SSL",0,0,200,36
"scenarioB","X_24","strong",0.6,0,NA,"SSL",0,0,200,36
"scenarioB","X_25","strong",0.6,0,NA,"SSL",0,0,200,36
"scenarioB","X_1","strong",0.6,0.4,0.477242072318391,"LASSO",0.275502569947902,-0.124497430052098,200,36
"scenarioB","X_2","strong",0.6,-0.5,-0.540103079843769,"LASSO",-0.364413864329734,0.135586135670266,200,36
"scenarioB","X_3","weak",0.3,0.6,0.622742490301006,"LASSO",0.58756028118292,-0.0124397188170803,200,36
"scenarioB","X_4","weak",0.3,0.75,0.901255809112529,"LASSO",0.735005429097547,-0.0149945709024529,200,36
"scenarioB","X_5","indep",0,-0.8,-0.977011437558807,"LASSO",-0.84007265310671,-0.0400726531067103,200,36
"scenarioB","X_6","indep",0,0,NA,"LASSO",-0.102227133838114,-0.102227133838114,200,36
"scenarioB","X_7","indep",0,0,NA,"LASSO",0.120396076160836,0.120396076160836,200,36
"scenarioB","X_8","indep",0,0,NA,"LASSO",0,0,200,36
"scenarioB","X_9","indep",0,0,NA,"LASSO",0.114251558637816,0.114251558637816,200,36
"scenarioB","X_10","indep",0,0,NA,"LASSO",0,0,200,36
"scenarioB","X_11","indep",0,0,NA,"LASSO",0.0426437186035056,0.0426437186035056,200,36
"scenarioB","X_12","indep",0,0,NA,"LASSO",0,0,200,36
"scenarioB","X_13","indep",0,0,NA,"LASSO",-0.0177341316100816,-0.0177341316100816,200,36
"scenarioB","X_14","indep",0,0,NA,"LASSO",0,0,200,36
"scenarioB","X_15","indep",0,0,NA,"LASSO",-0.0604341518154517,-0.0604341518154517,200,36
"scenarioB","X_16","indep",0,0,NA,"LASSO",0.113744906039572,0.113744906039572,200,36
"scenarioB","X_17","indep",0,0,NA,"LASSO",0,0,200,36
"scenarioB","X_18","weak",0.3,0,NA,"LASSO",0.233032994428165,0.233032994428165,200,36
"scenarioB","X_19","weak",0.3,0,NA,"LASSO",0,0,200,36
"scenarioB","X_20","weak",0.3,0,NA,"LASSO",-0.221829559228583,-0.221829559228583,200,36
"scenarioB","X_21","weak",0.3,0,NA,"LASSO",-0.0394114125683521,-0.0394114125683521,200,36
"scenarioB","X_22","strong",0.6,0,NA,"LASSO",0,0,200,36
"scenarioB","X_23","strong",0.6,0,NA,"LASSO",0,0,200,36
"scenarioB","X_24","strong",0.6,0,NA,"LASSO",0,0,200,36
"scenarioB","X_25","strong",0.6,0,NA,"LASSO",0,0,200,36
"scenarioB","X_1","strong",0.6,0.4,0.303179178696665,"SSL",0.279206110589828,-0.120793889410172,200,37
"scenarioB","X_2","strong",0.6,-0.5,-0.701645991652017,"SSL",-0.617440476375638,-0.117440476375638,200,37
"scenarioB","X_3","weak",0.3,0.6,0.624348855418756,"SSL",0.622665283053347,0.022665283053347,200,37
"scenarioB","X_4","weak",0.3,0.75,0.752282505139958,"SSL",0.776583770583248,0.0265837705832483,200,37
"scenarioB","X_5","indep",0,-0.8,-0.924179031384086,"SSL",-0.948353841579813,-0.148353841579813,200,37
"scenarioB","X_6","indep",0,0,NA,"SSL",0,0,200,37
"scenarioB","X_7","indep",0,0,NA,"SSL",0,0,200,37
"scenarioB","X_8","indep",0,0,NA,"SSL",0,0,200,37
"scenarioB","X_9","indep",0,0,NA,"SSL",0,0,200,37
"scenarioB","X_10","indep",0,0,NA,"SSL",0.117393353622469,0.117393353622469,200,37
"scenarioB","X_11","indep",0,0,NA,"SSL",0,0,200,37
"scenarioB","X_12","indep",0,0,NA,"SSL",0.137142253586412,0.137142253586412,200,37
"scenarioB","X_13","indep",0,0,NA,"SSL",0,0,200,37
"scenarioB","X_14","indep",0,0,NA,"SSL",0.181742849870111,0.181742849870111,200,37
"scenarioB","X_15","indep",0,0,NA,"SSL",0.0968616586065134,0.0968616586065134,200,37
"scenarioB","X_16","indep",0,0,NA,"SSL",0,0,200,37
"scenarioB","X_17","indep",0,0,NA,"SSL",0,0,200,37
"scenarioB","X_18","weak",0.3,0,NA,"SSL",0,0,200,37
"scenarioB","X_19","weak",0.3,0,NA,"SSL",0,0,200,37
"scenarioB","X_20","weak",0.3,0,NA,"SSL",0,0,200,37
"scenarioB","X_21","weak",0.3,0,NA,"SSL",0,0,200,37
"scenarioB","X_22","strong",0.6,0,NA,"SSL",0,0,200,37
"scenarioB","X_23","strong",0.6,0,NA,"SSL",0,0,200,37
"scenarioB","X_24","strong",0.6,0,NA,"SSL",-0.162077172509677,-0.162077172509677,200,37
"scenarioB","X_25","strong",0.6,0,NA,"SSL",0,0,200,37
"scenarioB","X_1","strong",0.6,0.4,0.303179178696665,"LASSO",0,-0.4,200,37
"scenarioB","X_2","strong",0.6,-0.5,-0.701645991652017,"LASSO",-0.33794269272641,0.16205730727359,200,37
"scenarioB","X_3","weak",0.3,0.6,0.624348855418756,"LASSO",0.360430788115553,-0.239569211884447,200,37
"scenarioB","X_4","weak",0.3,0.75,0.752282505139958,"LASSO",0.582660937304062,-0.167339062695938,200,37
"scenarioB","X_5","indep",0,-0.8,-0.924179031384086,"LASSO",-0.629389722647981,0.170610277352019,200,37
"scenarioB","X_6","indep",0,0,NA,"LASSO",0,0,200,37
"scenarioB","X_7","indep",0,0,NA,"LASSO",0,0,200,37
"scenarioB","X_8","indep",0,0,NA,"LASSO",0,0,200,37
"scenarioB","X_9","indep",0,0,NA,"LASSO",0,0,200,37
"scenarioB","X_10","indep",0,0,NA,"LASSO",0,0,200,37
"scenarioB","X_11","indep",0,0,NA,"LASSO",0,0,200,37
"scenarioB","X_12","indep",0,0,NA,"LASSO",0,0,200,37
"scenarioB","X_13","indep",0,0,NA,"LASSO",0,0,200,37
"scenarioB","X_14","indep",0,0,NA,"LASSO",0,0,200,37
"scenarioB","X_15","indep",0,0,NA,"LASSO",0,0,200,37
"scenarioB","X_16","indep",0,0,NA,"LASSO",0,0,200,37
"scenarioB","X_17","indep",0,0,NA,"LASSO",0,0,200,37
"scenarioB","X_18","weak",0.3,0,NA,"LASSO",0,0,200,37
"scenarioB","X_19","weak",0.3,0,NA,"LASSO",0,0,200,37
"scenarioB","X_20","weak",0.3,0,NA,"LASSO",0,0,200,37
"scenarioB","X_21","weak",0.3,0,NA,"LASSO",0,0,200,37
"scenarioB","X_22","strong",0.6,0,NA,"LASSO",0,0,200,37
"scenarioB","X_23","strong",0.6,0,NA,"LASSO",0,0,200,37
"scenarioB","X_24","strong",0.6,0,NA,"LASSO",0,0,200,37
"scenarioB","X_25","strong",0.6,0,NA,"LASSO",0,0,200,37
"scenarioB","X_1","strong",0.6,0.4,0.474588639505865,"SSL",0.328710205306965,-0.0712897946930345,200,38
"scenarioB","X_2","strong",0.6,-0.5,-0.541930402007097,"SSL",-0.436084505999255,0.0639154940007454,200,38
"scenarioB","X_3","weak",0.3,0.6,0.621952830626586,"SSL",0.657189779275617,0.0571897792756169,200,38
"scenarioB","X_4","weak",0.3,0.75,0.743362888285232,"SSL",0.695121693574423,-0.0548783064255772,200,38
"scenarioB","X_5","indep",0,-0.8,-0.809787630493188,"SSL",-0.760746765693766,0.0392532343062345,200,38
"scenarioB","X_6","indep",0,0,NA,"SSL",0,0,200,38
"scenarioB","X_7","indep",0,0,NA,"SSL",0,0,200,38
"scenarioB","X_8","indep",0,0,NA,"SSL",0,0,200,38
"scenarioB","X_9","indep",0,0,NA,"SSL",-0.232648273845574,-0.232648273845574,200,38
"scenarioB","X_10","indep",0,0,NA,"SSL",0,0,200,38
"scenarioB","X_11","indep",0,0,NA,"SSL",0,0,200,38
"scenarioB","X_12","indep",0,0,NA,"SSL",0,0,200,38
"scenarioB","X_13","indep",0,0,NA,"SSL",0,0,200,38
"scenarioB","X_14","indep",0,0,NA,"SSL",0,0,200,38
"scenarioB","X_15","indep",0,0,NA,"SSL",0.206804065553089,0.206804065553089,200,38
"scenarioB","X_16","indep",0,0,NA,"SSL",0,0,200,38
"scenarioB","X_17","indep",0,0,NA,"SSL",0,0,200,38
"scenarioB","X_18","weak",0.3,0,NA,"SSL",0,0,200,38
"scenarioB","X_19","weak",0.3,0,NA,"SSL",0,0,200,38
"scenarioB","X_20","weak",0.3,0,NA,"SSL",0,0,200,38
"scenarioB","X_21","weak",0.3,0,NA,"SSL",0,0,200,38
"scenarioB","X_22","strong",0.6,0,NA,"SSL",0,0,200,38
"scenarioB","X_23","strong",0.6,0,NA,"SSL",0,0,200,38
"scenarioB","X_24","strong",0.6,0,NA,"SSL",0,0,200,38
"scenarioB","X_25","strong",0.6,0,NA,"SSL",0,0,200,38
"scenarioB","X_1","strong",0.6,0.4,0.474588639505865,"LASSO",0.187816143014368,-0.212183856985632,200,38
"scenarioB","X_2","strong",0.6,-0.5,-0.541930402007097,"LASSO",-0.280295871428404,0.219704128571596,200,38
"scenarioB","X_3","weak",0.3,0.6,0.621952830626586,"LASSO",0.589057574523198,-0.0109424254768017,200,38
"scenarioB","X_4","weak",0.3,0.75,0.743362888285232,"LASSO",0.607194693895545,-0.142805306104455,200,38
"scenarioB","X_5","indep",0,-0.8,-0.809787630493188,"LASSO",-0.67219165620863,0.12780834379137,200,38
"scenarioB","X_6","indep",0,0,NA,"LASSO",0,0,200,38
"scenarioB","X_7","indep",0,0,NA,"LASSO",-0.0753621155464106,-0.0753621155464106,200,38
"scenarioB","X_8","indep",0,0,NA,"LASSO",-0.0534345751934433,-0.0534345751934433,200,38
"scenarioB","X_9","indep",0,0,NA,"LASSO",-0.178244976986681,-0.178244976986681,200,38
"scenarioB","X_10","indep",0,0,NA,"LASSO",0,0,200,38
"scenarioB","X_11","indep",0,0,NA,"LASSO",0,0,200,38
"scenarioB","X_12","indep",0,0,NA,"LASSO",0,0,200,38
"scenarioB","X_13","indep",0,0,NA,"LASSO",0,0,200,38
"scenarioB","X_14","indep",0,0,NA,"LASSO",0,0,200,38
"scenarioB","X_15","indep",0,0,NA,"LASSO",0.145049807198824,0.145049807198824,200,38
"scenarioB","X_16","indep",0,0,NA,"LASSO",0.0356786651908909,0.0356786651908909,200,38
"scenarioB","X_17","indep",0,0,NA,"LASSO",0,0,200,38
"scenarioB","X_18","weak",0.3,0,NA,"LASSO",0,0,200,38
"scenarioB","X_19","weak",0.3,0,NA,"LASSO",0,0,200,38
"scenarioB","X_20","weak",0.3,0,NA,"LASSO",0,0,200,38
"scenarioB","X_21","weak",0.3,0,NA,"LASSO",0,0,200,38
"scenarioB","X_22","strong",0.6,0,NA,"LASSO",0,0,200,38
"scenarioB","X_23","strong",0.6,0,NA,"LASSO",0,0,200,38
"scenarioB","X_24","strong",0.6,0,NA,"LASSO",0,0,200,38
"scenarioB","X_25","strong",0.6,0,NA,"LASSO",0,0,200,38
"scenarioB","X_1","strong",0.6,0.4,0.336606697348381,"SSL",0.344772847144659,-0.0552271528553415,200,39
"scenarioB","X_2","strong",0.6,-0.5,-0.537176243641412,"SSL",-0.529907934664435,-0.0299079346644346,200,39
"scenarioB","X_3","weak",0.3,0.6,0.592983382736695,"SSL",0.453980126712992,-0.146019873287008,200,39
"scenarioB","X_4","weak",0.3,0.75,0.994499374775911,"SSL",0.958397619492847,0.208397619492847,200,39
"scenarioB","X_5","indep",0,-0.8,-0.793549727217356,"SSL",-0.749738076305653,0.0502619236943475,200,39
"scenarioB","X_6","indep",0,0,NA,"SSL",0.0782434132106421,0.0782434132106421,200,39
"scenarioB","X_7","indep",0,0,NA,"SSL",0,0,200,39
"scenarioB","X_8","indep",0,0,NA,"SSL",0.0953366367306533,0.0953366367306533,200,39
"scenarioB","X_9","indep",0,0,NA,"SSL",-0.12966092222644,-0.12966092222644,200,39
"scenarioB","X_10","indep",0,0,NA,"SSL",0.0112737471521565,0.0112737471521565,200,39
"scenarioB","X_11","indep",0,0,NA,"SSL",0.196717325805565,0.196717325805565,200,39
"scenarioB","X_12","indep",0,0,NA,"SSL",-0.121679348353795,-0.121679348353795,200,39
"scenarioB","X_13","indep",0,0,NA,"SSL",-0.177334879201816,-0.177334879201816,200,39
"scenarioB","X_14","indep",0,0,NA,"SSL",0.23660564161363,0.23660564161363,200,39
"scenarioB","X_15","indep",0,0,NA,"SSL",0,0,200,39
"scenarioB","X_16","indep",0,0,NA,"SSL",0,0,200,39
"scenarioB","X_17","indep",0,0,NA,"SSL",0.256537281630023,0.256537281630023,200,39
"scenarioB","X_18","weak",0.3,0,NA,"SSL",-0.0400678789091456,-0.0400678789091456,200,39
"scenarioB","X_19","weak",0.3,0,NA,"SSL",0.0490102700395895,0.0490102700395895,200,39
"scenarioB","X_20","weak",0.3,0,NA,"SSL",0,0,200,39
"scenarioB","X_21","weak",0.3,0,NA,"SSL",0.0544690203483471,0.0544690203483471,200,39
"scenarioB","X_22","strong",0.6,0,NA,"SSL",0.0136338206049162,0.0136338206049162,200,39
"scenarioB","X_23","strong",0.6,0,NA,"SSL",0,0,200,39
"scenarioB","X_24","strong",0.6,0,NA,"SSL",0.043974857608085,0.043974857608085,200,39
"scenarioB","X_25","strong",0.6,0,NA,"SSL",-0.0384391570403643,-0.0384391570403643,200,39
"scenarioB","X_1","strong",0.6,0.4,0.336606697348381,"LASSO",0.273424780528896,-0.126575219471104,200,39
"scenarioB","X_2","strong",0.6,-0.5,-0.537176243641412,"LASSO",-0.430746744737855,0.069253255262145,200,39
"scenarioB","X_3","weak",0.3,0.6,0.592983382736695,"LASSO",0.428523630468012,-0.171476369531988,200,39
"scenarioB","X_4","weak",0.3,0.75,0.994499374775911,"LASSO",0.896996682958289,0.146996682958289,200,39
"scenarioB","X_5","indep",0,-0.8,-0.793549727217356,"LASSO",-0.691002489341912,0.108997510658088,200,39
"scenarioB","X_6","indep",0,0,NA,"LASSO",0.0501053687428334,0.0501053687428334,200,39
"scenarioB","X_7","indep",0,0,NA,"LASSO",0,0,200,39
"scenarioB","X_8","indep",0,0,NA,"LASSO",0.0849865112588562,0.0849865112588562,200,39
"scenarioB","X_9","indep",0,0,NA,"LASSO",-0.10189498310671,-0.10189498310671,200,39
"scenarioB","X_10","indep",0,0,NA,"LASSO",0,0,200,39
"scenarioB","X_11","indep",0,0,NA,"LASSO",0.162567335107852,0.162567335107852,200,39
"scenarioB","X_12","indep",0,0,NA,"LASSO",-0.0759739239715211,-0.0759739239715211,200,39
"scenarioB","X_13","indep",0,0,NA,"LASSO",-0.135121442495825,-0.135121442495825,200,39
"scenarioB","X_14","indep",0,0,NA,"LASSO",0.195310073352649,0.195310073352649,200,39
"scenarioB","X_15","indep",0,0,NA,"LASSO",0,0,200,39
"scenarioB","X_16","indep",0,0,NA,"LASSO",0,0,200,39
"scenarioB","X_17","indep",0,0,NA,"LASSO",0.203974246646885,0.203974246646885,200,39
"scenarioB","X_18","weak",0.3,0,NA,"LASSO",0,0,200,39
"scenarioB","X_19","weak",0.3,0,NA,"LASSO",0.0126268343148642,0.0126268343148642,200,39
"scenarioB","X_20","weak",0.3,0,NA,"LASSO",0,0,200,39
"scenarioB","X_21","weak",0.3,0,NA,"LASSO",0.0569876587324242,0.0569876587324242,200,39
"scenarioB","X_22","strong",0.6,0,NA,"LASSO",0,0,200,39
"scenarioB","X_23","strong",0.6,0,NA,"LASSO",0,0,200,39
"scenarioB","X_24","strong",0.6,0,NA,"LASSO",0,0,200,39
"scenarioB","X_25","strong",0.6,0,NA,"LASSO",0,0,200,39
"scenarioB","X_1","strong",0.6,0.4,0.38492737693082,"SSL",0,-0.4,200,40
"scenarioB","X_2","strong",0.6,-0.5,-0.273859479938227,"SSL",0,0.5,200,40
"scenarioB","X_3","weak",0.3,0.6,0.747690473627812,"SSL",0.5531217431505,-0.0468782568494999,200,40
"scenarioB","X_4","weak",0.3,0.75,0.746334464842536,"SSL",0.64927598401931,-0.10072401598069,200,40
"scenarioB","X_5","indep",0,-0.8,-0.809928316075334,"SSL",-0.748125076171803,0.0518749238281968,200,40
"scenarioB","X_6","indep",0,0,NA,"SSL",0,0,200,40
"scenarioB","X_7","indep",0,0,NA,"SSL",0,0,200,40
"scenarioB","X_8","indep",0,0,NA,"SSL",0,0,200,40
"scenarioB","X_9","indep",0,0,NA,"SSL",0,0,200,40
"scenarioB","X_10","indep",0,0,NA,"SSL",0,0,200,40
"scenarioB","X_11","indep",0,0,NA,"SSL",0.203878898334328,0.203878898334328,200,40
"scenarioB","X_12","indep",0,0,NA,"SSL",0,0,200,40
"scenarioB","X_13","indep",0,0,NA,"SSL",0,0,200,40
"scenarioB","X_14","indep",0,0,NA,"SSL",0,0,200,40
"scenarioB","X_15","indep",0,0,NA,"SSL",0,0,200,40
"scenarioB","X_16","indep",0,0,NA,"SSL",0,0,200,40
"scenarioB","X_17","indep",0,0,NA,"SSL",0,0,200,40
"scenarioB","X_18","weak",0.3,0,NA,"SSL",0,0,200,40
"scenarioB","X_19","weak",0.3,0,NA,"SSL",0,0,200,40
"scenarioB","X_20","weak",0.3,0,NA,"SSL",0,0,200,40
"scenarioB","X_21","weak",0.3,0,NA,"SSL",0.139331220371955,0.139331220371955,200,40
"scenarioB","X_22","strong",0.6,0,NA,"SSL",0,0,200,40
"scenarioB","X_23","strong",0.6,0,NA,"SSL",0,0,200,40
"scenarioB","X_24","strong",0.6,0,NA,"SSL",0.229856783871298,0.229856783871298,200,40
"scenarioB","X_25","strong",0.6,0,NA,"SSL",0,0,200,40
"scenarioB","X_1","strong",0.6,0.4,0.38492737693082,"LASSO",0,-0.4,200,40
"scenarioB","X_2","strong",0.6,-0.5,-0.273859479938227,"LASSO",0,0.5,200,40
"scenarioB","X_3","weak",0.3,0.6,0.747690473627812,"LASSO",0.448250827429348,-0.151749172570652,200,40
"scenarioB","X_4","weak",0.3,0.75,0.746334464842536,"LASSO",0.509079349476386,-0.240920650523614,200,40
"scenarioB","X_5","indep",0,-0.8,-0.809928316075334,"LASSO",-0.527612309306707,0.272387690693293,200,40
"scenarioB","X_6","indep",0,0,NA,"LASSO",0,0,200,40
"scenarioB","X_7","indep",0,0,NA,"LASSO",0,0,200,40
"scenarioB","X_8","indep",0,0,NA,"LASSO",-0.05322625932025,-0.05322625932025,200,40
"scenarioB","X_9","indep",0,0,NA,"LASSO",0,0,200,40
"scenarioB","X_10","indep",0,0,NA,"LASSO",0,0,200,40
"scenarioB","X_11","indep",0,0,NA,"LASSO",0.0675644606742146,0.0675644606742146,200,40
"scenarioB","X_12","indep",0,0,NA,"LASSO",0,0,200,40
"scenarioB","X_13","indep",0,0,NA,"LASSO",0,0,200,40
"scenarioB","X_14","indep",0,0,NA,"LASSO",0,0,200,40
"scenarioB","X_15","indep",0,0,NA,"LASSO",0,0,200,40
"scenarioB","X_16","indep",0,0,NA,"LASSO",0,0,200,40
"scenarioB","X_17","indep",0,0,NA,"LASSO",0,0,200,40
"scenarioB","X_18","weak",0.3,0,NA,"LASSO",0,0,200,40
"scenarioB","X_19","weak",0.3,0,NA,"LASSO",0,0,200,40
"scenarioB","X_20","weak",0.3,0,NA,"LASSO",0,0,200,40
"scenarioB","X_21","weak",0.3,0,NA,"LASSO",0.0444694968142274,0.0444694968142274,200,40
"scenarioB","X_22","strong",0.6,0,NA,"LASSO",0,0,200,40
"scenarioB","X_23","strong",0.6,0,NA,"LASSO",0,0,200,40
"scenarioB","X_24","strong",0.6,0,NA,"LASSO",0.0918685916365591,0.0918685916365591,200,40
"scenarioB","X_25","strong",0.6,0,NA,"LASSO",0,0,200,40
"scenarioB","X_1","strong",0.6,0.4,0.314351459115232,"SSL",0,-0.4,200,41
"scenarioB","X_2","strong",0.6,-0.5,-0.321226480977759,"SSL",0,0.5,200,41
"scenarioB","X_3","weak",0.3,0.6,0.575481209865697,"SSL",0.374903806409547,-0.225096193590453,200,41
"scenarioB","X_4","weak",0.3,0.75,0.746458854832208,"SSL",0.646745327816532,-0.103254672183468,200,41
"scenarioB","X_5","indep",0,-0.8,-0.844793923957356,"SSL",-0.75412338409274,0.0458766159072598,200,41
"scenarioB","X_6","indep",0,0,NA,"SSL",0,0,200,41
"scenarioB","X_7","indep",0,0,NA,"SSL",0,0,200,41
"scenarioB","X_8","indep",0,0,NA,"SSL",0,0,200,41
"scenarioB","X_9","indep",0,0,NA,"SSL",0,0,200,41
"scenarioB","X_10","indep",0,0,NA,"SSL",0,0,200,41
"scenarioB","X_11","indep",0,0,NA,"SSL",0,0,200,41
"scenarioB","X_12","indep",0,0,NA,"SSL",0,0,200,41
"scenarioB","X_13","indep",0,0,NA,"SSL",0,0,200,41
"scenarioB","X_14","indep",0,0,NA,"SSL",0,0,200,41
"scenarioB","X_15","indep",0,0,NA,"SSL",0,0,200,41
"scenarioB","X_16","indep",0,0,NA,"SSL",0,0,200,41
"scenarioB","X_17","indep",0,0,NA,"SSL",0,0,200,41
"scenarioB","X_18","weak",0.3,0,NA,"SSL",0,0,200,41
"scenarioB","X_19","weak",0.3,0,NA,"SSL",0.151278113658584,0.151278113658584,200,41
"scenarioB","X_20","weak",0.3,0,NA,"SSL",0.172107442927606,0.172107442927606,200,41
"scenarioB","X_21","weak",0.3,0,NA,"SSL",0,0,200,41
"scenarioB","X_22","strong",0.6,0,NA,"SSL",0,0,200,41
"scenarioB","X_23","strong",0.6,0,NA,"SSL",0,0,200,41
"scenarioB","X_24","strong",0.6,0,NA,"SSL",0,0,200,41
"scenarioB","X_25","strong",0.6,0,NA,"SSL",0,0,200,41
"scenarioB","X_1","strong",0.6,0.4,0.314351459115232,"LASSO",0,-0.4,200,41
"scenarioB","X_2","strong",0.6,-0.5,-0.321226480977759,"LASSO",0,0.5,200,41
"scenarioB","X_3","weak",0.3,0.6,0.575481209865697,"LASSO",0.271665492353369,-0.328334507646631,200,41
"scenarioB","X_4","weak",0.3,0.75,0.746458854832208,"LASSO",0.479909239086605,-0.270090760913395,200,41
"scenarioB","X_5","indep",0,-0.8,-0.844793923957356,"LASSO",-0.492299700329161,0.307700299670839,200,41
"scenarioB","X_6","indep",0,0,NA,"LASSO",0,0,200,41
"scenarioB","X_7","indep",0,0,NA,"LASSO",0,0,200,41
"scenarioB","X_8","indep",0,0,NA,"LASSO",0,0,200,41
"scenarioB","X_9","indep",0,0,NA,"LASSO",0,0,200,41
"scenarioB","X_10","indep",0,0,NA,"LASSO",0,0,200,41
"scenarioB","X_11","indep",0,0,NA,"LASSO",0,0,200,41
"scenarioB","X_12","indep",0,0,NA,"LASSO",0,0,200,41
"scenarioB","X_13","indep",0,0,NA,"LASSO",0,0,200,41
"scenarioB","X_14","indep",0,0,NA,"LASSO",0,0,200,41
"scenarioB","X_15","indep",0,0,NA,"LASSO",0,0,200,41
"scenarioB","X_16","indep",0,0,NA,"LASSO",0,0,200,41
"scenarioB","X_17","indep",0,0,NA,"LASSO",0,0,200,41
"scenarioB","X_18","weak",0.3,0,NA,"LASSO",0,0,200,41
"scenarioB","X_19","weak",0.3,0,NA,"LASSO",0.0703591731401937,0.0703591731401937,200,41
"scenarioB","X_20","weak",0.3,0,NA,"LASSO",0.0862894885512796,0.0862894885512796,200,41
"scenarioB","X_21","weak",0.3,0,NA,"LASSO",0,0,200,41
"scenarioB","X_22","strong",0.6,0,NA,"LASSO",0,0,200,41
"scenarioB","X_23","strong",0.6,0,NA,"LASSO",0,0,200,41
"scenarioB","X_24","strong",0.6,0,NA,"LASSO",0,0,200,41
"scenarioB","X_25","strong",0.6,0,NA,"LASSO",0,0,200,41
"scenarioB","X_1","strong",0.6,0.4,0.517472644026268,"SSL",0.53634895597188,0.13634895597188,200,42
"scenarioB","X_2","strong",0.6,-0.5,-0.58389545268288,"SSL",-0.559945953235916,-0.0599459532359162,200,42
"scenarioB","X_3","weak",0.3,0.6,0.890462951089918,"SSL",0.813954574733828,0.213954574733829,200,42
"scenarioB","X_4","weak",0.3,0.75,0.943951745228315,"SSL",0.897336628767958,0.147336628767958,200,42
"scenarioB","X_5","indep",0,-0.8,-0.768690528135903,"SSL",-0.792775019303148,0.00722498069685173,200,42
"scenarioB","X_6","indep",0,0,NA,"SSL",0,0,200,42
"scenarioB","X_7","indep",0,0,NA,"SSL",-0.24385895594354,-0.24385895594354,200,42
"scenarioB","X_8","indep",0,0,NA,"SSL",0,0,200,42
"scenarioB","X_9","indep",0,0,NA,"SSL",0,0,200,42
"scenarioB","X_10","indep",0,0,NA,"SSL",0,0,200,42
"scenarioB","X_11","indep",0,0,NA,"SSL",0,0,200,42
"scenarioB","X_12","indep",0,0,NA,"SSL",0,0,200,42
"scenarioB","X_13","indep",0,0,NA,"SSL",0,0,200,42
"scenarioB","X_14","indep",0,0,NA,"SSL",0,0,200,42
"scenarioB","X_15","indep",0,0,NA,"SSL",-0.152549682711477,-0.152549682711477,200,42
"scenarioB","X_16","indep",0,0,NA,"SSL",0,0,200,42
"scenarioB","X_17","indep",0,0,NA,"SSL",0,0,200,42
"scenarioB","X_18","weak",0.3,0,NA,"SSL",0,0,200,42
"scenarioB","X_19","weak",0.3,0,NA,"SSL",0,0,200,42
"scenarioB","X_20","weak",0.3,0,NA,"SSL",0,0,200,42
"scenarioB","X_21","weak",0.3,0,NA,"SSL",0.16330882519398,0.16330882519398,200,42
"scenarioB","X_22","strong",0.6,0,NA,"SSL",0,0,200,42
"scenarioB","X_23","strong",0.6,0,NA,"SSL",0,0,200,42
"scenarioB","X_24","strong",0.6,0,NA,"SSL",0,0,200,42
"scenarioB","X_25","strong",0.6,0,NA,"SSL",0,0,200,42
"scenarioB","X_1","strong",0.6,0.4,0.517472644026268,"LASSO",0.267787613076648,-0.132212386923352,200,42
"scenarioB","X_2","strong",0.6,-0.5,-0.58389545268288,"LASSO",-0.315525013280618,0.184474986719382,200,42
"scenarioB","X_3","weak",0.3,0.6,0.890462951089918,"LASSO",0.642901411853411,0.0429014118534106,200,42
"scenarioB","X_4","weak",0.3,0.75,0.943951745228315,"LASSO",0.757340163675403,0.00734016367540258,200,42
"scenarioB","X_5","indep",0,-0.8,-0.768690528135903,"LASSO",-0.641948579534854,0.158051420465146,200,42
"scenarioB","X_6","indep",0,0,NA,"LASSO",0,0,200,42
"scenarioB","X_7","indep",0,0,NA,"LASSO",-0.159457311209582,-0.159457311209582,200,42
"scenarioB","X_8","indep",0,0,NA,"LASSO",0,0,200,42
"scenarioB","X_9","indep",0,0,NA,"LASSO",0,0,200,42
"scenarioB","X_10","indep",0,0,NA,"LASSO",0,0,200,42
"scenarioB","X_11","indep",0,0,NA,"LASSO",-0.032480732715503,-0.032480732715503,200,42
"scenarioB","X_12","indep",0,0,NA,"LASSO",0,0,200,42
"scenarioB","X_13","indep",0,0,NA,"LASSO",0,0,200,42
"scenarioB","X_14","indep",0,0,NA,"LASSO",0,0,200,42
"scenarioB","X_15","indep",0,0,NA,"LASSO",-0.0549930298581885,-0.0549930298581885,200,42
"scenarioB","X_16","indep",0,0,NA,"LASSO",0,0,200,42
"scenarioB","X_17","indep",0,0,NA,"LASSO",0,0,200,42
"scenarioB","X_18","weak",0.3,0,NA,"LASSO",0,0,200,42
"scenarioB","X_19","weak",0.3,0,NA,"LASSO",0,0,200,42
"scenarioB","X_20","weak",0.3,0,NA,"LASSO",0,0,200,42
"scenarioB","X_21","weak",0.3,0,NA,"LASSO",0.0899938535951142,0.0899938535951142,200,42
"scenarioB","X_22","strong",0.6,0,NA,"LASSO",0,0,200,42
"scenarioB","X_23","strong",0.6,0,NA,"LASSO",0,0,200,42
"scenarioB","X_24","strong",0.6,0,NA,"LASSO",0,0,200,42
"scenarioB","X_25","strong",0.6,0,NA,"LASSO",0,0,200,42
"scenarioB","X_1","strong",0.6,0.4,0.411474901060691,"SSL",0.273184549155848,-0.126815450844152,200,43
"scenarioB","X_2","strong",0.6,-0.5,-0.469166460413453,"SSL",-0.328178799963655,0.171821200036345,200,43
"scenarioB","X_3","weak",0.3,0.6,0.545289772402016,"SSL",0.522157528851627,-0.0778424711483725,200,43
"scenarioB","X_4","weak",0.3,0.75,0.943091400829661,"SSL",0.802983225707912,0.0529832257079121,200,43
"scenarioB","X_5","indep",0,-0.8,-0.853436856728215,"SSL",-0.784379424040458,0.0156205759595422,200,43
"scenarioB","X_6","indep",0,0,NA,"SSL",0,0,200,43
"scenarioB","X_7","indep",0,0,NA,"SSL",0,0,200,43
"scenarioB","X_8","indep",0,0,NA,"SSL",0,0,200,43
"scenarioB","X_9","indep",0,0,NA,"SSL",0,0,200,43
"scenarioB","X_10","indep",0,0,NA,"SSL",0,0,200,43
"scenarioB","X_11","indep",0,0,NA,"SSL",0,0,200,43
"scenarioB","X_12","indep",0,0,NA,"SSL",0,0,200,43
"scenarioB","X_13","indep",0,0,NA,"SSL",0.187998761083328,0.187998761083328,200,43
"scenarioB","X_14","indep",0,0,NA,"SSL",0,0,200,43
"scenarioB","X_15","indep",0,0,NA,"SSL",0,0,200,43
"scenarioB","X_16","indep",0,0,NA,"SSL",0,0,200,43
"scenarioB","X_17","indep",0,0,NA,"SSL",-0.227407393149753,-0.227407393149753,200,43
"scenarioB","X_18","weak",0.3,0,NA,"SSL",0,0,200,43
"scenarioB","X_19","weak",0.3,0,NA,"SSL",0,0,200,43
"scenarioB","X_20","weak",0.3,0,NA,"SSL",0,0,200,43
"scenarioB","X_21","weak",0.3,0,NA,"SSL",0,0,200,43
"scenarioB","X_22","strong",0.6,0,NA,"SSL",0,0,200,43
"scenarioB","X_23","strong",0.6,0,NA,"SSL",0,0,200,43
"scenarioB","X_24","strong",0.6,0,NA,"SSL",0,0,200,43
"scenarioB","X_25","strong",0.6,0,NA,"SSL",0,0,200,43
"scenarioB","X_1","strong",0.6,0.4,0.411474901060691,"LASSO",0.08776194751289,-0.31223805248711,200,43
"scenarioB","X_2","strong",0.6,-0.5,-0.469166460413453,"LASSO",-0.0885910707318581,0.411408929268142,200,43
"scenarioB","X_3","weak",0.3,0.6,0.545289772402016,"LASSO",0.409138146724239,-0.190861853275761,200,43
"scenarioB","X_4","weak",0.3,0.75,0.943091400829661,"LASSO",0.663805417247576,-0.0861945827524235,200,43
"scenarioB","X_5","indep",0,-0.8,-0.853436856728215,"LASSO",-0.655661974925307,0.144338025074693,200,43
"scenarioB","X_6","indep",0,0,NA,"LASSO",0,0,200,43
"scenarioB","X_7","indep",0,0,NA,"LASSO",0,0,200,43
"scenarioB","X_8","indep",0,0,NA,"LASSO",0,0,200,43
"scenarioB","X_9","indep",0,0,NA,"LASSO",0,0,200,43
"scenarioB","X_10","indep",0,0,NA,"LASSO",0,0,200,43
"scenarioB","X_11","indep",0,0,NA,"LASSO",0,0,200,43
"scenarioB","X_12","indep",0,0,NA,"LASSO",0,0,200,43
"scenarioB","X_13","indep",0,0,NA,"LASSO",0.109034710735052,0.109034710735052,200,43
"scenarioB","X_14","indep",0,0,NA,"LASSO",0,0,200,43
"scenarioB","X_15","indep",0,0,NA,"LASSO",0,0,200,43
"scenarioB","X_16","indep",0,0,NA,"LASSO",0,0,200,43
"scenarioB","X_17","indep",0,0,NA,"LASSO",-0.13052466083615,-0.13052466083615,200,43
"scenarioB","X_18","weak",0.3,0,NA,"LASSO",0,0,200,43
"scenarioB","X_19","weak",0.3,0,NA,"LASSO",0,0,200,43
"scenarioB","X_20","weak",0.3,0,NA,"LASSO",0,0,200,43
"scenarioB","X_21","weak",0.3,0,NA,"LASSO",0,0,200,43
"scenarioB","X_22","strong",0.6,0,NA,"LASSO",0,0,200,43
"scenarioB","X_23","strong",0.6,0,NA,"LASSO",0,0,200,43
"scenarioB","X_24","strong",0.6,0,NA,"LASSO",0,0,200,43
"scenarioB","X_25","strong",0.6,0,NA,"LASSO",0,0,200,43
"scenarioB","X_1","strong",0.6,0.4,0.378226038519897,"SSL",0,-0.4,200,44
"scenarioB","X_2","strong",0.6,-0.5,-0.390415682321406,"SSL",0,0.5,200,44
"scenarioB","X_3","weak",0.3,0.6,0.494510517676103,"SSL",0.373243419319948,-0.226756580680052,200,44
"scenarioB","X_4","weak",0.3,0.75,0.720643179624128,"SSL",0.722281075493964,-0.027718924506036,200,44
"scenarioB","X_5","indep",0,-0.8,-0.789205631121559,"SSL",-0.796037202395827,0.0039627976041734,200,44
"scenarioB","X_6","indep",0,0,NA,"SSL",0,0,200,44
"scenarioB","X_7","indep",0,0,NA,"SSL",0,0,200,44
"scenarioB","X_8","indep",0,0,NA,"SSL",0,0,200,44
"scenarioB","X_9","indep",0,0,NA,"SSL",0,0,200,44
"scenarioB","X_10","indep",0,0,NA,"SSL",0,0,200,44
"scenarioB","X_11","indep",0,0,NA,"SSL",0,0,200,44
"scenarioB","X_12","indep",0,0,NA,"SSL",0,0,200,44
"scenarioB","X_13","indep",0,0,NA,"SSL",0,0,200,44
"scenarioB","X_14","indep",0,0,NA,"SSL",0,0,200,44
"scenarioB","X_15","indep",0,0,NA,"SSL",0,0,200,44
"scenarioB","X_16","indep",0,0,NA,"SSL",0,0,200,44
"scenarioB","X_17","indep",0,0,NA,"SSL",0.212877461564858,0.212877461564858,200,44
"scenarioB","X_18","weak",0.3,0,NA,"SSL",0,0,200,44
"scenarioB","X_19","weak",0.3,0,NA,"SSL",0.162543094999221,0.162543094999221,200,44
"scenarioB","X_20","weak",0.3,0,NA,"SSL",0,0,200,44
"scenarioB","X_21","weak",0.3,0,NA,"SSL",0,0,200,44
"scenarioB","X_22","strong",0.6,0,NA,"SSL",0,0,200,44
"scenarioB","X_23","strong",0.6,0,NA,"SSL",0,0,200,44
"scenarioB","X_24","strong",0.6,0,NA,"SSL",0,0,200,44
"scenarioB","X_25","strong",0.6,0,NA,"SSL",0,0,200,44
"scenarioB","X_1","strong",0.6,0.4,0.378226038519897,"LASSO",0,-0.4,200,44
"scenarioB","X_2","strong",0.6,-0.5,-0.390415682321406,"LASSO",0,0.5,200,44
"scenarioB","X_3","weak",0.3,0.6,0.494510517676103,"LASSO",0.252535100529486,-0.347464899470514,200,44
"scenarioB","X_4","weak",0.3,0.75,0.720643179624128,"LASSO",0.436032122707033,-0.313967877292967,200,44
"scenarioB","X_5","indep",0,-0.8,-0.789205631121559,"LASSO",-0.464382121405177,0.335617878594823,200,44
"scenarioB","X_6","indep",0,0,NA,"LASSO",0,0,200,44
"scenarioB","X_7","indep",0,0,NA,"LASSO",0,0,200,44
"scenarioB","X_8","indep",0,0,NA,"LASSO",0,0,200,44
"scenarioB","X_9","indep",0,0,NA,"LASSO",0,0,200,44
"scenarioB","X_10","indep",0,0,NA,"LASSO",0,0,200,44
"scenarioB","X_11","indep",0,0,NA,"LASSO",0,0,200,44
"scenarioB","X_12","indep",0,0,NA,"LASSO",0,0,200,44
"scenarioB","X_13","indep",0,0,NA,"LASSO",0,0,200,44
"scenarioB","X_14","indep",0,0,NA,"LASSO",0,0,200,44
"scenarioB","X_15","indep",0,0,NA,"LASSO",0,0,200,44
"scenarioB","X_16","indep",0,0,NA,"LASSO",0,0,200,44
"scenarioB","X_17","indep",0,0,NA,"LASSO",0,0,200,44
"scenarioB","X_18","weak",0.3,0,NA,"LASSO",0,0,200,44
"scenarioB","X_19","weak",0.3,0,NA,"LASSO",0,0,200,44
"scenarioB","X_20","weak",0.3,0,NA,"LASSO",0,0,200,44
"scenarioB","X_21","weak",0.3,0,NA,"LASSO",0,0,200,44
"scenarioB","X_22","strong",0.6,0,NA,"LASSO",0,0,200,44
"scenarioB","X_23","strong",0.6,0,NA,"LASSO",0,0,200,44
"scenarioB","X_24","strong",0.6,0,NA,"LASSO",0,0,200,44
"scenarioB","X_25","strong",0.6,0,NA,"LASSO",0,0,200,44
"scenarioB","X_1","strong",0.6,0.4,0.462065189349461,"SSL",0.247181332297641,-0.152818667702359,200,45
"scenarioB","X_2","strong",0.6,-0.5,-0.571446717556861,"SSL",-0.337710475144406,0.162289524855594,200,45
"scenarioB","X_3","weak",0.3,0.6,0.653924243806863,"SSL",0.564940590933071,-0.0350594090669289,200,45
"scenarioB","X_4","weak",0.3,0.75,0.862177830155972,"SSL",0.806728751884134,0.0567287518841341,200,45
"scenarioB","X_5","indep",0,-0.8,-0.838703513255533,"SSL",-0.775477612569188,0.0245223874308121,200,45
"scenarioB","X_6","indep",0,0,NA,"SSL",0,0,200,45
"scenarioB","X_7","indep",0,0,NA,"SSL",0,0,200,45
"scenarioB","X_8","indep",0,0,NA,"SSL",0,0,200,45
"scenarioB","X_9","indep",0,0,NA,"SSL",0,0,200,45
"scenarioB","X_10","indep",0,0,NA,"SSL",0,0,200,45
"scenarioB","X_11","indep",0,0,NA,"SSL",0,0,200,45
"scenarioB","X_12","indep",0,0,NA,"SSL",0,0,200,45
"scenarioB","X_13","indep",0,0,NA,"SSL",0,0,200,45
"scenarioB","X_14","indep",0,0,NA,"SSL",0,0,200,45
"scenarioB","X_15","indep",0,0,NA,"SSL",0,0,200,45
"scenarioB","X_16","indep",0,0,NA,"SSL",-0.221646723444001,-0.221646723444001,200,45
"scenarioB","X_17","indep",0,0,NA,"SSL",0,0,200,45
"scenarioB","X_18","weak",0.3,0,NA,"SSL",0,0,200,45
"scenarioB","X_19","weak",0.3,0,NA,"SSL",0,0,200,45
"scenarioB","X_20","weak",0.3,0,NA,"SSL",0,0,200,45
"scenarioB","X_21","weak",0.3,0,NA,"SSL",0,0,200,45
"scenarioB","X_22","strong",0.6,0,NA,"SSL",0,0,200,45
"scenarioB","X_23","strong",0.6,0,NA,"SSL",0,0,200,45
"scenarioB","X_24","strong",0.6,0,NA,"SSL",0,0,200,45
"scenarioB","X_25","strong",0.6,0,NA,"SSL",0,0,200,45
"scenarioB","X_1","strong",0.6,0.4,0.462065189349461,"LASSO",0.133394878947905,-0.266605121052095,200,45
"scenarioB","X_2","strong",0.6,-0.5,-0.571446717556861,"LASSO",-0.173943805925246,0.326056194074754,200,45
"scenarioB","X_3","weak",0.3,0.6,0.653924243806863,"LASSO",0.473714472174811,-0.126285527825189,200,45
"scenarioB","X_4","weak",0.3,0.75,0.862177830155972,"LASSO",0.709231394053957,-0.040768605946043,200,45
"scenarioB","X_5","indep",0,-0.8,-0.838703513255533,"LASSO",-0.675293334312178,0.124706665687822,200,45
"scenarioB","X_6","indep",0,0,NA,"LASSO",0,0,200,45
"scenarioB","X_7","indep",0,0,NA,"LASSO",0.0405487096164443,0.0405487096164443,200,45
"scenarioB","X_8","indep",0,0,NA,"LASSO",0,0,200,45
"scenarioB","X_9","indep",0,0,NA,"LASSO",0,0,200,45
"scenarioB","X_10","indep",0,0,NA,"LASSO",0,0,200,45
"scenarioB","X_11","indep",0,0,NA,"LASSO",0,0,200,45
"scenarioB","X_12","indep",0,0,NA,"LASSO",0,0,200,45
"scenarioB","X_13","indep",0,0,NA,"LASSO",0,0,200,45
"scenarioB","X_14","indep",0,0,NA,"LASSO",0,0,200,45
"scenarioB","X_15","indep",0,0,NA,"LASSO",0,0,200,45
"scenarioB","X_16","indep",0,0,NA,"LASSO",-0.16301750636013,-0.16301750636013,200,45
"scenarioB","X_17","indep",0,0,NA,"LASSO",0,0,200,45
"scenarioB","X_18","weak",0.3,0,NA,"LASSO",0,0,200,45
"scenarioB","X_19","weak",0.3,0,NA,"LASSO",0,0,200,45
"scenarioB","X_20","weak",0.3,0,NA,"LASSO",0,0,200,45
"scenarioB","X_21","weak",0.3,0,NA,"LASSO",0.0122872684715719,0.0122872684715719,200,45
"scenarioB","X_22","strong",0.6,0,NA,"LASSO",0,0,200,45
"scenarioB","X_23","strong",0.6,0,NA,"LASSO",0,0,200,45
"scenarioB","X_24","strong",0.6,0,NA,"LASSO",-0.0683662035892125,-0.0683662035892125,200,45
"scenarioB","X_25","strong",0.6,0,NA,"LASSO",0,0,200,45
"scenarioB","X_1","strong",0.6,0.4,0.702932207703272,"SSL",0.522286045227701,0.122286045227701,200,46
"scenarioB","X_2","strong",0.6,-0.5,-0.53726924924774,"SSL",-0.405979479636328,0.094020520363672,200,46
"scenarioB","X_3","weak",0.3,0.6,0.30517433091327,"SSL",0.247008083499876,-0.352991916500124,200,46
"scenarioB","X_4","weak",0.3,0.75,0.732521560792459,"SSL",0.612906955604883,-0.137093044395117,200,46
"scenarioB","X_5","indep",0,-0.8,-0.68504965233958,"SSL",-0.659392275572516,0.140607724427484,200,46
"scenarioB","X_6","indep",0,0,NA,"SSL",0,0,200,46
"scenarioB","X_7","indep",0,0,NA,"SSL",0,0,200,46
"scenarioB","X_8","indep",0,0,NA,"SSL",0,0,200,46
"scenarioB","X_9","indep",0,0,NA,"SSL",0,0,200,46
"scenarioB","X_10","indep",0,0,NA,"SSL",0.0740128192699699,0.0740128192699699,200,46
"scenarioB","X_11","indep",0,0,NA,"SSL",0,0,200,46
"scenarioB","X_12","indep",0,0,NA,"SSL",0.136027962085597,0.136027962085597,200,46
"scenarioB","X_13","indep",0,0,NA,"SSL",0,0,200,46
"scenarioB","X_14","indep",0,0,NA,"SSL",0,0,200,46
"scenarioB","X_15","indep",0,0,NA,"SSL",0,0,200,46
"scenarioB","X_16","indep",0,0,NA,"SSL",0,0,200,46
"scenarioB","X_17","indep",0,0,NA,"SSL",-0.302249983045901,-0.302249983045901,200,46
"scenarioB","X_18","weak",0.3,0,NA,"SSL",0.0632351118538236,0.0632351118538236,200,46
"scenarioB","X_19","weak",0.3,0,NA,"SSL",0,0,200,46
"scenarioB","X_20","weak",0.3,0,NA,"SSL",0,0,200,46
"scenarioB","X_21","weak",0.3,0,NA,"SSL",0.221409558515661,0.221409558515661,200,46
"scenarioB","X_22","strong",0.6,0,NA,"SSL",0.0775310894538432,0.0775310894538432,200,46
"scenarioB","X_23","strong",0.6,0,NA,"SSL",0.163979689660671,0.163979689660671,200,46
"scenarioB","X_24","strong",0.6,0,NA,"SSL",0,0,200,46
"scenarioB","X_25","strong",0.6,0,NA,"SSL",0,0,200,46
"scenarioB","X_1","strong",0.6,0.4,0.702932207703272,"LASSO",0.251035458076787,-0.148964541923213,200,46
"scenarioB","X_2","strong",0.6,-0.5,-0.53726924924774,"LASSO",-0.0596088371727183,0.440391162827282,200,46
"scenarioB","X_3","weak",0.3,0.6,0.30517433091327,"LASSO",0.166272622614197,-0.433727377385803,200,46
"scenarioB","X_4","weak",0.3,0.75,0.732521560792459,"LASSO",0.519318012019166,-0.230681987980834,200,46
"scenarioB","X_5","indep",0,-0.8,-0.68504965233958,"LASSO",-0.502951131844453,0.297048868155547,200,46
"scenarioB","X_6","indep",0,0,NA,"LASSO",0,0,200,46
"scenarioB","X_7","indep",0,0,NA,"LASSO",0,0,200,46
"scenarioB","X_8","indep",0,0,NA,"LASSO",0,0,200,46
"scenarioB","X_9","indep",0,0,NA,"LASSO",0,0,200,46
"scenarioB","X_10","indep",0,0,NA,"LASSO",0,0,200,46
"scenarioB","X_11","indep",0,0,NA,"LASSO",0,0,200,46
"scenarioB","X_12","indep",0,0,NA,"LASSO",0,0,200,46
"scenarioB","X_13","indep",0,0,NA,"LASSO",0,0,200,46
"scenarioB","X_14","indep",0,0,NA,"LASSO",0,0,200,46
"scenarioB","X_15","indep",0,0,NA,"LASSO",0,0,200,46
"scenarioB","X_16","indep",0,0,NA,"LASSO",0,0,200,46
"scenarioB","X_17","indep",0,0,NA,"LASSO",-0.179699402526585,-0.179699402526585,200,46
"scenarioB","X_18","weak",0.3,0,NA,"LASSO",0,0,200,46
"scenarioB","X_19","weak",0.3,0,NA,"LASSO",0,0,200,46
"scenarioB","X_20","weak",0.3,0,NA,"LASSO",0,0,200,46
"scenarioB","X_21","weak",0.3,0,NA,"LASSO",0.186291794360945,0.186291794360945,200,46
"scenarioB","X_22","strong",0.6,0,NA,"LASSO",0,0,200,46
"scenarioB","X_23","strong",0.6,0,NA,"LASSO",0,0,200,46
"scenarioB","X_24","strong",0.6,0,NA,"LASSO",0,0,200,46
"scenarioB","X_25","strong",0.6,0,NA,"LASSO",0,0,200,46
"scenarioB","X_1","strong",0.6,0.4,0.340788893879273,"SSL",0,-0.4,200,47
"scenarioB","X_2","strong",0.6,-0.5,-0.571444358270817,"SSL",0,0.5,200,47
"scenarioB","X_3","weak",0.3,0.6,0.664038805342065,"SSL",0.6562074153102,0.0562074153101997,200,47
"scenarioB","X_4","weak",0.3,0.75,0.720126739423548,"SSL",0.571218837573561,-0.178781162426439,200,47
"scenarioB","X_5","indep",0,-0.8,-0.898647810362717,"SSL",-0.819293683551782,-0.019293683551782,200,47
"scenarioB","X_6","indep",0,0,NA,"SSL",0,0,200,47
"scenarioB","X_7","indep",0,0,NA,"SSL",0,0,200,47
"scenarioB","X_8","indep",0,0,NA,"SSL",0,0,200,47
"scenarioB","X_9","indep",0,0,NA,"SSL",0,0,200,47
"scenarioB","X_10","indep",0,0,NA,"SSL",0,0,200,47
"scenarioB","X_11","indep",0,0,NA,"SSL",0,0,200,47
"scenarioB","X_12","indep",0,0,NA,"SSL",0,0,200,47
"scenarioB","X_13","indep",0,0,NA,"SSL",0,0,200,47
"scenarioB","X_14","indep",0,0,NA,"SSL",0,0,200,47
"scenarioB","X_15","indep",0,0,NA,"SSL",0,0,200,47
"scenarioB","X_16","indep",0,0,NA,"SSL",0,0,200,47
"scenarioB","X_17","indep",0,0,NA,"SSL",0,0,200,47
"scenarioB","X_18","weak",0.3,0,NA,"SSL",0,0,200,47
"scenarioB","X_19","weak",0.3,0,NA,"SSL",0,0,200,47
"scenarioB","X_20","weak",0.3,0,NA,"SSL",0,0,200,47
"scenarioB","X_21","weak",0.3,0,NA,"SSL",0,0,200,47
"scenarioB","X_22","strong",0.6,0,NA,"SSL",0,0,200,47
"scenarioB","X_23","strong",0.6,0,NA,"SSL",0,0,200,47
"scenarioB","X_24","strong",0.6,0,NA,"SSL",0,0,200,47
"scenarioB","X_25","strong",0.6,0,NA,"SSL",0,0,200,47
"scenarioB","X_1","strong",0.6,0.4,0.340788893879273,"LASSO",0,-0.4,200,47
"scenarioB","X_2","strong",0.6,-0.5,-0.571444358270817,"LASSO",-0.113567881302623,0.386432118697377,200,47
"scenarioB","X_3","weak",0.3,0.6,0.664038805342065,"LASSO",0.432473838335978,-0.167526161664022,200,47
"scenarioB","X_4","weak",0.3,0.75,0.720126739423548,"LASSO",0.314930438644326,-0.435069561355674,200,47
"scenarioB","X_5","indep",0,-0.8,-0.898647810362717,"LASSO",-0.536191465205389,0.263808534794611,200,47
"scenarioB","X_6","indep",0,0,NA,"LASSO",0,0,200,47
"scenarioB","X_7","indep",0,0,NA,"LASSO",0,0,200,47
"scenarioB","X_8","indep",0,0,NA,"LASSO",0,0,200,47
"scenarioB","X_9","indep",0,0,NA,"LASSO",0,0,200,47
"scenarioB","X_10","indep",0,0,NA,"LASSO",0,0,200,47
"scenarioB","X_11","indep",0,0,NA,"LASSO",0,0,200,47
"scenarioB","X_12","indep",0,0,NA,"LASSO",0,0,200,47
"scenarioB","X_13","indep",0,0,NA,"LASSO",0,0,200,47
"scenarioB","X_14","indep",0,0,NA,"LASSO",0,0,200,47
"scenarioB","X_15","indep",0,0,NA,"LASSO",0,0,200,47
"scenarioB","X_16","indep",0,0,NA,"LASSO",0,0,200,47
"scenarioB","X_17","indep",0,0,NA,"LASSO",0,0,200,47
"scenarioB","X_18","weak",0.3,0,NA,"LASSO",0,0,200,47
"scenarioB","X_19","weak",0.3,0,NA,"LASSO",0,0,200,47
"scenarioB","X_20","weak",0.3,0,NA,"LASSO",0.0402882269732106,0.0402882269732106,200,47
"scenarioB","X_21","weak",0.3,0,NA,"LASSO",0,0,200,47
"scenarioB","X_22","strong",0.6,0,NA,"LASSO",0,0,200,47
"scenarioB","X_23","strong",0.6,0,NA,"LASSO",0,0,200,47
"scenarioB","X_24","strong",0.6,0,NA,"LASSO",0,0,200,47
"scenarioB","X_25","strong",0.6,0,NA,"LASSO",0,0,200,47
"scenarioB","X_1","strong",0.6,0.4,0.183297950182546,"SSL",0,-0.4,200,48
"scenarioB","X_2","strong",0.6,-0.5,-0.30513016013886,"SSL",0,0.5,200,48
"scenarioB","X_3","weak",0.3,0.6,0.559307305849968,"SSL",0.520933610954947,-0.0790663890450531,200,48
"scenarioB","X_4","weak",0.3,0.75,0.66515263959184,"SSL",0.578867488147561,-0.171132511852439,200,48
"scenarioB","X_5","indep",0,-0.8,-0.853301324010914,"SSL",-0.718297956615515,0.0817020433844849,200,48
"scenarioB","X_6","indep",0,0,NA,"SSL",0,0,200,48
"scenarioB","X_7","indep",0,0,NA,"SSL",0,0,200,48
"scenarioB","X_8","indep",0,0,NA,"SSL",0,0,200,48
"scenarioB","X_9","indep",0,0,NA,"SSL",0,0,200,48
"scenarioB","X_10","indep",0,0,NA,"SSL",0,0,200,48
"scenarioB","X_11","indep",0,0,NA,"SSL",0,0,200,48
"scenarioB","X_12","indep",0,0,NA,"SSL",0,0,200,48
"scenarioB","X_13","indep",0,0,NA,"SSL",0,0,200,48
"scenarioB","X_14","indep",0,0,NA,"SSL",0,0,200,48
"scenarioB","X_15","indep",0,0,NA,"SSL",0,0,200,48
"scenarioB","X_16","indep",0,0,NA,"SSL",0,0,200,48
"scenarioB","X_17","indep",0,0,NA,"SSL",0,0,200,48
"scenarioB","X_18","weak",0.3,0,NA,"SSL",0,0,200,48
"scenarioB","X_19","weak",0.3,0,NA,"SSL",0,0,200,48
"scenarioB","X_20","weak",0.3,0,NA,"SSL",0,0,200,48
"scenarioB","X_21","weak",0.3,0,NA,"SSL",0,0,200,48
"scenarioB","X_22","strong",0.6,0,NA,"SSL",0,0,200,48
"scenarioB","X_23","strong",0.6,0,NA,"SSL",0,0,200,48
"scenarioB","X_24","strong",0.6,0,NA,"SSL",0,0,200,48
"scenarioB","X_25","strong",0.6,0,NA,"SSL",0,0,200,48
"scenarioB","X_1","strong",0.6,0.4,0.183297950182546,"LASSO",0,-0.4,200,48
"scenarioB","X_2","strong",0.6,-0.5,-0.30513016013886,"LASSO",0,0.5,200,48
"scenarioB","X_3","weak",0.3,0.6,0.559307305849968,"LASSO",0.379847430868889,-0.220152569131111,200,48
"scenarioB","X_4","weak",0.3,0.75,0.66515263959184,"LASSO",0.457861932425033,-0.292138067574967,200,48
"scenarioB","X_5","indep",0,-0.8,-0.853301324010914,"LASSO",-0.55682848230841,0.243171517691591,200,48
"scenarioB","X_6","indep",0,0,NA,"LASSO",-0.074921090500315,-0.074921090500315,200,48
"scenarioB","X_7","indep",0,0,NA,"LASSO",0,0,200,48
"scenarioB","X_8","indep",0,0,NA,"LASSO",0,0,200,48
"scenarioB","X_9","indep",0,0,NA,"LASSO",0,0,200,48
"scenarioB","X_10","indep",0,0,NA,"LASSO",0,0,200,48
"scenarioB","X_11","indep",0,0,NA,"LASSO",0,0,200,48
"scenarioB","X_12","indep",0,0,NA,"LASSO",-0.0158833520904698,-0.0158833520904698,200,48
"scenarioB","X_13","indep",0,0,NA,"LASSO",0,0,200,48
"scenarioB","X_14","indep",0,0,NA,"LASSO",0,0,200,48
"scenarioB","X_15","indep",0,0,NA,"LASSO",0,0,200,48
"scenarioB","X_16","indep",0,0,NA,"LASSO",0,0,200,48
"scenarioB","X_17","indep",0,0,NA,"LASSO",0,0,200,48
"scenarioB","X_18","weak",0.3,0,NA,"LASSO",0,0,200,48
"scenarioB","X_19","weak",0.3,0,NA,"LASSO",0,0,200,48
"scenarioB","X_20","weak",0.3,0,NA,"LASSO",0,0,200,48
"scenarioB","X_21","weak",0.3,0,NA,"LASSO",0,0,200,48
"scenarioB","X_22","strong",0.6,0,NA,"LASSO",-0.0359380810878807,-0.0359380810878807,200,48
"scenarioB","X_23","strong",0.6,0,NA,"LASSO",0,0,200,48
"scenarioB","X_24","strong",0.6,0,NA,"LASSO",0,0,200,48
"scenarioB","X_25","strong",0.6,0,NA,"LASSO",0,0,200,48
"scenarioB","X_1","strong",0.6,0.4,0.373947440397835,"SSL",0,-0.4,200,49
"scenarioB","X_2","strong",0.6,-0.5,-0.461447733097434,"SSL",0,0.5,200,49
"scenarioB","X_3","weak",0.3,0.6,0.466329938808854,"SSL",0.413580782428236,-0.186419217571764,200,49
"scenarioB","X_4","weak",0.3,0.75,0.974494047601891,"SSL",0.861087784310233,0.111087784310233,200,49
"scenarioB","X_5","indep",0,-0.8,-0.707436792206704,"SSL",-0.587215730637996,0.212784269362004,200,49
"scenarioB","X_6","indep",0,0,NA,"SSL",0,0,200,49
"scenarioB","X_7","indep",0,0,NA,"SSL",0,0,200,49
"scenarioB","X_8","indep",0,0,NA,"SSL",0,0,200,49
"scenarioB","X_9","indep",0,0,NA,"SSL",0,0,200,49
"scenarioB","X_10","indep",0,0,NA,"SSL",0,0,200,49
"scenarioB","X_11","indep",0,0,NA,"SSL",0,0,200,49
"scenarioB","X_12","indep",0,0,NA,"SSL",0,0,200,49
"scenarioB","X_13","indep",0,0,NA,"SSL",0,0,200,49
"scenarioB","X_14","indep",0,0,NA,"SSL",0,0,200,49
"scenarioB","X_15","indep",0,0,NA,"SSL",0,0,200,49
"scenarioB","X_16","indep",0,0,NA,"SSL",0,0,200,49
"scenarioB","X_17","indep",0,0,NA,"SSL",0,0,200,49
"scenarioB","X_18","weak",0.3,0,NA,"SSL",0,0,200,49
"scenarioB","X_19","weak",0.3,0,NA,"SSL",0,0,200,49
"scenarioB","X_20","weak",0.3,0,NA,"SSL",0,0,200,49
"scenarioB","X_21","weak",0.3,0,NA,"SSL",0,0,200,49
"scenarioB","X_22","strong",0.6,0,NA,"SSL",0,0,200,49
"scenarioB","X_23","strong",0.6,0,NA,"SSL",0,0,200,49
"scenarioB","X_24","strong",0.6,0,NA,"SSL",0,0,200,49
"scenarioB","X_25","strong",0.6,0,NA,"SSL",0,0,200,49
"scenarioB","X_1","strong",0.6,0.4,0.373947440397835,"LASSO",0,-0.4,200,49
"scenarioB","X_2","strong",0.6,-0.5,-0.461447733097434,"LASSO",-0.0573886312136365,0.442611368786363,200,49
"scenarioB","X_3","weak",0.3,0.6,0.466329938808854,"LASSO",0.321249266451293,-0.278750733548707,200,49
"scenarioB","X_4","weak",0.3,0.75,0.974494047601891,"LASSO",0.763711414970641,0.0137114149706405,200,49
"scenarioB","X_5","indep",0,-0.8,-0.707436792206704,"LASSO",-0.460809364347762,0.339190635652238,200,49
"scenarioB","X_6","indep",0,0,NA,"LASSO",0,0,200,49
"scenarioB","X_7","indep",0,0,NA,"LASSO",0,0,200,49
"scenarioB","X_8","indep",0,0,NA,"LASSO",0,0,200,49
"scenarioB","X_9","indep",0,0,NA,"LASSO",0,0,200,49
"scenarioB","X_10","indep",0,0,NA,"LASSO",0,0,200,49
"scenarioB","X_11","indep",0,0,NA,"LASSO",0,0,200,49
"scenarioB","X_12","indep",0,0,NA,"LASSO",0,0,200,49
"scenarioB","X_13","indep",0,0,NA,"LASSO",0,0,200,49
"scenarioB","X_14","indep",0,0,NA,"LASSO",0,0,200,49
"scenarioB","X_15","indep",0,0,NA,"LASSO",0,0,200,49
"scenarioB","X_16","indep",0,0,NA,"LASSO",0.052169767723738,0.052169767723738,200,49
"scenarioB","X_17","indep",0,0,NA,"LASSO",0,0,200,49
"scenarioB","X_18","weak",0.3,0,NA,"LASSO",0,0,200,49
"scenarioB","X_19","weak",0.3,0,NA,"LASSO",0,0,200,49
"scenarioB","X_20","weak",0.3,0,NA,"LASSO",0,0,200,49
"scenarioB","X_21","weak",0.3,0,NA,"LASSO",0,0,200,49
"scenarioB","X_22","strong",0.6,0,NA,"LASSO",0,0,200,49
"scenarioB","X_23","strong",0.6,0,NA,"LASSO",0,0,200,49
"scenarioB","X_24","strong",0.6,0,NA,"LASSO",0,0,200,49
"scenarioB","X_25","strong",0.6,0,NA,"LASSO",0,0,200,49
"scenarioB","X_1","strong",0.6,0.4,-0.0326858983117678,"SSL",0,-0.4,200,50
"scenarioB","X_2","strong",0.6,-0.5,-0.226887705375373,"SSL",-0.0736356030739165,0.426364396926084,200,50
"scenarioB","X_3","weak",0.3,0.6,0.664381084616912,"SSL",0.566927936183331,-0.0330720638166691,200,50
"scenarioB","X_4","weak",0.3,0.75,0.707338457530554,"SSL",0.571008632314273,-0.178991367685727,200,50
"scenarioB","X_5","indep",0,-0.8,-0.802747198723717,"SSL",-0.729987261312227,0.0700127386877726,200,50
"scenarioB","X_6","indep",0,0,NA,"SSL",0,0,200,50
"scenarioB","X_7","indep",0,0,NA,"SSL",0,0,200,50
"scenarioB","X_8","indep",0,0,NA,"SSL",0,0,200,50
"scenarioB","X_9","indep",0,0,NA,"SSL",0,0,200,50
"scenarioB","X_10","indep",0,0,NA,"SSL",-0.0808332760274421,-0.0808332760274421,200,50
"scenarioB","X_11","indep",0,0,NA,"SSL",0,0,200,50
"scenarioB","X_12","indep",0,0,NA,"SSL",-0.113831760374705,-0.113831760374705,200,50
"scenarioB","X_13","indep",0,0,NA,"SSL",0,0,200,50
"scenarioB","X_14","indep",0,0,NA,"SSL",0,0,200,50
"scenarioB","X_15","indep",0,0,NA,"SSL",0,0,200,50
"scenarioB","X_16","indep",0,0,NA,"SSL",0,0,200,50
"scenarioB","X_17","indep",0,0,NA,"SSL",0,0,200,50
"scenarioB","X_18","weak",0.3,0,NA,"SSL",0,0,200,50
"scenarioB","X_19","weak",0.3,0,NA,"SSL",0.127786881773083,0.127786881773083,200,50
"scenarioB","X_20","weak",0.3,0,NA,"SSL",0,0,200,50
"scenarioB","X_21","weak",0.3,0,NA,"SSL",0,0,200,50
"scenarioB","X_22","strong",0.6,0,NA,"SSL",0,0,200,50
"scenarioB","X_23","strong",0.6,0,NA,"SSL",0,0,200,50
"scenarioB","X_24","strong",0.6,0,NA,"SSL",0,0,200,50
"scenarioB","X_25","strong",0.6,0,NA,"SSL",-0.194385600896011,-0.194385600896011,200,50
"scenarioB","X_1","strong",0.6,0.4,-0.0326858983117678,"LASSO",0,-0.4,200,50
"scenarioB","X_2","strong",0.6,-0.5,-0.226887705375373,"LASSO",-0.0694893655240004,0.430510634476,200,50
"scenarioB","X_3","weak",0.3,0.6,0.664381084616912,"LASSO",0.562222116479995,-0.0377778835200051,200,50
"scenarioB","X_4","weak",0.3,0.75,0.707338457530554,"LASSO",0.575520242159193,-0.174479757840807,200,50
"scenarioB","X_5","indep",0,-0.8,-0.802747198723717,"LASSO",-0.731874695669812,0.0681253043301884,200,50
"scenarioB","X_6","indep",0,0,NA,"LASSO",0,0,200,50
"scenarioB","X_7","indep",0,0,NA,"LASSO",-0.0441060071084417,-0.0441060071084417,200,50
"scenarioB","X_8","indep",0,0,NA,"LASSO",0,0,200,50
"scenarioB","X_9","indep",0,0,NA,"LASSO",0,0,200,50
"scenarioB","X_10","indep",0,0,NA,"LASSO",-0.0879063683678881,-0.0879063683678881,200,50
"scenarioB","X_11","indep",0,0,NA,"LASSO",0,0,200,50
"scenarioB","X_12","indep",0,0,NA,"LASSO",-0.111293822558736,-0.111293822558736,200,50
"scenarioB","X_13","indep",0,0,NA,"LASSO",0,0,200,50
"scenarioB","X_14","indep",0,0,NA,"LASSO",0,0,200,50
"scenarioB","X_15","indep",0,0,NA,"LASSO",0,0,200,50
"scenarioB","X_16","indep",0,0,NA,"LASSO",0,0,200,50
"scenarioB","X_17","indep",0,0,NA,"LASSO",0,0,200,50
"scenarioB","X_18","weak",0.3,0,NA,"LASSO",0,0,200,50
"scenarioB","X_19","weak",0.3,0,NA,"LASSO",0.115819743554137,0.115819743554137,200,50
"scenarioB","X_20","weak",0.3,0,NA,"LASSO",0,0,200,50
"scenarioB","X_21","weak",0.3,0,NA,"LASSO",0,0,200,50
"scenarioB","X_22","strong",0.6,0,NA,"LASSO",0,0,200,50
"scenarioB","X_23","strong",0.6,0,NA,"LASSO",0,0,200,50
"scenarioB","X_24","strong",0.6,0,NA,"LASSO",0,0,200,50
"scenarioB","X_25","strong",0.6,0,NA,"LASSO",-0.200066975117279,-0.200066975117279,200,50
"scenarioB","X_1","strong",0.6,0.4,0.47264776705448,"SSL",0.385070160108304,-0.0149298398916956,200,51
"scenarioB","X_2","strong",0.6,-0.5,-0.60802838423304,"SSL",-0.414466689911992,0.085533310088008,200,51
"scenarioB","X_3","weak",0.3,0.6,0.613711984637401,"SSL",0.438441315238666,-0.161558684761334,200,51
"scenarioB","X_4","weak",0.3,0.75,0.482933966819982,"SSL",0.343195376955776,-0.406804623044224,200,51
"scenarioB","X_5","indep",0,-0.8,-0.809055615510544,"SSL",-0.731927710153559,0.0680722898464411,200,51
"scenarioB","X_6","indep",0,0,NA,"SSL",0,0,200,51
"scenarioB","X_7","indep",0,0,NA,"SSL",0,0,200,51
"scenarioB","X_8","indep",0,0,NA,"SSL",0,0,200,51
"scenarioB","X_9","indep",0,0,NA,"SSL",0,0,200,51
"scenarioB","X_10","indep",0,0,NA,"SSL",0,0,200,51
"scenarioB","X_11","indep",0,0,NA,"SSL",0,0,200,51
"scenarioB","X_12","indep",0,0,NA,"SSL",0,0,200,51
"scenarioB","X_13","indep",0,0,NA,"SSL",0,0,200,51
"scenarioB","X_14","indep",0,0,NA,"SSL",0,0,200,51
"scenarioB","X_15","indep",0,0,NA,"SSL",0.154655894041599,0.154655894041599,200,51
"scenarioB","X_16","indep",0,0,NA,"SSL",0,0,200,51
"scenarioB","X_17","indep",0,0,NA,"SSL",0,0,200,51
"scenarioB","X_18","weak",0.3,0,NA,"SSL",0,0,200,51
"scenarioB","X_19","weak",0.3,0,NA,"SSL",0,0,200,51
"scenarioB","X_20","weak",0.3,0,NA,"SSL",0.265465192927677,0.265465192927677,200,51
"scenarioB","X_21","weak",0.3,0,NA,"SSL",0,0,200,51
"scenarioB","X_22","strong",0.6,0,NA,"SSL",0,0,200,51
"scenarioB","X_23","strong",0.6,0,NA,"SSL",0,0,200,51
"scenarioB","X_24","strong",0.6,0,NA,"SSL",0,0,200,51
"scenarioB","X_25","strong",0.6,0,NA,"SSL",0,0,200,51
"scenarioB","X_1","strong",0.6,0.4,0.47264776705448,"LASSO",0.211194846707371,-0.188805153292629,200,51
"scenarioB","X_2","strong",0.6,-0.5,-0.60802838423304,"LASSO",-0.253126762350746,0.246873237649254,200,51
"scenarioB","X_3","weak",0.3,0.6,0.613711984637401,"LASSO",0.382178684925494,-0.217821315074506,200,51
"scenarioB","X_4","weak",0.3,0.75,0.482933966819982,"LASSO",0.290297616953863,-0.459702383046137,200,51
"scenarioB","X_5","indep",0,-0.8,-0.809055615510544,"LASSO",-0.582623536747983,0.217376463252017,200,51
"scenarioB","X_6","indep",0,0,NA,"LASSO",0,0,200,51
"scenarioB","X_7","indep",0,0,NA,"LASSO",0,0,200,51
"scenarioB","X_8","indep",0,0,NA,"LASSO",0,0,200,51
"scenarioB","X_9","indep",0,0,NA,"LASSO",0,0,200,51
"scenarioB","X_10","indep",0,0,NA,"LASSO",0,0,200,51
"scenarioB","X_11","indep",0,0,NA,"LASSO",0,0,200,51
"scenarioB","X_12","indep",0,0,NA,"LASSO",0,0,200,51
"scenarioB","X_13","indep",0,0,NA,"LASSO",0,0,200,51
"scenarioB","X_14","indep",0,0,NA,"LASSO",0,0,200,51
"scenarioB","X_15","indep",0,0,NA,"LASSO",0.0990114267361014,0.0990114267361014,200,51
"scenarioB","X_16","indep",0,0,NA,"LASSO",0,0,200,51
"scenarioB","X_17","indep",0,0,NA,"LASSO",0,0,200,51
"scenarioB","X_18","weak",0.3,0,NA,"LASSO",0.0512010075986675,0.0512010075986675,200,51
"scenarioB","X_19","weak",0.3,0,NA,"LASSO",0,0,200,51
"scenarioB","X_20","weak",0.3,0,NA,"LASSO",0.174724515405873,0.174724515405873,200,51
"scenarioB","X_21","weak",0.3,0,NA,"LASSO",0,0,200,51
"scenarioB","X_22","strong",0.6,0,NA,"LASSO",0,0,200,51
"scenarioB","X_23","strong",0.6,0,NA,"LASSO",0,0,200,51
"scenarioB","X_24","strong",0.6,0,NA,"LASSO",0,0,200,51
"scenarioB","X_25","strong",0.6,0,NA,"LASSO",0,0,200,51
"scenarioB","X_1","strong",0.6,0.4,0.368738804785622,"SSL",0,-0.4,200,52
"scenarioB","X_2","strong",0.6,-0.5,-0.372099305206224,"SSL",0,0.5,200,52
"scenarioB","X_3","weak",0.3,0.6,0.727056294089747,"SSL",0.650289221650573,0.0502892216505726,200,52
"scenarioB","X_4","weak",0.3,0.75,0.643721255390524,"SSL",0.608279293301507,-0.141720706698493,200,52
"scenarioB","X_5","indep",0,-0.8,-0.867512629195596,"SSL",-0.765105890410859,0.0348941095891407,200,52
"scenarioB","X_6","indep",0,0,NA,"SSL",0,0,200,52
"scenarioB","X_7","indep",0,0,NA,"SSL",0,0,200,52
"scenarioB","X_8","indep",0,0,NA,"SSL",0,0,200,52
"scenarioB","X_9","indep",0,0,NA,"SSL",0,0,200,52
"scenarioB","X_10","indep",0,0,NA,"SSL",0,0,200,52
"scenarioB","X_11","indep",0,0,NA,"SSL",0,0,200,52
"scenarioB","X_12","indep",0,0,NA,"SSL",0,0,200,52
"scenarioB","X_13","indep",0,0,NA,"SSL",0,0,200,52
"scenarioB","X_14","indep",0,0,NA,"SSL",0,0,200,52
"scenarioB","X_15","indep",0,0,NA,"SSL",0,0,200,52
"scenarioB","X_16","indep",0,0,NA,"SSL",0,0,200,52
"scenarioB","X_17","indep",0,0,NA,"SSL",0,0,200,52
"scenarioB","X_18","weak",0.3,0,NA,"SSL",0,0,200,52
"scenarioB","X_19","weak",0.3,0,NA,"SSL",0,0,200,52
"scenarioB","X_20","weak",0.3,0,NA,"SSL",0,0,200,52
"scenarioB","X_21","weak",0.3,0,NA,"SSL",0,0,200,52
"scenarioB","X_22","strong",0.6,0,NA,"SSL",0,0,200,52
"scenarioB","X_23","strong",0.6,0,NA,"SSL",0,0,200,52
"scenarioB","X_24","strong",0.6,0,NA,"SSL",0,0,200,52
"scenarioB","X_25","strong",0.6,0,NA,"SSL",0,0,200,52
"scenarioB","X_1","strong",0.6,0.4,0.368738804785622,"LASSO",0,-0.4,200,52
"scenarioB","X_2","strong",0.6,-0.5,-0.372099305206224,"LASSO",0,0.5,200,52
"scenarioB","X_3","weak",0.3,0.6,0.727056294089747,"LASSO",0.553418064754111,-0.0465819352458891,200,52
"scenarioB","X_4","weak",0.3,0.75,0.643721255390524,"LASSO",0.51230480613389,-0.23769519386611,200,52
"scenarioB","X_5","indep",0,-0.8,-0.867512629195596,"LASSO",-0.647902730531926,0.152097269468074,200,52
"scenarioB","X_6","indep",0,0,NA,"LASSO",0,0,200,52
"scenarioB","X_7","indep",0,0,NA,"LASSO",0,0,200,52
"scenarioB","X_8","indep",0,0,NA,"LASSO",0,0,200,52
"scenarioB","X_9","indep",0,0,NA,"LASSO",0,0,200,52
"scenarioB","X_10","indep",0,0,NA,"LASSO",0,0,200,52
"scenarioB","X_11","indep",0,0,NA,"LASSO",0,0,200,52
"scenarioB","X_12","indep",0,0,NA,"LASSO",0,0,200,52
"scenarioB","X_13","indep",0,0,NA,"LASSO",0,0,200,52
"scenarioB","X_14","indep",0,0,NA,"LASSO",0,0,200,52
"scenarioB","X_15","indep",0,0,NA,"LASSO",0,0,200,52
"scenarioB","X_16","indep",0,0,NA,"LASSO",0,0,200,52
"scenarioB","X_17","indep",0,0,NA,"LASSO",0,0,200,52
"scenarioB","X_18","weak",0.3,0,NA,"LASSO",0,0,200,52
"scenarioB","X_19","weak",0.3,0,NA,"LASSO",0,0,200,52
"scenarioB","X_20","weak",0.3,0,NA,"LASSO",0,0,200,52
"scenarioB","X_21","weak",0.3,0,NA,"LASSO",0,0,200,52
"scenarioB","X_22","strong",0.6,0,NA,"LASSO",0,0,200,52
"scenarioB","X_23","strong",0.6,0,NA,"LASSO",0,0,200,52
"scenarioB","X_24","strong",0.6,0,NA,"LASSO",0,0,200,52
"scenarioB","X_25","strong",0.6,0,NA,"LASSO",0,0,200,52
"scenarioB","X_1","strong",0.6,0.4,0.401194118349955,"SSL",0,-0.4,200,53
"scenarioB","X_2","strong",0.6,-0.5,-0.589156583167283,"SSL",-0.272165038794386,0.227834961205614,200,53
"scenarioB","X_3","weak",0.3,0.6,0.639487727122108,"SSL",0.461428738301576,-0.138571261698424,200,53
"scenarioB","X_4","weak",0.3,0.75,0.681478358441686,"SSL",0.558780557810277,-0.191219442189723,200,53
"scenarioB","X_5","indep",0,-0.8,-0.987229399324803,"SSL",-0.877640884933523,-0.0776408849335227,200,53
"scenarioB","X_6","indep",0,0,NA,"SSL",0,0,200,53
"scenarioB","X_7","indep",0,0,NA,"SSL",0,0,200,53
"scenarioB","X_8","indep",0,0,NA,"SSL",0,0,200,53
"scenarioB","X_9","indep",0,0,NA,"SSL",0,0,200,53
"scenarioB","X_10","indep",0,0,NA,"SSL",0,0,200,53
"scenarioB","X_11","indep",0,0,NA,"SSL",0,0,200,53
"scenarioB","X_12","indep",0,0,NA,"SSL",0,0,200,53
"scenarioB","X_13","indep",0,0,NA,"SSL",0,0,200,53
"scenarioB","X_14","indep",0,0,NA,"SSL",0,0,200,53
"scenarioB","X_15","indep",0,0,NA,"SSL",0,0,200,53
"scenarioB","X_16","indep",0,0,NA,"SSL",0,0,200,53
"scenarioB","X_17","indep",0,0,NA,"SSL",0,0,200,53
"scenarioB","X_18","weak",0.3,0,NA,"SSL",0,0,200,53
"scenarioB","X_19","weak",0.3,0,NA,"SSL",0,0,200,53
"scenarioB","X_20","weak",0.3,0,NA,"SSL",0,0,200,53
"scenarioB","X_21","weak",0.3,0,NA,"SSL",0,0,200,53
"scenarioB","X_22","strong",0.6,0,NA,"SSL",0,0,200,53
"scenarioB","X_23","strong",0.6,0,NA,"SSL",0,0,200,53
"scenarioB","X_24","strong",0.6,0,NA,"SSL",0,0,200,53
"scenarioB","X_25","strong",0.6,0,NA,"SSL",0,0,200,53
"scenarioB","X_1","strong",0.6,0.4,0.401194118349955,"LASSO",0,-0.4,200,53
"scenarioB","X_2","strong",0.6,-0.5,-0.589156583167283,"LASSO",-0.12614603882145,0.37385396117855,200,53
"scenarioB","X_3","weak",0.3,0.6,0.639487727122108,"LASSO",0.325966194083769,-0.274033805916231,200,53
"scenarioB","X_4","weak",0.3,0.75,0.681478358441686,"LASSO",0.449292314766887,-0.300707685233113,200,53
"scenarioB","X_5","indep",0,-0.8,-0.987229399324803,"LASSO",-0.706571405690536,0.0934285943094642,200,53
"scenarioB","X_6","indep",0,0,NA,"LASSO",0,0,200,53
"scenarioB","X_7","indep",0,0,NA,"LASSO",0,0,200,53
"scenarioB","X_8","indep",0,0,NA,"LASSO",0,0,200,53
"scenarioB","X_9","indep",0,0,NA,"LASSO",0,0,200,53
"scenarioB","X_10","indep",0,0,NA,"LASSO",0,0,200,53
"scenarioB","X_11","indep",0,0,NA,"LASSO",0,0,200,53
"scenarioB","X_12","indep",0,0,NA,"LASSO",0,0,200,53
"scenarioB","X_13","indep",0,0,NA,"LASSO",0,0,200,53
"scenarioB","X_14","indep",0,0,NA,"LASSO",0,0,200,53
"scenarioB","X_15","indep",0,0,NA,"LASSO",0,0,200,53
"scenarioB","X_16","indep",0,0,NA,"LASSO",0,0,200,53
"scenarioB","X_17","indep",0,0,NA,"LASSO",0,0,200,53
"scenarioB","X_18","weak",0.3,0,NA,"LASSO",0.0402240307156444,0.0402240307156444,200,53
"scenarioB","X_19","weak",0.3,0,NA,"LASSO",0,0,200,53
"scenarioB","X_20","weak",0.3,0,NA,"LASSO",0,0,200,53
"scenarioB","X_21","weak",0.3,0,NA,"LASSO",0.0179816290979888,0.0179816290979888,200,53
"scenarioB","X_22","strong",0.6,0,NA,"LASSO",0,0,200,53
"scenarioB","X_23","strong",0.6,0,NA,"LASSO",0,0,200,53
"scenarioB","X_24","strong",0.6,0,NA,"LASSO",0,0,200,53
"scenarioB","X_25","strong",0.6,0,NA,"LASSO",0,0,200,53
"scenarioB","X_1","strong",0.6,0.4,0.411515173521388,"SSL",0.415633478985761,0.0156334789857607,200,54
"scenarioB","X_2","strong",0.6,-0.5,-0.460193281409112,"SSL",-0.313159147454983,0.186840852545017,200,54
"scenarioB","X_3","weak",0.3,0.6,0.644984360857976,"SSL",0.614092795863132,0.0140927958631319,200,54
"scenarioB","X_4","weak",0.3,0.75,0.81545297203107,"SSL",0.781016274655227,0.0310162746552274,200,54
"scenarioB","X_5","indep",0,-0.8,-0.898768047423303,"SSL",-0.835144408903624,-0.0351444089036242,200,54
"scenarioB","X_6","indep",0,0,NA,"SSL",-0.188546330346504,-0.188546330346504,200,54
"scenarioB","X_7","indep",0,0,NA,"SSL",0,0,200,54
"scenarioB","X_8","indep",0,0,NA,"SSL",0,0,200,54
"scenarioB","X_9","indep",0,0,NA,"SSL",0,0,200,54
"scenarioB","X_10","indep",0,0,NA,"SSL",0,0,200,54
"scenarioB","X_11","indep",0,0,NA,"SSL",0.120747809950918,0.120747809950918,200,54
"scenarioB","X_12","indep",0,0,NA,"SSL",0.0798857824553232,0.0798857824553232,200,54
"scenarioB","X_13","indep",0,0,NA,"SSL",0,0,200,54
"scenarioB","X_14","indep",0,0,NA,"SSL",0.182692565273606,0.182692565273606,200,54
"scenarioB","X_15","indep",0,0,NA,"SSL",0.164719088674484,0.164719088674484,200,54
"scenarioB","X_16","indep",0,0,NA,"SSL",0,0,200,54
"scenarioB","X_17","indep",0,0,NA,"SSL",0,0,200,54
"scenarioB","X_18","weak",0.3,0,NA,"SSL",0.105537923523312,0.105537923523312,200,54
"scenarioB","X_19","weak",0.3,0,NA,"SSL",0,0,200,54
"scenarioB","X_20","weak",0.3,0,NA,"SSL",0,0,200,54
"scenarioB","X_21","weak",0.3,0,NA,"SSL",0,0,200,54
"scenarioB","X_22","strong",0.6,0,NA,"SSL",0,0,200,54
"scenarioB","X_23","strong",0.6,0,NA,"SSL",0,0,200,54
"scenarioB","X_24","strong",0.6,0,NA,"SSL",-0.264872937607817,-0.264872937607817,200,54
"scenarioB","X_25","strong",0.6,0,NA,"SSL",0,0,200,54
"scenarioB","X_1","strong",0.6,0.4,0.411515173521388,"LASSO",0,-0.4,200,54
"scenarioB","X_2","strong",0.6,-0.5,-0.460193281409112,"LASSO",0,0.5,200,54
"scenarioB","X_3","weak",0.3,0.6,0.644984360857976,"LASSO",0.379918671865686,-0.220081328134314,200,54
"scenarioB","X_4","weak",0.3,0.75,0.81545297203107,"LASSO",0.52914999644931,-0.22085000355069,200,54
"scenarioB","X_5","indep",0,-0.8,-0.898768047423303,"LASSO",-0.513522728313003,0.286477271686997,200,54
"scenarioB","X_6","indep",0,0,NA,"LASSO",0,0,200,54
"scenarioB","X_7","indep",0,0,NA,"LASSO",0,0,200,54
"scenarioB","X_8","indep",0,0,NA,"LASSO",0,0,200,54
"scenarioB","X_9","indep",0,0,NA,"LASSO",0,0,200,54
"scenarioB","X_10","indep",0,0,NA,"LASSO",0,0,200,54
"scenarioB","X_11","indep",0,0,NA,"LASSO",0,0,200,54
"scenarioB","X_12","indep",0,0,NA,"LASSO",0,0,200,54
"scenarioB","X_13","indep",0,0,NA,"LASSO",0,0,200,54
"scenarioB","X_14","indep",0,0,NA,"LASSO",0,0,200,54
"scenarioB","X_15","indep",0,0,NA,"LASSO",0,0,200,54
"scenarioB","X_16","indep",0,0,NA,"LASSO",0,0,200,54
"scenarioB","X_17","indep",0,0,NA,"LASSO",0,0,200,54
"scenarioB","X_18","weak",0.3,0,NA,"LASSO",0,0,200,54
"scenarioB","X_19","weak",0.3,0,NA,"LASSO",0,0,200,54
"scenarioB","X_20","weak",0.3,0,NA,"LASSO",0,0,200,54
"scenarioB","X_21","weak",0.3,0,NA,"LASSO",0,0,200,54
"scenarioB","X_22","strong",0.6,0,NA,"LASSO",0,0,200,54
"scenarioB","X_23","strong",0.6,0,NA,"LASSO",0,0,200,54
"scenarioB","X_24","strong",0.6,0,NA,"LASSO",-0.0228608570161518,-0.0228608570161518,200,54
"scenarioB","X_25","strong",0.6,0,NA,"LASSO",0,0,200,54
"scenarioB","X_1","strong",0.6,0.4,0.349819947037409,"SSL",0.27108476771628,-0.12891523228372,200,55
"scenarioB","X_2","strong",0.6,-0.5,-0.501152524067289,"SSL",-0.334241818129554,0.165758181870446,200,55
"scenarioB","X_3","weak",0.3,0.6,0.526662204698969,"SSL",0.468694747668446,-0.131305252331554,200,55
"scenarioB","X_4","weak",0.3,0.75,0.654297927785364,"SSL",0.69207949787046,-0.0579205021295401,200,55
"scenarioB","X_5","indep",0,-0.8,-0.539269966911451,"SSL",-0.48852382233728,0.31147617766272,200,55
"scenarioB","X_6","indep",0,0,NA,"SSL",0,0,200,55
"scenarioB","X_7","indep",0,0,NA,"SSL",0.144823139653758,0.144823139653758,200,55
"scenarioB","X_8","indep",0,0,NA,"SSL",0,0,200,55
"scenarioB","X_9","indep",0,0,NA,"SSL",0.0467147063670795,0.0467147063670795,200,55
"scenarioB","X_10","indep",0,0,NA,"SSL",0,0,200,55
"scenarioB","X_11","indep",0,0,NA,"SSL",0,0,200,55
"scenarioB","X_12","indep",0,0,NA,"SSL",-0.104463278835461,-0.104463278835461,200,55
"scenarioB","X_13","indep",0,0,NA,"SSL",0.263296420216804,0.263296420216804,200,55
"scenarioB","X_14","indep",0,0,NA,"SSL",0,0,200,55
"scenarioB","X_15","indep",0,0,NA,"SSL",0,0,200,55
"scenarioB","X_16","indep",0,0,NA,"SSL",0.0553141635580117,0.0553141635580117,200,55
"scenarioB","X_17","indep",0,0,NA,"SSL",-0.101311208454606,-0.101311208454606,200,55
"scenarioB","X_18","weak",0.3,0,NA,"SSL",0,0,200,55
"scenarioB","X_19","weak",0.3,0,NA,"SSL",0,0,200,55
"scenarioB","X_20","weak",0.3,0,NA,"SSL",0,0,200,55
"scenarioB","X_21","weak",0.3,0,NA,"SSL",0,0,200,55
"scenarioB","X_22","strong",0.6,0,NA,"SSL",0,0,200,55
"scenarioB","X_23","strong",0.6,0,NA,"SSL",0,0,200,55
"scenarioB","X_24","strong",0.6,0,NA,"SSL",-0.144895309668847,-0.144895309668847,200,55
"scenarioB","X_25","strong",0.6,0,NA,"SSL",0,0,200,55
"scenarioB","X_1","strong",0.6,0.4,0.349819947037409,"LASSO",0,-0.4,200,55
"scenarioB","X_2","strong",0.6,-0.5,-0.501152524067289,"LASSO",-0.152421525978298,0.347578474021702,200,55
"scenarioB","X_3","weak",0.3,0.6,0.526662204698969,"LASSO",0.339431858450269,-0.260568141549731,200,55
"scenarioB","X_4","weak",0.3,0.75,0.654297927785364,"LASSO",0.514138619885144,-0.235861380114856,200,55
"scenarioB","X_5","indep",0,-0.8,-0.539269966911451,"LASSO",-0.317588233506102,0.482411766493898,200,55
"scenarioB","X_6","indep",0,0,NA,"LASSO",0,0,200,55
"scenarioB","X_7","indep",0,0,NA,"LASSO",0.0282061549600911,0.0282061549600911,200,55
"scenarioB","X_8","indep",0,0,NA,"LASSO",0,0,200,55
"scenarioB","X_9","indep",0,0,NA,"LASSO",0,0,200,55
"scenarioB","X_10","indep",0,0,NA,"LASSO",0,0,200,55
"scenarioB","X_11","indep",0,0,NA,"LASSO",0,0,200,55
"scenarioB","X_12","indep",0,0,NA,"LASSO",0,0,200,55
"scenarioB","X_13","indep",0,0,NA,"LASSO",0.108095853505538,0.108095853505538,200,55
"scenarioB","X_14","indep",0,0,NA,"LASSO",0,0,200,55
"scenarioB","X_15","indep",0,0,NA,"LASSO",0,0,200,55
"scenarioB","X_16","indep",0,0,NA,"LASSO",0,0,200,55
"scenarioB","X_17","indep",0,0,NA,"LASSO",0,0,200,55
"scenarioB","X_18","weak",0.3,0,NA,"LASSO",0,0,200,55
"scenarioB","X_19","weak",0.3,0,NA,"LASSO",0,0,200,55
"scenarioB","X_20","weak",0.3,0,NA,"LASSO",0,0,200,55
"scenarioB","X_21","weak",0.3,0,NA,"LASSO",0,0,200,55
"scenarioB","X_22","strong",0.6,0,NA,"LASSO",0,0,200,55
"scenarioB","X_23","strong",0.6,0,NA,"LASSO",0,0,200,55
"scenarioB","X_24","strong",0.6,0,NA,"LASSO",0,0,200,55
"scenarioB","X_25","strong",0.6,0,NA,"LASSO",0,0,200,55
"scenarioB","X_1","strong",0.6,0.4,0.543443060898688,"SSL",0.393258139654539,-0.0067418603454612,200,56
"scenarioB","X_2","strong",0.6,-0.5,-0.704160739110431,"SSL",-0.551938482807656,-0.0519384828076556,200,56
"scenarioB","X_3","weak",0.3,0.6,0.438114435609479,"SSL",0.39704791522792,-0.20295208477208,200,56
"scenarioB","X_4","weak",0.3,0.75,0.6867282327848,"SSL",0.588818328284295,-0.161181671715705,200,56
"scenarioB","X_5","indep",0,-0.8,-0.705113140888587,"SSL",-0.602339118040676,0.197660881959324,200,56
"scenarioB","X_6","indep",0,0,NA,"SSL",0,0,200,56
"scenarioB","X_7","indep",0,0,NA,"SSL",0,0,200,56
"scenarioB","X_8","indep",0,0,NA,"SSL",0,0,200,56
"scenarioB","X_9","indep",0,0,NA,"SSL",0,0,200,56
"scenarioB","X_10","indep",0,0,NA,"SSL",0,0,200,56
"scenarioB","X_11","indep",0,0,NA,"SSL",0,0,200,56
"scenarioB","X_12","indep",0,0,NA,"SSL",0,0,200,56
"scenarioB","X_13","indep",0,0,NA,"SSL",0,0,200,56
"scenarioB","X_14","indep",0,0,NA,"SSL",0,0,200,56
"scenarioB","X_15","indep",0,0,NA,"SSL",-0.17605576935102,-0.17605576935102,200,56
"scenarioB","X_16","indep",0,0,NA,"SSL",0,0,200,56
"scenarioB","X_17","indep",0,0,NA,"SSL",0,0,200,56
"scenarioB","X_18","weak",0.3,0,NA,"SSL",0,0,200,56
"scenarioB","X_19","weak",0.3,0,NA,"SSL",0,0,200,56
"scenarioB","X_20","weak",0.3,0,NA,"SSL",0,0,200,56
"scenarioB","X_21","weak",0.3,0,NA,"SSL",0,0,200,56
"scenarioB","X_22","strong",0.6,0,NA,"SSL",0,0,200,56
"scenarioB","X_23","strong",0.6,0,NA,"SSL",0,0,200,56
"scenarioB","X_24","strong",0.6,0,NA,"SSL",0,0,200,56
"scenarioB","X_25","strong",0.6,0,NA,"SSL",0,0,200,56
"scenarioB","X_1","strong",0.6,0.4,0.543443060898688,"LASSO",0.265624901404847,-0.134375098595153,200,56
"scenarioB","X_2","strong",0.6,-0.5,-0.704160739110431,"LASSO",-0.395904114780062,0.104095885219938,200,56
"scenarioB","X_3","weak",0.3,0.6,0.438114435609479,"LASSO",0.365991626871744,-0.234008373128256,200,56
"scenarioB","X_4","weak",0.3,0.75,0.6867282327848,"LASSO",0.551653127431381,-0.198346872568619,200,56
"scenarioB","X_5","indep",0,-0.8,-0.705113140888587,"LASSO",-0.510659837449111,0.289340162550889,200,56
"scenarioB","X_6","indep",0,0,NA,"LASSO",0,0,200,56
"scenarioB","X_7","indep",0,0,NA,"LASSO",0,0,200,56
"scenarioB","X_8","indep",0,0,NA,"LASSO",0,0,200,56
"scenarioB","X_9","indep",0,0,NA,"LASSO",0,0,200,56
"scenarioB","X_10","indep",0,0,NA,"LASSO",0.0300715287734333,0.0300715287734333,200,56
"scenarioB","X_11","indep",0,0,NA,"LASSO",0,0,200,56
"scenarioB","X_12","indep",0,0,NA,"LASSO",0.0971351322745465,0.0971351322745465,200,56
"scenarioB","X_13","indep",0,0,NA,"LASSO",0,0,200,56
"scenarioB","X_14","indep",0,0,NA,"LASSO",0,0,200,56
"scenarioB","X_15","indep",0,0,NA,"LASSO",-0.124035024142315,-0.124035024142315,200,56
"scenarioB","X_16","indep",0,0,NA,"LASSO",0,0,200,56
"scenarioB","X_17","indep",0,0,NA,"LASSO",0,0,200,56
"scenarioB","X_18","weak",0.3,0,NA,"LASSO",0,0,200,56
"scenarioB","X_19","weak",0.3,0,NA,"LASSO",-0.0440451898289834,-0.0440451898289834,200,56
"scenarioB","X_20","weak",0.3,0,NA,"LASSO",0,0,200,56
"scenarioB","X_21","weak",0.3,0,NA,"LASSO",0,0,200,56
"scenarioB","X_22","strong",0.6,0,NA,"LASSO",0,0,200,56
"scenarioB","X_23","strong",0.6,0,NA,"LASSO",0,0,200,56
"scenarioB","X_24","strong",0.6,0,NA,"LASSO",0,0,200,56
"scenarioB","X_25","strong",0.6,0,NA,"LASSO",0,0,200,56
"scenarioB","X_1","strong",0.6,0.4,0.138125949216834,"SSL",0,-0.4,200,57
"scenarioB","X_2","strong",0.6,-0.5,-0.381421226666703,"SSL",-0.26314573928451,0.23685426071549,200,57
"scenarioB","X_3","weak",0.3,0.6,0.713205548044551,"SSL",0.655237080799283,0.0552370807992826,200,57
"scenarioB","X_4","weak",0.3,0.75,0.772486241583002,"SSL",0.636963782037554,-0.113036217962446,200,57
"scenarioB","X_5","indep",0,-0.8,-0.720138548774815,"SSL",-0.666526299248026,0.133473700751974,200,57
"scenarioB","X_6","indep",0,0,NA,"SSL",0,0,200,57
"scenarioB","X_7","indep",0,0,NA,"SSL",0,0,200,57
"scenarioB","X_8","indep",0,0,NA,"SSL",0,0,200,57
"scenarioB","X_9","indep",0,0,NA,"SSL",0,0,200,57
"scenarioB","X_10","indep",0,0,NA,"SSL",0,0,200,57
"scenarioB","X_11","indep",0,0,NA,"SSL",0,0,200,57
"scenarioB","X_12","indep",0,0,NA,"SSL",0,0,200,57
"scenarioB","X_13","indep",0,0,NA,"SSL",0,0,200,57
"scenarioB","X_14","indep",0,0,NA,"SSL",0,0,200,57
"scenarioB","X_15","indep",0,0,NA,"SSL",0,0,200,57
"scenarioB","X_16","indep",0,0,NA,"SSL",0,0,200,57
"scenarioB","X_17","indep",0,0,NA,"SSL",0.0977839003783897,0.0977839003783897,200,57
"scenarioB","X_18","weak",0.3,0,NA,"SSL",0,0,200,57
"scenarioB","X_19","weak",0.3,0,NA,"SSL",0,0,200,57
"scenarioB","X_20","weak",0.3,0,NA,"SSL",0,0,200,57
"scenarioB","X_21","weak",0.3,0,NA,"SSL",0.214186077129092,0.214186077129092,200,57
"scenarioB","X_22","strong",0.6,0,NA,"SSL",0,0,200,57
"scenarioB","X_23","strong",0.6,0,NA,"SSL",0,0,200,57
"scenarioB","X_24","strong",0.6,0,NA,"SSL",0,0,200,57
"scenarioB","X_25","strong",0.6,0,NA,"SSL",0,0,200,57
"scenarioB","X_1","strong",0.6,0.4,0.138125949216834,"LASSO",0,-0.4,200,57
"scenarioB","X_2","strong",0.6,-0.5,-0.381421226666703,"LASSO",-0.206387729021754,0.293612270978246,200,57
"scenarioB","X_3","weak",0.3,0.6,0.713205548044551,"LASSO",0.623305071697756,0.0233050716977556,200,57
"scenarioB","X_4","weak",0.3,0.75,0.772486241583002,"LASSO",0.620320733903783,-0.129679266096217,200,57
"scenarioB","X_5","indep",0,-0.8,-0.720138548774815,"LASSO",-0.647771029987079,0.152228970012921,200,57
"scenarioB","X_6","indep",0,0,NA,"LASSO",0,0,200,57
"scenarioB","X_7","indep",0,0,NA,"LASSO",0,0,200,57
"scenarioB","X_8","indep",0,0,NA,"LASSO",0,0,200,57
"scenarioB","X_9","indep",0,0,NA,"LASSO",0,0,200,57
"scenarioB","X_10","indep",0,0,NA,"LASSO",-0.053583250874261,-0.053583250874261,200,57
"scenarioB","X_11","indep",0,0,NA,"LASSO",0,0,200,57
"scenarioB","X_12","indep",0,0,NA,"LASSO",0,0,200,57
"scenarioB","X_13","indep",0,0,NA,"LASSO",0,0,200,57
"scenarioB","X_14","indep",0,0,NA,"LASSO",0,0,200,57
"scenarioB","X_15","indep",0,0,NA,"LASSO",0,0,200,57
"scenarioB","X_16","indep",0,0,NA,"LASSO",0,0,200,57
"scenarioB","X_17","indep",0,0,NA,"LASSO",0.0757915708619941,0.0757915708619941,200,57
"scenarioB","X_18","weak",0.3,0,NA,"LASSO",0,0,200,57
"scenarioB","X_19","weak",0.3,0,NA,"LASSO",0,0,200,57
"scenarioB","X_20","weak",0.3,0,NA,"LASSO",0,0,200,57
"scenarioB","X_21","weak",0.3,0,NA,"LASSO",0.191081983286502,0.191081983286502,200,57
"scenarioB","X_22","strong",0.6,0,NA,"LASSO",-0.0626159675109332,-0.0626159675109332,200,57
"scenarioB","X_23","strong",0.6,0,NA,"LASSO",0,0,200,57
"scenarioB","X_24","strong",0.6,0,NA,"LASSO",0,0,200,57
"scenarioB","X_25","strong",0.6,0,NA,"LASSO",0,0,200,57
"scenarioB","X_1","strong",0.6,0.4,0.578832084053143,"SSL",0.390584281617657,-0.00941571838234306,200,58
"scenarioB","X_2","strong",0.6,-0.5,-0.490110090382114,"SSL",-0.271178266539555,0.228821733460445,200,58
"scenarioB","X_3","weak",0.3,0.6,0.446899518274346,"SSL",0.351439042069186,-0.248560957930814,200,58
"scenarioB","X_4","weak",0.3,0.75,0.917512830417028,"SSL",0.800653680404865,0.0506536804048651,200,58
"scenarioB","X_5","indep",0,-0.8,-0.827056114043625,"SSL",-0.749774585115962,0.0502254148840384,200,58
"scenarioB","X_6","indep",0,0,NA,"SSL",0,0,200,58
"scenarioB","X_7","indep",0,0,NA,"SSL",-0.180965824122561,-0.180965824122561,200,58
"scenarioB","X_8","indep",0,0,NA,"SSL",0,0,200,58
"scenarioB","X_9","indep",0,0,NA,"SSL",0,0,200,58
"scenarioB","X_10","indep",0,0,NA,"SSL",0,0,200,58
"scenarioB","X_11","indep",0,0,NA,"SSL",0,0,200,58
"scenarioB","X_12","indep",0,0,NA,"SSL",0,0,200,58
"scenarioB","X_13","indep",0,0,NA,"SSL",-0.266050176518375,-0.266050176518375,200,58
"scenarioB","X_14","indep",0,0,NA,"SSL",-0.221341912180258,-0.221341912180258,200,58
"scenarioB","X_15","indep",0,0,NA,"SSL",0,0,200,58
"scenarioB","X_16","indep",0,0,NA,"SSL",0,0,200,58
"scenarioB","X_17","indep",0,0,NA,"SSL",0,0,200,58
"scenarioB","X_18","weak",0.3,0,NA,"SSL",0,0,200,58
"scenarioB","X_19","weak",0.3,0,NA,"SSL",0,0,200,58
"scenarioB","X_20","weak",0.3,0,NA,"SSL",0.117741919129037,0.117741919129037,200,58
"scenarioB","X_21","weak",0.3,0,NA,"SSL",0,0,200,58
"scenarioB","X_22","strong",0.6,0,NA,"SSL",0,0,200,58
"scenarioB","X_23","strong",0.6,0,NA,"SSL",0,0,200,58
"scenarioB","X_24","strong",0.6,0,NA,"SSL",0,0,200,58
"scenarioB","X_25","strong",0.6,0,NA,"SSL",0,0,200,58
"scenarioB","X_1","strong",0.6,0.4,0.578832084053143,"LASSO",0.308410931106373,-0.0915890688936269,200,58
"scenarioB","X_2","strong",0.6,-0.5,-0.490110090382114,"LASSO",-0.216556747440902,0.283443252559098,200,58
"scenarioB","X_3","weak",0.3,0.6,0.446899518274346,"LASSO",0.304377027223519,-0.295622972776481,200,58
"scenarioB","X_4","weak",0.3,0.75,0.917512830417028,"LASSO",0.744427897817965,-0.00557210218203497,200,58
"scenarioB","X_5","indep",0,-0.8,-0.827056114043625,"LASSO",-0.692199875929615,0.107800124070385,200,58
"scenarioB","X_6","indep",0,0,NA,"LASSO",0,0,200,58
"scenarioB","X_7","indep",0,0,NA,"LASSO",-0.148150011820088,-0.148150011820088,200,58
"scenarioB","X_8","indep",0,0,NA,"LASSO",0.049444093183557,0.049444093183557,200,58
"scenarioB","X_9","indep",0,0,NA,"LASSO",0,0,200,58
"scenarioB","X_10","indep",0,0,NA,"LASSO",0.0750609503189809,0.0750609503189809,200,58
"scenarioB","X_11","indep",0,0,NA,"LASSO",0,0,200,58
"scenarioB","X_12","indep",0,0,NA,"LASSO",0,0,200,58
"scenarioB","X_13","indep",0,0,NA,"LASSO",-0.234880508428991,-0.234880508428991,200,58
"scenarioB","X_14","indep",0,0,NA,"LASSO",-0.190311935032579,-0.190311935032579,200,58
"scenarioB","X_15","indep",0,0,NA,"LASSO",0,0,200,58
"scenarioB","X_16","indep",0,0,NA,"LASSO",0,0,200,58
"scenarioB","X_17","indep",0,0,NA,"LASSO",0,0,200,58
"scenarioB","X_18","weak",0.3,0,NA,"LASSO",0,0,200,58
"scenarioB","X_19","weak",0.3,0,NA,"LASSO",0.0625262825582387,0.0625262825582387,200,58
"scenarioB","X_20","weak",0.3,0,NA,"LASSO",0.0818472215976709,0.0818472215976709,200,58
"scenarioB","X_21","weak",0.3,0,NA,"LASSO",0,0,200,58
"scenarioB","X_22","strong",0.6,0,NA,"LASSO",0,0,200,58
"scenarioB","X_23","strong",0.6,0,NA,"LASSO",0,0,200,58
"scenarioB","X_24","strong",0.6,0,NA,"LASSO",0,0,200,58
"scenarioB","X_25","strong",0.6,0,NA,"LASSO",0,0,200,58
"scenarioB","X_1","strong",0.6,0.4,0.170637622748563,"SSL",0,-0.4,200,59
"scenarioB","X_2","strong",0.6,-0.5,-0.275227128742726,"SSL",0,0.5,200,59
"scenarioB","X_3","weak",0.3,0.6,0.573455203949475,"SSL",0.541109273911168,-0.0588907260888316,200,59
"scenarioB","X_4","weak",0.3,0.75,0.816501533340711,"SSL",0.823194728989238,0.0731947289892378,200,59
"scenarioB","X_5","indep",0,-0.8,-0.658866086148869,"SSL",-0.676223526935362,0.123776473064638,200,59
"scenarioB","X_6","indep",0,0,NA,"SSL",0,0,200,59
"scenarioB","X_7","indep",0,0,NA,"SSL",0,0,200,59
"scenarioB","X_8","indep",0,0,NA,"SSL",0,0,200,59
"scenarioB","X_9","indep",0,0,NA,"SSL",0,0,200,59
"scenarioB","X_10","indep",0,0,NA,"SSL",0,0,200,59
"scenarioB","X_11","indep",0,0,NA,"SSL",0,0,200,59
"scenarioB","X_12","indep",0,0,NA,"SSL",0,0,200,59
"scenarioB","X_13","indep",0,0,NA,"SSL",0,0,200,59
"scenarioB","X_14","indep",0,0,NA,"SSL",0,0,200,59
"scenarioB","X_15","indep",0,0,NA,"SSL",0,0,200,59
"scenarioB","X_16","indep",0,0,NA,"SSL",0,0,200,59
"scenarioB","X_17","indep",0,0,NA,"SSL",0,0,200,59
"scenarioB","X_18","weak",0.3,0,NA,"SSL",0,0,200,59
"scenarioB","X_19","weak",0.3,0,NA,"SSL",0,0,200,59
"scenarioB","X_20","weak",0.3,0,NA,"SSL",0,0,200,59
"scenarioB","X_21","weak",0.3,0,NA,"SSL",0,0,200,59
"scenarioB","X_22","strong",0.6,0,NA,"SSL",0,0,200,59
"scenarioB","X_23","strong",0.6,0,NA,"SSL",0,0,200,59
"scenarioB","X_24","strong",0.6,0,NA,"SSL",0,0,200,59
"scenarioB","X_25","strong",0.6,0,NA,"SSL",0,0,200,59
"scenarioB","X_1","strong",0.6,0.4,0.170637622748563,"LASSO",0,-0.4,200,59
"scenarioB","X_2","strong",0.6,-0.5,-0.275227128742726,"LASSO",-0.036777188481957,0.463222811518043,200,59
"scenarioB","X_3","weak",0.3,0.6,0.573455203949475,"LASSO",0.399817400816411,-0.200182599183589,200,59
"scenarioB","X_4","weak",0.3,0.75,0.816501533340711,"LASSO",0.593086448501373,-0.156913551498627,200,59
"scenarioB","X_5","indep",0,-0.8,-0.658866086148869,"LASSO",-0.478755373038836,0.321244626961164,200,59
"scenarioB","X_6","indep",0,0,NA,"LASSO",0,0,200,59
"scenarioB","X_7","indep",0,0,NA,"LASSO",0.0643878354733743,0.0643878354733743,200,59
"scenarioB","X_8","indep",0,0,NA,"LASSO",0,0,200,59
"scenarioB","X_9","indep",0,0,NA,"LASSO",0,0,200,59
"scenarioB","X_10","indep",0,0,NA,"LASSO",0,0,200,59
"scenarioB","X_11","indep",0,0,NA,"LASSO",0,0,200,59
"scenarioB","X_12","indep",0,0,NA,"LASSO",0,0,200,59
"scenarioB","X_13","indep",0,0,NA,"LASSO",0,0,200,59
"scenarioB","X_14","indep",0,0,NA,"LASSO",0,0,200,59
"scenarioB","X_15","indep",0,0,NA,"LASSO",0,0,200,59
"scenarioB","X_16","indep",0,0,NA,"LASSO",0,0,200,59
"scenarioB","X_17","indep",0,0,NA,"LASSO",0,0,200,59
"scenarioB","X_18","weak",0.3,0,NA,"LASSO",0,0,200,59
"scenarioB","X_19","weak",0.3,0,NA,"LASSO",0,0,200,59
"scenarioB","X_20","weak",0.3,0,NA,"LASSO",0,0,200,59
"scenarioB","X_21","weak",0.3,0,NA,"LASSO",0,0,200,59
"scenarioB","X_22","strong",0.6,0,NA,"LASSO",0,0,200,59
"scenarioB","X_23","strong",0.6,0,NA,"LASSO",0,0,200,59
"scenarioB","X_24","strong",0.6,0,NA,"LASSO",0,0,200,59
"scenarioB","X_25","strong",0.6,0,NA,"LASSO",0,0,200,59
"scenarioB","X_1","strong",0.6,0.4,0.561559008682065,"SSL",0.600099245859395,0.200099245859395,200,60
"scenarioB","X_2","strong",0.6,-0.5,-0.532931783056777,"SSL",-0.418003732907541,0.0819962670924591,200,60
"scenarioB","X_3","weak",0.3,0.6,0.839169142266623,"SSL",0.960734152506844,0.360734152506844,200,60
"scenarioB","X_4","weak",0.3,0.75,0.603406380262279,"SSL",0.64064285056671,-0.10935714943329,200,60
"scenarioB","X_5","indep",0,-0.8,-0.749976530607878,"SSL",-0.824151807275562,-0.0241518072755615,200,60
"scenarioB","X_6","indep",0,0,NA,"SSL",0,0,200,60
"scenarioB","X_7","indep",0,0,NA,"SSL",0,0,200,60
"scenarioB","X_8","indep",0,0,NA,"SSL",0.0599550143668037,0.0599550143668037,200,60
"scenarioB","X_9","indep",0,0,NA,"SSL",-0.237374140116962,-0.237374140116962,200,60
"scenarioB","X_10","indep",0,0,NA,"SSL",0,0,200,60
"scenarioB","X_11","indep",0,0,NA,"SSL",-0.132163419319235,-0.132163419319235,200,60
"scenarioB","X_12","indep",0,0,NA,"SSL",0,0,200,60
"scenarioB","X_13","indep",0,0,NA,"SSL",0,0,200,60
"scenarioB","X_14","indep",0,0,NA,"SSL",-0.0688876558117317,-0.0688876558117317,200,60
"scenarioB","X_15","indep",0,0,NA,"SSL",0,0,200,60
"scenarioB","X_16","indep",0,0,NA,"SSL",0,0,200,60
"scenarioB","X_17","indep",0,0,NA,"SSL",0,0,200,60
"scenarioB","X_18","weak",0.3,0,NA,"SSL",0,0,200,60
"scenarioB","X_19","weak",0.3,0,NA,"SSL",0.0933003309612716,0.0933003309612716,200,60
"scenarioB","X_20","weak",0.3,0,NA,"SSL",0,0,200,60
"scenarioB","X_21","weak",0.3,0,NA,"SSL",-0.279381332268759,-0.279381332268759,200,60
"scenarioB","X_22","strong",0.6,0,NA,"SSL",0,0,200,60
"scenarioB","X_23","strong",0.6,0,NA,"SSL",0,0,200,60
"scenarioB","X_24","strong",0.6,0,NA,"SSL",-0.159483809114971,-0.159483809114971,200,60
"scenarioB","X_25","strong",0.6,0,NA,"SSL",0,0,200,60
"scenarioB","X_1","strong",0.6,0.4,0.561559008682065,"LASSO",0.153628057409198,-0.246371942590802,200,60
"scenarioB","X_2","strong",0.6,-0.5,-0.532931783056777,"LASSO",-0.132730840513735,0.367269159486264,200,60
"scenarioB","X_3","weak",0.3,0.6,0.839169142266623,"LASSO",0.668405599454751,0.068405599454751,200,60
"scenarioB","X_4","weak",0.3,0.75,0.603406380262279,"LASSO",0.390093590981197,-0.359906409018803,200,60
"scenarioB","X_5","indep",0,-0.8,-0.749976530607878,"LASSO",-0.471575673796221,0.328424326203779,200,60
"scenarioB","X_6","indep",0,0,NA,"LASSO",0,0,200,60
"scenarioB","X_7","indep",0,0,NA,"LASSO",0,0,200,60
"scenarioB","X_8","indep",0,0,NA,"LASSO",0,0,200,60
"scenarioB","X_9","indep",0,0,NA,"LASSO",0,0,200,60
"scenarioB","X_10","indep",0,0,NA,"LASSO",0,0,200,60
"scenarioB","X_11","indep",0,0,NA,"LASSO",0,0,200,60
"scenarioB","X_12","indep",0,0,NA,"LASSO",0,0,200,60
"scenarioB","X_13","indep",0,0,NA,"LASSO",0,0,200,60
"scenarioB","X_14","indep",0,0,NA,"LASSO",-0.0145528893569384,-0.0145528893569384,200,60
"scenarioB","X_15","indep",0,0,NA,"LASSO",0,0,200,60
"scenarioB","X_16","indep",0,0,NA,"LASSO",0,0,200,60
"scenarioB","X_17","indep",0,0,NA,"LASSO",0,0,200,60
"scenarioB","X_18","weak",0.3,0,NA,"LASSO",0,0,200,60
"scenarioB","X_19","weak",0.3,0,NA,"LASSO",0,0,200,60
"scenarioB","X_20","weak",0.3,0,NA,"LASSO",0,0,200,60
"scenarioB","X_21","weak",0.3,0,NA,"LASSO",0,0,200,60
"scenarioB","X_22","strong",0.6,0,NA,"LASSO",0,0,200,60
"scenarioB","X_23","strong",0.6,0,NA,"LASSO",0,0,200,60
"scenarioB","X_24","strong",0.6,0,NA,"LASSO",0,0,200,60
"scenarioB","X_25","strong",0.6,0,NA,"LASSO",0,0,200,60
"scenarioB","X_1","strong",0.6,0.4,0.472823136553187,"SSL",0,-0.4,200,61
"scenarioB","X_2","strong",0.6,-0.5,-0.636812055222475,"SSL",-0.219903982799136,0.280096017200864,200,61
"scenarioB","X_3","weak",0.3,0.6,0.732473560887883,"SSL",0.652997958376683,0.0529979583766834,200,61
"scenarioB","X_4","weak",0.3,0.75,0.871567772649785,"SSL",0.831772606479901,0.0817726064799009,200,61
"scenarioB","X_5","indep",0,-0.8,-0.699735587944935,"SSL",-0.682286101555129,0.117713898444871,200,61
"scenarioB","X_6","indep",0,0,NA,"SSL",0,0,200,61
"scenarioB","X_7","indep",0,0,NA,"SSL",0,0,200,61
"scenarioB","X_8","indep",0,0,NA,"SSL",0,0,200,61
"scenarioB","X_9","indep",0,0,NA,"SSL",0,0,200,61
"scenarioB","X_10","indep",0,0,NA,"SSL",0,0,200,61
"scenarioB","X_11","indep",0,0,NA,"SSL",0,0,200,61
"scenarioB","X_12","indep",0,0,NA,"SSL",0,0,200,61
"scenarioB","X_13","indep",0,0,NA,"SSL",0,0,200,61
"scenarioB","X_14","indep",0,0,NA,"SSL",0,0,200,61
"scenarioB","X_15","indep",0,0,NA,"SSL",0,0,200,61
"scenarioB","X_16","indep",0,0,NA,"SSL",0,0,200,61
"scenarioB","X_17","indep",0,0,NA,"SSL",-0.407367783872753,-0.407367783872753,200,61
"scenarioB","X_18","weak",0.3,0,NA,"SSL",0,0,200,61
"scenarioB","X_19","weak",0.3,0,NA,"SSL",0,0,200,61
"scenarioB","X_20","weak",0.3,0,NA,"SSL",0,0,200,61
"scenarioB","X_21","weak",0.3,0,NA,"SSL",0,0,200,61
"scenarioB","X_22","strong",0.6,0,NA,"SSL",0,0,200,61
"scenarioB","X_23","strong",0.6,0,NA,"SSL",0,0,200,61
"scenarioB","X_24","strong",0.6,0,NA,"SSL",0,0,200,61
"scenarioB","X_25","strong",0.6,0,NA,"SSL",0,0,200,61
"scenarioB","X_1","strong",0.6,0.4,0.472823136553187,"LASSO",0.131155246868524,-0.268844753131476,200,61
"scenarioB","X_2","strong",0.6,-0.5,-0.636812055222475,"LASSO",-0.239999063463371,0.260000936536628,200,61
"scenarioB","X_3","weak",0.3,0.6,0.732473560887883,"LASSO",0.554845239985008,-0.0451547600149916,200,61
"scenarioB","X_4","weak",0.3,0.75,0.871567772649785,"LASSO",0.745115931073818,-0.00488406892618187,200,61
"scenarioB","X_5","indep",0,-0.8,-0.699735587944935,"LASSO",-0.557395429722306,0.242604570277694,200,61
"scenarioB","X_6","indep",0,0,NA,"LASSO",0.0134570247458516,0.0134570247458516,200,61
"scenarioB","X_7","indep",0,0,NA,"LASSO",0,0,200,61
"scenarioB","X_8","indep",0,0,NA,"LASSO",0,0,200,61
"scenarioB","X_9","indep",0,0,NA,"LASSO",0,0,200,61
"scenarioB","X_10","indep",0,0,NA,"LASSO",0,0,200,61
"scenarioB","X_11","indep",0,0,NA,"LASSO",0,0,200,61
"scenarioB","X_12","indep",0,0,NA,"LASSO",0,0,200,61
"scenarioB","X_13","indep",0,0,NA,"LASSO",0,0,200,61
"scenarioB","X_14","indep",0,0,NA,"LASSO",0,0,200,61
"scenarioB","X_15","indep",0,0,NA,"LASSO",0.0316554167948972,0.0316554167948972,200,61
"scenarioB","X_16","indep",0,0,NA,"LASSO",0,0,200,61
"scenarioB","X_17","indep",0,0,NA,"LASSO",-0.328507825836725,-0.328507825836725,200,61
"scenarioB","X_18","weak",0.3,0,NA,"LASSO",0,0,200,61
"scenarioB","X_19","weak",0.3,0,NA,"LASSO",0,0,200,61
"scenarioB","X_20","weak",0.3,0,NA,"LASSO",0,0,200,61
"scenarioB","X_21","weak",0.3,0,NA,"LASSO",0,0,200,61
"scenarioB","X_22","strong",0.6,0,NA,"LASSO",0,0,200,61
"scenarioB","X_23","strong",0.6,0,NA,"LASSO",0,0,200,61
"scenarioB","X_24","strong",0.6,0,NA,"LASSO",0,0,200,61
"scenarioB","X_25","strong",0.6,0,NA,"LASSO",0,0,200,61
"scenarioB","X_1","strong",0.6,0.4,0.253798637176648,"SSL",0,-0.4,200,62
"scenarioB","X_2","strong",0.6,-0.5,-0.488794827246625,"SSL",-0.276964167672032,0.223035832327968,200,62
"scenarioB","X_3","weak",0.3,0.6,0.513224742170696,"SSL",0.463526321867412,-0.136473678132588,200,62
"scenarioB","X_4","weak",0.3,0.75,0.79276811415919,"SSL",0.701312246094737,-0.0486877539052628,200,62
"scenarioB","X_5","indep",0,-0.8,-0.579723122402608,"SSL",-0.498498786357449,0.301501213642551,200,62
"scenarioB","X_6","indep",0,0,NA,"SSL",0,0,200,62
"scenarioB","X_7","indep",0,0,NA,"SSL",0,0,200,62
"scenarioB","X_8","indep",0,0,NA,"SSL",0,0,200,62
"scenarioB","X_9","indep",0,0,NA,"SSL",0,0,200,62
"scenarioB","X_10","indep",0,0,NA,"SSL",0,0,200,62
"scenarioB","X_11","indep",0,0,NA,"SSL",0,0,200,62
"scenarioB","X_12","indep",0,0,NA,"SSL",0,0,200,62
"scenarioB","X_13","indep",0,0,NA,"SSL",0,0,200,62
"scenarioB","X_14","indep",0,0,NA,"SSL",0,0,200,62
"scenarioB","X_15","indep",0,0,NA,"SSL",0,0,200,62
"scenarioB","X_16","indep",0,0,NA,"SSL",0,0,200,62
"scenarioB","X_17","indep",0,0,NA,"SSL",0,0,200,62
"scenarioB","X_18","weak",0.3,0,NA,"SSL",0,0,200,62
"scenarioB","X_19","weak",0.3,0,NA,"SSL",0,0,200,62
"scenarioB","X_20","weak",0.3,0,NA,"SSL",0,0,200,62
"scenarioB","X_21","weak",0.3,0,NA,"SSL",0,0,200,62
"scenarioB","X_22","strong",0.6,0,NA,"SSL",0,0,200,62
"scenarioB","X_23","strong",0.6,0,NA,"SSL",0,0,200,62
"scenarioB","X_24","strong",0.6,0,NA,"SSL",0,0,200,62
"scenarioB","X_25","strong",0.6,0,NA,"SSL",0,0,200,62
"scenarioB","X_1","strong",0.6,0.4,0.253798637176648,"LASSO",0,-0.4,200,62
"scenarioB","X_2","strong",0.6,-0.5,-0.488794827246625,"LASSO",-0.220684342056581,0.279315657943419,200,62
"scenarioB","X_3","weak",0.3,0.6,0.513224742170696,"LASSO",0.405654507125826,-0.194345492874174,200,62
"scenarioB","X_4","weak",0.3,0.75,0.79276811415919,"LASSO",0.618527338274149,-0.131472661725851,200,62
"scenarioB","X_5","indep",0,-0.8,-0.579723122402608,"LASSO",-0.427885792454056,0.372114207545944,200,62
"scenarioB","X_6","indep",0,0,NA,"LASSO",0.0541729087977277,0.0541729087977277,200,62
"scenarioB","X_7","indep",0,0,NA,"LASSO",0,0,200,62
"scenarioB","X_8","indep",0,0,NA,"LASSO",0,0,200,62
"scenarioB","X_9","indep",0,0,NA,"LASSO",0,0,200,62
"scenarioB","X_10","indep",0,0,NA,"LASSO",0,0,200,62
"scenarioB","X_11","indep",0,0,NA,"LASSO",0,0,200,62
"scenarioB","X_12","indep",0,0,NA,"LASSO",0,0,200,62
"scenarioB","X_13","indep",0,0,NA,"LASSO",0,0,200,62
"scenarioB","X_14","indep",0,0,NA,"LASSO",0,0,200,62
"scenarioB","X_15","indep",0,0,NA,"LASSO",0,0,200,62
"scenarioB","X_16","indep",0,0,NA,"LASSO",0,0,200,62
"scenarioB","X_17","indep",0,0,NA,"LASSO",0,0,200,62
"scenarioB","X_18","weak",0.3,0,NA,"LASSO",0,0,200,62
"scenarioB","X_19","weak",0.3,0,NA,"LASSO",0,0,200,62
"scenarioB","X_20","weak",0.3,0,NA,"LASSO",0,0,200,62
"scenarioB","X_21","weak",0.3,0,NA,"LASSO",0,0,200,62
"scenarioB","X_22","strong",0.6,0,NA,"LASSO",0,0,200,62
"scenarioB","X_23","strong",0.6,0,NA,"LASSO",0,0,200,62
"scenarioB","X_24","strong",0.6,0,NA,"LASSO",0,0,200,62
"scenarioB","X_25","strong",0.6,0,NA,"LASSO",0,0,200,62
"scenarioB","X_1","strong",0.6,0.4,0.239913670473014,"SSL",0,-0.4,200,63
"scenarioB","X_2","strong",0.6,-0.5,-0.38373842186835,"SSL",0,0.5,200,63
"scenarioB","X_3","weak",0.3,0.6,0.55817135815123,"SSL",0.509320636396603,-0.0906793636033967,200,63
"scenarioB","X_4","weak",0.3,0.75,0.632917490510215,"SSL",0.553556465117658,-0.196443534882342,200,63
"scenarioB","X_5","indep",0,-0.8,-0.678361918343967,"SSL",-0.603615093502837,0.196384906497163,200,63
"scenarioB","X_6","indep",0,0,NA,"SSL",0,0,200,63
"scenarioB","X_7","indep",0,0,NA,"SSL",0,0,200,63
"scenarioB","X_8","indep",0,0,NA,"SSL",0,0,200,63
"scenarioB","X_9","indep",0,0,NA,"SSL",0,0,200,63
"scenarioB","X_10","indep",0,0,NA,"SSL",0,0,200,63
"scenarioB","X_11","indep",0,0,NA,"SSL",0,0,200,63
"scenarioB","X_12","indep",0,0,NA,"SSL",0,0,200,63
"scenarioB","X_13","indep",0,0,NA,"SSL",0,0,200,63
"scenarioB","X_14","indep",0,0,NA,"SSL",0,0,200,63
"scenarioB","X_15","indep",0,0,NA,"SSL",0,0,200,63
"scenarioB","X_16","indep",0,0,NA,"SSL",0,0,200,63
"scenarioB","X_17","indep",0,0,NA,"SSL",0,0,200,63
"scenarioB","X_18","weak",0.3,0,NA,"SSL",0,0,200,63
"scenarioB","X_19","weak",0.3,0,NA,"SSL",0,0,200,63
"scenarioB","X_20","weak",0.3,0,NA,"SSL",0,0,200,63
"scenarioB","X_21","weak",0.3,0,NA,"SSL",0,0,200,63
"scenarioB","X_22","strong",0.6,0,NA,"SSL",0,0,200,63
"scenarioB","X_23","strong",0.6,0,NA,"SSL",0,0,200,63
"scenarioB","X_24","strong",0.6,0,NA,"SSL",0,0,200,63
"scenarioB","X_25","strong",0.6,0,NA,"SSL",0,0,200,63
"scenarioB","X_1","strong",0.6,0.4,0.239913670473014,"LASSO",0,-0.4,200,63
"scenarioB","X_2","strong",0.6,-0.5,-0.38373842186835,"LASSO",-0.0782360978840696,0.42176390211593,200,63
"scenarioB","X_3","weak",0.3,0.6,0.55817135815123,"LASSO",0.409557641280085,-0.190442358719915,200,63
"scenarioB","X_4","weak",0.3,0.75,0.632917490510215,"LASSO",0.452766775488782,-0.297233224511218,200,63
"scenarioB","X_5","indep",0,-0.8,-0.678361918343967,"LASSO",-0.47479583745175,0.32520416254825,200,63
"scenarioB","X_6","indep",0,0,NA,"LASSO",0,0,200,63
"scenarioB","X_7","indep",0,0,NA,"LASSO",0,0,200,63
"scenarioB","X_8","indep",0,0,NA,"LASSO",0,0,200,63
"scenarioB","X_9","indep",0,0,NA,"LASSO",0,0,200,63
"scenarioB","X_10","indep",0,0,NA,"LASSO",0,0,200,63
"scenarioB","X_11","indep",0,0,NA,"LASSO",0,0,200,63
"scenarioB","X_12","indep",0,0,NA,"LASSO",0,0,200,63
"scenarioB","X_13","indep",0,0,NA,"LASSO",0,0,200,63
"scenarioB","X_14","indep",0,0,NA,"LASSO",0,0,200,63
"scenarioB","X_15","indep",0,0,NA,"LASSO",0,0,200,63
"scenarioB","X_16","indep",0,0,NA,"LASSO",0,0,200,63
"scenarioB","X_17","indep",0,0,NA,"LASSO",0,0,200,63
"scenarioB","X_18","weak",0.3,0,NA,"LASSO",0,0,200,63
"scenarioB","X_19","weak",0.3,0,NA,"LASSO",0,0,200,63
"scenarioB","X_20","weak",0.3,0,NA,"LASSO",0,0,200,63
"scenarioB","X_21","weak",0.3,0,NA,"LASSO",0,0,200,63
"scenarioB","X_22","strong",0.6,0,NA,"LASSO",0,0,200,63
"scenarioB","X_23","strong",0.6,0,NA,"LASSO",0,0,200,63
"scenarioB","X_24","strong",0.6,0,NA,"LASSO",0,0,200,63
"scenarioB","X_25","strong",0.6,0,NA,"LASSO",0,0,200,63
"scenarioB","X_1","strong",0.6,0.4,0.399000890112519,"SSL",0,-0.4,200,64
"scenarioB","X_2","strong",0.6,-0.5,-0.427876119287511,"SSL",0,0.5,200,64
"scenarioB","X_3","weak",0.3,0.6,0.379535495315086,"SSL",0.303970591519265,-0.296029408480735,200,64
"scenarioB","X_4","weak",0.3,0.75,0.792219182773048,"SSL",0.719031818984677,-0.0309681810153228,200,64
"scenarioB","X_5","indep",0,-0.8,-0.797923628405852,"SSL",-0.653379457117104,0.146620542882896,200,64
"scenarioB","X_6","indep",0,0,NA,"SSL",0,0,200,64
"scenarioB","X_7","indep",0,0,NA,"SSL",0,0,200,64
"scenarioB","X_8","indep",0,0,NA,"SSL",0,0,200,64
"scenarioB","X_9","indep",0,0,NA,"SSL",0,0,200,64
"scenarioB","X_10","indep",0,0,NA,"SSL",0,0,200,64
"scenarioB","X_11","indep",0,0,NA,"SSL",0,0,200,64
"scenarioB","X_12","indep",0,0,NA,"SSL",0,0,200,64
"scenarioB","X_13","indep",0,0,NA,"SSL",0,0,200,64
"scenarioB","X_14","indep",0,0,NA,"SSL",0,0,200,64
"scenarioB","X_15","indep",0,0,NA,"SSL",0,0,200,64
"scenarioB","X_16","indep",0,0,NA,"SSL",0,0,200,64
"scenarioB","X_17","indep",0,0,NA,"SSL",0,0,200,64
"scenarioB","X_18","weak",0.3,0,NA,"SSL",0,0,200,64
"scenarioB","X_19","weak",0.3,0,NA,"SSL",0,0,200,64
"scenarioB","X_20","weak",0.3,0,NA,"SSL",0,0,200,64
"scenarioB","X_21","weak",0.3,0,NA,"SSL",0,0,200,64
"scenarioB","X_22","strong",0.6,0,NA,"SSL",0,0,200,64
"scenarioB","X_23","strong",0.6,0,NA,"SSL",0,0,200,64
"scenarioB","X_24","strong",0.6,0,NA,"SSL",0,0,200,64
"scenarioB","X_25","strong",0.6,0,NA,"SSL",0,0,200,64
"scenarioB","X_1","strong",0.6,0.4,0.399000890112519,"LASSO",0,-0.4,200,64
"scenarioB","X_2","strong",0.6,-0.5,-0.427876119287511,"LASSO",0,0.5,200,64
"scenarioB","X_3","weak",0.3,0.6,0.379535495315086,"LASSO",0.188362778986668,-0.411637221013332,200,64
"scenarioB","X_4","weak",0.3,0.75,0.792219182773048,"LASSO",0.586909746525025,-0.163090253474975,200,64
"scenarioB","X_5","indep",0,-0.8,-0.797923628405852,"LASSO",-0.488138818914919,0.311861181085081,200,64
"scenarioB","X_6","indep",0,0,NA,"LASSO",0,0,200,64
"scenarioB","X_7","indep",0,0,NA,"LASSO",0,0,200,64
"scenarioB","X_8","indep",0,0,NA,"LASSO",0,0,200,64
"scenarioB","X_9","indep",0,0,NA,"LASSO",0,0,200,64
"scenarioB","X_10","indep",0,0,NA,"LASSO",0,0,200,64
"scenarioB","X_11","indep",0,0,NA,"LASSO",0,0,200,64
"scenarioB","X_12","indep",0,0,NA,"LASSO",0,0,200,64
"scenarioB","X_13","indep",0,0,NA,"LASSO",0,0,200,64
"scenarioB","X_14","indep",0,0,NA,"LASSO",0,0,200,64
"scenarioB","X_15","indep",0,0,NA,"LASSO",0,0,200,64
"scenarioB","X_16","indep",0,0,NA,"LASSO",0,0,200,64
"scenarioB","X_17","indep",0,0,NA,"LASSO",0,0,200,64
"scenarioB","X_18","weak",0.3,0,NA,"LASSO",0,0,200,64
"scenarioB","X_19","weak",0.3,0,NA,"LASSO",0,0,200,64
"scenarioB","X_20","weak",0.3,0,NA,"LASSO",0,0,200,64
"scenarioB","X_21","weak",0.3,0,NA,"LASSO",0,0,200,64
"scenarioB","X_22","strong",0.6,0,NA,"LASSO",0,0,200,64
"scenarioB","X_23","strong",0.6,0,NA,"LASSO",0,0,200,64
"scenarioB","X_24","strong",0.6,0,NA,"LASSO",0,0,200,64
"scenarioB","X_25","strong",0.6,0,NA,"LASSO",0,0,200,64
"scenarioB","X_1","strong",0.6,0.4,0.417493580564346,"SSL",0,-0.4,200,65
"scenarioB","X_2","strong",0.6,-0.5,-0.583408155159421,"SSL",-0.227668540675871,0.272331459324129,200,65
"scenarioB","X_3","weak",0.3,0.6,0.748452945106549,"SSL",0.584901119865139,-0.0150988801348612,200,65
"scenarioB","X_4","weak",0.3,0.75,0.850557339783023,"SSL",0.730862680532774,-0.0191373194672263,200,65
"scenarioB","X_5","indep",0,-0.8,-0.905050614840929,"SSL",-0.752289894015657,0.0477101059843426,200,65
"scenarioB","X_6","indep",0,0,NA,"SSL",0,0,200,65
"scenarioB","X_7","indep",0,0,NA,"SSL",0,0,200,65
"scenarioB","X_8","indep",0,0,NA,"SSL",0,0,200,65
"scenarioB","X_9","indep",0,0,NA,"SSL",0,0,200,65
"scenarioB","X_10","indep",0,0,NA,"SSL",0,0,200,65
"scenarioB","X_11","indep",0,0,NA,"SSL",0,0,200,65
"scenarioB","X_12","indep",0,0,NA,"SSL",0,0,200,65
"scenarioB","X_13","indep",0,0,NA,"SSL",0,0,200,65
"scenarioB","X_14","indep",0,0,NA,"SSL",0,0,200,65
"scenarioB","X_15","indep",0,0,NA,"SSL",0,0,200,65
"scenarioB","X_16","indep",0,0,NA,"SSL",0,0,200,65
"scenarioB","X_17","indep",0,0,NA,"SSL",0,0,200,65
"scenarioB","X_18","weak",0.3,0,NA,"SSL",0,0,200,65
"scenarioB","X_19","weak",0.3,0,NA,"SSL",0,0,200,65
"scenarioB","X_20","weak",0.3,0,NA,"SSL",0,0,200,65
"scenarioB","X_21","weak",0.3,0,NA,"SSL",0,0,200,65
"scenarioB","X_22","strong",0.6,0,NA,"SSL",0,0,200,65
"scenarioB","X_23","strong",0.6,0,NA,"SSL",0,0,200,65
"scenarioB","X_24","strong",0.6,0,NA,"SSL",0,0,200,65
"scenarioB","X_25","strong",0.6,0,NA,"SSL",0,0,200,65
"scenarioB","X_1","strong",0.6,0.4,0.417493580564346,"LASSO",0,-0.4,200,65
"scenarioB","X_2","strong",0.6,-0.5,-0.583408155159421,"LASSO",-0.200070496526867,0.299929503473133,200,65
"scenarioB","X_3","weak",0.3,0.6,0.748452945106549,"LASSO",0.491748525361566,-0.108251474638434,200,65
"scenarioB","X_4","weak",0.3,0.75,0.850557339783023,"LASSO",0.692263223514969,-0.0577367764850311,200,65
"scenarioB","X_5","indep",0,-0.8,-0.905050614840929,"LASSO",-0.670680892629458,0.129319107370542,200,65
"scenarioB","X_6","indep",0,0,NA,"LASSO",0,0,200,65
"scenarioB","X_7","indep",0,0,NA,"LASSO",0,0,200,65
"scenarioB","X_8","indep",0,0,NA,"LASSO",0,0,200,65
"scenarioB","X_9","indep",0,0,NA,"LASSO",0.0755012046146299,0.0755012046146299,200,65
"scenarioB","X_10","indep",0,0,NA,"LASSO",0,0,200,65
"scenarioB","X_11","indep",0,0,NA,"LASSO",0,0,200,65
"scenarioB","X_12","indep",0,0,NA,"LASSO",0,0,200,65
"scenarioB","X_13","indep",0,0,NA,"LASSO",0,0,200,65
"scenarioB","X_14","indep",0,0,NA,"LASSO",0,0,200,65
"scenarioB","X_15","indep",0,0,NA,"LASSO",0,0,200,65
"scenarioB","X_16","indep",0,0,NA,"LASSO",0,0,200,65
"scenarioB","X_17","indep",0,0,NA,"LASSO",0,0,200,65
"scenarioB","X_18","weak",0.3,0,NA,"LASSO",0.0219354450300582,0.0219354450300582,200,65
"scenarioB","X_19","weak",0.3,0,NA,"LASSO",-0.0838733529371019,-0.0838733529371019,200,65
"scenarioB","X_20","weak",0.3,0,NA,"LASSO",0,0,200,65
"scenarioB","X_21","weak",0.3,0,NA,"LASSO",0,0,200,65
"scenarioB","X_22","strong",0.6,0,NA,"LASSO",0,0,200,65
"scenarioB","X_23","strong",0.6,0,NA,"LASSO",0,0,200,65
"scenarioB","X_24","strong",0.6,0,NA,"LASSO",0,0,200,65
"scenarioB","X_25","strong",0.6,0,NA,"LASSO",0.0967616922790171,0.0967616922790171,200,65
"scenarioB","X_1","strong",0.6,0.4,0.479247916645272,"SSL",0.310393437916282,-0.0896065620837178,200,66
"scenarioB","X_2","strong",0.6,-0.5,-0.507646224626369,"SSL",-0.353821426812508,0.146178573187492,200,66
"scenarioB","X_3","weak",0.3,0.6,0.54502433222053,"SSL",0.45793107808381,-0.14206892191619,200,66
"scenarioB","X_4","weak",0.3,0.75,0.718139659585749,"SSL",0.66892804139466,-0.0810719586053403,200,66
"scenarioB","X_5","indep",0,-0.8,-0.811955001367654,"SSL",-0.703011123344598,0.0969888766554022,200,66
"scenarioB","X_6","indep",0,0,NA,"SSL",0,0,200,66
"scenarioB","X_7","indep",0,0,NA,"SSL",-0.196348943862122,-0.196348943862122,200,66
"scenarioB","X_8","indep",0,0,NA,"SSL",0,0,200,66
"scenarioB","X_9","indep",0,0,NA,"SSL",0,0,200,66
"scenarioB","X_10","indep",0,0,NA,"SSL",0,0,200,66
"scenarioB","X_11","indep",0,0,NA,"SSL",0,0,200,66
"scenarioB","X_12","indep",0,0,NA,"SSL",0,0,200,66
"scenarioB","X_13","indep",0,0,NA,"SSL",0,0,200,66
"scenarioB","X_14","indep",0,0,NA,"SSL",0,0,200,66
"scenarioB","X_15","indep",0,0,NA,"SSL",0,0,200,66
"scenarioB","X_16","indep",0,0,NA,"SSL",0.183717090389981,0.183717090389981,200,66
"scenarioB","X_17","indep",0,0,NA,"SSL",0,0,200,66
"scenarioB","X_18","weak",0.3,0,NA,"SSL",0,0,200,66
"scenarioB","X_19","weak",0.3,0,NA,"SSL",0,0,200,66
"scenarioB","X_20","weak",0.3,0,NA,"SSL",0,0,200,66
"scenarioB","X_21","weak",0.3,0,NA,"SSL",0,0,200,66
"scenarioB","X_22","strong",0.6,0,NA,"SSL",0,0,200,66
"scenarioB","X_23","strong",0.6,0,NA,"SSL",0,0,200,66
"scenarioB","X_24","strong",0.6,0,NA,"SSL",0,0,200,66
"scenarioB","X_25","strong",0.6,0,NA,"SSL",0,0,200,66
"scenarioB","X_1","strong",0.6,0.4,0.479247916645272,"LASSO",0.161833502506427,-0.238166497493573,200,66
"scenarioB","X_2","strong",0.6,-0.5,-0.507646224626369,"LASSO",-0.156152162977701,0.343847837022299,200,66
"scenarioB","X_3","weak",0.3,0.6,0.54502433222053,"LASSO",0.375427163193548,-0.224572836806452,200,66
"scenarioB","X_4","weak",0.3,0.75,0.718139659585749,"LASSO",0.557467520336897,-0.192532479663103,200,66
"scenarioB","X_5","indep",0,-0.8,-0.811955001367654,"LASSO",-0.561674770566376,0.238325229433624,200,66
"scenarioB","X_6","indep",0,0,NA,"LASSO",0,0,200,66
"scenarioB","X_7","indep",0,0,NA,"LASSO",-0.136844061360144,-0.136844061360144,200,66
"scenarioB","X_8","indep",0,0,NA,"LASSO",0,0,200,66
"scenarioB","X_9","indep",0,0,NA,"LASSO",0,0,200,66
"scenarioB","X_10","indep",0,0,NA,"LASSO",0,0,200,66
"scenarioB","X_11","indep",0,0,NA,"LASSO",0,0,200,66
"scenarioB","X_12","indep",0,0,NA,"LASSO",0,0,200,66
"scenarioB","X_13","indep",0,0,NA,"LASSO",0,0,200,66
"scenarioB","X_14","indep",0,0,NA,"LASSO",0,0,200,66
"scenarioB","X_15","indep",0,0,NA,"LASSO",0,0,200,66
"scenarioB","X_16","indep",0,0,NA,"LASSO",0.110128385802634,0.110128385802634,200,66
"scenarioB","X_17","indep",0,0,NA,"LASSO",0,0,200,66
"scenarioB","X_18","weak",0.3,0,NA,"LASSO",0,0,200,66
"scenarioB","X_19","weak",0.3,0,NA,"LASSO",0,0,200,66
"scenarioB","X_20","weak",0.3,0,NA,"LASSO",0,0,200,66
"scenarioB","X_21","weak",0.3,0,NA,"LASSO",0.0388126119084308,0.0388126119084308,200,66
"scenarioB","X_22","strong",0.6,0,NA,"LASSO",0,0,200,66
"scenarioB","X_23","strong",0.6,0,NA,"LASSO",0,0,200,66
"scenarioB","X_24","strong",0.6,0,NA,"LASSO",-0.0337089193169206,-0.0337089193169206,200,66
"scenarioB","X_25","strong",0.6,0,NA,"LASSO",0,0,200,66
"scenarioB","X_1","strong",0.6,0.4,0.431937468933778,"SSL",0,-0.4,200,67
"scenarioB","X_2","strong",0.6,-0.5,-0.643069553618039,"SSL",-0.313208291540891,0.186791708459109,200,67
"scenarioB","X_3","weak",0.3,0.6,0.482585187713833,"SSL",0.33832220205745,-0.26167779794255,200,67
"scenarioB","X_4","weak",0.3,0.75,0.909116567519551,"SSL",0.827480486567312,0.077480486567312,200,67
"scenarioB","X_5","indep",0,-0.8,-0.840658686656332,"SSL",-0.744181367391094,0.0558186326089062,200,67
"scenarioB","X_6","indep",0,0,NA,"SSL",0,0,200,67
"scenarioB","X_7","indep",0,0,NA,"SSL",0,0,200,67
"scenarioB","X_8","indep",0,0,NA,"SSL",0,0,200,67
"scenarioB","X_9","indep",0,0,NA,"SSL",0,0,200,67
"scenarioB","X_10","indep",0,0,NA,"SSL",0,0,200,67
"scenarioB","X_11","indep",0,0,NA,"SSL",0,0,200,67
"scenarioB","X_12","indep",0,0,NA,"SSL",0,0,200,67
"scenarioB","X_13","indep",0,0,NA,"SSL",0,0,200,67
"scenarioB","X_14","indep",0,0,NA,"SSL",0,0,200,67
"scenarioB","X_15","indep",0,0,NA,"SSL",0,0,200,67
"scenarioB","X_16","indep",0,0,NA,"SSL",0,0,200,67
"scenarioB","X_17","indep",0,0,NA,"SSL",0,0,200,67
"scenarioB","X_18","weak",0.3,0,NA,"SSL",0.182324688262193,0.182324688262193,200,67
"scenarioB","X_19","weak",0.3,0,NA,"SSL",0,0,200,67
"scenarioB","X_20","weak",0.3,0,NA,"SSL",0,0,200,67
"scenarioB","X_21","weak",0.3,0,NA,"SSL",0,0,200,67
"scenarioB","X_22","strong",0.6,0,NA,"SSL",0,0,200,67
"scenarioB","X_23","strong",0.6,0,NA,"SSL",0,0,200,67
"scenarioB","X_24","strong",0.6,0,NA,"SSL",0,0,200,67
"scenarioB","X_25","strong",0.6,0,NA,"SSL",0,0,200,67
"scenarioB","X_1","strong",0.6,0.4,0.431937468933778,"LASSO",0,-0.4,200,67
"scenarioB","X_2","strong",0.6,-0.5,-0.643069553618039,"LASSO",-0.204088260196451,0.295911739803549,200,67
"scenarioB","X_3","weak",0.3,0.6,0.482585187713833,"LASSO",0.259659797226084,-0.340340202773916,200,67
"scenarioB","X_4","weak",0.3,0.75,0.909116567519551,"LASSO",0.696088259149414,-0.0539117408505865,200,67
"scenarioB","X_5","indep",0,-0.8,-0.840658686656332,"LASSO",-0.608167640415444,0.191832359584556,200,67
"scenarioB","X_6","indep",0,0,NA,"LASSO",0,0,200,67
"scenarioB","X_7","indep",0,0,NA,"LASSO",0,0,200,67
"scenarioB","X_8","indep",0,0,NA,"LASSO",-0.0259492525065586,-0.0259492525065586,200,67
"scenarioB","X_9","indep",0,0,NA,"LASSO",0,0,200,67
"scenarioB","X_10","indep",0,0,NA,"LASSO",0,0,200,67
"scenarioB","X_11","indep",0,0,NA,"LASSO",0,0,200,67
"scenarioB","X_12","indep",0,0,NA,"LASSO",0,0,200,67
"scenarioB","X_13","indep",0,0,NA,"LASSO",0,0,200,67
"scenarioB","X_14","indep",0,0,NA,"LASSO",0,0,200,67
"scenarioB","X_15","indep",0,0,NA,"LASSO",0,0,200,67
"scenarioB","X_16","indep",0,0,NA,"LASSO",0,0,200,67
"scenarioB","X_17","indep",0,0,NA,"LASSO",0,0,200,67
"scenarioB","X_18","weak",0.3,0,NA,"LASSO",0.103382044132088,0.103382044132088,200,67
"scenarioB","X_19","weak",0.3,0,NA,"LASSO",0,0,200,67
"scenarioB","X_20","weak",0.3,0,NA,"LASSO",0,0,200,67
"scenarioB","X_21","weak",0.3,0,NA,"LASSO",0,0,200,67
"scenarioB","X_22","strong",0.6,0,NA,"LASSO",0,0,200,67
"scenarioB","X_23","strong",0.6,0,NA,"LASSO",0,0,200,67
"scenarioB","X_24","strong",0.6,0,NA,"LASSO",0,0,200,67
"scenarioB","X_25","strong",0.6,0,NA,"LASSO",0,0,200,67
"scenarioB","X_1","strong",0.6,0.4,0.570043983409937,"SSL",0.425298440887998,0.0252984408879983,200,68
"scenarioB","X_2","strong",0.6,-0.5,-0.649905942982196,"SSL",-0.498996586023321,0.0010034139766788,200,68
"scenarioB","X_3","weak",0.3,0.6,0.469625507118415,"SSL",0.392514180629771,-0.207485819370229,200,68
"scenarioB","X_4","weak",0.3,0.75,0.920978807228356,"SSL",0.844159611803652,0.0941596118036515,200,68
"scenarioB","X_5","indep",0,-0.8,-0.974889476957984,"SSL",-0.863471296230359,-0.0634712962303586,200,68
"scenarioB","X_6","indep",0,0,NA,"SSL",0,0,200,68
"scenarioB","X_7","indep",0,0,NA,"SSL",0,0,200,68
"scenarioB","X_8","indep",0,0,NA,"SSL",0,0,200,68
"scenarioB","X_9","indep",0,0,NA,"SSL",0,0,200,68
"scenarioB","X_10","indep",0,0,NA,"SSL",0,0,200,68
"scenarioB","X_11","indep",0,0,NA,"SSL",0,0,200,68
"scenarioB","X_12","indep",0,0,NA,"SSL",0,0,200,68
"scenarioB","X_13","indep",0,0,NA,"SSL",0,0,200,68
"scenarioB","X_14","indep",0,0,NA,"SSL",0,0,200,68
"scenarioB","X_15","indep",0,0,NA,"SSL",0,0,200,68
"scenarioB","X_16","indep",0,0,NA,"SSL",0,0,200,68
"scenarioB","X_17","indep",0,0,NA,"SSL",0,0,200,68
"scenarioB","X_18","weak",0.3,0,NA,"SSL",0,0,200,68
"scenarioB","X_19","weak",0.3,0,NA,"SSL",0,0,200,68
"scenarioB","X_20","weak",0.3,0,NA,"SSL",0,0,200,68
"scenarioB","X_21","weak",0.3,0,NA,"SSL",0,0,200,68
"scenarioB","X_22","strong",0.6,0,NA,"SSL",0,0,200,68
"scenarioB","X_23","strong",0.6,0,NA,"SSL",0,0,200,68
"scenarioB","X_24","strong",0.6,0,NA,"SSL",0,0,200,68
"scenarioB","X_25","strong",0.6,0,NA,"SSL",0,0,200,68
"scenarioB","X_1","strong",0.6,0.4,0.570043983409937,"LASSO",0.386797231260067,-0.013202768739933,200,68
"scenarioB","X_2","strong",0.6,-0.5,-0.649905942982196,"LASSO",-0.363302712663648,0.136697287336352,200,68
"scenarioB","X_3","weak",0.3,0.6,0.469625507118415,"LASSO",0.365532154682468,-0.234467845317532,200,68
"scenarioB","X_4","weak",0.3,0.75,0.920978807228356,"LASSO",0.808136016440529,0.0581360164405287,200,68
"scenarioB","X_5","indep",0,-0.8,-0.974889476957984,"LASSO",-0.804757631873954,-0.00475763187395384,200,68
"scenarioB","X_6","indep",0,0,NA,"LASSO",0,0,200,68
"scenarioB","X_7","indep",0,0,NA,"LASSO",0,0,200,68
"scenarioB","X_8","indep",0,0,NA,"LASSO",0,0,200,68
"scenarioB","X_9","indep",0,0,NA,"LASSO",0,0,200,68
"scenarioB","X_10","indep",0,0,NA,"LASSO",0,0,200,68
"scenarioB","X_11","indep",0,0,NA,"LASSO",0,0,200,68
"scenarioB","X_12","indep",0,0,NA,"LASSO",0,0,200,68
"scenarioB","X_13","indep",0,0,NA,"LASSO",0.0946893919779579,0.0946893919779579,200,68
"scenarioB","X_14","indep",0,0,NA,"LASSO",0,0,200,68
"scenarioB","X_15","indep",0,0,NA,"LASSO",0,0,200,68
"scenarioB","X_16","indep",0,0,NA,"LASSO",0,0,200,68
"scenarioB","X_17","indep",0,0,NA,"LASSO",0,0,200,68
"scenarioB","X_18","weak",0.3,0,NA,"LASSO",0,0,200,68
"scenarioB","X_19","weak",0.3,0,NA,"LASSO",0,0,200,68
"scenarioB","X_20","weak",0.3,0,NA,"LASSO",0,0,200,68
"scenarioB","X_21","weak",0.3,0,NA,"LASSO",0,0,200,68
"scenarioB","X_22","strong",0.6,0,NA,"LASSO",-0.12012243814677,-0.12012243814677,200,68
"scenarioB","X_23","strong",0.6,0,NA,"LASSO",0,0,200,68
"scenarioB","X_24","strong",0.6,0,NA,"LASSO",0,0,200,68
"scenarioB","X_25","strong",0.6,0,NA,"LASSO",0,0,200,68
"scenarioB","X_1","strong",0.6,0.4,0.625805887558065,"SSL",0.446435615246763,0.0464356152467632,200,69
"scenarioB","X_2","strong",0.6,-0.5,-0.692660624068307,"SSL",-0.506067988207476,-0.00606798820747645,200,69
"scenarioB","X_3","weak",0.3,0.6,0.753800684967889,"SSL",0.652132278371436,0.052132278371436,200,69
"scenarioB","X_4","weak",0.3,0.75,0.833218469347367,"SSL",0.718437147363988,-0.0315628526360116,200,69
"scenarioB","X_5","indep",0,-0.8,-1.0071543111216,"SSL",-0.848260228954507,-0.0482602289545065,200,69
"scenarioB","X_6","indep",0,0,NA,"SSL",0,0,200,69
"scenarioB","X_7","indep",0,0,NA,"SSL",0,0,200,69
"scenarioB","X_8","indep",0,0,NA,"SSL",0,0,200,69
"scenarioB","X_9","indep",0,0,NA,"SSL",0,0,200,69
"scenarioB","X_10","indep",0,0,NA,"SSL",0,0,200,69
"scenarioB","X_11","indep",0,0,NA,"SSL",0,0,200,69
"scenarioB","X_12","indep",0,0,NA,"SSL",0,0,200,69
"scenarioB","X_13","indep",0,0,NA,"SSL",0,0,200,69
"scenarioB","X_14","indep",0,0,NA,"SSL",0,0,200,69
"scenarioB","X_15","indep",0,0,NA,"SSL",0,0,200,69
"scenarioB","X_16","indep",0,0,NA,"SSL",0,0,200,69
"scenarioB","X_17","indep",0,0,NA,"SSL",0,0,200,69
"scenarioB","X_18","weak",0.3,0,NA,"SSL",0,0,200,69
"scenarioB","X_19","weak",0.3,0,NA,"SSL",0,0,200,69
"scenarioB","X_20","weak",0.3,0,NA,"SSL",0,0,200,69
"scenarioB","X_21","weak",0.3,0,NA,"SSL",0,0,200,69
"scenarioB","X_22","strong",0.6,0,NA,"SSL",0,0,200,69
"scenarioB","X_23","strong",0.6,0,NA,"SSL",0,0,200,69
"scenarioB","X_24","strong",0.6,0,NA,"SSL",0,0,200,69
"scenarioB","X_25","strong",0.6,0,NA,"SSL",0,0,200,69
"scenarioB","X_1","strong",0.6,0.4,0.625805887558065,"LASSO",0.417120617986403,0.017120617986403,200,69
"scenarioB","X_2","strong",0.6,-0.5,-0.692660624068307,"LASSO",-0.360205812213222,0.139794187786778,200,69
"scenarioB","X_3","weak",0.3,0.6,0.753800684967889,"LASSO",0.603189980148945,0.003189980148945,200,69
"scenarioB","X_4","weak",0.3,0.75,0.833218469347367,"LASSO",0.673633899824424,-0.0763661001755762,200,69
"scenarioB","X_5","indep",0,-0.8,-1.0071543111216,"LASSO",-0.821571794943325,-0.0215717949433252,200,69
"scenarioB","X_6","indep",0,0,NA,"LASSO",0,0,200,69
"scenarioB","X_7","indep",0,0,NA,"LASSO",0,0,200,69
"scenarioB","X_8","indep",0,0,NA,"LASSO",0,0,200,69
"scenarioB","X_9","indep",0,0,NA,"LASSO",0,0,200,69
"scenarioB","X_10","indep",0,0,NA,"LASSO",0,0,200,69
"scenarioB","X_11","indep",0,0,NA,"LASSO",0,0,200,69
"scenarioB","X_12","indep",0,0,NA,"LASSO",0,0,200,69
"scenarioB","X_13","indep",0,0,NA,"LASSO",0,0,200,69
"scenarioB","X_14","indep",0,0,NA,"LASSO",0,0,200,69
"scenarioB","X_15","indep",0,0,NA,"LASSO",0,0,200,69
"scenarioB","X_16","indep",0,0,NA,"LASSO",0,0,200,69
"scenarioB","X_17","indep",0,0,NA,"LASSO",0,0,200,69
"scenarioB","X_18","weak",0.3,0,NA,"LASSO",0,0,200,69
"scenarioB","X_19","weak",0.3,0,NA,"LASSO",0,0,200,69
"scenarioB","X_20","weak",0.3,0,NA,"LASSO",0,0,200,69
"scenarioB","X_21","weak",0.3,0,NA,"LASSO",0,0,200,69
"scenarioB","X_22","strong",0.6,0,NA,"LASSO",-0.155939854445141,-0.155939854445141,200,69
"scenarioB","X_23","strong",0.6,0,NA,"LASSO",0,0,200,69
"scenarioB","X_24","strong",0.6,0,NA,"LASSO",0,0,200,69
"scenarioB","X_25","strong",0.6,0,NA,"LASSO",0,0,200,69
"scenarioB","X_1","strong",0.6,0.4,0.387595603962203,"SSL",0.305124366344635,-0.0948756336553649,200,70
"scenarioB","X_2","strong",0.6,-0.5,-0.715773009844363,"SSL",-0.706238715509961,-0.206238715509961,200,70
"scenarioB","X_3","weak",0.3,0.6,0.47676980190419,"SSL",0.534259137000885,-0.0657408629991147,200,70
"scenarioB","X_4","weak",0.3,0.75,0.721649966588939,"SSL",0.756755168050493,0.00675516805049325,200,70
"scenarioB","X_5","indep",0,-0.8,-0.754678624842931,"SSL",-0.75109014570126,0.0489098542987401,200,70
"scenarioB","X_6","indep",0,0,NA,"SSL",0.148539382779618,0.148539382779618,200,70
"scenarioB","X_7","indep",0,0,NA,"SSL",0,0,200,70
"scenarioB","X_8","indep",0,0,NA,"SSL",0.364595926665643,0.364595926665643,200,70
"scenarioB","X_9","indep",0,0,NA,"SSL",0,0,200,70
"scenarioB","X_10","indep",0,0,NA,"SSL",0,0,200,70
"scenarioB","X_11","indep",0,0,NA,"SSL",0,0,200,70
"scenarioB","X_12","indep",0,0,NA,"SSL",-0.103125298888029,-0.103125298888029,200,70
"scenarioB","X_13","indep",0,0,NA,"SSL",-0.0824535554077267,-0.0824535554077267,200,70
"scenarioB","X_14","indep",0,0,NA,"SSL",0,0,200,70
"scenarioB","X_15","indep",0,0,NA,"SSL",-0.188291603660677,-0.188291603660677,200,70
"scenarioB","X_16","indep",0,0,NA,"SSL",0,0,200,70
"scenarioB","X_17","indep",0,0,NA,"SSL",-0.129719177143457,-0.129719177143457,200,70
"scenarioB","X_18","weak",0.3,0,NA,"SSL",0,0,200,70
"scenarioB","X_19","weak",0.3,0,NA,"SSL",0.0828882921837911,0.0828882921837911,200,70
"scenarioB","X_20","weak",0.3,0,NA,"SSL",-0.18042944895818,-0.18042944895818,200,70
"scenarioB","X_21","weak",0.3,0,NA,"SSL",0,0,200,70
"scenarioB","X_22","strong",0.6,0,NA,"SSL",0,0,200,70
"scenarioB","X_23","strong",0.6,0,NA,"SSL",0,0,200,70
"scenarioB","X_24","strong",0.6,0,NA,"SSL",0,0,200,70
"scenarioB","X_25","strong",0.6,0,NA,"SSL",0,0,200,70
"scenarioB","X_1","strong",0.6,0.4,0.387595603962203,"LASSO",0,-0.4,200,70
"scenarioB","X_2","strong",0.6,-0.5,-0.715773009844363,"LASSO",-0.255449903832911,0.244550096167089,200,70
"scenarioB","X_3","weak",0.3,0.6,0.47676980190419,"LASSO",0.293693960186314,-0.306306039813686,200,70
"scenarioB","X_4","weak",0.3,0.75,0.721649966588939,"LASSO",0.504883655043291,-0.245116344956709,200,70
"scenarioB","X_5","indep",0,-0.8,-0.754678624842931,"LASSO",-0.50954404342195,0.29045595657805,200,70
"scenarioB","X_6","indep",0,0,NA,"LASSO",0,0,200,70
"scenarioB","X_7","indep",0,0,NA,"LASSO",0,0,200,70
"scenarioB","X_8","indep",0,0,NA,"LASSO",0.151542175456,0.151542175456,200,70
"scenarioB","X_9","indep",0,0,NA,"LASSO",0,0,200,70
"scenarioB","X_10","indep",0,0,NA,"LASSO",0,0,200,70
"scenarioB","X_11","indep",0,0,NA,"LASSO",0,0,200,70
"scenarioB","X_12","indep",0,0,NA,"LASSO",0,0,200,70
"scenarioB","X_13","indep",0,0,NA,"LASSO",0,0,200,70
"scenarioB","X_14","indep",0,0,NA,"LASSO",0,0,200,70
"scenarioB","X_15","indep",0,0,NA,"LASSO",-0.0280083653596295,-0.0280083653596295,200,70
"scenarioB","X_16","indep",0,0,NA,"LASSO",0,0,200,70
"scenarioB","X_17","indep",0,0,NA,"LASSO",0,0,200,70
"scenarioB","X_18","weak",0.3,0,NA,"LASSO",0,0,200,70
"scenarioB","X_19","weak",0.3,0,NA,"LASSO",0,0,200,70
"scenarioB","X_20","weak",0.3,0,NA,"LASSO",0,0,200,70
"scenarioB","X_21","weak",0.3,0,NA,"LASSO",0,0,200,70
"scenarioB","X_22","strong",0.6,0,NA,"LASSO",0,0,200,70
"scenarioB","X_23","strong",0.6,0,NA,"LASSO",0,0,200,70
"scenarioB","X_24","strong",0.6,0,NA,"LASSO",0,0,200,70
"scenarioB","X_25","strong",0.6,0,NA,"LASSO",0,0,200,70
"scenarioB","X_1","strong",0.6,0.4,0.523526813063281,"SSL",0,-0.4,200,71
"scenarioB","X_2","strong",0.6,-0.5,-0.644806109590149,"SSL",-0.268749168263723,0.231250831736277,200,71
"scenarioB","X_3","weak",0.3,0.6,0.648848291307483,"SSL",0.517061082939652,-0.0829389170603478,200,71
"scenarioB","X_4","weak",0.3,0.75,0.702623544570428,"SSL",0.657977826934091,-0.0920221730659094,200,71
"scenarioB","X_5","indep",0,-0.8,-0.82566583388441,"SSL",-0.691059196294388,0.108940803705613,200,71
"scenarioB","X_6","indep",0,0,NA,"SSL",0,0,200,71
"scenarioB","X_7","indep",0,0,NA,"SSL",0,0,200,71
"scenarioB","X_8","indep",0,0,NA,"SSL",0,0,200,71
"scenarioB","X_9","indep",0,0,NA,"SSL",0,0,200,71
"scenarioB","X_10","indep",0,0,NA,"SSL",0,0,200,71
"scenarioB","X_11","indep",0,0,NA,"SSL",0,0,200,71
"scenarioB","X_12","indep",0,0,NA,"SSL",0,0,200,71
"scenarioB","X_13","indep",0,0,NA,"SSL",0,0,200,71
"scenarioB","X_14","indep",0,0,NA,"SSL",0,0,200,71
"scenarioB","X_15","indep",0,0,NA,"SSL",0,0,200,71
"scenarioB","X_16","indep",0,0,NA,"SSL",0,0,200,71
"scenarioB","X_17","indep",0,0,NA,"SSL",0,0,200,71
"scenarioB","X_18","weak",0.3,0,NA,"SSL",0,0,200,71
"scenarioB","X_19","weak",0.3,0,NA,"SSL",0,0,200,71
"scenarioB","X_20","weak",0.3,0,NA,"SSL",0,0,200,71
"scenarioB","X_21","weak",0.3,0,NA,"SSL",0,0,200,71
"scenarioB","X_22","strong",0.6,0,NA,"SSL",0,0,200,71
"scenarioB","X_23","strong",0.6,0,NA,"SSL",0,0,200,71
"scenarioB","X_24","strong",0.6,0,NA,"SSL",0,0,200,71
"scenarioB","X_25","strong",0.6,0,NA,"SSL",0,0,200,71
"scenarioB","X_1","strong",0.6,0.4,0.523526813063281,"LASSO",0.150680792868422,-0.249319207131578,200,71
"scenarioB","X_2","strong",0.6,-0.5,-0.644806109590149,"LASSO",-0.303202660330555,0.196797339669445,200,71
"scenarioB","X_3","weak",0.3,0.6,0.648848291307483,"LASSO",0.446976942987354,-0.153023057012646,200,71
"scenarioB","X_4","weak",0.3,0.75,0.702623544570428,"LASSO",0.560762534620376,-0.189237465379624,200,71
"scenarioB","X_5","indep",0,-0.8,-0.82566583388441,"LASSO",-0.620368093168307,0.179631906831693,200,71
"scenarioB","X_6","indep",0,0,NA,"LASSO",0.0547188085304385,0.0547188085304385,200,71
"scenarioB","X_7","indep",0,0,NA,"LASSO",0,0,200,71
"scenarioB","X_8","indep",0,0,NA,"LASSO",0,0,200,71
"scenarioB","X_9","indep",0,0,NA,"LASSO",0,0,200,71
"scenarioB","X_10","indep",0,0,NA,"LASSO",0,0,200,71
"scenarioB","X_11","indep",0,0,NA,"LASSO",0.0463139467335246,0.0463139467335246,200,71
"scenarioB","X_12","indep",0,0,NA,"LASSO",0,0,200,71
"scenarioB","X_13","indep",0,0,NA,"LASSO",0,0,200,71
"scenarioB","X_14","indep",0,0,NA,"LASSO",0,0,200,71
"scenarioB","X_15","indep",0,0,NA,"LASSO",0,0,200,71
"scenarioB","X_16","indep",0,0,NA,"LASSO",0,0,200,71
"scenarioB","X_17","indep",0,0,NA,"LASSO",0,0,200,71
"scenarioB","X_18","weak",0.3,0,NA,"LASSO",0,0,200,71
"scenarioB","X_19","weak",0.3,0,NA,"LASSO",0,0,200,71
"scenarioB","X_20","weak",0.3,0,NA,"LASSO",0.0571909998109499,0.0571909998109499,200,71
"scenarioB","X_21","weak",0.3,0,NA,"LASSO",0,0,200,71
"scenarioB","X_22","strong",0.6,0,NA,"LASSO",0,0,200,71
"scenarioB","X_23","strong",0.6,0,NA,"LASSO",0,0,200,71
"scenarioB","X_24","strong",0.6,0,NA,"LASSO",0,0,200,71
"scenarioB","X_25","strong",0.6,0,NA,"LASSO",0,0,200,71
"scenarioB","X_1","strong",0.6,0.4,0.508265853415037,"SSL",0.337388636244687,-0.0626113637553131,200,72
"scenarioB","X_2","strong",0.6,-0.5,-0.493959357803072,"SSL",-0.337332184560632,0.162667815439368,200,72
"scenarioB","X_3","weak",0.3,0.6,0.656396280103489,"SSL",0.597263261855932,-0.00273673814406816,200,72
"scenarioB","X_4","weak",0.3,0.75,0.581467399493655,"SSL",0.548962948108655,-0.201037051891345,200,72
"scenarioB","X_5","indep",0,-0.8,-0.917102430496747,"SSL",-0.839355490323791,-0.039355490323791,200,72
"scenarioB","X_6","indep",0,0,NA,"SSL",-0.147734063889204,-0.147734063889204,200,72
"scenarioB","X_7","indep",0,0,NA,"SSL",0,0,200,72
"scenarioB","X_8","indep",0,0,NA,"SSL",0,0,200,72
"scenarioB","X_9","indep",0,0,NA,"SSL",0,0,200,72
"scenarioB","X_10","indep",0,0,NA,"SSL",0,0,200,72
"scenarioB","X_11","indep",0,0,NA,"SSL",0,0,200,72
"scenarioB","X_12","indep",0,0,NA,"SSL",0,0,200,72
"scenarioB","X_13","indep",0,0,NA,"SSL",0,0,200,72
"scenarioB","X_14","indep",0,0,NA,"SSL",0,0,200,72
"scenarioB","X_15","indep",0,0,NA,"SSL",0,0,200,72
"scenarioB","X_16","indep",0,0,NA,"SSL",0,0,200,72
"scenarioB","X_17","indep",0,0,NA,"SSL",0,0,200,72
"scenarioB","X_18","weak",0.3,0,NA,"SSL",0,0,200,72
"scenarioB","X_19","weak",0.3,0,NA,"SSL",0,0,200,72
"scenarioB","X_20","weak",0.3,0,NA,"SSL",0,0,200,72
"scenarioB","X_21","weak",0.3,0,NA,"SSL",0,0,200,72
"scenarioB","X_22","strong",0.6,0,NA,"SSL",0,0,200,72
"scenarioB","X_23","strong",0.6,0,NA,"SSL",0,0,200,72
"scenarioB","X_24","strong",0.6,0,NA,"SSL",0,0,200,72
"scenarioB","X_25","strong",0.6,0,NA,"SSL",0,0,200,72
"scenarioB","X_1","strong",0.6,0.4,0.508265853415037,"LASSO",0,-0.4,200,72
"scenarioB","X_2","strong",0.6,-0.5,-0.493959357803072,"LASSO",0,0.5,200,72
"scenarioB","X_3","weak",0.3,0.6,0.656396280103489,"LASSO",0.409541339792691,-0.190458660207309,200,72
"scenarioB","X_4","weak",0.3,0.75,0.581467399493655,"LASSO",0.427310377738564,-0.322689622261436,200,72
"scenarioB","X_5","indep",0,-0.8,-0.917102430496747,"LASSO",-0.603486036638956,0.196513963361044,200,72
"scenarioB","X_6","indep",0,0,NA,"LASSO",0,0,200,72
"scenarioB","X_7","indep",0,0,NA,"LASSO",0,0,200,72
"scenarioB","X_8","indep",0,0,NA,"LASSO",0,0,200,72
"scenarioB","X_9","indep",0,0,NA,"LASSO",0,0,200,72
"scenarioB","X_10","indep",0,0,NA,"LASSO",0,0,200,72
"scenarioB","X_11","indep",0,0,NA,"LASSO",0,0,200,72
"scenarioB","X_12","indep",0,0,NA,"LASSO",0,0,200,72
"scenarioB","X_13","indep",0,0,NA,"LASSO",0,0,200,72
"scenarioB","X_14","indep",0,0,NA,"LASSO",0,0,200,72
"scenarioB","X_15","indep",0,0,NA,"LASSO",0,0,200,72
"scenarioB","X_16","indep",0,0,NA,"LASSO",0,0,200,72
"scenarioB","X_17","indep",0,0,NA,"LASSO",0,0,200,72
"scenarioB","X_18","weak",0.3,0,NA,"LASSO",0,0,200,72
"scenarioB","X_19","weak",0.3,0,NA,"LASSO",0,0,200,72
"scenarioB","X_20","weak",0.3,0,NA,"LASSO",0,0,200,72
"scenarioB","X_21","weak",0.3,0,NA,"LASSO",0,0,200,72
"scenarioB","X_22","strong",0.6,0,NA,"LASSO",0,0,200,72
"scenarioB","X_23","strong",0.6,0,NA,"LASSO",0,0,200,72
"scenarioB","X_24","strong",0.6,0,NA,"LASSO",0,0,200,72
"scenarioB","X_25","strong",0.6,0,NA,"LASSO",0,0,200,72
"scenarioB","X_1","strong",0.6,0.4,0.326621460979038,"SSL",0.328949052017768,-0.0710509479822319,200,73
"scenarioB","X_2","strong",0.6,-0.5,-0.417570563161853,"SSL",0,0.5,200,73
"scenarioB","X_3","weak",0.3,0.6,0.719779741699171,"SSL",0.626681307573304,0.0266813075733041,200,73
"scenarioB","X_4","weak",0.3,0.75,0.684137154963868,"SSL",0.631018637823716,-0.118981362176284,200,73
"scenarioB","X_5","indep",0,-0.8,-0.747816105030216,"SSL",-0.620975392668062,0.179024607331938,200,73
"scenarioB","X_6","indep",0,0,NA,"SSL",0,0,200,73
"scenarioB","X_7","indep",0,0,NA,"SSL",0,0,200,73
"scenarioB","X_8","indep",0,0,NA,"SSL",0,0,200,73
"scenarioB","X_9","indep",0,0,NA,"SSL",0,0,200,73
"scenarioB","X_10","indep",0,0,NA,"SSL",0.163141969444533,0.163141969444533,200,73
"scenarioB","X_11","indep",0,0,NA,"SSL",0,0,200,73
"scenarioB","X_12","indep",0,0,NA,"SSL",0,0,200,73
"scenarioB","X_13","indep",0,0,NA,"SSL",0,0,200,73
"scenarioB","X_14","indep",0,0,NA,"SSL",0,0,200,73
"scenarioB","X_15","indep",0,0,NA,"SSL",0,0,200,73
"scenarioB","X_16","indep",0,0,NA,"SSL",0,0,200,73
"scenarioB","X_17","indep",0,0,NA,"SSL",0,0,200,73
"scenarioB","X_18","weak",0.3,0,NA,"SSL",0,0,200,73
"scenarioB","X_19","weak",0.3,0,NA,"SSL",0,0,200,73
"scenarioB","X_20","weak",0.3,0,NA,"SSL",0,0,200,73
"scenarioB","X_21","weak",0.3,0,NA,"SSL",0,0,200,73
"scenarioB","X_22","strong",0.6,0,NA,"SSL",-0.169198479264606,-0.169198479264606,200,73
"scenarioB","X_23","strong",0.6,0,NA,"SSL",-0.35776597747135,-0.35776597747135,200,73
"scenarioB","X_24","strong",0.6,0,NA,"SSL",0,0,200,73
"scenarioB","X_25","strong",0.6,0,NA,"SSL",0,0,200,73
"scenarioB","X_1","strong",0.6,0.4,0.326621460979038,"LASSO",0.192904009592796,-0.207095990407204,200,73
"scenarioB","X_2","strong",0.6,-0.5,-0.417570563161853,"LASSO",0,0.5,200,73
"scenarioB","X_3","weak",0.3,0.6,0.719779741699171,"LASSO",0.557379913225004,-0.0426200867749964,200,73
"scenarioB","X_4","weak",0.3,0.75,0.684137154963868,"LASSO",0.562471142465545,-0.187528857534455,200,73
"scenarioB","X_5","indep",0,-0.8,-0.747816105030216,"LASSO",-0.560061051715863,0.239938948284137,200,73
"scenarioB","X_6","indep",0,0,NA,"LASSO",0,0,200,73
"scenarioB","X_7","indep",0,0,NA,"LASSO",0,0,200,73
"scenarioB","X_8","indep",0,0,NA,"LASSO",0,0,200,73
"scenarioB","X_9","indep",0,0,NA,"LASSO",0,0,200,73
"scenarioB","X_10","indep",0,0,NA,"LASSO",0.114663238332014,0.114663238332014,200,73
"scenarioB","X_11","indep",0,0,NA,"LASSO",0,0,200,73
"scenarioB","X_12","indep",0,0,NA,"LASSO",0,0,200,73
"scenarioB","X_13","indep",0,0,NA,"LASSO",0,0,200,73
"scenarioB","X_14","indep",0,0,NA,"LASSO",0,0,200,73
"scenarioB","X_15","indep",0,0,NA,"LASSO",0,0,200,73
"scenarioB","X_16","indep",0,0,NA,"LASSO",0,0,200,73
"scenarioB","X_17","indep",0,0,NA,"LASSO",0,0,200,73
"scenarioB","X_18","weak",0.3,0,NA,"LASSO",0,0,200,73
"scenarioB","X_19","weak",0.3,0,NA,"LASSO",0.0361590659431233,0.0361590659431233,200,73
"scenarioB","X_20","weak",0.3,0,NA,"LASSO",0.0829437864283076,0.0829437864283076,200,73
"scenarioB","X_21","weak",0.3,0,NA,"LASSO",0,0,200,73
"scenarioB","X_22","strong",0.6,0,NA,"LASSO",-0.114031993238401,-0.114031993238401,200,73
"scenarioB","X_23","strong",0.6,0,NA,"LASSO",-0.230808801320725,-0.230808801320725,200,73
"scenarioB","X_24","strong",0.6,0,NA,"LASSO",0,0,200,73
"scenarioB","X_25","strong",0.6,0,NA,"LASSO",0,0,200,73
"scenarioB","X_1","strong",0.6,0.4,0.610503107576681,"SSL",0.421291794694924,0.021291794694924,200,74
"scenarioB","X_2","strong",0.6,-0.5,-0.811096681434053,"SSL",-0.624015709967091,-0.124015709967091,200,74
"scenarioB","X_3","weak",0.3,0.6,0.538098824820119,"SSL",0.461922016508147,-0.138077983491853,200,74
"scenarioB","X_4","weak",0.3,0.75,1.11357437158482,"SSL",0.972132608704762,0.222132608704762,200,74
"scenarioB","X_5","indep",0,-0.8,-1.02505754630533,"SSL",-0.895897214170641,-0.0958972141706411,200,74
"scenarioB","X_6","indep",0,0,NA,"SSL",0,0,200,74
"scenarioB","X_7","indep",0,0,NA,"SSL",0,0,200,74
"scenarioB","X_8","indep",0,0,NA,"SSL",0,0,200,74
"scenarioB","X_9","indep",0,0,NA,"SSL",0,0,200,74
"scenarioB","X_10","indep",0,0,NA,"SSL",0,0,200,74
"scenarioB","X_11","indep",0,0,NA,"SSL",0,0,200,74
"scenarioB","X_12","indep",0,0,NA,"SSL",0,0,200,74
"scenarioB","X_13","indep",0,0,NA,"SSL",0,0,200,74
"scenarioB","X_14","indep",0,0,NA,"SSL",0,0,200,74
"scenarioB","X_15","indep",0,0,NA,"SSL",0,0,200,74
"scenarioB","X_16","indep",0,0,NA,"SSL",0,0,200,74
"scenarioB","X_17","indep",0,0,NA,"SSL",0,0,200,74
"scenarioB","X_18","weak",0.3,0,NA,"SSL",0,0,200,74
"scenarioB","X_19","weak",0.3,0,NA,"SSL",0,0,200,74
"scenarioB","X_20","weak",0.3,0,NA,"SSL",0,0,200,74
"scenarioB","X_21","weak",0.3,0,NA,"SSL",0,0,200,74
"scenarioB","X_22","strong",0.6,0,NA,"SSL",0,0,200,74
"scenarioB","X_23","strong",0.6,0,NA,"SSL",0,0,200,74
"scenarioB","X_24","strong",0.6,0,NA,"SSL",0,0,200,74
"scenarioB","X_25","strong",0.6,0,NA,"SSL",0,0,200,74
"scenarioB","X_1","strong",0.6,0.4,0.610503107576681,"LASSO",0.300327880026009,-0.0996721199739913,200,74
"scenarioB","X_2","strong",0.6,-0.5,-0.811096681434053,"LASSO",-0.458130199468631,0.0418698005313686,200,74
"scenarioB","X_3","weak",0.3,0.6,0.538098824820119,"LASSO",0.429238436519514,-0.170761563480486,200,74
"scenarioB","X_4","weak",0.3,0.75,1.11357437158482,"LASSO",0.88835150852544,0.13835150852544,200,74
"scenarioB","X_5","indep",0,-0.8,-1.02505754630533,"LASSO",-0.784704165551698,0.0152958344483022,200,74
"scenarioB","X_6","indep",0,0,NA,"LASSO",0,0,200,74
"scenarioB","X_7","indep",0,0,NA,"LASSO",0,0,200,74
"scenarioB","X_8","indep",0,0,NA,"LASSO",0,0,200,74
"scenarioB","X_9","indep",0,0,NA,"LASSO",0,0,200,74
"scenarioB","X_10","indep",0,0,NA,"LASSO",0,0,200,74
"scenarioB","X_11","indep",0,0,NA,"LASSO",0,0,200,74
"scenarioB","X_12","indep",0,0,NA,"LASSO",0,0,200,74
"scenarioB","X_13","indep",0,0,NA,"LASSO",0.0329734484250061,0.0329734484250061,200,74
"scenarioB","X_14","indep",0,0,NA,"LASSO",0,0,200,74
"scenarioB","X_15","indep",0,0,NA,"LASSO",0,0,200,74
"scenarioB","X_16","indep",0,0,NA,"LASSO",0.122052022860898,0.122052022860898,200,74
"scenarioB","X_17","indep",0,0,NA,"LASSO",0,0,200,74
"scenarioB","X_18","weak",0.3,0,NA,"LASSO",0,0,200,74
"scenarioB","X_19","weak",0.3,0,NA,"LASSO",0,0,200,74
"scenarioB","X_20","weak",0.3,0,NA,"LASSO",0,0,200,74
"scenarioB","X_21","weak",0.3,0,NA,"LASSO",0,0,200,74
"scenarioB","X_22","strong",0.6,0,NA,"LASSO",0,0,200,74
"scenarioB","X_23","strong",0.6,0,NA,"LASSO",-0.104103803698897,-0.104103803698897,200,74
"scenarioB","X_24","strong",0.6,0,NA,"LASSO",0,0,200,74
"scenarioB","X_25","strong",0.6,0,NA,"LASSO",0,0,200,74
"scenarioB","X_1","strong",0.6,0.4,0.394849231630802,"SSL",0.261883992226345,-0.138116007773655,200,75
"scenarioB","X_2","strong",0.6,-0.5,-0.535491709143761,"SSL",-0.383829293992817,0.116170706007183,200,75
"scenarioB","X_3","weak",0.3,0.6,0.61339898865065,"SSL",0.53583118068443,-0.0641688193155696,200,75
"scenarioB","X_4","weak",0.3,0.75,0.860524589171171,"SSL",0.772156647591147,0.0221566475911472,200,75
"scenarioB","X_5","indep",0,-0.8,-0.944749905449125,"SSL",-0.815900486827005,-0.0159004868270051,200,75
"scenarioB","X_6","indep",0,0,NA,"SSL",0,0,200,75
"scenarioB","X_7","indep",0,0,NA,"SSL",0,0,200,75
"scenarioB","X_8","indep",0,0,NA,"SSL",0,0,200,75
"scenarioB","X_9","indep",0,0,NA,"SSL",0,0,200,75
"scenarioB","X_10","indep",0,0,NA,"SSL",0,0,200,75
"scenarioB","X_11","indep",0,0,NA,"SSL",0,0,200,75
"scenarioB","X_12","indep",0,0,NA,"SSL",0,0,200,75
"scenarioB","X_13","indep",0,0,NA,"SSL",0,0,200,75
"scenarioB","X_14","indep",0,0,NA,"SSL",0,0,200,75
"scenarioB","X_15","indep",0,0,NA,"SSL",0,0,200,75
"scenarioB","X_16","indep",0,0,NA,"SSL",0,0,200,75
"scenarioB","X_17","indep",0,0,NA,"SSL",0,0,200,75
"scenarioB","X_18","weak",0.3,0,NA,"SSL",0,0,200,75
"scenarioB","X_19","weak",0.3,0,NA,"SSL",0,0,200,75
"scenarioB","X_20","weak",0.3,0,NA,"SSL",0,0,200,75
"scenarioB","X_21","weak",0.3,0,NA,"SSL",0,0,200,75
"scenarioB","X_22","strong",0.6,0,NA,"SSL",0,0,200,75
"scenarioB","X_23","strong",0.6,0,NA,"SSL",0,0,200,75
"scenarioB","X_24","strong",0.6,0,NA,"SSL",0,0,200,75
"scenarioB","X_25","strong",0.6,0,NA,"SSL",0,0,200,75
"scenarioB","X_1","strong",0.6,0.4,0.394849231630802,"LASSO",0,-0.4,200,75
"scenarioB","X_2","strong",0.6,-0.5,-0.535491709143761,"LASSO",-0.0726042991128551,0.427395700887145,200,75
"scenarioB","X_3","weak",0.3,0.6,0.61339898865065,"LASSO",0.407769528196145,-0.192230471803855,200,75
"scenarioB","X_4","weak",0.3,0.75,0.860524589171171,"LASSO",0.557766256828959,-0.192233743171041,200,75
"scenarioB","X_5","indep",0,-0.8,-0.944749905449125,"LASSO",-0.551145543566383,0.248854456433617,200,75
"scenarioB","X_6","indep",0,0,NA,"LASSO",0,0,200,75
"scenarioB","X_7","indep",0,0,NA,"LASSO",0,0,200,75
"scenarioB","X_8","indep",0,0,NA,"LASSO",0,0,200,75
"scenarioB","X_9","indep",0,0,NA,"LASSO",0,0,200,75
"scenarioB","X_10","indep",0,0,NA,"LASSO",0,0,200,75
"scenarioB","X_11","indep",0,0,NA,"LASSO",0,0,200,75
"scenarioB","X_12","indep",0,0,NA,"LASSO",0,0,200,75
"scenarioB","X_13","indep",0,0,NA,"LASSO",0,0,200,75
"scenarioB","X_14","indep",0,0,NA,"LASSO",0,0,200,75
"scenarioB","X_15","indep",0,0,NA,"LASSO",0,0,200,75
"scenarioB","X_16","indep",0,0,NA,"LASSO",0,0,200,75
"scenarioB","X_17","indep",0,0,NA,"LASSO",0,0,200,75
"scenarioB","X_18","weak",0.3,0,NA,"LASSO",0,0,200,75
"scenarioB","X_19","weak",0.3,0,NA,"LASSO",0,0,200,75
"scenarioB","X_20","weak",0.3,0,NA,"LASSO",0,0,200,75
"scenarioB","X_21","weak",0.3,0,NA,"LASSO",0,0,200,75
"scenarioB","X_22","strong",0.6,0,NA,"LASSO",0,0,200,75
"scenarioB","X_23","strong",0.6,0,NA,"LASSO",0,0,200,75
"scenarioB","X_24","strong",0.6,0,NA,"LASSO",0,0,200,75
"scenarioB","X_25","strong",0.6,0,NA,"LASSO",0,0,200,75
"scenarioB","X_1","strong",0.6,0.4,0.398511356334176,"SSL",0,-0.4,200,76
"scenarioB","X_2","strong",0.6,-0.5,-0.602002809347206,"SSL",-0.266672669479078,0.233327330520922,200,76
"scenarioB","X_3","weak",0.3,0.6,0.59767969470428,"SSL",0.524556168710106,-0.0754438312898938,200,76
"scenarioB","X_4","weak",0.3,0.75,0.8934077376054,"SSL",0.74300484403599,-0.00699515596400968,200,76
"scenarioB","X_5","indep",0,-0.8,-0.836932022180328,"SSL",-0.707524075857294,0.0924759241427058,200,76
"scenarioB","X_6","indep",0,0,NA,"SSL",0,0,200,76
"scenarioB","X_7","indep",0,0,NA,"SSL",0,0,200,76
"scenarioB","X_8","indep",0,0,NA,"SSL",0,0,200,76
"scenarioB","X_9","indep",0,0,NA,"SSL",0,0,200,76
"scenarioB","X_10","indep",0,0,NA,"SSL",0,0,200,76
"scenarioB","X_11","indep",0,0,NA,"SSL",0,0,200,76
"scenarioB","X_12","indep",0,0,NA,"SSL",0,0,200,76
"scenarioB","X_13","indep",0,0,NA,"SSL",0,0,200,76
"scenarioB","X_14","indep",0,0,NA,"SSL",0,0,200,76
"scenarioB","X_15","indep",0,0,NA,"SSL",0,0,200,76
"scenarioB","X_16","indep",0,0,NA,"SSL",0,0,200,76
"scenarioB","X_17","indep",0,0,NA,"SSL",0,0,200,76
"scenarioB","X_18","weak",0.3,0,NA,"SSL",0,0,200,76
"scenarioB","X_19","weak",0.3,0,NA,"SSL",0,0,200,76
"scenarioB","X_20","weak",0.3,0,NA,"SSL",0,0,200,76
"scenarioB","X_21","weak",0.3,0,NA,"SSL",0,0,200,76
"scenarioB","X_22","strong",0.6,0,NA,"SSL",0,0,200,76
"scenarioB","X_23","strong",0.6,0,NA,"SSL",0,0,200,76
"scenarioB","X_24","strong",0.6,0,NA,"SSL",0,0,200,76
"scenarioB","X_25","strong",0.6,0,NA,"SSL",0,0,200,76
"scenarioB","X_1","strong",0.6,0.4,0.398511356334176,"LASSO",0,-0.4,200,76
"scenarioB","X_2","strong",0.6,-0.5,-0.602002809347206,"LASSO",-0.177269899146334,0.322730100853666,200,76
"scenarioB","X_3","weak",0.3,0.6,0.59767969470428,"LASSO",0.442391005718755,-0.157608994281245,200,76
"scenarioB","X_4","weak",0.3,0.75,0.8934077376054,"LASSO",0.622588051236063,-0.127411948763937,200,76
"scenarioB","X_5","indep",0,-0.8,-0.836932022180328,"LASSO",-0.588376133041404,0.211623866958596,200,76
"scenarioB","X_6","indep",0,0,NA,"LASSO",0,0,200,76
"scenarioB","X_7","indep",0,0,NA,"LASSO",0,0,200,76
"scenarioB","X_8","indep",0,0,NA,"LASSO",0,0,200,76
"scenarioB","X_9","indep",0,0,NA,"LASSO",0,0,200,76
"scenarioB","X_10","indep",0,0,NA,"LASSO",0,0,200,76
"scenarioB","X_11","indep",0,0,NA,"LASSO",0,0,200,76
"scenarioB","X_12","indep",0,0,NA,"LASSO",0,0,200,76
"scenarioB","X_13","indep",0,0,NA,"LASSO",0,0,200,76
"scenarioB","X_14","indep",0,0,NA,"LASSO",0,0,200,76
"scenarioB","X_15","indep",0,0,NA,"LASSO",0,0,200,76
"scenarioB","X_16","indep",0,0,NA,"LASSO",0,0,200,76
"scenarioB","X_17","indep",0,0,NA,"LASSO",0,0,200,76
"scenarioB","X_18","weak",0.3,0,NA,"LASSO",0,0,200,76
"scenarioB","X_19","weak",0.3,0,NA,"LASSO",0,0,200,76
"scenarioB","X_20","weak",0.3,0,NA,"LASSO",0.0308842063211525,0.0308842063211525,200,76
"scenarioB","X_21","weak",0.3,0,NA,"LASSO",0,0,200,76
"scenarioB","X_22","strong",0.6,0,NA,"LASSO",0,0,200,76
"scenarioB","X_23","strong",0.6,0,NA,"LASSO",0,0,200,76
"scenarioB","X_24","strong",0.6,0,NA,"LASSO",0,0,200,76
"scenarioB","X_25","strong",0.6,0,NA,"LASSO",0,0,200,76
"scenarioB","X_1","strong",0.6,0.4,0.420485613733295,"SSL",0.118362412918355,-0.281637587081645,200,77
"scenarioB","X_2","strong",0.6,-0.5,-0.632357834272165,"SSL",-0.627983374029686,-0.127983374029686,200,77
"scenarioB","X_3","weak",0.3,0.6,0.690781078486653,"SSL",0.60927124469429,0.00927124469429019,200,77
"scenarioB","X_4","weak",0.3,0.75,0.744836077496068,"SSL",0.750471823738637,0.000471823738636745,200,77
"scenarioB","X_5","indep",0,-0.8,-0.737816684433922,"SSL",-0.673314255763279,0.126685744236722,200,77
"scenarioB","X_6","indep",0,0,NA,"SSL",0.0992738909627091,0.0992738909627091,200,77
"scenarioB","X_7","indep",0,0,NA,"SSL",-0.128899877330462,-0.128899877330462,200,77
"scenarioB","X_8","indep",0,0,NA,"SSL",0,0,200,77
"scenarioB","X_9","indep",0,0,NA,"SSL",0,0,200,77
"scenarioB","X_10","indep",0,0,NA,"SSL",0,0,200,77
"scenarioB","X_11","indep",0,0,NA,"SSL",0,0,200,77
"scenarioB","X_12","indep",0,0,NA,"SSL",0.167254212712966,0.167254212712966,200,77
"scenarioB","X_13","indep",0,0,NA,"SSL",-0.150832723969774,-0.150832723969774,200,77
"scenarioB","X_14","indep",0,0,NA,"SSL",0,0,200,77
"scenarioB","X_15","indep",0,0,NA,"SSL",0.129743494087548,0.129743494087548,200,77
"scenarioB","X_16","indep",0,0,NA,"SSL",0,0,200,77
"scenarioB","X_17","indep",0,0,NA,"SSL",0,0,200,77
"scenarioB","X_18","weak",0.3,0,NA,"SSL",0.135202901721606,0.135202901721606,200,77
"scenarioB","X_19","weak",0.3,0,NA,"SSL",0,0,200,77
"scenarioB","X_20","weak",0.3,0,NA,"SSL",-0.140789061596781,-0.140789061596781,200,77
"scenarioB","X_21","weak",0.3,0,NA,"SSL",0,0,200,77
"scenarioB","X_22","strong",0.6,0,NA,"SSL",0.188591523773862,0.188591523773862,200,77
"scenarioB","X_23","strong",0.6,0,NA,"SSL",0.114933716754792,0.114933716754792,200,77
"scenarioB","X_24","strong",0.6,0,NA,"SSL",0,0,200,77
"scenarioB","X_25","strong",0.6,0,NA,"SSL",0,0,200,77
"scenarioB","X_1","strong",0.6,0.4,0.420485613733295,"LASSO",0,-0.4,200,77
"scenarioB","X_2","strong",0.6,-0.5,-0.632357834272165,"LASSO",-0.161686631780356,0.338313368219644,200,77
"scenarioB","X_3","weak",0.3,0.6,0.690781078486653,"LASSO",0.424478504876835,-0.175521495123165,200,77
"scenarioB","X_4","weak",0.3,0.75,0.744836077496068,"LASSO",0.472324900212532,-0.277675099787468,200,77
"scenarioB","X_5","indep",0,-0.8,-0.737816684433922,"LASSO",-0.476890148372389,0.323109851627611,200,77
"scenarioB","X_6","indep",0,0,NA,"LASSO",0,0,200,77
"scenarioB","X_7","indep",0,0,NA,"LASSO",0,0,200,77
"scenarioB","X_8","indep",0,0,NA,"LASSO",0,0,200,77
"scenarioB","X_9","indep",0,0,NA,"LASSO",0,0,200,77
"scenarioB","X_10","indep",0,0,NA,"LASSO",0,0,200,77
"scenarioB","X_11","indep",0,0,NA,"LASSO",0,0,200,77
"scenarioB","X_12","indep",0,0,NA,"LASSO",0,0,200,77
"scenarioB","X_13","indep",0,0,NA,"LASSO",-0.0273935761745486,-0.0273935761745486,200,77
"scenarioB","X_14","indep",0,0,NA,"LASSO",0,0,200,77
"scenarioB","X_15","indep",0,0,NA,"LASSO",0,0,200,77
"scenarioB","X_16","indep",0,0,NA,"LASSO",0,0,200,77
"scenarioB","X_17","indep",0,0,NA,"LASSO",0,0,200,77
"scenarioB","X_18","weak",0.3,0,NA,"LASSO",0,0,200,77
"scenarioB","X_19","weak",0.3,0,NA,"LASSO",0,0,200,77
"scenarioB","X_20","weak",0.3,0,NA,"LASSO",0,0,200,77
"scenarioB","X_21","weak",0.3,0,NA,"LASSO",0,0,200,77
"scenarioB","X_22","strong",0.6,0,NA,"LASSO",0,0,200,77
"scenarioB","X_23","strong",0.6,0,NA,"LASSO",0,0,200,77
"scenarioB","X_24","strong",0.6,0,NA,"LASSO",0,0,200,77
"scenarioB","X_25","strong",0.6,0,NA,"LASSO",0,0,200,77
"scenarioB","X_1","strong",0.6,0.4,0.355699205795354,"SSL",0,-0.4,200,78
"scenarioB","X_2","strong",0.6,-0.5,-0.302623672930666,"SSL",0,0.5,200,78
"scenarioB","X_3","weak",0.3,0.6,0.608526924113575,"SSL",0.523916693037754,-0.0760833069622459,200,78
"scenarioB","X_4","weak",0.3,0.75,0.640270134546042,"SSL",0.562096003937131,-0.187903996062869,200,78
"scenarioB","X_5","indep",0,-0.8,-0.794120793333665,"SSL",-0.692101314903926,0.107898685096074,200,78
"scenarioB","X_6","indep",0,0,NA,"SSL",0,0,200,78
"scenarioB","X_7","indep",0,0,NA,"SSL",0,0,200,78
"scenarioB","X_8","indep",0,0,NA,"SSL",0,0,200,78
"scenarioB","X_9","indep",0,0,NA,"SSL",0,0,200,78
"scenarioB","X_10","indep",0,0,NA,"SSL",0,0,200,78
"scenarioB","X_11","indep",0,0,NA,"SSL",0,0,200,78
"scenarioB","X_12","indep",0,0,NA,"SSL",0,0,200,78
"scenarioB","X_13","indep",0,0,NA,"SSL",0,0,200,78
"scenarioB","X_14","indep",0,0,NA,"SSL",0,0,200,78
"scenarioB","X_15","indep",0,0,NA,"SSL",0,0,200,78
"scenarioB","X_16","indep",0,0,NA,"SSL",0,0,200,78
"scenarioB","X_17","indep",0,0,NA,"SSL",0,0,200,78
"scenarioB","X_18","weak",0.3,0,NA,"SSL",0,0,200,78
"scenarioB","X_19","weak",0.3,0,NA,"SSL",0,0,200,78
"scenarioB","X_20","weak",0.3,0,NA,"SSL",0,0,200,78
"scenarioB","X_21","weak",0.3,0,NA,"SSL",0,0,200,78
"scenarioB","X_22","strong",0.6,0,NA,"SSL",0,0,200,78
"scenarioB","X_23","strong",0.6,0,NA,"SSL",0,0,200,78
"scenarioB","X_24","strong",0.6,0,NA,"SSL",0,0,200,78
"scenarioB","X_25","strong",0.6,0,NA,"SSL",0,0,200,78
"scenarioB","X_1","strong",0.6,0.4,0.355699205795354,"LASSO",0,-0.4,200,78
"scenarioB","X_2","strong",0.6,-0.5,-0.302623672930666,"LASSO",0,0.5,200,78
"scenarioB","X_3","weak",0.3,0.6,0.608526924113575,"LASSO",0.43664108242425,-0.16335891757575,200,78
"scenarioB","X_4","weak",0.3,0.75,0.640270134546042,"LASSO",0.490920765650115,-0.259079234349885,200,78
"scenarioB","X_5","indep",0,-0.8,-0.794120793333665,"LASSO",-0.556725563826627,0.243274436173373,200,78
"scenarioB","X_6","indep",0,0,NA,"LASSO",-0.0898937484006299,-0.0898937484006299,200,78
"scenarioB","X_7","indep",0,0,NA,"LASSO",0,0,200,78
"scenarioB","X_8","indep",0,0,NA,"LASSO",0,0,200,78
"scenarioB","X_9","indep",0,0,NA,"LASSO",0,0,200,78
"scenarioB","X_10","indep",0,0,NA,"LASSO",0,0,200,78
"scenarioB","X_11","indep",0,0,NA,"LASSO",0,0,200,78
"scenarioB","X_12","indep",0,0,NA,"LASSO",0,0,200,78
"scenarioB","X_13","indep",0,0,NA,"LASSO",0,0,200,78
"scenarioB","X_14","indep",0,0,NA,"LASSO",0,0,200,78
"scenarioB","X_15","indep",0,0,NA,"LASSO",0,0,200,78
"scenarioB","X_16","indep",0,0,NA,"LASSO",-0.027800327859086,-0.027800327859086,200,78
"scenarioB","X_17","indep",0,0,NA,"LASSO",0,0,200,78
"scenarioB","X_18","weak",0.3,0,NA,"LASSO",0,0,200,78
"scenarioB","X_19","weak",0.3,0,NA,"LASSO",0,0,200,78
"scenarioB","X_20","weak",0.3,0,NA,"LASSO",0,0,200,78
"scenarioB","X_21","weak",0.3,0,NA,"LASSO",0,0,200,78
"scenarioB","X_22","strong",0.6,0,NA,"LASSO",0,0,200,78
"scenarioB","X_23","strong",0.6,0,NA,"LASSO",0,0,200,78
"scenarioB","X_24","strong",0.6,0,NA,"LASSO",0,0,200,78
"scenarioB","X_25","strong",0.6,0,NA,"LASSO",0,0,200,78
"scenarioB","X_1","strong",0.6,0.4,0.381964097063794,"SSL",0.254024413026176,-0.145975586973824,200,79
"scenarioB","X_2","strong",0.6,-0.5,-0.490766269195301,"SSL",-0.313384759232891,0.186615240767109,200,79
"scenarioB","X_3","weak",0.3,0.6,0.635994809277939,"SSL",0.536428658950273,-0.0635713410497269,200,79
"scenarioB","X_4","weak",0.3,0.75,0.647783100504038,"SSL",0.585120018193848,-0.164879981806152,200,79
"scenarioB","X_5","indep",0,-0.8,-0.69092227433304,"SSL",-0.617054534560622,0.182945465439378,200,79
"scenarioB","X_6","indep",0,0,NA,"SSL",0,0,200,79
"scenarioB","X_7","indep",0,0,NA,"SSL",0,0,200,79
"scenarioB","X_8","indep",0,0,NA,"SSL",0,0,200,79
"scenarioB","X_9","indep",0,0,NA,"SSL",0,0,200,79
"scenarioB","X_10","indep",0,0,NA,"SSL",0,0,200,79
"scenarioB","X_11","indep",0,0,NA,"SSL",0,0,200,79
"scenarioB","X_12","indep",0,0,NA,"SSL",0,0,200,79
"scenarioB","X_13","indep",0,0,NA,"SSL",0,0,200,79
"scenarioB","X_14","indep",0,0,NA,"SSL",0,0,200,79
"scenarioB","X_15","indep",0,0,NA,"SSL",0,0,200,79
"scenarioB","X_16","indep",0,0,NA,"SSL",0,0,200,79
"scenarioB","X_17","indep",0,0,NA,"SSL",0,0,200,79
"scenarioB","X_18","weak",0.3,0,NA,"SSL",0,0,200,79
"scenarioB","X_19","weak",0.3,0,NA,"SSL",0.141982291964922,0.141982291964922,200,79
"scenarioB","X_20","weak",0.3,0,NA,"SSL",0,0,200,79
"scenarioB","X_21","weak",0.3,0,NA,"SSL",0,0,200,79
"scenarioB","X_22","strong",0.6,0,NA,"SSL",0,0,200,79
"scenarioB","X_23","strong",0.6,0,NA,"SSL",0,0,200,79
"scenarioB","X_24","strong",0.6,0,NA,"SSL",0,0,200,79
"scenarioB","X_25","strong",0.6,0,NA,"SSL",0,0,200,79
"scenarioB","X_1","strong",0.6,0.4,0.381964097063794,"LASSO",0.176144674199272,-0.223855325800728,200,79
"scenarioB","X_2","strong",0.6,-0.5,-0.490766269195301,"LASSO",-0.209370285676194,0.290629714323806,200,79
"scenarioB","X_3","weak",0.3,0.6,0.635994809277939,"LASSO",0.47595696503526,-0.12404303496474,200,79
"scenarioB","X_4","weak",0.3,0.75,0.647783100504038,"LASSO",0.540943553635399,-0.209056446364601,200,79
"scenarioB","X_5","indep",0,-0.8,-0.69092227433304,"LASSO",-0.554589075719878,0.245410924280122,200,79
"scenarioB","X_6","indep",0,0,NA,"LASSO",0,0,200,79
"scenarioB","X_7","indep",0,0,NA,"LASSO",-0.0608623974169888,-0.0608623974169888,200,79
"scenarioB","X_8","indep",0,0,NA,"LASSO",0,0,200,79
"scenarioB","X_9","indep",0,0,NA,"LASSO",0,0,200,79
"scenarioB","X_10","indep",0,0,NA,"LASSO",0,0,200,79
"scenarioB","X_11","indep",0,0,NA,"LASSO",0,0,200,79
"scenarioB","X_12","indep",0,0,NA,"LASSO",0.0568275827151575,0.0568275827151575,200,79
"scenarioB","X_13","indep",0,0,NA,"LASSO",0,0,200,79
"scenarioB","X_14","indep",0,0,NA,"LASSO",-0.0433093295987004,-0.0433093295987004,200,79
"scenarioB","X_15","indep",0,0,NA,"LASSO",0,0,200,79
"scenarioB","X_16","indep",0,0,NA,"LASSO",0,0,200,79
"scenarioB","X_17","indep",0,0,NA,"LASSO",0,0,200,79
"scenarioB","X_18","weak",0.3,0,NA,"LASSO",0,0,200,79
"scenarioB","X_19","weak",0.3,0,NA,"LASSO",0.15619381181121,0.15619381181121,200,79
"scenarioB","X_20","weak",0.3,0,NA,"LASSO",0,0,200,79
"scenarioB","X_21","weak",0.3,0,NA,"LASSO",0,0,200,79
"scenarioB","X_22","strong",0.6,0,NA,"LASSO",0,0,200,79
"scenarioB","X_23","strong",0.6,0,NA,"LASSO",0,0,200,79
"scenarioB","X_24","strong",0.6,0,NA,"LASSO",0,0,200,79
"scenarioB","X_25","strong",0.6,0,NA,"LASSO",0,0,200,79
"scenarioB","X_1","strong",0.6,0.4,0.543721265114705,"SSL",0.375168209998081,-0.024831790001919,200,80
"scenarioB","X_2","strong",0.6,-0.5,-0.621177200322835,"SSL",-0.44311311142514,0.0568868885748602,200,80
"scenarioB","X_3","weak",0.3,0.6,0.34213737032046,"SSL",0.287044835816319,-0.312955164183681,200,80
"scenarioB","X_4","weak",0.3,0.75,0.760982174214375,"SSL",0.678707632595464,-0.0712923674045357,200,80
"scenarioB","X_5","indep",0,-0.8,-0.754647963612757,"SSL",-0.670902578578829,0.129097421421172,200,80
"scenarioB","X_6","indep",0,0,NA,"SSL",0,0,200,80
"scenarioB","X_7","indep",0,0,NA,"SSL",0,0,200,80
"scenarioB","X_8","indep",0,0,NA,"SSL",0,0,200,80
"scenarioB","X_9","indep",0,0,NA,"SSL",0,0,200,80
"scenarioB","X_10","indep",0,0,NA,"SSL",0,0,200,80
"scenarioB","X_11","indep",0,0,NA,"SSL",0,0,200,80
"scenarioB","X_12","indep",0,0,NA,"SSL",0,0,200,80
"scenarioB","X_13","indep",0,0,NA,"SSL",0,0,200,80
"scenarioB","X_14","indep",0,0,NA,"SSL",0,0,200,80
"scenarioB","X_15","indep",0,0,NA,"SSL",0,0,200,80
"scenarioB","X_16","indep",0,0,NA,"SSL",0,0,200,80
"scenarioB","X_17","indep",0,0,NA,"SSL",0,0,200,80
"scenarioB","X_18","weak",0.3,0,NA,"SSL",0,0,200,80
"scenarioB","X_19","weak",0.3,0,NA,"SSL",0,0,200,80
"scenarioB","X_20","weak",0.3,0,NA,"SSL",0,0,200,80
"scenarioB","X_21","weak",0.3,0,NA,"SSL",0,0,200,80
"scenarioB","X_22","strong",0.6,0,NA,"SSL",0,0,200,80
"scenarioB","X_23","strong",0.6,0,NA,"SSL",0,0,200,80
"scenarioB","X_24","strong",0.6,0,NA,"SSL",0,0,200,80
"scenarioB","X_25","strong",0.6,0,NA,"SSL",0,0,200,80
"scenarioB","X_1","strong",0.6,0.4,0.543721265114705,"LASSO",0.189179762052831,-0.210820237947169,200,80
"scenarioB","X_2","strong",0.6,-0.5,-0.621177200322835,"LASSO",-0.263537043799877,0.236462956200123,200,80
"scenarioB","X_3","weak",0.3,0.6,0.34213737032046,"LASSO",0.217124035340729,-0.382875964659271,200,80
"scenarioB","X_4","weak",0.3,0.75,0.760982174214375,"LASSO",0.59539473477231,-0.15460526522769,200,80
"scenarioB","X_5","indep",0,-0.8,-0.754647963612757,"LASSO",-0.589934506823789,0.210065493176211,200,80
"scenarioB","X_6","indep",0,0,NA,"LASSO",0,0,200,80
"scenarioB","X_7","indep",0,0,NA,"LASSO",0,0,200,80
"scenarioB","X_8","indep",0,0,NA,"LASSO",0,0,200,80
"scenarioB","X_9","indep",0,0,NA,"LASSO",0,0,200,80
"scenarioB","X_10","indep",0,0,NA,"LASSO",0,0,200,80
"scenarioB","X_11","indep",0,0,NA,"LASSO",0,0,200,80
"scenarioB","X_12","indep",0,0,NA,"LASSO",0,0,200,80
"scenarioB","X_13","indep",0,0,NA,"LASSO",0,0,200,80
"scenarioB","X_14","indep",0,0,NA,"LASSO",0.0467866932302965,0.0467866932302965,200,80
"scenarioB","X_15","indep",0,0,NA,"LASSO",0,0,200,80
"scenarioB","X_16","indep",0,0,NA,"LASSO",0,0,200,80
"scenarioB","X_17","indep",0,0,NA,"LASSO",0,0,200,80
"scenarioB","X_18","weak",0.3,0,NA,"LASSO",0,0,200,80
"scenarioB","X_19","weak",0.3,0,NA,"LASSO",0.0528730584607202,0.0528730584607202,200,80
"scenarioB","X_20","weak",0.3,0,NA,"LASSO",0,0,200,80
"scenarioB","X_21","weak",0.3,0,NA,"LASSO",0,0,200,80
"scenarioB","X_22","strong",0.6,0,NA,"LASSO",0,0,200,80
"scenarioB","X_23","strong",0.6,0,NA,"LASSO",0,0,200,80
"scenarioB","X_24","strong",0.6,0,NA,"LASSO",0,0,200,80
"scenarioB","X_25","strong",0.6,0,NA,"LASSO",0,0,200,80
"scenarioB","X_1","strong",0.6,0.4,0.514176092519699,"SSL",0.443585643465942,0.0435856434659423,200,81
"scenarioB","X_2","strong",0.6,-0.5,-0.632613190865936,"SSL",-0.543496659812161,-0.0434966598121614,200,81
"scenarioB","X_3","weak",0.3,0.6,0.777434733255438,"SSL",0.775503696155422,0.175503696155422,200,81
"scenarioB","X_4","weak",0.3,0.75,0.823690651795624,"SSL",0.774736139792224,0.0247361397922242,200,81
"scenarioB","X_5","indep",0,-0.8,-0.784032280864158,"SSL",-0.786970990234464,0.0130290097655358,200,81
"scenarioB","X_6","indep",0,0,NA,"SSL",0,0,200,81
"scenarioB","X_7","indep",0,0,NA,"SSL",0,0,200,81
"scenarioB","X_8","indep",0,0,NA,"SSL",0,0,200,81
"scenarioB","X_9","indep",0,0,NA,"SSL",0,0,200,81
"scenarioB","X_10","indep",0,0,NA,"SSL",0,0,200,81
"scenarioB","X_11","indep",0,0,NA,"SSL",0.212027041210097,0.212027041210097,200,81
"scenarioB","X_12","indep",0,0,NA,"SSL",0,0,200,81
"scenarioB","X_13","indep",0,0,NA,"SSL",0,0,200,81
"scenarioB","X_14","indep",0,0,NA,"SSL",0,0,200,81
"scenarioB","X_15","indep",0,0,NA,"SSL",0,0,200,81
"scenarioB","X_16","indep",0,0,NA,"SSL",0,0,200,81
"scenarioB","X_17","indep",0,0,NA,"SSL",0,0,200,81
"scenarioB","X_18","weak",0.3,0,NA,"SSL",0,0,200,81
"scenarioB","X_19","weak",0.3,0,NA,"SSL",0,0,200,81
"scenarioB","X_20","weak",0.3,0,NA,"SSL",0,0,200,81
"scenarioB","X_21","weak",0.3,0,NA,"SSL",0,0,200,81
"scenarioB","X_22","strong",0.6,0,NA,"SSL",0,0,200,81
"scenarioB","X_23","strong",0.6,0,NA,"SSL",0,0,200,81
"scenarioB","X_24","strong",0.6,0,NA,"SSL",0,0,200,81
"scenarioB","X_25","strong",0.6,0,NA,"SSL",0,0,200,81
"scenarioB","X_1","strong",0.6,0.4,0.514176092519699,"LASSO",0.294037026132339,-0.105962973867661,200,81
"scenarioB","X_2","strong",0.6,-0.5,-0.632613190865936,"LASSO",-0.327685691988447,0.172314308011553,200,81
"scenarioB","X_3","weak",0.3,0.6,0.777434733255438,"LASSO",0.69825380130435,0.0982538013043498,200,81
"scenarioB","X_4","weak",0.3,0.75,0.823690651795624,"LASSO",0.698121760891594,-0.0518782391084065,200,81
"scenarioB","X_5","indep",0,-0.8,-0.784032280864158,"LASSO",-0.652282284690444,0.147717715309556,200,81
"scenarioB","X_6","indep",0,0,NA,"LASSO",0.0829692225095306,0.0829692225095306,200,81
"scenarioB","X_7","indep",0,0,NA,"LASSO",-0.0857930942495775,-0.0857930942495775,200,81
"scenarioB","X_8","indep",0,0,NA,"LASSO",0,0,200,81
"scenarioB","X_9","indep",0,0,NA,"LASSO",0,0,200,81
"scenarioB","X_10","indep",0,0,NA,"LASSO",-0.0635856671558372,-0.0635856671558372,200,81
"scenarioB","X_11","indep",0,0,NA,"LASSO",0.167251806137533,0.167251806137533,200,81
"scenarioB","X_12","indep",0,0,NA,"LASSO",0,0,200,81
"scenarioB","X_13","indep",0,0,NA,"LASSO",0.0960485259304296,0.0960485259304296,200,81
"scenarioB","X_14","indep",0,0,NA,"LASSO",0,0,200,81
"scenarioB","X_15","indep",0,0,NA,"LASSO",0.0502509085336324,0.0502509085336324,200,81
"scenarioB","X_16","indep",0,0,NA,"LASSO",0,0,200,81
"scenarioB","X_17","indep",0,0,NA,"LASSO",0,0,200,81
"scenarioB","X_18","weak",0.3,0,NA,"LASSO",0.00781780060955082,0.00781780060955082,200,81
"scenarioB","X_19","weak",0.3,0,NA,"LASSO",0,0,200,81
"scenarioB","X_20","weak",0.3,0,NA,"LASSO",0,0,200,81
"scenarioB","X_21","weak",0.3,0,NA,"LASSO",0,0,200,81
"scenarioB","X_22","strong",0.6,0,NA,"LASSO",0,0,200,81
"scenarioB","X_23","strong",0.6,0,NA,"LASSO",0,0,200,81
"scenarioB","X_24","strong",0.6,0,NA,"LASSO",0,0,200,81
"scenarioB","X_25","strong",0.6,0,NA,"LASSO",0,0,200,81
"scenarioB","X_1","strong",0.6,0.4,0.391387451396278,"SSL",0,-0.4,200,82
"scenarioB","X_2","strong",0.6,-0.5,-0.308686257154008,"SSL",0,0.5,200,82
"scenarioB","X_3","weak",0.3,0.6,0.59277567950757,"SSL",0.480974966418208,-0.119025033581792,200,82
"scenarioB","X_4","weak",0.3,0.75,0.569715273921181,"SSL",0.415573083241881,-0.334426916758119,200,82
"scenarioB","X_5","indep",0,-0.8,-0.90482568474977,"SSL",-0.74460904338183,0.0553909566181697,200,82
"scenarioB","X_6","indep",0,0,NA,"SSL",0,0,200,82
"scenarioB","X_7","indep",0,0,NA,"SSL",0,0,200,82
"scenarioB","X_8","indep",0,0,NA,"SSL",0,0,200,82
"scenarioB","X_9","indep",0,0,NA,"SSL",0,0,200,82
"scenarioB","X_10","indep",0,0,NA,"SSL",0,0,200,82
"scenarioB","X_11","indep",0,0,NA,"SSL",0,0,200,82
"scenarioB","X_12","indep",0,0,NA,"SSL",0,0,200,82
"scenarioB","X_13","indep",0,0,NA,"SSL",0,0,200,82
"scenarioB","X_14","indep",0,0,NA,"SSL",0,0,200,82
"scenarioB","X_15","indep",0,0,NA,"SSL",0,0,200,82
"scenarioB","X_16","indep",0,0,NA,"SSL",0,0,200,82
"scenarioB","X_17","indep",0,0,NA,"SSL",0,0,200,82
"scenarioB","X_18","weak",0.3,0,NA,"SSL",0.184951859439672,0.184951859439672,200,82
"scenarioB","X_19","weak",0.3,0,NA,"SSL",0,0,200,82
"scenarioB","X_20","weak",0.3,0,NA,"SSL",0,0,200,82
"scenarioB","X_21","weak",0.3,0,NA,"SSL",0,0,200,82
"scenarioB","X_22","strong",0.6,0,NA,"SSL",0,0,200,82
"scenarioB","X_23","strong",0.6,0,NA,"SSL",0,0,200,82
"scenarioB","X_24","strong",0.6,0,NA,"SSL",0,0,200,82
"scenarioB","X_25","strong",0.6,0,NA,"SSL",0,0,200,82
"scenarioB","X_1","strong",0.6,0.4,0.391387451396278,"LASSO",0,-0.4,200,82
"scenarioB","X_2","strong",0.6,-0.5,-0.308686257154008,"LASSO",0,0.5,200,82
"scenarioB","X_3","weak",0.3,0.6,0.59277567950757,"LASSO",0.3750373782018,-0.2249626217982,200,82
"scenarioB","X_4","weak",0.3,0.75,0.569715273921181,"LASSO",0.283491986713323,-0.466508013286677,200,82
"scenarioB","X_5","indep",0,-0.8,-0.90482568474977,"LASSO",-0.577352633676205,0.222647366323795,200,82
"scenarioB","X_6","indep",0,0,NA,"LASSO",0,0,200,82
"scenarioB","X_7","indep",0,0,NA,"LASSO",0,0,200,82
"scenarioB","X_8","indep",0,0,NA,"LASSO",0,0,200,82
"scenarioB","X_9","indep",0,0,NA,"LASSO",0,0,200,82
"scenarioB","X_10","indep",0,0,NA,"LASSO",0,0,200,82
"scenarioB","X_11","indep",0,0,NA,"LASSO",0,0,200,82
"scenarioB","X_12","indep",0,0,NA,"LASSO",0,0,200,82
"scenarioB","X_13","indep",0,0,NA,"LASSO",0,0,200,82
"scenarioB","X_14","indep",0,0,NA,"LASSO",0,0,200,82
"scenarioB","X_15","indep",0,0,NA,"LASSO",0,0,200,82
"scenarioB","X_16","indep",0,0,NA,"LASSO",0,0,200,82
"scenarioB","X_17","indep",0,0,NA,"LASSO",0,0,200,82
"scenarioB","X_18","weak",0.3,0,NA,"LASSO",0.0964560525895585,0.0964560525895585,200,82
"scenarioB","X_19","weak",0.3,0,NA,"LASSO",0,0,200,82
"scenarioB","X_20","weak",0.3,0,NA,"LASSO",0,0,200,82
"scenarioB","X_21","weak",0.3,0,NA,"LASSO",0,0,200,82
"scenarioB","X_22","strong",0.6,0,NA,"LASSO",-0.054245647043104,-0.054245647043104,200,82
"scenarioB","X_23","strong",0.6,0,NA,"LASSO",0,0,200,82
"scenarioB","X_24","strong",0.6,0,NA,"LASSO",0,0,200,82
"scenarioB","X_25","strong",0.6,0,NA,"LASSO",0,0,200,82
"scenarioB","X_1","strong",0.6,0.4,0.586301598786426,"SSL",0.421272032093018,0.021272032093018,200,83
"scenarioB","X_2","strong",0.6,-0.5,-0.657210116284683,"SSL",-0.747739014374066,-0.247739014374066,200,83
"scenarioB","X_3","weak",0.3,0.6,0.681313775673893,"SSL",0.750522822092053,0.150522822092053,200,83
"scenarioB","X_4","weak",0.3,0.75,0.576006680764848,"SSL",0.575484582269865,-0.174515417730135,200,83
"scenarioB","X_5","indep",0,-0.8,-0.937583447894915,"SSL",-0.958569411018092,-0.158569411018092,200,83
"scenarioB","X_6","indep",0,0,NA,"SSL",0,0,200,83
"scenarioB","X_7","indep",0,0,NA,"SSL",-0.133497810946802,-0.133497810946802,200,83
"scenarioB","X_8","indep",0,0,NA,"SSL",0,0,200,83
"scenarioB","X_9","indep",0,0,NA,"SSL",0,0,200,83
"scenarioB","X_10","indep",0,0,NA,"SSL",0,0,200,83
"scenarioB","X_11","indep",0,0,NA,"SSL",-0.0809694003468874,-0.0809694003468874,200,83
"scenarioB","X_12","indep",0,0,NA,"SSL",0,0,200,83
"scenarioB","X_13","indep",0,0,NA,"SSL",0,0,200,83
"scenarioB","X_14","indep",0,0,NA,"SSL",-0.177421225900216,-0.177421225900216,200,83
"scenarioB","X_15","indep",0,0,NA,"SSL",0,0,200,83
"scenarioB","X_16","indep",0,0,NA,"SSL",0,0,200,83
"scenarioB","X_17","indep",0,0,NA,"SSL",-0.109909334521176,-0.109909334521176,200,83
"scenarioB","X_18","weak",0.3,0,NA,"SSL",0,0,200,83
"scenarioB","X_19","weak",0.3,0,NA,"SSL",0,0,200,83
"scenarioB","X_20","weak",0.3,0,NA,"SSL",0,0,200,83
"scenarioB","X_21","weak",0.3,0,NA,"SSL",0,0,200,83
"scenarioB","X_22","strong",0.6,0,NA,"SSL",0.248771821823066,0.248771821823066,200,83
"scenarioB","X_23","strong",0.6,0,NA,"SSL",0,0,200,83
"scenarioB","X_24","strong",0.6,0,NA,"SSL",0,0,200,83
"scenarioB","X_25","strong",0.6,0,NA,"SSL",0,0,200,83
"scenarioB","X_1","strong",0.6,0.4,0.586301598786426,"LASSO",0.167525315408423,-0.232474684591577,200,83
"scenarioB","X_2","strong",0.6,-0.5,-0.657210116284683,"LASSO",-0.23088159367142,0.26911840632858,200,83
"scenarioB","X_3","weak",0.3,0.6,0.681313775673893,"LASSO",0.501176116056332,-0.098823883943668,200,83
"scenarioB","X_4","weak",0.3,0.75,0.576006680764848,"LASSO",0.398182173915492,-0.351817826084508,200,83
"scenarioB","X_5","indep",0,-0.8,-0.937583447894915,"LASSO",-0.661426078347822,0.138573921652178,200,83
"scenarioB","X_6","indep",0,0,NA,"LASSO",0,0,200,83
"scenarioB","X_7","indep",0,0,NA,"LASSO",0,0,200,83
"scenarioB","X_8","indep",0,0,NA,"LASSO",0,0,200,83
"scenarioB","X_9","indep",0,0,NA,"LASSO",0,0,200,83
"scenarioB","X_10","indep",0,0,NA,"LASSO",0,0,200,83
"scenarioB","X_11","indep",0,0,NA,"LASSO",0,0,200,83
"scenarioB","X_12","indep",0,0,NA,"LASSO",0,0,200,83
"scenarioB","X_13","indep",0,0,NA,"LASSO",0,0,200,83
"scenarioB","X_14","indep",0,0,NA,"LASSO",0,0,200,83
"scenarioB","X_15","indep",0,0,NA,"LASSO",0,0,200,83
"scenarioB","X_16","indep",0,0,NA,"LASSO",0,0,200,83
"scenarioB","X_17","indep",0,0,NA,"LASSO",0,0,200,83
"scenarioB","X_18","weak",0.3,0,NA,"LASSO",0,0,200,83
"scenarioB","X_19","weak",0.3,0,NA,"LASSO",0,0,200,83
"scenarioB","X_20","weak",0.3,0,NA,"LASSO",0,0,200,83
"scenarioB","X_21","weak",0.3,0,NA,"LASSO",0,0,200,83
"scenarioB","X_22","strong",0.6,0,NA,"LASSO",0,0,200,83
"scenarioB","X_23","strong",0.6,0,NA,"LASSO",0,0,200,83
"scenarioB","X_24","strong",0.6,0,NA,"LASSO",0,0,200,83
"scenarioB","X_25","strong",0.6,0,NA,"LASSO",0,0,200,83
"scenarioB","X_1","strong",0.6,0.4,0.38751194150621,"SSL",0.120172976240264,-0.279827023759736,200,84
"scenarioB","X_2","strong",0.6,-0.5,-0.537031400149798,"SSL",-0.30588871490386,0.19411128509614,200,84
"scenarioB","X_3","weak",0.3,0.6,0.592482175255117,"SSL",0.444561674531352,-0.155438325468648,200,84
"scenarioB","X_4","weak",0.3,0.75,0.686045568257418,"SSL",0.546224453380677,-0.203775546619323,200,84
"scenarioB","X_5","indep",0,-0.8,-0.752932776053157,"SSL",-0.687359282336982,0.112640717663018,200,84
"scenarioB","X_6","indep",0,0,NA,"SSL",0,0,200,84
"scenarioB","X_7","indep",0,0,NA,"SSL",0,0,200,84
"scenarioB","X_8","indep",0,0,NA,"SSL",0,0,200,84
"scenarioB","X_9","indep",0,0,NA,"SSL",0,0,200,84
"scenarioB","X_10","indep",0,0,NA,"SSL",0,0,200,84
"scenarioB","X_11","indep",0,0,NA,"SSL",0,0,200,84
"scenarioB","X_12","indep",0,0,NA,"SSL",0,0,200,84
"scenarioB","X_13","indep",0,0,NA,"SSL",0,0,200,84
"scenarioB","X_14","indep",0,0,NA,"SSL",-0.0781754005473746,-0.0781754005473746,200,84
"scenarioB","X_15","indep",0,0,NA,"SSL",0,0,200,84
"scenarioB","X_16","indep",0,0,NA,"SSL",0.206329393335491,0.206329393335491,200,84
"scenarioB","X_17","indep",0,0,NA,"SSL",0,0,200,84
"scenarioB","X_18","weak",0.3,0,NA,"SSL",0.203351880513647,0.203351880513647,200,84
"scenarioB","X_19","weak",0.3,0,NA,"SSL",0,0,200,84
"scenarioB","X_20","weak",0.3,0,NA,"SSL",0,0,200,84
"scenarioB","X_21","weak",0.3,0,NA,"SSL",0,0,200,84
"scenarioB","X_22","strong",0.6,0,NA,"SSL",0,0,200,84
"scenarioB","X_23","strong",0.6,0,NA,"SSL",0,0,200,84
"scenarioB","X_24","strong",0.6,0,NA,"SSL",0,0,200,84
"scenarioB","X_25","strong",0.6,0,NA,"SSL",0,0,200,84
"scenarioB","X_1","strong",0.6,0.4,0.38751194150621,"LASSO",0,-0.4,200,84
"scenarioB","X_2","strong",0.6,-0.5,-0.537031400149798,"LASSO",-0.135075369497515,0.364924630502485,200,84
"scenarioB","X_3","weak",0.3,0.6,0.592482175255117,"LASSO",0.35354202690282,-0.24645797309718,200,84
"scenarioB","X_4","weak",0.3,0.75,0.686045568257418,"LASSO",0.454133695794633,-0.295866304205367,200,84
"scenarioB","X_5","indep",0,-0.8,-0.752932776053157,"LASSO",-0.56941263861805,0.23058736138195,200,84
"scenarioB","X_6","indep",0,0,NA,"LASSO",0,0,200,84
"scenarioB","X_7","indep",0,0,NA,"LASSO",0,0,200,84
"scenarioB","X_8","indep",0,0,NA,"LASSO",0,0,200,84
"scenarioB","X_9","indep",0,0,NA,"LASSO",0,0,200,84
"scenarioB","X_10","indep",0,0,NA,"LASSO",0,0,200,84
"scenarioB","X_11","indep",0,0,NA,"LASSO",0,0,200,84
"scenarioB","X_12","indep",0,0,NA,"LASSO",0,0,200,84
"scenarioB","X_13","indep",0,0,NA,"LASSO",0,0,200,84
"scenarioB","X_14","indep",0,0,NA,"LASSO",0,0,200,84
"scenarioB","X_15","indep",0,0,NA,"LASSO",0,0,200,84
"scenarioB","X_16","indep",0,0,NA,"LASSO",0.131058891722471,0.131058891722471,200,84
"scenarioB","X_17","indep",0,0,NA,"LASSO",0,0,200,84
"scenarioB","X_18","weak",0.3,0,NA,"LASSO",0.148361582511275,0.148361582511275,200,84
"scenarioB","X_19","weak",0.3,0,NA,"LASSO",0,0,200,84
"scenarioB","X_20","weak",0.3,0,NA,"LASSO",0,0,200,84
"scenarioB","X_21","weak",0.3,0,NA,"LASSO",0,0,200,84
"scenarioB","X_22","strong",0.6,0,NA,"LASSO",0,0,200,84
"scenarioB","X_23","strong",0.6,0,NA,"LASSO",0,0,200,84
"scenarioB","X_24","strong",0.6,0,NA,"LASSO",0,0,200,84
"scenarioB","X_25","strong",0.6,0,NA,"LASSO",0,0,200,84
"scenarioB","X_1","strong",0.6,0.4,0.191152898278214,"SSL",0,-0.4,200,85
"scenarioB","X_2","strong",0.6,-0.5,-0.353918848278817,"SSL",0,0.5,200,85
"scenarioB","X_3","weak",0.3,0.6,0.658233919813728,"SSL",0.610861564721408,0.0108615647214084,200,85
"scenarioB","X_4","weak",0.3,0.75,0.664488520287362,"SSL",0.623555079415391,-0.126444920584609,200,85
"scenarioB","X_5","indep",0,-0.8,-0.739600250219959,"SSL",-0.680328559674144,0.119671440325856,200,85
"scenarioB","X_6","indep",0,0,NA,"SSL",0,0,200,85
"scenarioB","X_7","indep",0,0,NA,"SSL",0,0,200,85
"scenarioB","X_8","indep",0,0,NA,"SSL",0,0,200,85
"scenarioB","X_9","indep",0,0,NA,"SSL",0,0,200,85
"scenarioB","X_10","indep",0,0,NA,"SSL",0,0,200,85
"scenarioB","X_11","indep",0,0,NA,"SSL",0,0,200,85
"scenarioB","X_12","indep",0,0,NA,"SSL",0,0,200,85
"scenarioB","X_13","indep",0,0,NA,"SSL",0,0,200,85
"scenarioB","X_14","indep",0,0,NA,"SSL",0,0,200,85
"scenarioB","X_15","indep",0,0,NA,"SSL",0,0,200,85
"scenarioB","X_16","indep",0,0,NA,"SSL",0,0,200,85
"scenarioB","X_17","indep",0,0,NA,"SSL",0,0,200,85
"scenarioB","X_18","weak",0.3,0,NA,"SSL",0,0,200,85
"scenarioB","X_19","weak",0.3,0,NA,"SSL",0,0,200,85
"scenarioB","X_20","weak",0.3,0,NA,"SSL",0,0,200,85
"scenarioB","X_21","weak",0.3,0,NA,"SSL",0,0,200,85
"scenarioB","X_22","strong",0.6,0,NA,"SSL",0,0,200,85
"scenarioB","X_23","strong",0.6,0,NA,"SSL",0,0,200,85
"scenarioB","X_24","strong",0.6,0,NA,"SSL",0,0,200,85
"scenarioB","X_25","strong",0.6,0,NA,"SSL",0,0,200,85
"scenarioB","X_1","strong",0.6,0.4,0.191152898278214,"LASSO",0,-0.4,200,85
"scenarioB","X_2","strong",0.6,-0.5,-0.353918848278817,"LASSO",-0.0477506674287896,0.45224933257121,200,85
"scenarioB","X_3","weak",0.3,0.6,0.658233919813728,"LASSO",0.483723706171311,-0.116276293828689,200,85
"scenarioB","X_4","weak",0.3,0.75,0.664488520287362,"LASSO",0.464278539642194,-0.285721460357806,200,85
"scenarioB","X_5","indep",0,-0.8,-0.739600250219959,"LASSO",-0.493282780163582,0.306717219836418,200,85
"scenarioB","X_6","indep",0,0,NA,"LASSO",0,0,200,85
"scenarioB","X_7","indep",0,0,NA,"LASSO",0,0,200,85
"scenarioB","X_8","indep",0,0,NA,"LASSO",0,0,200,85
"scenarioB","X_9","indep",0,0,NA,"LASSO",0,0,200,85
"scenarioB","X_10","indep",0,0,NA,"LASSO",0,0,200,85
"scenarioB","X_11","indep",0,0,NA,"LASSO",0,0,200,85
"scenarioB","X_12","indep",0,0,NA,"LASSO",0,0,200,85
"scenarioB","X_13","indep",0,0,NA,"LASSO",0,0,200,85
"scenarioB","X_14","indep",0,0,NA,"LASSO",0,0,200,85
"scenarioB","X_15","indep",0,0,NA,"LASSO",0,0,200,85
"scenarioB","X_16","indep",0,0,NA,"LASSO",0,0,200,85
"scenarioB","X_17","indep",0,0,NA,"LASSO",0,0,200,85
"scenarioB","X_18","weak",0.3,0,NA,"LASSO",0,0,200,85
"scenarioB","X_19","weak",0.3,0,NA,"LASSO",0,0,200,85
"scenarioB","X_20","weak",0.3,0,NA,"LASSO",0,0,200,85
"scenarioB","X_21","weak",0.3,0,NA,"LASSO",0,0,200,85
"scenarioB","X_22","strong",0.6,0,NA,"LASSO",0,0,200,85
"scenarioB","X_23","strong",0.6,0,NA,"LASSO",0,0,200,85
"scenarioB","X_24","strong",0.6,0,NA,"LASSO",0,0,200,85
"scenarioB","X_25","strong",0.6,0,NA,"LASSO",0,0,200,85
"scenarioB","X_1","strong",0.6,0.4,0.477998813828565,"SSL",0.550833175031053,0.150833175031053,200,86
"scenarioB","X_2","strong",0.6,-0.5,-0.624872955869391,"SSL",-0.645790090323844,-0.145790090323844,200,86
"scenarioB","X_3","weak",0.3,0.6,0.551883174140735,"SSL",0.586200052341892,-0.0137999476581082,200,86
"scenarioB","X_4","weak",0.3,0.75,0.818507695738769,"SSL",0.811218846639672,0.0612188466396718,200,86
"scenarioB","X_5","indep",0,-0.8,-0.821550232416669,"SSL",-0.852986926316365,-0.0529869263163651,200,86
"scenarioB","X_6","indep",0,0,NA,"SSL",0,0,200,86
"scenarioB","X_7","indep",0,0,NA,"SSL",0,0,200,86
"scenarioB","X_8","indep",0,0,NA,"SSL",0.135154125854716,0.135154125854716,200,86
"scenarioB","X_9","indep",0,0,NA,"SSL",0,0,200,86
"scenarioB","X_10","indep",0,0,NA,"SSL",0.141806193212471,0.141806193212471,200,86
"scenarioB","X_11","indep",0,0,NA,"SSL",-0.20164622773136,-0.20164622773136,200,86
"scenarioB","X_12","indep",0,0,NA,"SSL",-0.128192252743009,-0.128192252743009,200,86
"scenarioB","X_13","indep",0,0,NA,"SSL",0,0,200,86
"scenarioB","X_14","indep",0,0,NA,"SSL",0,0,200,86
"scenarioB","X_15","indep",0,0,NA,"SSL",0,0,200,86
"scenarioB","X_16","indep",0,0,NA,"SSL",0,0,200,86
"scenarioB","X_17","indep",0,0,NA,"SSL",0,0,200,86
"scenarioB","X_18","weak",0.3,0,NA,"SSL",0,0,200,86
"scenarioB","X_19","weak",0.3,0,NA,"SSL",-0.229740193351923,-0.229740193351923,200,86
"scenarioB","X_20","weak",0.3,0,NA,"SSL",0.157360438096849,0.157360438096849,200,86
"scenarioB","X_21","weak",0.3,0,NA,"SSL",0,0,200,86
"scenarioB","X_22","strong",0.6,0,NA,"SSL",0,0,200,86
"scenarioB","X_23","strong",0.6,0,NA,"SSL",0,0,200,86
"scenarioB","X_24","strong",0.6,0,NA,"SSL",0,0,200,86
"scenarioB","X_25","strong",0.6,0,NA,"SSL",0,0,200,86
"scenarioB","X_1","strong",0.6,0.4,0.477998813828565,"LASSO",0,-0.4,200,86
"scenarioB","X_2","strong",0.6,-0.5,-0.624872955869391,"LASSO",-0.116559373313803,0.383440626686197,200,86
"scenarioB","X_3","weak",0.3,0.6,0.551883174140735,"LASSO",0.456511253772736,-0.143488746227264,200,86
"scenarioB","X_4","weak",0.3,0.75,0.818507695738769,"LASSO",0.625625212154857,-0.124374787845143,200,86
"scenarioB","X_5","indep",0,-0.8,-0.821550232416669,"LASSO",-0.50880385275339,0.29119614724661,200,86
"scenarioB","X_6","indep",0,0,NA,"LASSO",0,0,200,86
"scenarioB","X_7","indep",0,0,NA,"LASSO",0,0,200,86
"scenarioB","X_8","indep",0,0,NA,"LASSO",0,0,200,86
"scenarioB","X_9","indep",0,0,NA,"LASSO",0,0,200,86
"scenarioB","X_10","indep",0,0,NA,"LASSO",0,0,200,86
"scenarioB","X_11","indep",0,0,NA,"LASSO",0,0,200,86
"scenarioB","X_12","indep",0,0,NA,"LASSO",-0.0264675581379736,-0.0264675581379736,200,86
"scenarioB","X_13","indep",0,0,NA,"LASSO",0,0,200,86
"scenarioB","X_14","indep",0,0,NA,"LASSO",0,0,200,86
"scenarioB","X_15","indep",0,0,NA,"LASSO",0,0,200,86
"scenarioB","X_16","indep",0,0,NA,"LASSO",0,0,200,86
"scenarioB","X_17","indep",0,0,NA,"LASSO",0,0,200,86
"scenarioB","X_18","weak",0.3,0,NA,"LASSO",0,0,200,86
"scenarioB","X_19","weak",0.3,0,NA,"LASSO",0,0,200,86
"scenarioB","X_20","weak",0.3,0,NA,"LASSO",0,0,200,86
"scenarioB","X_21","weak",0.3,0,NA,"LASSO",0,0,200,86
"scenarioB","X_22","strong",0.6,0,NA,"LASSO",0,0,200,86
"scenarioB","X_23","strong",0.6,0,NA,"LASSO",0,0,200,86
"scenarioB","X_24","strong",0.6,0,NA,"LASSO",0,0,200,86
"scenarioB","X_25","strong",0.6,0,NA,"LASSO",0,0,200,86
"scenarioB","X_1","strong",0.6,0.4,0.413639717072963,"SSL",0.325761733815716,-0.0742382661842844,200,87
"scenarioB","X_2","strong",0.6,-0.5,-0.417617627281425,"SSL",-0.313826354871367,0.186173645128633,200,87
"scenarioB","X_3","weak",0.3,0.6,0.570838560017054,"SSL",0.595613724596972,-0.00438627540302761,200,87
"scenarioB","X_4","weak",0.3,0.75,0.795588645945387,"SSL",0.792834754103639,0.0428347541036387,200,87
"scenarioB","X_5","indep",0,-0.8,-0.678843809144733,"SSL",-0.674385452398862,0.125614547601138,200,87
"scenarioB","X_6","indep",0,0,NA,"SSL",-0.126268701446634,-0.126268701446634,200,87
"scenarioB","X_7","indep",0,0,NA,"SSL",-0.111319457344175,-0.111319457344175,200,87
"scenarioB","X_8","indep",0,0,NA,"SSL",0.016154343825933,0.016154343825933,200,87
"scenarioB","X_9","indep",0,0,NA,"SSL",-0.16619694053302,-0.16619694053302,200,87
"scenarioB","X_10","indep",0,0,NA,"SSL",-0.0903699820934516,-0.0903699820934516,200,87
"scenarioB","X_11","indep",0,0,NA,"SSL",-0.0918540238608033,-0.0918540238608033,200,87
"scenarioB","X_12","indep",0,0,NA,"SSL",0.0152371369572651,0.0152371369572651,200,87
"scenarioB","X_13","indep",0,0,NA,"SSL",0.125831825888566,0.125831825888566,200,87
"scenarioB","X_14","indep",0,0,NA,"SSL",0.0100626758736052,0.0100626758736052,200,87
"scenarioB","X_15","indep",0,0,NA,"SSL",-0.118836082206762,-0.118836082206762,200,87
"scenarioB","X_16","indep",0,0,NA,"SSL",-0.0842720195303496,-0.0842720195303496,200,87
"scenarioB","X_17","indep",0,0,NA,"SSL",-0.0511320841975603,-0.0511320841975603,200,87
"scenarioB","X_18","weak",0.3,0,NA,"SSL",0.00438116050847341,0.00438116050847341,200,87
"scenarioB","X_19","weak",0.3,0,NA,"SSL",-0.0894211000895132,-0.0894211000895132,200,87
"scenarioB","X_20","weak",0.3,0,NA,"SSL",0.0292066252986139,0.0292066252986139,200,87
"scenarioB","X_21","weak",0.3,0,NA,"SSL",-0.00869377792930705,-0.00869377792930705,200,87
"scenarioB","X_22","strong",0.6,0,NA,"SSL",0.121397869232361,0.121397869232361,200,87
"scenarioB","X_23","strong",0.6,0,NA,"SSL",0.096263460392965,0.096263460392965,200,87
"scenarioB","X_24","strong",0.6,0,NA,"SSL",-0.181818558666653,-0.181818558666653,200,87
"scenarioB","X_25","strong",0.6,0,NA,"SSL",0.0167570180348005,0.0167570180348005,200,87
"scenarioB","X_1","strong",0.6,0.4,0.413639717072963,"LASSO",0,-0.4,200,87
"scenarioB","X_2","strong",0.6,-0.5,-0.417617627281425,"LASSO",0,0.5,200,87
"scenarioB","X_3","weak",0.3,0.6,0.570838560017054,"LASSO",0.300620078392979,-0.299379921607021,200,87
"scenarioB","X_4","weak",0.3,0.75,0.795588645945387,"LASSO",0.531835441047366,-0.218164558952634,200,87
"scenarioB","X_5","indep",0,-0.8,-0.678843809144733,"LASSO",-0.363275760867488,0.436724239132512,200,87
"scenarioB","X_6","indep",0,0,NA,"LASSO",0,0,200,87
"scenarioB","X_7","indep",0,0,NA,"LASSO",0,0,200,87
"scenarioB","X_8","indep",0,0,NA,"LASSO",0,0,200,87
"scenarioB","X_9","indep",0,0,NA,"LASSO",0,0,200,87
"scenarioB","X_10","indep",0,0,NA,"LASSO",0,0,200,87
"scenarioB","X_11","indep",0,0,NA,"LASSO",0,0,200,87
"scenarioB","X_12","indep",0,0,NA,"LASSO",0,0,200,87
"scenarioB","X_13","indep",0,0,NA,"LASSO",0,0,200,87
"scenarioB","X_14","indep",0,0,NA,"LASSO",0,0,200,87
"scenarioB","X_15","indep",0,0,NA,"LASSO",0,0,200,87
"scenarioB","X_16","indep",0,0,NA,"LASSO",0,0,200,87
"scenarioB","X_17","indep",0,0,NA,"LASSO",0,0,200,87
"scenarioB","X_18","weak",0.3,0,NA,"LASSO",0,0,200,87
"scenarioB","X_19","weak",0.3,0,NA,"LASSO",0,0,200,87
"scenarioB","X_20","weak",0.3,0,NA,"LASSO",0,0,200,87
"scenarioB","X_21","weak",0.3,0,NA,"LASSO",0,0,200,87
"scenarioB","X_22","strong",0.6,0,NA,"LASSO",0,0,200,87
"scenarioB","X_23","strong",0.6,0,NA,"LASSO",0,0,200,87
"scenarioB","X_24","strong",0.6,0,NA,"LASSO",0,0,200,87
"scenarioB","X_25","strong",0.6,0,NA,"LASSO",0,0,200,87
"scenarioB","X_1","strong",0.6,0.4,0.405597637556359,"SSL",0,-0.4,200,88
"scenarioB","X_2","strong",0.6,-0.5,-0.509000683424924,"SSL",-0.21160042520051,0.28839957479949,200,88
"scenarioB","X_3","weak",0.3,0.6,0.404987302313524,"SSL",0.30326592765336,-0.29673407234664,200,88
"scenarioB","X_4","weak",0.3,0.75,0.618556874742408,"SSL",0.502865398431362,-0.247134601568638,200,88
"scenarioB","X_5","indep",0,-0.8,-0.783268350417852,"SSL",-0.698417944522577,0.101582055477423,200,88
"scenarioB","X_6","indep",0,0,NA,"SSL",0,0,200,88
"scenarioB","X_7","indep",0,0,NA,"SSL",0,0,200,88
"scenarioB","X_8","indep",0,0,NA,"SSL",0,0,200,88
"scenarioB","X_9","indep",0,0,NA,"SSL",0.166456533667239,0.166456533667239,200,88
"scenarioB","X_10","indep",0,0,NA,"SSL",0,0,200,88
"scenarioB","X_11","indep",0,0,NA,"SSL",0,0,200,88
"scenarioB","X_12","indep",0,0,NA,"SSL",0,0,200,88
"scenarioB","X_13","indep",0,0,NA,"SSL",0,0,200,88
"scenarioB","X_14","indep",0,0,NA,"SSL",0,0,200,88
"scenarioB","X_15","indep",0,0,NA,"SSL",0,0,200,88
"scenarioB","X_16","indep",0,0,NA,"SSL",0,0,200,88
"scenarioB","X_17","indep",0,0,NA,"SSL",0,0,200,88
"scenarioB","X_18","weak",0.3,0,NA,"SSL",0,0,200,88
"scenarioB","X_19","weak",0.3,0,NA,"SSL",0,0,200,88
"scenarioB","X_20","weak",0.3,0,NA,"SSL",0,0,200,88
"scenarioB","X_21","weak",0.3,0,NA,"SSL",0,0,200,88
"scenarioB","X_22","strong",0.6,0,NA,"SSL",0,0,200,88
"scenarioB","X_23","strong",0.6,0,NA,"SSL",0,0,200,88
"scenarioB","X_24","strong",0.6,0,NA,"SSL",0,0,200,88
"scenarioB","X_25","strong",0.6,0,NA,"SSL",0,0,200,88
"scenarioB","X_1","strong",0.6,0.4,0.405597637556359,"LASSO",0,-0.4,200,88
"scenarioB","X_2","strong",0.6,-0.5,-0.509000683424924,"LASSO",-0.0845161826845938,0.415483817315406,200,88
"scenarioB","X_3","weak",0.3,0.6,0.404987302313524,"LASSO",0.18601204002187,-0.41398795997813,200,88
"scenarioB","X_4","weak",0.3,0.75,0.618556874742408,"LASSO",0.33891961924364,-0.41108038075636,200,88
"scenarioB","X_5","indep",0,-0.8,-0.783268350417852,"LASSO",-0.491598008106569,0.308401991893431,200,88
"scenarioB","X_6","indep",0,0,NA,"LASSO",0,0,200,88
"scenarioB","X_7","indep",0,0,NA,"LASSO",0,0,200,88
"scenarioB","X_8","indep",0,0,NA,"LASSO",0,0,200,88
"scenarioB","X_9","indep",0,0,NA,"LASSO",0.0493697791636578,0.0493697791636578,200,88
"scenarioB","X_10","indep",0,0,NA,"LASSO",0,0,200,88
"scenarioB","X_11","indep",0,0,NA,"LASSO",0,0,200,88
"scenarioB","X_12","indep",0,0,NA,"LASSO",0,0,200,88
"scenarioB","X_13","indep",0,0,NA,"LASSO",0,0,200,88
"scenarioB","X_14","indep",0,0,NA,"LASSO",0,0,200,88
"scenarioB","X_15","indep",0,0,NA,"LASSO",0,0,200,88
"scenarioB","X_16","indep",0,0,NA,"LASSO",0,0,200,88
"scenarioB","X_17","indep",0,0,NA,"LASSO",0,0,200,88
"scenarioB","X_18","weak",0.3,0,NA,"LASSO",0.0559527357472947,0.0559527357472947,200,88
"scenarioB","X_19","weak",0.3,0,NA,"LASSO",0,0,200,88
"scenarioB","X_20","weak",0.3,0,NA,"LASSO",0,0,200,88
"scenarioB","X_21","weak",0.3,0,NA,"LASSO",0,0,200,88
"scenarioB","X_22","strong",0.6,0,NA,"LASSO",0,0,200,88
"scenarioB","X_23","strong",0.6,0,NA,"LASSO",0,0,200,88
"scenarioB","X_24","strong",0.6,0,NA,"LASSO",0,0,200,88
"scenarioB","X_25","strong",0.6,0,NA,"LASSO",0,0,200,88
"scenarioB","X_1","strong",0.6,0.4,0.428811131645927,"SSL",0,-0.4,200,89
"scenarioB","X_2","strong",0.6,-0.5,-0.523983602941055,"SSL",0,0.5,200,89
"scenarioB","X_3","weak",0.3,0.6,0.637826325910305,"SSL",0.635242367116235,0.0352423671162346,200,89
"scenarioB","X_4","weak",0.3,0.75,0.559202948710567,"SSL",0.434660240119916,-0.315339759880084,200,89
"scenarioB","X_5","indep",0,-0.8,-0.816207495842408,"SSL",-0.685330901912727,0.114669098087273,200,89
"scenarioB","X_6","indep",0,0,NA,"SSL",0,0,200,89
"scenarioB","X_7","indep",0,0,NA,"SSL",0,0,200,89
"scenarioB","X_8","indep",0,0,NA,"SSL",0,0,200,89
"scenarioB","X_9","indep",0,0,NA,"SSL",0,0,200,89
"scenarioB","X_10","indep",0,0,NA,"SSL",0,0,200,89
"scenarioB","X_11","indep",0,0,NA,"SSL",0,0,200,89
"scenarioB","X_12","indep",0,0,NA,"SSL",0,0,200,89
"scenarioB","X_13","indep",0,0,NA,"SSL",0,0,200,89
"scenarioB","X_14","indep",0,0,NA,"SSL",0,0,200,89
"scenarioB","X_15","indep",0,0,NA,"SSL",0,0,200,89
"scenarioB","X_16","indep",0,0,NA,"SSL",0,0,200,89
"scenarioB","X_17","indep",0,0,NA,"SSL",0,0,200,89
"scenarioB","X_18","weak",0.3,0,NA,"SSL",0,0,200,89
"scenarioB","X_19","weak",0.3,0,NA,"SSL",0,0,200,89
"scenarioB","X_20","weak",0.3,0,NA,"SSL",0,0,200,89
"scenarioB","X_21","weak",0.3,0,NA,"SSL",0,0,200,89
"scenarioB","X_22","strong",0.6,0,NA,"SSL",0,0,200,89
"scenarioB","X_23","strong",0.6,0,NA,"SSL",0,0,200,89
"scenarioB","X_24","strong",0.6,0,NA,"SSL",0,0,200,89
"scenarioB","X_25","strong",0.6,0,NA,"SSL",0,0,200,89
"scenarioB","X_1","strong",0.6,0.4,0.428811131645927,"LASSO",0,-0.4,200,89
"scenarioB","X_2","strong",0.6,-0.5,-0.523983602941055,"LASSO",-0.0569632469670878,0.443036753032912,200,89
"scenarioB","X_3","weak",0.3,0.6,0.637826325910305,"LASSO",0.498056506320264,-0.101943493679736,200,89
"scenarioB","X_4","weak",0.3,0.75,0.559202948710567,"LASSO",0.315050096816568,-0.434949903183432,200,89
"scenarioB","X_5","indep",0,-0.8,-0.816207495842408,"LASSO",-0.536233246541947,0.263766753458053,200,89
"scenarioB","X_6","indep",0,0,NA,"LASSO",0,0,200,89
"scenarioB","X_7","indep",0,0,NA,"LASSO",0,0,200,89
"scenarioB","X_8","indep",0,0,NA,"LASSO",0,0,200,89
"scenarioB","X_9","indep",0,0,NA,"LASSO",0,0,200,89
"scenarioB","X_10","indep",0,0,NA,"LASSO",0,0,200,89
"scenarioB","X_11","indep",0,0,NA,"LASSO",0,0,200,89
"scenarioB","X_12","indep",0,0,NA,"LASSO",0,0,200,89
"scenarioB","X_13","indep",0,0,NA,"LASSO",0,0,200,89
"scenarioB","X_14","indep",0,0,NA,"LASSO",0,0,200,89
"scenarioB","X_15","indep",0,0,NA,"LASSO",0,0,200,89
"scenarioB","X_16","indep",0,0,NA,"LASSO",0,0,200,89
"scenarioB","X_17","indep",0,0,NA,"LASSO",-0.0706346921948716,-0.0706346921948716,200,89
"scenarioB","X_18","weak",0.3,0,NA,"LASSO",0,0,200,89
"scenarioB","X_19","weak",0.3,0,NA,"LASSO",0,0,200,89
"scenarioB","X_20","weak",0.3,0,NA,"LASSO",0,0,200,89
"scenarioB","X_21","weak",0.3,0,NA,"LASSO",0,0,200,89
"scenarioB","X_22","strong",0.6,0,NA,"LASSO",0,0,200,89
"scenarioB","X_23","strong",0.6,0,NA,"LASSO",0,0,200,89
"scenarioB","X_24","strong",0.6,0,NA,"LASSO",0,0,200,89
"scenarioB","X_25","strong",0.6,0,NA,"LASSO",0,0,200,89
"scenarioB","X_1","strong",0.6,0.4,0.208352096204792,"SSL",0,-0.4,200,90
"scenarioB","X_2","strong",0.6,-0.5,-0.480747192169081,"SSL",-0.239217291690162,0.260782708309838,200,90
"scenarioB","X_3","weak",0.3,0.6,0.542997820995958,"SSL",0.426638570818763,-0.173361429181237,200,90
"scenarioB","X_4","weak",0.3,0.75,0.755234533047598,"SSL",0.623802277797054,-0.126197722202946,200,90
"scenarioB","X_5","indep",0,-0.8,-0.780965630377688,"SSL",-0.721532704830742,0.0784672951692579,200,90
"scenarioB","X_6","indep",0,0,NA,"SSL",0,0,200,90
"scenarioB","X_7","indep",0,0,NA,"SSL",0,0,200,90
"scenarioB","X_8","indep",0,0,NA,"SSL",0,0,200,90
"scenarioB","X_9","indep",0,0,NA,"SSL",0,0,200,90
"scenarioB","X_10","indep",0,0,NA,"SSL",0,0,200,90
"scenarioB","X_11","indep",0,0,NA,"SSL",0,0,200,90
"scenarioB","X_12","indep",0,0,NA,"SSL",0,0,200,90
"scenarioB","X_13","indep",0,0,NA,"SSL",0,0,200,90
"scenarioB","X_14","indep",0,0,NA,"SSL",0,0,200,90
"scenarioB","X_15","indep",0,0,NA,"SSL",0,0,200,90
"scenarioB","X_16","indep",0,0,NA,"SSL",0,0,200,90
"scenarioB","X_17","indep",0,0,NA,"SSL",0,0,200,90
"scenarioB","X_18","weak",0.3,0,NA,"SSL",0,0,200,90
"scenarioB","X_19","weak",0.3,0,NA,"SSL",0,0,200,90
"scenarioB","X_20","weak",0.3,0,NA,"SSL",0,0,200,90
"scenarioB","X_21","weak",0.3,0,NA,"SSL",0.160958280956608,0.160958280956608,200,90
"scenarioB","X_22","strong",0.6,0,NA,"SSL",0,0,200,90
"scenarioB","X_23","strong",0.6,0,NA,"SSL",0,0,200,90
"scenarioB","X_24","strong",0.6,0,NA,"SSL",0,0,200,90
"scenarioB","X_25","strong",0.6,0,NA,"SSL",0,0,200,90
"scenarioB","X_1","strong",0.6,0.4,0.208352096204792,"LASSO",0,-0.4,200,90
"scenarioB","X_2","strong",0.6,-0.5,-0.480747192169081,"LASSO",-0.18893451033253,0.31106548966747,200,90
"scenarioB","X_3","weak",0.3,0.6,0.542997820995958,"LASSO",0.354349400611579,-0.245650599388421,200,90
"scenarioB","X_4","weak",0.3,0.75,0.755234533047598,"LASSO",0.559027206126186,-0.190972793873814,200,90
"scenarioB","X_5","indep",0,-0.8,-0.780965630377688,"LASSO",-0.660029417991037,0.139970582008963,200,90
"scenarioB","X_6","indep",0,0,NA,"LASSO",0,0,200,90
"scenarioB","X_7","indep",0,0,NA,"LASSO",0,0,200,90
"scenarioB","X_8","indep",0,0,NA,"LASSO",0,0,200,90
"scenarioB","X_9","indep",0,0,NA,"LASSO",-0.0739571829607256,-0.0739571829607256,200,90
"scenarioB","X_10","indep",0,0,NA,"LASSO",0,0,200,90
"scenarioB","X_11","indep",0,0,NA,"LASSO",0,0,200,90
"scenarioB","X_12","indep",0,0,NA,"LASSO",0,0,200,90
"scenarioB","X_13","indep",0,0,NA,"LASSO",0,0,200,90
"scenarioB","X_14","indep",0,0,NA,"LASSO",-0.123676101758331,-0.123676101758331,200,90
"scenarioB","X_15","indep",0,0,NA,"LASSO",0,0,200,90
"scenarioB","X_16","indep",0,0,NA,"LASSO",0,0,200,90
"scenarioB","X_17","indep",0,0,NA,"LASSO",0,0,200,90
"scenarioB","X_18","weak",0.3,0,NA,"LASSO",0,0,200,90
"scenarioB","X_19","weak",0.3,0,NA,"LASSO",0,0,200,90
"scenarioB","X_20","weak",0.3,0,NA,"LASSO",0.058941993427437,0.058941993427437,200,90
"scenarioB","X_21","weak",0.3,0,NA,"LASSO",0.124842551703448,0.124842551703448,200,90
"scenarioB","X_22","strong",0.6,0,NA,"LASSO",0,0,200,90
"scenarioB","X_23","strong",0.6,0,NA,"LASSO",0,0,200,90
"scenarioB","X_24","strong",0.6,0,NA,"LASSO",0,0,200,90
"scenarioB","X_25","strong",0.6,0,NA,"LASSO",0,0,200,90
"scenarioB","X_1","strong",0.6,0.4,0.490523675582468,"SSL",0.313865453994232,-0.0861345460057684,200,91
"scenarioB","X_2","strong",0.6,-0.5,-0.626466855491391,"SSL",-0.475343711368594,0.0246562886314058,200,91
"scenarioB","X_3","weak",0.3,0.6,0.649051629042405,"SSL",0.520453715253722,-0.0795462847462776,200,91
"scenarioB","X_4","weak",0.3,0.75,0.848132585280531,"SSL",0.723942568850937,-0.0260574311490626,200,91
"scenarioB","X_5","indep",0,-0.8,-0.86677971169565,"SSL",-0.770754793851189,0.029245206148811,200,91
"scenarioB","X_6","indep",0,0,NA,"SSL",-0.109230565645197,-0.109230565645197,200,91
"scenarioB","X_7","indep",0,0,NA,"SSL",0,0,200,91
"scenarioB","X_8","indep",0,0,NA,"SSL",0,0,200,91
"scenarioB","X_9","indep",0,0,NA,"SSL",0,0,200,91
"scenarioB","X_10","indep",0,0,NA,"SSL",0,0,200,91
"scenarioB","X_11","indep",0,0,NA,"SSL",0,0,200,91
"scenarioB","X_12","indep",0,0,NA,"SSL",0,0,200,91
"scenarioB","X_13","indep",0,0,NA,"SSL",0,0,200,91
"scenarioB","X_14","indep",0,0,NA,"SSL",0,0,200,91
"scenarioB","X_15","indep",0,0,NA,"SSL",0,0,200,91
"scenarioB","X_16","indep",0,0,NA,"SSL",0,0,200,91
"scenarioB","X_17","indep",0,0,NA,"SSL",0,0,200,91
"scenarioB","X_18","weak",0.3,0,NA,"SSL",0,0,200,91
"scenarioB","X_19","weak",0.3,0,NA,"SSL",0,0,200,91
"scenarioB","X_20","weak",0.3,0,NA,"SSL",0,0,200,91
"scenarioB","X_21","weak",0.3,0,NA,"SSL",0.175116799333575,0.175116799333575,200,91
"scenarioB","X_22","strong",0.6,0,NA,"SSL",0,0,200,91
"scenarioB","X_23","strong",0.6,0,NA,"SSL",0,0,200,91
"scenarioB","X_24","strong",0.6,0,NA,"SSL",0,0,200,91
"scenarioB","X_25","strong",0.6,0,NA,"SSL",0,0,200,91
"scenarioB","X_1","strong",0.6,0.4,0.490523675582468,"LASSO",0,-0.4,200,91
"scenarioB","X_2","strong",0.6,-0.5,-0.626466855491391,"LASSO",-0.124700302194178,0.375299697805822,200,91
"scenarioB","X_3","weak",0.3,0.6,0.649051629042405,"LASSO",0.398893729529163,-0.201106270470837,200,91
"scenarioB","X_4","weak",0.3,0.75,0.848132585280531,"LASSO",0.607237069092886,-0.142762930907114,200,91
"scenarioB","X_5","indep",0,-0.8,-0.86677971169565,"LASSO",-0.579627837985058,0.220372162014942,200,91
"scenarioB","X_6","indep",0,0,NA,"LASSO",0,0,200,91
"scenarioB","X_7","indep",0,0,NA,"LASSO",0,0,200,91
"scenarioB","X_8","indep",0,0,NA,"LASSO",0,0,200,91
"scenarioB","X_9","indep",0,0,NA,"LASSO",0,0,200,91
"scenarioB","X_10","indep",0,0,NA,"LASSO",0,0,200,91
"scenarioB","X_11","indep",0,0,NA,"LASSO",0,0,200,91
"scenarioB","X_12","indep",0,0,NA,"LASSO",0,0,200,91
"scenarioB","X_13","indep",0,0,NA,"LASSO",0,0,200,91
"scenarioB","X_14","indep",0,0,NA,"LASSO",0,0,200,91
"scenarioB","X_15","indep",0,0,NA,"LASSO",0,0,200,91
"scenarioB","X_16","indep",0,0,NA,"LASSO",0,0,200,91
"scenarioB","X_17","indep",0,0,NA,"LASSO",0,0,200,91
"scenarioB","X_18","weak",0.3,0,NA,"LASSO",0,0,200,91
"scenarioB","X_19","weak",0.3,0,NA,"LASSO",0,0,200,91
"scenarioB","X_20","weak",0.3,0,NA,"LASSO",0,0,200,91
"scenarioB","X_21","weak",0.3,0,NA,"LASSO",0.0844788032244657,0.0844788032244657,200,91
"scenarioB","X_22","strong",0.6,0,NA,"LASSO",0,0,200,91
"scenarioB","X_23","strong",0.6,0,NA,"LASSO",0,0,200,91
"scenarioB","X_24","strong",0.6,0,NA,"LASSO",0,0,200,91
"scenarioB","X_25","strong",0.6,0,NA,"LASSO",0,0,200,91
"scenarioB","X_1","strong",0.6,0.4,0.506849336448505,"SSL",0.535377019251142,0.135377019251142,200,92
"scenarioB","X_2","strong",0.6,-0.5,-0.4938993236834,"SSL",-0.266592921918252,0.233407078081748,200,92
"scenarioB","X_3","weak",0.3,0.6,0.694642803804215,"SSL",0.649423933378309,0.0494239333783092,200,92
"scenarioB","X_4","weak",0.3,0.75,0.621140293401361,"SSL",0.525917082996228,-0.224082917003772,200,92
"scenarioB","X_5","indep",0,-0.8,-0.887504246630237,"SSL",-0.939923645192915,-0.139923645192915,200,92
"scenarioB","X_6","indep",0,0,NA,"SSL",-0.0677535421635066,-0.0677535421635066,200,92
"scenarioB","X_7","indep",0,0,NA,"SSL",0,0,200,92
"scenarioB","X_8","indep",0,0,NA,"SSL",0,0,200,92
"scenarioB","X_9","indep",0,0,NA,"SSL",-0.141420731465869,-0.141420731465869,200,92
"scenarioB","X_10","indep",0,0,NA,"SSL",0.0687085618365899,0.0687085618365899,200,92
"scenarioB","X_11","indep",0,0,NA,"SSL",0,0,200,92
"scenarioB","X_12","indep",0,0,NA,"SSL",0,0,200,92
"scenarioB","X_13","indep",0,0,NA,"SSL",0.0525569054709617,0.0525569054709617,200,92
"scenarioB","X_14","indep",0,0,NA,"SSL",0,0,200,92
"scenarioB","X_15","indep",0,0,NA,"SSL",0.106026692833972,0.106026692833972,200,92
"scenarioB","X_16","indep",0,0,NA,"SSL",0,0,200,92
"scenarioB","X_17","indep",0,0,NA,"SSL",-0.227379643402951,-0.227379643402951,200,92
"scenarioB","X_18","weak",0.3,0,NA,"SSL",0.134446291688796,0.134446291688796,200,92
"scenarioB","X_19","weak",0.3,0,NA,"SSL",0,0,200,92
"scenarioB","X_20","weak",0.3,0,NA,"SSL",0,0,200,92
"scenarioB","X_21","weak",0.3,0,NA,"SSL",0.062520405077783,0.062520405077783,200,92
"scenarioB","X_22","strong",0.6,0,NA,"SSL",-0.354572240309769,-0.354572240309769,200,92
"scenarioB","X_23","strong",0.6,0,NA,"SSL",0,0,200,92
"scenarioB","X_24","strong",0.6,0,NA,"SSL",0,0,200,92
"scenarioB","X_25","strong",0.6,0,NA,"SSL",-0.128972660624214,-0.128972660624214,200,92
"scenarioB","X_1","strong",0.6,0.4,0.506849336448505,"LASSO",0,-0.4,200,92
"scenarioB","X_2","strong",0.6,-0.5,-0.4938993236834,"LASSO",0,0.5,200,92
"scenarioB","X_3","weak",0.3,0.6,0.694642803804215,"LASSO",0.401255212050411,-0.198744787949589,200,92
"scenarioB","X_4","weak",0.3,0.75,0.621140293401361,"LASSO",0.325589197956864,-0.424410802043136,200,92
"scenarioB","X_5","indep",0,-0.8,-0.887504246630237,"LASSO",-0.487093179520719,0.312906820479281,200,92
"scenarioB","X_6","indep",0,0,NA,"LASSO",0,0,200,92
"scenarioB","X_7","indep",0,0,NA,"LASSO",0,0,200,92
"scenarioB","X_8","indep",0,0,NA,"LASSO",0,0,200,92
"scenarioB","X_9","indep",0,0,NA,"LASSO",0,0,200,92
"scenarioB","X_10","indep",0,0,NA,"LASSO",0,0,200,92
"scenarioB","X_11","indep",0,0,NA,"LASSO",0,0,200,92
"scenarioB","X_12","indep",0,0,NA,"LASSO",0,0,200,92
"scenarioB","X_13","indep",0,0,NA,"LASSO",0,0,200,92
"scenarioB","X_14","indep",0,0,NA,"LASSO",0,0,200,92
"scenarioB","X_15","indep",0,0,NA,"LASSO",0,0,200,92
"scenarioB","X_16","indep",0,0,NA,"LASSO",0,0,200,92
"scenarioB","X_17","indep",0,0,NA,"LASSO",0,0,200,92
"scenarioB","X_18","weak",0.3,0,NA,"LASSO",0,0,200,92
"scenarioB","X_19","weak",0.3,0,NA,"LASSO",0,0,200,92
"scenarioB","X_20","weak",0.3,0,NA,"LASSO",0,0,200,92
"scenarioB","X_21","weak",0.3,0,NA,"LASSO",0,0,200,92
"scenarioB","X_22","strong",0.6,0,NA,"LASSO",0,0,200,92
"scenarioB","X_23","strong",0.6,0,NA,"LASSO",0,0,200,92
"scenarioB","X_24","strong",0.6,0,NA,"LASSO",0,0,200,92
"scenarioB","X_25","strong",0.6,0,NA,"LASSO",0,0,200,92
"scenarioB","X_1","strong",0.6,0.4,0.180717818978108,"SSL",0,-0.4,200,93
"scenarioB","X_2","strong",0.6,-0.5,-0.328085016264798,"SSL",-0.155057129062322,0.344942870937678,200,93
"scenarioB","X_3","weak",0.3,0.6,0.567869415656601,"SSL",0.465306776600485,-0.134693223399515,200,93
"scenarioB","X_4","weak",0.3,0.75,0.652474060218969,"SSL",0.597559830413086,-0.152440169586914,200,93
"scenarioB","X_5","indep",0,-0.8,-0.595672059337264,"SSL",-0.481069472844566,0.318930527155434,200,93
"scenarioB","X_6","indep",0,0,NA,"SSL",0,0,200,93
"scenarioB","X_7","indep",0,0,NA,"SSL",-0.171368459330571,-0.171368459330571,200,93
"scenarioB","X_8","indep",0,0,NA,"SSL",0,0,200,93
"scenarioB","X_9","indep",0,0,NA,"SSL",0,0,200,93
"scenarioB","X_10","indep",0,0,NA,"SSL",0,0,200,93
"scenarioB","X_11","indep",0,0,NA,"SSL",0,0,200,93
"scenarioB","X_12","indep",0,0,NA,"SSL",0,0,200,93
"scenarioB","X_13","indep",0,0,NA,"SSL",0,0,200,93
"scenarioB","X_14","indep",0,0,NA,"SSL",0,0,200,93
"scenarioB","X_15","indep",0,0,NA,"SSL",0,0,200,93
"scenarioB","X_16","indep",0,0,NA,"SSL",0,0,200,93
"scenarioB","X_17","indep",0,0,NA,"SSL",0,0,200,93
"scenarioB","X_18","weak",0.3,0,NA,"SSL",0.159811853524845,0.159811853524845,200,93
"scenarioB","X_19","weak",0.3,0,NA,"SSL",0,0,200,93
"scenarioB","X_20","weak",0.3,0,NA,"SSL",0,0,200,93
"scenarioB","X_21","weak",0.3,0,NA,"SSL",0,0,200,93
"scenarioB","X_22","strong",0.6,0,NA,"SSL",0,0,200,93
"scenarioB","X_23","strong",0.6,0,NA,"SSL",0,0,200,93
"scenarioB","X_24","strong",0.6,0,NA,"SSL",0,0,200,93
"scenarioB","X_25","strong",0.6,0,NA,"SSL",-0.123135725173179,-0.123135725173179,200,93
"scenarioB","X_1","strong",0.6,0.4,0.180717818978108,"LASSO",0,-0.4,200,93
"scenarioB","X_2","strong",0.6,-0.5,-0.328085016264798,"LASSO",0,0.5,200,93
"scenarioB","X_3","weak",0.3,0.6,0.567869415656601,"LASSO",0.318025346947778,-0.281974653052222,200,93
"scenarioB","X_4","weak",0.3,0.75,0.652474060218969,"LASSO",0.378292425331613,-0.371707574668387,200,93
"scenarioB","X_5","indep",0,-0.8,-0.595672059337264,"LASSO",-0.235820799881442,0.564179200118558,200,93
"scenarioB","X_6","indep",0,0,NA,"LASSO",0,0,200,93
"scenarioB","X_7","indep",0,0,NA,"LASSO",0,0,200,93
"scenarioB","X_8","indep",0,0,NA,"LASSO",0,0,200,93
"scenarioB","X_9","indep",0,0,NA,"LASSO",0,0,200,93
"scenarioB","X_10","indep",0,0,NA,"LASSO",0,0,200,93
"scenarioB","X_11","indep",0,0,NA,"LASSO",0,0,200,93
"scenarioB","X_12","indep",0,0,NA,"LASSO",0,0,200,93
"scenarioB","X_13","indep",0,0,NA,"LASSO",0,0,200,93
"scenarioB","X_14","indep",0,0,NA,"LASSO",0,0,200,93
"scenarioB","X_15","indep",0,0,NA,"LASSO",0,0,200,93
"scenarioB","X_16","indep",0,0,NA,"LASSO",0,0,200,93
"scenarioB","X_17","indep",0,0,NA,"LASSO",0,0,200,93
"scenarioB","X_18","weak",0.3,0,NA,"LASSO",0.0265716213477409,0.0265716213477409,200,93
"scenarioB","X_19","weak",0.3,0,NA,"LASSO",0,0,200,93
"scenarioB","X_20","weak",0.3,0,NA,"LASSO",0,0,200,93
"scenarioB","X_21","weak",0.3,0,NA,"LASSO",0,0,200,93
"scenarioB","X_22","strong",0.6,0,NA,"LASSO",0,0,200,93
"scenarioB","X_23","strong",0.6,0,NA,"LASSO",0,0,200,93
"scenarioB","X_24","strong",0.6,0,NA,"LASSO",0,0,200,93
"scenarioB","X_25","strong",0.6,0,NA,"LASSO",0,0,200,93
"scenarioB","X_1","strong",0.6,0.4,0.43429427595915,"SSL",0,-0.4,200,94
"scenarioB","X_2","strong",0.6,-0.5,-0.518376989760105,"SSL",0,0.5,200,94
"scenarioB","X_3","weak",0.3,0.6,0.542221923270156,"SSL",0.426851186779619,-0.173148813220381,200,94
"scenarioB","X_4","weak",0.3,0.75,0.725448616506986,"SSL",0.563449678720367,-0.186550321279633,200,94
"scenarioB","X_5","indep",0,-0.8,-0.736089380378913,"SSL",-0.608705422849185,0.191294577150815,200,94
"scenarioB","X_6","indep",0,0,NA,"SSL",0,0,200,94
"scenarioB","X_7","indep",0,0,NA,"SSL",0,0,200,94
"scenarioB","X_8","indep",0,0,NA,"SSL",0,0,200,94
"scenarioB","X_9","indep",0,0,NA,"SSL",0,0,200,94
"scenarioB","X_10","indep",0,0,NA,"SSL",0,0,200,94
"scenarioB","X_11","indep",0,0,NA,"SSL",0,0,200,94
"scenarioB","X_12","indep",0,0,NA,"SSL",0,0,200,94
"scenarioB","X_13","indep",0,0,NA,"SSL",0,0,200,94
"scenarioB","X_14","indep",0,0,NA,"SSL",0,0,200,94
"scenarioB","X_15","indep",0,0,NA,"SSL",0,0,200,94
"scenarioB","X_16","indep",0,0,NA,"SSL",0,0,200,94
"scenarioB","X_17","indep",0,0,NA,"SSL",0,0,200,94
"scenarioB","X_18","weak",0.3,0,NA,"SSL",0,0,200,94
"scenarioB","X_19","weak",0.3,0,NA,"SSL",0,0,200,94
"scenarioB","X_20","weak",0.3,0,NA,"SSL",0,0,200,94
"scenarioB","X_21","weak",0.3,0,NA,"SSL",0,0,200,94
"scenarioB","X_22","strong",0.6,0,NA,"SSL",0,0,200,94
"scenarioB","X_23","strong",0.6,0,NA,"SSL",0,0,200,94
"scenarioB","X_24","strong",0.6,0,NA,"SSL",0,0,200,94
"scenarioB","X_25","strong",0.6,0,NA,"SSL",0,0,200,94
"scenarioB","X_1","strong",0.6,0.4,0.43429427595915,"LASSO",0.141662538261666,-0.258337461738334,200,94
"scenarioB","X_2","strong",0.6,-0.5,-0.518376989760105,"LASSO",-0.176554739553245,0.323445260446755,200,94
"scenarioB","X_3","weak",0.3,0.6,0.542221923270156,"LASSO",0.395359125832895,-0.204640874167105,200,94
"scenarioB","X_4","weak",0.3,0.75,0.725448616506986,"LASSO",0.541836593671787,-0.208163406328213,200,94
"scenarioB","X_5","indep",0,-0.8,-0.736089380378913,"LASSO",-0.510321375726357,0.289678624273643,200,94
"scenarioB","X_6","indep",0,0,NA,"LASSO",0,0,200,94
"scenarioB","X_7","indep",0,0,NA,"LASSO",0,0,200,94
"scenarioB","X_8","indep",0,0,NA,"LASSO",0,0,200,94
"scenarioB","X_9","indep",0,0,NA,"LASSO",0,0,200,94
"scenarioB","X_10","indep",0,0,NA,"LASSO",0,0,200,94
"scenarioB","X_11","indep",0,0,NA,"LASSO",0,0,200,94
"scenarioB","X_12","indep",0,0,NA,"LASSO",0,0,200,94
"scenarioB","X_13","indep",0,0,NA,"LASSO",0.0325809321677789,0.0325809321677789,200,94
"scenarioB","X_14","indep",0,0,NA,"LASSO",0,0,200,94
"scenarioB","X_15","indep",0,0,NA,"LASSO",0,0,200,94
"scenarioB","X_16","indep",0,0,NA,"LASSO",0,0,200,94
"scenarioB","X_17","indep",0,0,NA,"LASSO",0,0,200,94
"scenarioB","X_18","weak",0.3,0,NA,"LASSO",0,0,200,94
"scenarioB","X_19","weak",0.3,0,NA,"LASSO",-0.0653449757493909,-0.0653449757493909,200,94
"scenarioB","X_20","weak",0.3,0,NA,"LASSO",0,0,200,94
"scenarioB","X_21","weak",0.3,0,NA,"LASSO",0,0,200,94
"scenarioB","X_22","strong",0.6,0,NA,"LASSO",0,0,200,94
"scenarioB","X_23","strong",0.6,0,NA,"LASSO",0,0,200,94
"scenarioB","X_24","strong",0.6,0,NA,"LASSO",0,0,200,94
"scenarioB","X_25","strong",0.6,0,NA,"LASSO",0,0,200,94
"scenarioB","X_1","strong",0.6,0.4,0.417977398971873,"SSL",0.246854279792825,-0.153145720207175,200,95
"scenarioB","X_2","strong",0.6,-0.5,-0.642476918130046,"SSL",-0.455952949971735,0.0440470500282649,200,95
"scenarioB","X_3","weak",0.3,0.6,0.656661487337435,"SSL",0.592959550152474,-0.00704044984752561,200,95
"scenarioB","X_4","weak",0.3,0.75,0.692010738311349,"SSL",0.589202147698772,-0.160797852301228,200,95
"scenarioB","X_5","indep",0,-0.8,-0.833852876950162,"SSL",-0.780274991743229,0.0197250082567715,200,95
"scenarioB","X_6","indep",0,0,NA,"SSL",0,0,200,95
"scenarioB","X_7","indep",0,0,NA,"SSL",0.172032464791305,0.172032464791305,200,95
"scenarioB","X_8","indep",0,0,NA,"SSL",0,0,200,95
"scenarioB","X_9","indep",0,0,NA,"SSL",0,0,200,95
"scenarioB","X_10","indep",0,0,NA,"SSL",0,0,200,95
"scenarioB","X_11","indep",0,0,NA,"SSL",0,0,200,95
"scenarioB","X_12","indep",0,0,NA,"SSL",0,0,200,95
"scenarioB","X_13","indep",0,0,NA,"SSL",0,0,200,95
"scenarioB","X_14","indep",0,0,NA,"SSL",-0.143745590044133,-0.143745590044133,200,95
"scenarioB","X_15","indep",0,0,NA,"SSL",0.152850389598968,0.152850389598968,200,95
"scenarioB","X_16","indep",0,0,NA,"SSL",0,0,200,95
"scenarioB","X_17","indep",0,0,NA,"SSL",0,0,200,95
"scenarioB","X_18","weak",0.3,0,NA,"SSL",0,0,200,95
"scenarioB","X_19","weak",0.3,0,NA,"SSL",-0.225388397223652,-0.225388397223652,200,95
"scenarioB","X_20","weak",0.3,0,NA,"SSL",0,0,200,95
"scenarioB","X_21","weak",0.3,0,NA,"SSL",0.232040309433394,0.232040309433394,200,95
"scenarioB","X_22","strong",0.6,0,NA,"SSL",0,0,200,95
"scenarioB","X_23","strong",0.6,0,NA,"SSL",0,0,200,95
"scenarioB","X_24","strong",0.6,0,NA,"SSL",0,0,200,95
"scenarioB","X_25","strong",0.6,0,NA,"SSL",0,0,200,95
"scenarioB","X_1","strong",0.6,0.4,0.417977398971873,"LASSO",0.0950464326222483,-0.304953567377752,200,95
"scenarioB","X_2","strong",0.6,-0.5,-0.642476918130046,"LASSO",-0.273801583603519,0.226198416396481,200,95
"scenarioB","X_3","weak",0.3,0.6,0.656661487337435,"LASSO",0.473170273356131,-0.126829726643869,200,95
"scenarioB","X_4","weak",0.3,0.75,0.692010738311349,"LASSO",0.494246468538273,-0.255753531461727,200,95
"scenarioB","X_5","indep",0,-0.8,-0.833852876950162,"LASSO",-0.661353109975019,0.138646890024981,200,95
"scenarioB","X_6","indep",0,0,NA,"LASSO",0,0,200,95
"scenarioB","X_7","indep",0,0,NA,"LASSO",0.122108853433417,0.122108853433417,200,95
"scenarioB","X_8","indep",0,0,NA,"LASSO",0,0,200,95
"scenarioB","X_9","indep",0,0,NA,"LASSO",0,0,200,95
"scenarioB","X_10","indep",0,0,NA,"LASSO",0,0,200,95
"scenarioB","X_11","indep",0,0,NA,"LASSO",0,0,200,95
"scenarioB","X_12","indep",0,0,NA,"LASSO",0,0,200,95
"scenarioB","X_13","indep",0,0,NA,"LASSO",0,0,200,95
"scenarioB","X_14","indep",0,0,NA,"LASSO",-0.0512780765078521,-0.0512780765078521,200,95
"scenarioB","X_15","indep",0,0,NA,"LASSO",0.0828498713365412,0.0828498713365412,200,95
"scenarioB","X_16","indep",0,0,NA,"LASSO",0,0,200,95
"scenarioB","X_17","indep",0,0,NA,"LASSO",0,0,200,95
"scenarioB","X_18","weak",0.3,0,NA,"LASSO",0,0,200,95
"scenarioB","X_19","weak",0.3,0,NA,"LASSO",-0.0891554999752672,-0.0891554999752672,200,95
"scenarioB","X_20","weak",0.3,0,NA,"LASSO",0,0,200,95
"scenarioB","X_21","weak",0.3,0,NA,"LASSO",0.165630002673905,0.165630002673905,200,95
"scenarioB","X_22","strong",0.6,0,NA,"LASSO",0,0,200,95
"scenarioB","X_23","strong",0.6,0,NA,"LASSO",0,0,200,95
"scenarioB","X_24","strong",0.6,0,NA,"LASSO",0,0,200,95
"scenarioB","X_25","strong",0.6,0,NA,"LASSO",0,0,200,95
"scenarioB","X_1","strong",0.6,0.4,0.447367438254433,"SSL",0,-0.4,200,96
"scenarioB","X_2","strong",0.6,-0.5,-0.568221435332866,"SSL",0,0.5,200,96
"scenarioB","X_3","weak",0.3,0.6,0.644870022104807,"SSL",0.574388294545222,-0.0256117054547778,200,96
"scenarioB","X_4","weak",0.3,0.75,0.801174659846346,"SSL",0.661192393115605,-0.088807606884395,200,96
"scenarioB","X_5","indep",0,-0.8,-0.699365367997131,"SSL",-0.62872197917538,0.17127802082462,200,96
"scenarioB","X_6","indep",0,0,NA,"SSL",0,0,200,96
"scenarioB","X_7","indep",0,0,NA,"SSL",0,0,200,96
"scenarioB","X_8","indep",0,0,NA,"SSL",0,0,200,96
"scenarioB","X_9","indep",0,0,NA,"SSL",0,0,200,96
"scenarioB","X_10","indep",0,0,NA,"SSL",0,0,200,96
"scenarioB","X_11","indep",0,0,NA,"SSL",0,0,200,96
"scenarioB","X_12","indep",0,0,NA,"SSL",0,0,200,96
"scenarioB","X_13","indep",0,0,NA,"SSL",0,0,200,96
"scenarioB","X_14","indep",0,0,NA,"SSL",0,0,200,96
"scenarioB","X_15","indep",0,0,NA,"SSL",0,0,200,96
"scenarioB","X_16","indep",0,0,NA,"SSL",0,0,200,96
"scenarioB","X_17","indep",0,0,NA,"SSL",0,0,200,96
"scenarioB","X_18","weak",0.3,0,NA,"SSL",0,0,200,96
"scenarioB","X_19","weak",0.3,0,NA,"SSL",0,0,200,96
"scenarioB","X_20","weak",0.3,0,NA,"SSL",0,0,200,96
"scenarioB","X_21","weak",0.3,0,NA,"SSL",0,0,200,96
"scenarioB","X_22","strong",0.6,0,NA,"SSL",0,0,200,96
"scenarioB","X_23","strong",0.6,0,NA,"SSL",0,0,200,96
"scenarioB","X_24","strong",0.6,0,NA,"SSL",0,0,200,96
"scenarioB","X_25","strong",0.6,0,NA,"SSL",0,0,200,96
"scenarioB","X_1","strong",0.6,0.4,0.447367438254433,"LASSO",0,-0.4,200,96
"scenarioB","X_2","strong",0.6,-0.5,-0.568221435332866,"LASSO",0,0.5,200,96
"scenarioB","X_3","weak",0.3,0.6,0.644870022104807,"LASSO",0.441313069935122,-0.158686930064878,200,96
"scenarioB","X_4","weak",0.3,0.75,0.801174659846346,"LASSO",0.506300719715656,-0.243699280284344,200,96
"scenarioB","X_5","indep",0,-0.8,-0.699365367997131,"LASSO",-0.453796738310584,0.346203261689416,200,96
"scenarioB","X_6","indep",0,0,NA,"LASSO",0,0,200,96
"scenarioB","X_7","indep",0,0,NA,"LASSO",0,0,200,96
"scenarioB","X_8","indep",0,0,NA,"LASSO",0,0,200,96
"scenarioB","X_9","indep",0,0,NA,"LASSO",0,0,200,96
"scenarioB","X_10","indep",0,0,NA,"LASSO",0,0,200,96
"scenarioB","X_11","indep",0,0,NA,"LASSO",0,0,200,96
"scenarioB","X_12","indep",0,0,NA,"LASSO",0,0,200,96
"scenarioB","X_13","indep",0,0,NA,"LASSO",0,0,200,96
"scenarioB","X_14","indep",0,0,NA,"LASSO",0,0,200,96
"scenarioB","X_15","indep",0,0,NA,"LASSO",0,0,200,96
"scenarioB","X_16","indep",0,0,NA,"LASSO",0,0,200,96
"scenarioB","X_17","indep",0,0,NA,"LASSO",0,0,200,96
"scenarioB","X_18","weak",0.3,0,NA,"LASSO",0,0,200,96
"scenarioB","X_19","weak",0.3,0,NA,"LASSO",0,0,200,96
"scenarioB","X_20","weak",0.3,0,NA,"LASSO",0,0,200,96
"scenarioB","X_21","weak",0.3,0,NA,"LASSO",0,0,200,96
"scenarioB","X_22","strong",0.6,0,NA,"LASSO",0,0,200,96
"scenarioB","X_23","strong",0.6,0,NA,"LASSO",0,0,200,96
"scenarioB","X_24","strong",0.6,0,NA,"LASSO",0,0,200,96
"scenarioB","X_25","strong",0.6,0,NA,"LASSO",0,0,200,96
"scenarioB","X_1","strong",0.6,0.4,0.517223555326385,"SSL",0.536219562016359,0.136219562016359,200,97
"scenarioB","X_2","strong",0.6,-0.5,-0.783634173467918,"SSL",-0.824759005680853,-0.324759005680853,200,97
"scenarioB","X_3","weak",0.3,0.6,0.659216694804798,"SSL",0.639726027436104,0.0397260274361037,200,97
"scenarioB","X_4","weak",0.3,0.75,0.687796743301482,"SSL",0.648761377463021,-0.101238622536979,200,97
"scenarioB","X_5","indep",0,-0.8,-0.794155052634564,"SSL",-0.769379926006345,0.0306200739936549,200,97
"scenarioB","X_6","indep",0,0,NA,"SSL",0,0,200,97
"scenarioB","X_7","indep",0,0,NA,"SSL",0,0,200,97
"scenarioB","X_8","indep",0,0,NA,"SSL",0.0995370702823962,0.0995370702823962,200,97
"scenarioB","X_9","indep",0,0,NA,"SSL",0.117286793222403,0.117286793222403,200,97
"scenarioB","X_10","indep",0,0,NA,"SSL",-0.0679169797164691,-0.0679169797164691,200,97
"scenarioB","X_11","indep",0,0,NA,"SSL",-0.105982920276803,-0.105982920276803,200,97
"scenarioB","X_12","indep",0,0,NA,"SSL",0.143314502162363,0.143314502162363,200,97
"scenarioB","X_13","indep",0,0,NA,"SSL",-0.112270473200208,-0.112270473200208,200,97
"scenarioB","X_14","indep",0,0,NA,"SSL",-0.19112278155819,-0.19112278155819,200,97
"scenarioB","X_15","indep",0,0,NA,"SSL",0,0,200,97
"scenarioB","X_16","indep",0,0,NA,"SSL",0,0,200,97
"scenarioB","X_17","indep",0,0,NA,"SSL",0,0,200,97
"scenarioB","X_18","weak",0.3,0,NA,"SSL",0.0308343178496114,0.0308343178496114,200,97
"scenarioB","X_19","weak",0.3,0,NA,"SSL",0,0,200,97
"scenarioB","X_20","weak",0.3,0,NA,"SSL",0.21606391656255,0.21606391656255,200,97
"scenarioB","X_21","weak",0.3,0,NA,"SSL",0,0,200,97
"scenarioB","X_22","strong",0.6,0,NA,"SSL",0,0,200,97
"scenarioB","X_23","strong",0.6,0,NA,"SSL",0,0,200,97
"scenarioB","X_24","strong",0.6,0,NA,"SSL",0,0,200,97
"scenarioB","X_25","strong",0.6,0,NA,"SSL",0,0,200,97
"scenarioB","X_1","strong",0.6,0.4,0.517223555326385,"LASSO",0.131486625494669,-0.268513374505331,200,97
"scenarioB","X_2","strong",0.6,-0.5,-0.783634173467918,"LASSO",-0.279970291111663,0.220029708888337,200,97
"scenarioB","X_3","weak",0.3,0.6,0.659216694804798,"LASSO",0.401681238822686,-0.198318761177314,200,97
"scenarioB","X_4","weak",0.3,0.75,0.687796743301482,"LASSO",0.389489230363508,-0.360510769636492,200,97
"scenarioB","X_5","indep",0,-0.8,-0.794155052634564,"LASSO",-0.538879860373519,0.261120139626481,200,97
"scenarioB","X_6","indep",0,0,NA,"LASSO",0,0,200,97
"scenarioB","X_7","indep",0,0,NA,"LASSO",0,0,200,97
"scenarioB","X_8","indep",0,0,NA,"LASSO",0,0,200,97
"scenarioB","X_9","indep",0,0,NA,"LASSO",0,0,200,97
"scenarioB","X_10","indep",0,0,NA,"LASSO",-0.068971391975042,-0.068971391975042,200,97
"scenarioB","X_11","indep",0,0,NA,"LASSO",0,0,200,97
"scenarioB","X_12","indep",0,0,NA,"LASSO",0,0,200,97
"scenarioB","X_13","indep",0,0,NA,"LASSO",0,0,200,97
"scenarioB","X_14","indep",0,0,NA,"LASSO",-0.0496738400812806,-0.0496738400812806,200,97
"scenarioB","X_15","indep",0,0,NA,"LASSO",0,0,200,97
"scenarioB","X_16","indep",0,0,NA,"LASSO",0,0,200,97
"scenarioB","X_17","indep",0,0,NA,"LASSO",0,0,200,97
"scenarioB","X_18","weak",0.3,0,NA,"LASSO",0.0504180470364603,0.0504180470364603,200,97
"scenarioB","X_19","weak",0.3,0,NA,"LASSO",0,0,200,97
"scenarioB","X_20","weak",0.3,0,NA,"LASSO",0.146753529534831,0.146753529534831,200,97
"scenarioB","X_21","weak",0.3,0,NA,"LASSO",0,0,200,97
"scenarioB","X_22","strong",0.6,0,NA,"LASSO",0,0,200,97
"scenarioB","X_23","strong",0.6,0,NA,"LASSO",0,0,200,97
"scenarioB","X_24","strong",0.6,0,NA,"LASSO",0,0,200,97
"scenarioB","X_25","strong",0.6,0,NA,"LASSO",0,0,200,97
"scenarioB","X_1","strong",0.6,0.4,0.786549712990712,"SSL",0.712304068008238,0.312304068008238,200,98
"scenarioB","X_2","strong",0.6,-0.5,-0.79803010450962,"SSL",-0.695790796808835,-0.195790796808835,200,98
"scenarioB","X_3","weak",0.3,0.6,0.735044392694233,"SSL",0.722371035046049,0.122371035046049,200,98
"scenarioB","X_4","weak",0.3,0.75,1.1139645265412,"SSL",1.07243398668612,0.322433986686118,200,98
"scenarioB","X_5","indep",0,-0.8,-0.931769089804841,"SSL",-0.892610786274611,-0.0926107862746114,200,98
"scenarioB","X_6","indep",0,0,NA,"SSL",-0.133603300051342,-0.133603300051342,200,98
"scenarioB","X_7","indep",0,0,NA,"SSL",0,0,200,98
"scenarioB","X_8","indep",0,0,NA,"SSL",0,0,200,98
"scenarioB","X_9","indep",0,0,NA,"SSL",0,0,200,98
"scenarioB","X_10","indep",0,0,NA,"SSL",0,0,200,98
"scenarioB","X_11","indep",0,0,NA,"SSL",-0.171365821890014,-0.171365821890014,200,98
"scenarioB","X_12","indep",0,0,NA,"SSL",-0.111070887216781,-0.111070887216781,200,98
"scenarioB","X_13","indep",0,0,NA,"SSL",0,0,200,98
"scenarioB","X_14","indep",0,0,NA,"SSL",0,0,200,98
"scenarioB","X_15","indep",0,0,NA,"SSL",0,0,200,98
"scenarioB","X_16","indep",0,0,NA,"SSL",0,0,200,98
"scenarioB","X_17","indep",0,0,NA,"SSL",0,0,200,98
"scenarioB","X_18","weak",0.3,0,NA,"SSL",0.0830095648234158,0.0830095648234158,200,98
"scenarioB","X_19","weak",0.3,0,NA,"SSL",0,0,200,98
"scenarioB","X_20","weak",0.3,0,NA,"SSL",0,0,200,98
"scenarioB","X_21","weak",0.3,0,NA,"SSL",0,0,200,98
"scenarioB","X_22","strong",0.6,0,NA,"SSL",0,0,200,98
"scenarioB","X_23","strong",0.6,0,NA,"SSL",0,0,200,98
"scenarioB","X_24","strong",0.6,0,NA,"SSL",0,0,200,98
"scenarioB","X_25","strong",0.6,0,NA,"SSL",0,0,200,98
"scenarioB","X_1","strong",0.6,0.4,0.786549712990712,"LASSO",0.417633537247743,0.0176335372477426,200,98
"scenarioB","X_2","strong",0.6,-0.5,-0.79803010450962,"LASSO",-0.368782373345398,0.131217626654602,200,98
"scenarioB","X_3","weak",0.3,0.6,0.735044392694233,"LASSO",0.529587106666578,-0.0704128933334217,200,98
"scenarioB","X_4","weak",0.3,0.75,1.1139645265412,"LASSO",0.888111545140855,0.138111545140855,200,98
"scenarioB","X_5","indep",0,-0.8,-0.931769089804841,"LASSO",-0.693012414785724,0.106987585214276,200,98
"scenarioB","X_6","indep",0,0,NA,"LASSO",-0.0743496452235609,-0.0743496452235609,200,98
"scenarioB","X_7","indep",0,0,NA,"LASSO",0,0,200,98
"scenarioB","X_8","indep",0,0,NA,"LASSO",0,0,200,98
"scenarioB","X_9","indep",0,0,NA,"LASSO",0,0,200,98
"scenarioB","X_10","indep",0,0,NA,"LASSO",0,0,200,98
"scenarioB","X_11","indep",0,0,NA,"LASSO",-0.0807336646516386,-0.0807336646516386,200,98
"scenarioB","X_12","indep",0,0,NA,"LASSO",-0.0453571010432463,-0.0453571010432463,200,98
"scenarioB","X_13","indep",0,0,NA,"LASSO",0.0106745383672147,0.0106745383672147,200,98
"scenarioB","X_14","indep",0,0,NA,"LASSO",0.0255358267400555,0.0255358267400555,200,98
"scenarioB","X_15","indep",0,0,NA,"LASSO",0,0,200,98
"scenarioB","X_16","indep",0,0,NA,"LASSO",0,0,200,98
"scenarioB","X_17","indep",0,0,NA,"LASSO",0,0,200,98
"scenarioB","X_18","weak",0.3,0,NA,"LASSO",0.0358455560138896,0.0358455560138896,200,98
"scenarioB","X_19","weak",0.3,0,NA,"LASSO",0,0,200,98
"scenarioB","X_20","weak",0.3,0,NA,"LASSO",0,0,200,98
"scenarioB","X_21","weak",0.3,0,NA,"LASSO",0,0,200,98
"scenarioB","X_22","strong",0.6,0,NA,"LASSO",0,0,200,98
"scenarioB","X_23","strong",0.6,0,NA,"LASSO",0,0,200,98
"scenarioB","X_24","strong",0.6,0,NA,"LASSO",0,0,200,98
"scenarioB","X_25","strong",0.6,0,NA,"LASSO",0,0,200,98
"scenarioB","X_1","strong",0.6,0.4,0.465852294259437,"SSL",0.419869505259883,0.0198695052598832,200,99
"scenarioB","X_2","strong",0.6,-0.5,-0.634919406071689,"SSL",-0.576821508104622,-0.0768215081046215,200,99
"scenarioB","X_3","weak",0.3,0.6,0.61283784340809,"SSL",0.590699648078485,-0.00930035192151535,200,99
"scenarioB","X_4","weak",0.3,0.75,0.680898525664237,"SSL",0.641063797434961,-0.108936202565039,200,99
"scenarioB","X_5","indep",0,-0.8,-0.813567260484226,"SSL",-0.782291521139838,0.0177084788601624,200,99
"scenarioB","X_6","indep",0,0,NA,"SSL",0,0,200,99
"scenarioB","X_7","indep",0,0,NA,"SSL",0,0,200,99
"scenarioB","X_8","indep",0,0,NA,"SSL",0,0,200,99
"scenarioB","X_9","indep",0,0,NA,"SSL",0,0,200,99
"scenarioB","X_10","indep",0,0,NA,"SSL",0,0,200,99
"scenarioB","X_11","indep",0,0,NA,"SSL",0,0,200,99
"scenarioB","X_12","indep",0,0,NA,"SSL",0,0,200,99
"scenarioB","X_13","indep",0,0,NA,"SSL",0,0,200,99
"scenarioB","X_14","indep",0,0,NA,"SSL",0,0,200,99
"scenarioB","X_15","indep",0,0,NA,"SSL",0,0,200,99
"scenarioB","X_16","indep",0,0,NA,"SSL",0,0,200,99
"scenarioB","X_17","indep",0,0,NA,"SSL",0,0,200,99
"scenarioB","X_18","weak",0.3,0,NA,"SSL",0,0,200,99
"scenarioB","X_19","weak",0.3,0,NA,"SSL",0,0,200,99
"scenarioB","X_20","weak",0.3,0,NA,"SSL",0,0,200,99
"scenarioB","X_21","weak",0.3,0,NA,"SSL",0,0,200,99
"scenarioB","X_22","strong",0.6,0,NA,"SSL",0,0,200,99
"scenarioB","X_23","strong",0.6,0,NA,"SSL",0,0,200,99
"scenarioB","X_24","strong",0.6,0,NA,"SSL",0,0,200,99
"scenarioB","X_25","strong",0.6,0,NA,"SSL",0,0,200,99
"scenarioB","X_1","strong",0.6,0.4,0.465852294259437,"LASSO",0.153732339006054,-0.246267660993946,200,99
"scenarioB","X_2","strong",0.6,-0.5,-0.634919406071689,"LASSO",-0.390931174314855,0.109068825685145,200,99
"scenarioB","X_3","weak",0.3,0.6,0.61283784340809,"LASSO",0.47592821172671,-0.12407178827329,200,99
"scenarioB","X_4","weak",0.3,0.75,0.680898525664237,"LASSO",0.450239832796592,-0.299760167203408,200,99
"scenarioB","X_5","indep",0,-0.8,-0.813567260484226,"LASSO",-0.633725228946639,0.166274771053361,200,99
"scenarioB","X_6","indep",0,0,NA,"LASSO",0,0,200,99
"scenarioB","X_7","indep",0,0,NA,"LASSO",0,0,200,99
"scenarioB","X_8","indep",0,0,NA,"LASSO",0,0,200,99
"scenarioB","X_9","indep",0,0,NA,"LASSO",0,0,200,99
"scenarioB","X_10","indep",0,0,NA,"LASSO",0,0,200,99
"scenarioB","X_11","indep",0,0,NA,"LASSO",0,0,200,99
"scenarioB","X_12","indep",0,0,NA,"LASSO",0,0,200,99
"scenarioB","X_13","indep",0,0,NA,"LASSO",0,0,200,99
"scenarioB","X_14","indep",0,0,NA,"LASSO",0,0,200,99
"scenarioB","X_15","indep",0,0,NA,"LASSO",0,0,200,99
"scenarioB","X_16","indep",0,0,NA,"LASSO",0,0,200,99
"scenarioB","X_17","indep",0,0,NA,"LASSO",0.032801456099558,0.032801456099558,200,99
"scenarioB","X_18","weak",0.3,0,NA,"LASSO",0.088963627742136,0.088963627742136,200,99
"scenarioB","X_19","weak",0.3,0,NA,"LASSO",0,0,200,99
"scenarioB","X_20","weak",0.3,0,NA,"LASSO",0,0,200,99
"scenarioB","X_21","weak",0.3,0,NA,"LASSO",0,0,200,99
"scenarioB","X_22","strong",0.6,0,NA,"LASSO",0,0,200,99
"scenarioB","X_23","strong",0.6,0,NA,"LASSO",0,0,200,99
"scenarioB","X_24","strong",0.6,0,NA,"LASSO",0,0,200,99
"scenarioB","X_25","strong",0.6,0,NA,"LASSO",0.131485336144031,0.131485336144031,200,99
"scenarioB","X_1","strong",0.6,0.4,0.685601927270071,"SSL",0.584813460930227,0.184813460930227,200,100
"scenarioB","X_2","strong",0.6,-0.5,-0.692196050876571,"SSL",-0.67145961636303,-0.17145961636303,200,100
"scenarioB","X_3","weak",0.3,0.6,0.76723518519329,"SSL",0.81415327550313,0.21415327550313,200,100
"scenarioB","X_4","weak",0.3,0.75,0.761128310133247,"SSL",0.699449460501422,-0.0505505394985784,200,100
"scenarioB","X_5","indep",0,-0.8,-1.18425419188601,"SSL",-1.18173965668226,-0.381739656682257,200,100
"scenarioB","X_6","indep",0,0,NA,"SSL",0,0,200,100
"scenarioB","X_7","indep",0,0,NA,"SSL",0.0555435343663087,0.0555435343663087,200,100
"scenarioB","X_8","indep",0,0,NA,"SSL",-0.145078282267946,-0.145078282267946,200,100
"scenarioB","X_9","indep",0,0,NA,"SSL",0,0,200,100
"scenarioB","X_10","indep",0,0,NA,"SSL",-0.113548277578991,-0.113548277578991,200,100
"scenarioB","X_11","indep",0,0,NA,"SSL",0.0641329533899687,0.0641329533899687,200,100
"scenarioB","X_12","indep",0,0,NA,"SSL",0,0,200,100
"scenarioB","X_13","indep",0,0,NA,"SSL",-0.101325603185887,-0.101325603185887,200,100
"scenarioB","X_14","indep",0,0,NA,"SSL",0.21077049634043,0.21077049634043,200,100
"scenarioB","X_15","indep",0,0,NA,"SSL",0.0614334034648113,0.0614334034648113,200,100
"scenarioB","X_16","indep",0,0,NA,"SSL",0,0,200,100
"scenarioB","X_17","indep",0,0,NA,"SSL",0.0897080639647888,0.0897080639647888,200,100
"scenarioB","X_18","weak",0.3,0,NA,"SSL",-0.0552261862407789,-0.0552261862407789,200,100
"scenarioB","X_19","weak",0.3,0,NA,"SSL",-0.0722102724486842,-0.0722102724486842,200,100
"scenarioB","X_20","weak",0.3,0,NA,"SSL",0,0,200,100
"scenarioB","X_21","weak",0.3,0,NA,"SSL",0,0,200,100
"scenarioB","X_22","strong",0.6,0,NA,"SSL",0,0,200,100
"scenarioB","X_23","strong",0.6,0,NA,"SSL",0.192595807750265,0.192595807750265,200,100
"scenarioB","X_24","strong",0.6,0,NA,"SSL",0,0,200,100
"scenarioB","X_25","strong",0.6,0,NA,"SSL",0,0,200,100
"scenarioB","X_1","strong",0.6,0.4,0.685601927270071,"LASSO",0.260003840431258,-0.139996159568743,200,100
"scenarioB","X_2","strong",0.6,-0.5,-0.692196050876571,"LASSO",-0.210721981556666,0.289278018443334,200,100
"scenarioB","X_3","weak",0.3,0.6,0.76723518519329,"LASSO",0.482167797446539,-0.117832202553461,200,100
"scenarioB","X_4","weak",0.3,0.75,0.761128310133247,"LASSO",0.512366768216706,-0.237633231783294,200,100
"scenarioB","X_5","indep",0,-0.8,-1.18425419188601,"LASSO",-0.856295645065189,-0.0562956450651894,200,100
"scenarioB","X_6","indep",0,0,NA,"LASSO",0,0,200,100
"scenarioB","X_7","indep",0,0,NA,"LASSO",0.00466086919227639,0.00466086919227639,200,100
"scenarioB","X_8","indep",0,0,NA,"LASSO",0,0,200,100
"scenarioB","X_9","indep",0,0,NA,"LASSO",0,0,200,100
"scenarioB","X_10","indep",0,0,NA,"LASSO",-0.038174724095621,-0.038174724095621,200,100
"scenarioB","X_11","indep",0,0,NA,"LASSO",0,0,200,100
"scenarioB","X_12","indep",0,0,NA,"LASSO",0,0,200,100
"scenarioB","X_13","indep",0,0,NA,"LASSO",0,0,200,100
"scenarioB","X_14","indep",0,0,NA,"LASSO",0.0508421419845997,0.0508421419845997,200,100
"scenarioB","X_15","indep",0,0,NA,"LASSO",0,0,200,100
"scenarioB","X_16","indep",0,0,NA,"LASSO",0,0,200,100
"scenarioB","X_17","indep",0,0,NA,"LASSO",0,0,200,100
"scenarioB","X_18","weak",0.3,0,NA,"LASSO",0,0,200,100
"scenarioB","X_19","weak",0.3,0,NA,"LASSO",0,0,200,100
"scenarioB","X_20","weak",0.3,0,NA,"LASSO",0,0,200,100
"scenarioB","X_21","weak",0.3,0,NA,"LASSO",0,0,200,100
"scenarioB","X_22","strong",0.6,0,NA,"LASSO",0,0,200,100
"scenarioB","X_23","strong",0.6,0,NA,"LASSO",0,0,200,100
"scenarioB","X_24","strong",0.6,0,NA,"LASSO",0,0,200,100
"scenarioB","X_25","strong",0.6,0,NA,"LASSO",0,0,200,100
"scenarioB","X_1","strong",0.6,0.4,0.395329485621355,"SSL",0,-0.4,200,101
"scenarioB","X_2","strong",0.6,-0.5,-0.563073519816883,"SSL",-0.310707547704017,0.189292452295983,200,101
"scenarioB","X_3","weak",0.3,0.6,0.612371700134587,"SSL",0.546437173068859,-0.0535628269311413,200,101
"scenarioB","X_4","weak",0.3,0.75,0.842654747466013,"SSL",0.739122581715507,-0.0108774182844933,200,101
"scenarioB","X_5","indep",0,-0.8,-0.779010827815979,"SSL",-0.642855102704805,0.157144897295195,200,101
"scenarioB","X_6","indep",0,0,NA,"SSL",0,0,200,101
"scenarioB","X_7","indep",0,0,NA,"SSL",0,0,200,101
"scenarioB","X_8","indep",0,0,NA,"SSL",0,0,200,101
"scenarioB","X_9","indep",0,0,NA,"SSL",0,0,200,101
"scenarioB","X_10","indep",0,0,NA,"SSL",0,0,200,101
"scenarioB","X_11","indep",0,0,NA,"SSL",0,0,200,101
"scenarioB","X_12","indep",0,0,NA,"SSL",0,0,200,101
"scenarioB","X_13","indep",0,0,NA,"SSL",0,0,200,101
"scenarioB","X_14","indep",0,0,NA,"SSL",0,0,200,101
"scenarioB","X_15","indep",0,0,NA,"SSL",0,0,200,101
"scenarioB","X_16","indep",0,0,NA,"SSL",0,0,200,101
"scenarioB","X_17","indep",0,0,NA,"SSL",0,0,200,101
"scenarioB","X_18","weak",0.3,0,NA,"SSL",0,0,200,101
"scenarioB","X_19","weak",0.3,0,NA,"SSL",0,0,200,101
"scenarioB","X_20","weak",0.3,0,NA,"SSL",0,0,200,101
"scenarioB","X_21","weak",0.3,0,NA,"SSL",0,0,200,101
"scenarioB","X_22","strong",0.6,0,NA,"SSL",0,0,200,101
"scenarioB","X_23","strong",0.6,0,NA,"SSL",0,0,200,101
"scenarioB","X_24","strong",0.6,0,NA,"SSL",0,0,200,101
"scenarioB","X_25","strong",0.6,0,NA,"SSL",0,0,200,101
"scenarioB","X_1","strong",0.6,0.4,0.395329485621355,"LASSO",0,-0.4,200,101
"scenarioB","X_2","strong",0.6,-0.5,-0.563073519816883,"LASSO",-0.158521060261187,0.341478939738813,200,101
"scenarioB","X_3","weak",0.3,0.6,0.612371700134587,"LASSO",0.440214091218862,-0.159785908781138,200,101
"scenarioB","X_4","weak",0.3,0.75,0.842654747466013,"LASSO",0.559481699375323,-0.190518300624677,200,101
"scenarioB","X_5","indep",0,-0.8,-0.779010827815979,"LASSO",-0.464813767761001,0.335186232238999,200,101
"scenarioB","X_6","indep",0,0,NA,"LASSO",0,0,200,101
"scenarioB","X_7","indep",0,0,NA,"LASSO",0,0,200,101
"scenarioB","X_8","indep",0,0,NA,"LASSO",0,0,200,101
"scenarioB","X_9","indep",0,0,NA,"LASSO",0,0,200,101
"scenarioB","X_10","indep",0,0,NA,"LASSO",0,0,200,101
"scenarioB","X_11","indep",0,0,NA,"LASSO",-0.0333525642008948,-0.0333525642008948,200,101
"scenarioB","X_12","indep",0,0,NA,"LASSO",0,0,200,101
"scenarioB","X_13","indep",0,0,NA,"LASSO",0,0,200,101
"scenarioB","X_14","indep",0,0,NA,"LASSO",0,0,200,101
"scenarioB","X_15","indep",0,0,NA,"LASSO",0,0,200,101
"scenarioB","X_16","indep",0,0,NA,"LASSO",0,0,200,101
"scenarioB","X_17","indep",0,0,NA,"LASSO",0,0,200,101
"scenarioB","X_18","weak",0.3,0,NA,"LASSO",0,0,200,101
"scenarioB","X_19","weak",0.3,0,NA,"LASSO",0,0,200,101
"scenarioB","X_20","weak",0.3,0,NA,"LASSO",0,0,200,101
"scenarioB","X_21","weak",0.3,0,NA,"LASSO",0,0,200,101
"scenarioB","X_22","strong",0.6,0,NA,"LASSO",0,0,200,101
"scenarioB","X_23","strong",0.6,0,NA,"LASSO",0,0,200,101
"scenarioB","X_24","strong",0.6,0,NA,"LASSO",0,0,200,101
"scenarioB","X_25","strong",0.6,0,NA,"LASSO",0,0,200,101
"scenarioB","X_1","strong",0.6,0.4,0.372494730130884,"SSL",0.345061208823981,-0.0549387911760191,200,102
"scenarioB","X_2","strong",0.6,-0.5,-0.560961560107013,"SSL",-0.59660135724821,-0.09660135724821,200,102
"scenarioB","X_3","weak",0.3,0.6,0.624902575921103,"SSL",0.663429905733926,0.0634299057339264,200,102
"scenarioB","X_4","weak",0.3,0.75,0.99023439300315,"SSL",0.958027436121294,0.208027436121294,200,102
"scenarioB","X_5","indep",0,-0.8,-1.01236114713504,"SSL",-1.00604808320525,-0.206048083205248,200,102
"scenarioB","X_6","indep",0,0,NA,"SSL",-0.0583185653182461,-0.0583185653182461,200,102
"scenarioB","X_7","indep",0,0,NA,"SSL",0.0870101420360813,0.0870101420360813,200,102
"scenarioB","X_8","indep",0,0,NA,"SSL",0,0,200,102
"scenarioB","X_9","indep",0,0,NA,"SSL",0,0,200,102
"scenarioB","X_10","indep",0,0,NA,"SSL",0.0633155042445752,0.0633155042445752,200,102
"scenarioB","X_11","indep",0,0,NA,"SSL",0.0995231353369814,0.0995231353369814,200,102
"scenarioB","X_12","indep",0,0,NA,"SSL",0.24225963734372,0.24225963734372,200,102
"scenarioB","X_13","indep",0,0,NA,"SSL",-0.0886614005073481,-0.0886614005073481,200,102
"scenarioB","X_14","indep",0,0,NA,"SSL",0,0,200,102
"scenarioB","X_15","indep",0,0,NA,"SSL",0,0,200,102
"scenarioB","X_16","indep",0,0,NA,"SSL",0,0,200,102
"scenarioB","X_17","indep",0,0,NA,"SSL",0.124136284307011,0.124136284307011,200,102
"scenarioB","X_18","weak",0.3,0,NA,"SSL",0.122615478865285,0.122615478865285,200,102
"scenarioB","X_19","weak",0.3,0,NA,"SSL",0.0248422628773217,0.0248422628773217,200,102
"scenarioB","X_20","weak",0.3,0,NA,"SSL",-0.164028235971528,-0.164028235971528,200,102
"scenarioB","X_21","weak",0.3,0,NA,"SSL",0.0813570450103111,0.0813570450103111,200,102
"scenarioB","X_22","strong",0.6,0,NA,"SSL",-0.180496909079968,-0.180496909079968,200,102
"scenarioB","X_23","strong",0.6,0,NA,"SSL",-0.0878393602523354,-0.0878393602523354,200,102
"scenarioB","X_24","strong",0.6,0,NA,"SSL",0.31239843459881,0.31239843459881,200,102
"scenarioB","X_25","strong",0.6,0,NA,"SSL",0,0,200,102
"scenarioB","X_1","strong",0.6,0.4,0.372494730130884,"LASSO",0,-0.4,200,102
"scenarioB","X_2","strong",0.6,-0.5,-0.560961560107013,"LASSO",-0.123438288667669,0.376561711332331,200,102
"scenarioB","X_3","weak",0.3,0.6,0.624902575921103,"LASSO",0.315845457291913,-0.284154542708087,200,102
"scenarioB","X_4","weak",0.3,0.75,0.99023439300315,"LASSO",0.706516536007965,-0.0434834639920351,200,102
"scenarioB","X_5","indep",0,-0.8,-1.01236114713504,"LASSO",-0.616492361004015,0.183507638995985,200,102
"scenarioB","X_6","indep",0,0,NA,"LASSO",0,0,200,102
"scenarioB","X_7","indep",0,0,NA,"LASSO",0,0,200,102
"scenarioB","X_8","indep",0,0,NA,"LASSO",0,0,200,102
"scenarioB","X_9","indep",0,0,NA,"LASSO",0,0,200,102
"scenarioB","X_10","indep",0,0,NA,"LASSO",0,0,200,102
"scenarioB","X_11","indep",0,0,NA,"LASSO",0,0,200,102
"scenarioB","X_12","indep",0,0,NA,"LASSO",0,0,200,102
"scenarioB","X_13","indep",0,0,NA,"LASSO",0,0,200,102
"scenarioB","X_14","indep",0,0,NA,"LASSO",0,0,200,102
"scenarioB","X_15","indep",0,0,NA,"LASSO",0,0,200,102
"scenarioB","X_16","indep",0,0,NA,"LASSO",0,0,200,102
"scenarioB","X_17","indep",0,0,NA,"LASSO",0,0,200,102
"scenarioB","X_18","weak",0.3,0,NA,"LASSO",0,0,200,102
"scenarioB","X_19","weak",0.3,0,NA,"LASSO",0.0337976078816149,0.0337976078816149,200,102
"scenarioB","X_20","weak",0.3,0,NA,"LASSO",0,0,200,102
"scenarioB","X_21","weak",0.3,0,NA,"LASSO",0,0,200,102
"scenarioB","X_22","strong",0.6,0,NA,"LASSO",0,0,200,102
"scenarioB","X_23","strong",0.6,0,NA,"LASSO",0,0,200,102
"scenarioB","X_24","strong",0.6,0,NA,"LASSO",0,0,200,102
"scenarioB","X_25","strong",0.6,0,NA,"LASSO",0,0,200,102
"scenarioB","X_1","strong",0.6,0.4,0.492604636977089,"SSL",0.303483394636659,-0.0965166053633409,200,103
"scenarioB","X_2","strong",0.6,-0.5,-0.640156749732845,"SSL",-0.48808703571906,0.0119129642809397,200,103
"scenarioB","X_3","weak",0.3,0.6,0.650552409005409,"SSL",0.681801637904581,0.0818016379045812,200,103
"scenarioB","X_4","weak",0.3,0.75,0.685763241033543,"SSL",0.762455869722896,0.0124558697228964,200,103
"scenarioB","X_5","indep",0,-0.8,-0.861396776213442,"SSL",-0.790397592019863,0.00960240798013656,200,103
"scenarioB","X_6","indep",0,0,NA,"SSL",0.0625427572192523,0.0625427572192523,200,103
"scenarioB","X_7","indep",0,0,NA,"SSL",0.0799133974434784,0.0799133974434784,200,103
"scenarioB","X_8","indep",0,0,NA,"SSL",0,0,200,103
"scenarioB","X_9","indep",0,0,NA,"SSL",-0.0156717746775254,-0.0156717746775254,200,103
"scenarioB","X_10","indep",0,0,NA,"SSL",-0.053059017843774,-0.053059017843774,200,103
"scenarioB","X_11","indep",0,0,NA,"SSL",0.0800851310592375,0.0800851310592375,200,103
"scenarioB","X_12","indep",0,0,NA,"SSL",0,0,200,103
"scenarioB","X_13","indep",0,0,NA,"SSL",-0.108046280500944,-0.108046280500944,200,103
"scenarioB","X_14","indep",0,0,NA,"SSL",0.310509996217489,0.310509996217489,200,103
"scenarioB","X_15","indep",0,0,NA,"SSL",0.0465581367831402,0.0465581367831402,200,103
"scenarioB","X_16","indep",0,0,NA,"SSL",0,0,200,103
"scenarioB","X_17","indep",0,0,NA,"SSL",0.171036660606343,0.171036660606343,200,103
"scenarioB","X_18","weak",0.3,0,NA,"SSL",-0.125635665875465,-0.125635665875465,200,103
"scenarioB","X_19","weak",0.3,0,NA,"SSL",-0.0499489958780266,-0.0499489958780266,200,103
"scenarioB","X_20","weak",0.3,0,NA,"SSL",-0.154105357210121,-0.154105357210121,200,103
"scenarioB","X_21","weak",0.3,0,NA,"SSL",0,0,200,103
"scenarioB","X_22","strong",0.6,0,NA,"SSL",-0.0999294310407846,-0.0999294310407846,200,103
"scenarioB","X_23","strong",0.6,0,NA,"SSL",0,0,200,103
"scenarioB","X_24","strong",0.6,0,NA,"SSL",0,0,200,103
"scenarioB","X_25","strong",0.6,0,NA,"SSL",0.04160646922808,0.04160646922808,200,103
"scenarioB","X_1","strong",0.6,0.4,0.492604636977089,"LASSO",0.0907248192431364,-0.309275180756864,200,103
"scenarioB","X_2","strong",0.6,-0.5,-0.640156749732845,"LASSO",-0.211511421365201,0.288488578634799,200,103
"scenarioB","X_3","weak",0.3,0.6,0.650552409005409,"LASSO",0.45057147765936,-0.14942852234064,200,103
"scenarioB","X_4","weak",0.3,0.75,0.685763241033543,"LASSO",0.509056030529276,-0.240943969470724,200,103
"scenarioB","X_5","indep",0,-0.8,-0.861396776213442,"LASSO",-0.590111394155871,0.209888605844129,200,103
"scenarioB","X_6","indep",0,0,NA,"LASSO",0,0,200,103
"scenarioB","X_7","indep",0,0,NA,"LASSO",0,0,200,103
"scenarioB","X_8","indep",0,0,NA,"LASSO",0,0,200,103
"scenarioB","X_9","indep",0,0,NA,"LASSO",0,0,200,103
"scenarioB","X_10","indep",0,0,NA,"LASSO",0,0,200,103
"scenarioB","X_11","indep",0,0,NA,"LASSO",0,0,200,103
"scenarioB","X_12","indep",0,0,NA,"LASSO",0,0,200,103
"scenarioB","X_13","indep",0,0,NA,"LASSO",-0.0406507555187484,-0.0406507555187484,200,103
"scenarioB","X_14","indep",0,0,NA,"LASSO",0.173829932061283,0.173829932061283,200,103
"scenarioB","X_15","indep",0,0,NA,"LASSO",0,0,200,103
"scenarioB","X_16","indep",0,0,NA,"LASSO",0,0,200,103
"scenarioB","X_17","indep",0,0,NA,"LASSO",0.0773681820787046,0.0773681820787046,200,103
"scenarioB","X_18","weak",0.3,0,NA,"LASSO",0,0,200,103
"scenarioB","X_19","weak",0.3,0,NA,"LASSO",0,0,200,103
"scenarioB","X_20","weak",0.3,0,NA,"LASSO",0,0,200,103
"scenarioB","X_21","weak",0.3,0,NA,"LASSO",0,0,200,103
"scenarioB","X_22","strong",0.6,0,NA,"LASSO",0,0,200,103
"scenarioB","X_23","strong",0.6,0,NA,"LASSO",0,0,200,103
"scenarioB","X_24","strong",0.6,0,NA,"LASSO",0,0,200,103
"scenarioB","X_25","strong",0.6,0,NA,"LASSO",0,0,200,103
"scenarioB","X_1","strong",0.6,0.4,0.353584519376558,"SSL",0.120947275223827,-0.279052724776173,200,104
"scenarioB","X_2","strong",0.6,-0.5,-0.444929731002246,"SSL",-0.230010870418612,0.269989129581388,200,104
"scenarioB","X_3","weak",0.3,0.6,0.693866435724331,"SSL",0.537592395539853,-0.0624076044601474,200,104
"scenarioB","X_4","weak",0.3,0.75,0.81716810094273,"SSL",0.666261164670549,-0.0837388353294508,200,104
"scenarioB","X_5","indep",0,-0.8,-0.786006977030706,"SSL",-0.708366823527474,0.0916331764725258,200,104
"scenarioB","X_6","indep",0,0,NA,"SSL",-0.0626516763536101,-0.0626516763536101,200,104
"scenarioB","X_7","indep",0,0,NA,"SSL",0,0,200,104
"scenarioB","X_8","indep",0,0,NA,"SSL",0,0,200,104
"scenarioB","X_9","indep",0,0,NA,"SSL",0,0,200,104
"scenarioB","X_10","indep",0,0,NA,"SSL",0,0,200,104
"scenarioB","X_11","indep",0,0,NA,"SSL",-0.105891202904973,-0.105891202904973,200,104
"scenarioB","X_12","indep",0,0,NA,"SSL",0.0809994024170808,0.0809994024170808,200,104
"scenarioB","X_13","indep",0,0,NA,"SSL",-0.0597601110605807,-0.0597601110605807,200,104
"scenarioB","X_14","indep",0,0,NA,"SSL",0,0,200,104
"scenarioB","X_15","indep",0,0,NA,"SSL",-0.0652392008062794,-0.0652392008062794,200,104
"scenarioB","X_16","indep",0,0,NA,"SSL",0,0,200,104
"scenarioB","X_17","indep",0,0,NA,"SSL",-0.0572916455152456,-0.0572916455152456,200,104
"scenarioB","X_18","weak",0.3,0,NA,"SSL",0,0,200,104
"scenarioB","X_19","weak",0.3,0,NA,"SSL",0.205113406447508,0.205113406447508,200,104
"scenarioB","X_20","weak",0.3,0,NA,"SSL",0,0,200,104
"scenarioB","X_21","weak",0.3,0,NA,"SSL",0.0291543209165806,0.0291543209165806,200,104
"scenarioB","X_22","strong",0.6,0,NA,"SSL",0,0,200,104
"scenarioB","X_23","strong",0.6,0,NA,"SSL",0,0,200,104
"scenarioB","X_24","strong",0.6,0,NA,"SSL",0,0,200,104
"scenarioB","X_25","strong",0.6,0,NA,"SSL",0,0,200,104
"scenarioB","X_1","strong",0.6,0.4,0.353584519376558,"LASSO",0,-0.4,200,104
"scenarioB","X_2","strong",0.6,-0.5,-0.444929731002246,"LASSO",-0.0688506996809879,0.431149300319012,200,104
"scenarioB","X_3","weak",0.3,0.6,0.693866435724331,"LASSO",0.463990874386555,-0.136009125613445,200,104
"scenarioB","X_4","weak",0.3,0.75,0.81716810094273,"LASSO",0.520740990465982,-0.229259009534018,200,104
"scenarioB","X_5","indep",0,-0.8,-0.786006977030706,"LASSO",-0.537318782464673,0.262681217535327,200,104
"scenarioB","X_6","indep",0,0,NA,"LASSO",0,0,200,104
"scenarioB","X_7","indep",0,0,NA,"LASSO",0,0,200,104
"scenarioB","X_8","indep",0,0,NA,"LASSO",0,0,200,104
"scenarioB","X_9","indep",0,0,NA,"LASSO",0,0,200,104
"scenarioB","X_10","indep",0,0,NA,"LASSO",0,0,200,104
"scenarioB","X_11","indep",0,0,NA,"LASSO",-0.0399905721596802,-0.0399905721596802,200,104
"scenarioB","X_12","indep",0,0,NA,"LASSO",0,0,200,104
"scenarioB","X_13","indep",0,0,NA,"LASSO",0,0,200,104
"scenarioB","X_14","indep",0,0,NA,"LASSO",0,0,200,104
"scenarioB","X_15","indep",0,0,NA,"LASSO",0,0,200,104
"scenarioB","X_16","indep",0,0,NA,"LASSO",0,0,200,104
"scenarioB","X_17","indep",0,0,NA,"LASSO",0,0,200,104
"scenarioB","X_18","weak",0.3,0,NA,"LASSO",0,0,200,104
"scenarioB","X_19","weak",0.3,0,NA,"LASSO",0.147506177219477,0.147506177219477,200,104
"scenarioB","X_20","weak",0.3,0,NA,"LASSO",0,0,200,104
"scenarioB","X_21","weak",0.3,0,NA,"LASSO",0,0,200,104
"scenarioB","X_22","strong",0.6,0,NA,"LASSO",0,0,200,104
"scenarioB","X_23","strong",0.6,0,NA,"LASSO",0,0,200,104
"scenarioB","X_24","strong",0.6,0,NA,"LASSO",0,0,200,104
"scenarioB","X_25","strong",0.6,0,NA,"LASSO",0,0,200,104
"scenarioB","X_1","strong",0.6,0.4,0.354436080353135,"SSL",0,-0.4,200,105
"scenarioB","X_2","strong",0.6,-0.5,-0.507476080635884,"SSL",-0.131928497194467,0.368071502805533,200,105
"scenarioB","X_3","weak",0.3,0.6,0.75595359003926,"SSL",0.577291751923975,-0.0227082480760252,200,105
"scenarioB","X_4","weak",0.3,0.75,0.853776564111704,"SSL",0.781395870808703,0.0313958708087027,200,105
"scenarioB","X_5","indep",0,-0.8,-0.85395425045175,"SSL",-0.785655277786264,0.0143447222137361,200,105
"scenarioB","X_6","indep",0,0,NA,"SSL",0,0,200,105
"scenarioB","X_7","indep",0,0,NA,"SSL",0.166272343581287,0.166272343581287,200,105
"scenarioB","X_8","indep",0,0,NA,"SSL",0,0,200,105
"scenarioB","X_9","indep",0,0,NA,"SSL",0,0,200,105
"scenarioB","X_10","indep",0,0,NA,"SSL",0.190877292381687,0.190877292381687,200,105
"scenarioB","X_11","indep",0,0,NA,"SSL",0,0,200,105
"scenarioB","X_12","indep",0,0,NA,"SSL",0.117536020509573,0.117536020509573,200,105
"scenarioB","X_13","indep",0,0,NA,"SSL",0,0,200,105
"scenarioB","X_14","indep",0,0,NA,"SSL",0,0,200,105
"scenarioB","X_15","indep",0,0,NA,"SSL",0,0,200,105
"scenarioB","X_16","indep",0,0,NA,"SSL",0,0,200,105
"scenarioB","X_17","indep",0,0,NA,"SSL",0,0,200,105
"scenarioB","X_18","weak",0.3,0,NA,"SSL",0,0,200,105
"scenarioB","X_19","weak",0.3,0,NA,"SSL",0,0,200,105
"scenarioB","X_20","weak",0.3,0,NA,"SSL",0,0,200,105
"scenarioB","X_21","weak",0.3,0,NA,"SSL",0,0,200,105
"scenarioB","X_22","strong",0.6,0,NA,"SSL",0,0,200,105
"scenarioB","X_23","strong",0.6,0,NA,"SSL",0,0,200,105
"scenarioB","X_24","strong",0.6,0,NA,"SSL",0,0,200,105
"scenarioB","X_25","strong",0.6,0,NA,"SSL",0,0,200,105
"scenarioB","X_1","strong",0.6,0.4,0.354436080353135,"LASSO",0,-0.4,200,105
"scenarioB","X_2","strong",0.6,-0.5,-0.507476080635884,"LASSO",0,0.5,200,105
"scenarioB","X_3","weak",0.3,0.6,0.75595359003926,"LASSO",0.395687344652315,-0.204312655347685,200,105
"scenarioB","X_4","weak",0.3,0.75,0.853776564111704,"LASSO",0.55590352615828,-0.19409647384172,200,105
"scenarioB","X_5","indep",0,-0.8,-0.85395425045175,"LASSO",-0.573876660293865,0.226123339706135,200,105
"scenarioB","X_6","indep",0,0,NA,"LASSO",0,0,200,105
"scenarioB","X_7","indep",0,0,NA,"LASSO",0,0,200,105
"scenarioB","X_8","indep",0,0,NA,"LASSO",0,0,200,105
"scenarioB","X_9","indep",0,0,NA,"LASSO",0,0,200,105
"scenarioB","X_10","indep",0,0,NA,"LASSO",0.0516271157975679,0.0516271157975679,200,105
"scenarioB","X_11","indep",0,0,NA,"LASSO",0,0,200,105
"scenarioB","X_12","indep",0,0,NA,"LASSO",0,0,200,105
"scenarioB","X_13","indep",0,0,NA,"LASSO",0,0,200,105
"scenarioB","X_14","indep",0,0,NA,"LASSO",0,0,200,105
"scenarioB","X_15","indep",0,0,NA,"LASSO",0,0,200,105
"scenarioB","X_16","indep",0,0,NA,"LASSO",0,0,200,105
"scenarioB","X_17","indep",0,0,NA,"LASSO",0,0,200,105
"scenarioB","X_18","weak",0.3,0,NA,"LASSO",0,0,200,105
"scenarioB","X_19","weak",0.3,0,NA,"LASSO",0,0,200,105
"scenarioB","X_20","weak",0.3,0,NA,"LASSO",0,0,200,105
"scenarioB","X_21","weak",0.3,0,NA,"LASSO",0,0,200,105
"scenarioB","X_22","strong",0.6,0,NA,"LASSO",0,0,200,105
"scenarioB","X_23","strong",0.6,0,NA,"LASSO",0,0,200,105
"scenarioB","X_24","strong",0.6,0,NA,"LASSO",0,0,200,105
"scenarioB","X_25","strong",0.6,0,NA,"LASSO",0,0,200,105
"scenarioB","X_1","strong",0.6,0.4,0.258364372498028,"SSL",0,-0.4,200,106
"scenarioB","X_2","strong",0.6,-0.5,-0.571734332871885,"SSL",-0.420328561897291,0.0796714381027092,200,106
"scenarioB","X_3","weak",0.3,0.6,0.49317108872796,"SSL",0.421113454840834,-0.178886545159166,200,106
"scenarioB","X_4","weak",0.3,0.75,0.746750353289571,"SSL",0.627163067194332,-0.122836932805668,200,106
"scenarioB","X_5","indep",0,-0.8,-0.816641849568289,"SSL",-0.682526631486632,0.117473368513368,200,106
"scenarioB","X_6","indep",0,0,NA,"SSL",0,0,200,106
"scenarioB","X_7","indep",0,0,NA,"SSL",0,0,200,106
"scenarioB","X_8","indep",0,0,NA,"SSL",0,0,200,106
"scenarioB","X_9","indep",0,0,NA,"SSL",0,0,200,106
"scenarioB","X_10","indep",0,0,NA,"SSL",0,0,200,106
"scenarioB","X_11","indep",0,0,NA,"SSL",0,0,200,106
"scenarioB","X_12","indep",0,0,NA,"SSL",0,0,200,106
"scenarioB","X_13","indep",0,0,NA,"SSL",0,0,200,106
"scenarioB","X_14","indep",0,0,NA,"SSL",0,0,200,106
"scenarioB","X_15","indep",0,0,NA,"SSL",0,0,200,106
"scenarioB","X_16","indep",0,0,NA,"SSL",0,0,200,106
"scenarioB","X_17","indep",0,0,NA,"SSL",0,0,200,106
"scenarioB","X_18","weak",0.3,0,NA,"SSL",0,0,200,106
"scenarioB","X_19","weak",0.3,0,NA,"SSL",0,0,200,106
"scenarioB","X_20","weak",0.3,0,NA,"SSL",0,0,200,106
"scenarioB","X_21","weak",0.3,0,NA,"SSL",0,0,200,106
"scenarioB","X_22","strong",0.6,0,NA,"SSL",0,0,200,106
"scenarioB","X_23","strong",0.6,0,NA,"SSL",0,0,200,106
"scenarioB","X_24","strong",0.6,0,NA,"SSL",0,0,200,106
"scenarioB","X_25","strong",0.6,0,NA,"SSL",0,0,200,106
"scenarioB","X_1","strong",0.6,0.4,0.258364372498028,"LASSO",0,-0.4,200,106
"scenarioB","X_2","strong",0.6,-0.5,-0.571734332871885,"LASSO",-0.277510016478071,0.222489983521929,200,106
"scenarioB","X_3","weak",0.3,0.6,0.49317108872796,"LASSO",0.279636559132477,-0.320363440867523,200,106
"scenarioB","X_4","weak",0.3,0.75,0.746750353289571,"LASSO",0.463833776668062,-0.286166223331938,200,106
"scenarioB","X_5","indep",0,-0.8,-0.816641849568289,"LASSO",-0.539587086598827,0.260412913401173,200,106
"scenarioB","X_6","indep",0,0,NA,"LASSO",0,0,200,106
"scenarioB","X_7","indep",0,0,NA,"LASSO",0,0,200,106
"scenarioB","X_8","indep",0,0,NA,"LASSO",0,0,200,106
"scenarioB","X_9","indep",0,0,NA,"LASSO",0,0,200,106
"scenarioB","X_10","indep",0,0,NA,"LASSO",0,0,200,106
"scenarioB","X_11","indep",0,0,NA,"LASSO",0,0,200,106
"scenarioB","X_12","indep",0,0,NA,"LASSO",0,0,200,106
"scenarioB","X_13","indep",0,0,NA,"LASSO",0,0,200,106
"scenarioB","X_14","indep",0,0,NA,"LASSO",0,0,200,106
"scenarioB","X_15","indep",0,0,NA,"LASSO",0,0,200,106
"scenarioB","X_16","indep",0,0,NA,"LASSO",0,0,200,106
"scenarioB","X_17","indep",0,0,NA,"LASSO",0,0,200,106
"scenarioB","X_18","weak",0.3,0,NA,"LASSO",0,0,200,106
"scenarioB","X_19","weak",0.3,0,NA,"LASSO",0,0,200,106
"scenarioB","X_20","weak",0.3,0,NA,"LASSO",0,0,200,106
"scenarioB","X_21","weak",0.3,0,NA,"LASSO",0.0816414357503188,0.0816414357503188,200,106
"scenarioB","X_22","strong",0.6,0,NA,"LASSO",0,0,200,106
"scenarioB","X_23","strong",0.6,0,NA,"LASSO",0,0,200,106
"scenarioB","X_24","strong",0.6,0,NA,"LASSO",-0.0790806923363118,-0.0790806923363118,200,106
"scenarioB","X_25","strong",0.6,0,NA,"LASSO",-0.0379985718524921,-0.0379985718524921,200,106
"scenarioB","X_1","strong",0.6,0.4,0.376962733661728,"SSL",0,-0.4,200,107
"scenarioB","X_2","strong",0.6,-0.5,-0.639131684935701,"SSL",-0.535431672658559,-0.0354316726585591,200,107
"scenarioB","X_3","weak",0.3,0.6,0.598918040465893,"SSL",0.494213470684601,-0.105786529315399,200,107
"scenarioB","X_4","weak",0.3,0.75,0.703107224120138,"SSL",0.647879395857383,-0.102120604142617,200,107
"scenarioB","X_5","indep",0,-0.8,-0.784220542078383,"SSL",-0.658323876747488,0.141676123252512,200,107
"scenarioB","X_6","indep",0,0,NA,"SSL",0,0,200,107
"scenarioB","X_7","indep",0,0,NA,"SSL",0.154461849853003,0.154461849853003,200,107
"scenarioB","X_8","indep",0,0,NA,"SSL",0,0,200,107
"scenarioB","X_9","indep",0,0,NA,"SSL",0,0,200,107
"scenarioB","X_10","indep",0,0,NA,"SSL",0,0,200,107
"scenarioB","X_11","indep",0,0,NA,"SSL",0,0,200,107
"scenarioB","X_12","indep",0,0,NA,"SSL",0,0,200,107
"scenarioB","X_13","indep",0,0,NA,"SSL",0,0,200,107
"scenarioB","X_14","indep",0,0,NA,"SSL",0,0,200,107
"scenarioB","X_15","indep",0,0,NA,"SSL",0,0,200,107
"scenarioB","X_16","indep",0,0,NA,"SSL",0,0,200,107
"scenarioB","X_17","indep",0,0,NA,"SSL",0,0,200,107
"scenarioB","X_18","weak",0.3,0,NA,"SSL",0,0,200,107
"scenarioB","X_19","weak",0.3,0,NA,"SSL",0,0,200,107
"scenarioB","X_20","weak",0.3,0,NA,"SSL",0,0,200,107
"scenarioB","X_21","weak",0.3,0,NA,"SSL",0,0,200,107
"scenarioB","X_22","strong",0.6,0,NA,"SSL",0,0,200,107
"scenarioB","X_23","strong",0.6,0,NA,"SSL",0,0,200,107
"scenarioB","X_24","strong",0.6,0,NA,"SSL",0,0,200,107
"scenarioB","X_25","strong",0.6,0,NA,"SSL",0.280730606984322,0.280730606984322,200,107
"scenarioB","X_1","strong",0.6,0.4,0.376962733661728,"LASSO",0,-0.4,200,107
"scenarioB","X_2","strong",0.6,-0.5,-0.639131684935701,"LASSO",-0.294399656475246,0.205600343524754,200,107
"scenarioB","X_3","weak",0.3,0.6,0.598918040465893,"LASSO",0.351074752533787,-0.248925247466213,200,107
"scenarioB","X_4","weak",0.3,0.75,0.703107224120138,"LASSO",0.519029974118287,-0.230970025881713,200,107
"scenarioB","X_5","indep",0,-0.8,-0.784220542078383,"LASSO",-0.507450512947482,0.292549487052518,200,107
"scenarioB","X_6","indep",0,0,NA,"LASSO",0,0,200,107
"scenarioB","X_7","indep",0,0,NA,"LASSO",0.0821602627702143,0.0821602627702143,200,107
"scenarioB","X_8","indep",0,0,NA,"LASSO",0,0,200,107
"scenarioB","X_9","indep",0,0,NA,"LASSO",0,0,200,107
"scenarioB","X_10","indep",0,0,NA,"LASSO",0,0,200,107
"scenarioB","X_11","indep",0,0,NA,"LASSO",0,0,200,107
"scenarioB","X_12","indep",0,0,NA,"LASSO",0,0,200,107
"scenarioB","X_13","indep",0,0,NA,"LASSO",0,0,200,107
"scenarioB","X_14","indep",0,0,NA,"LASSO",0,0,200,107
"scenarioB","X_15","indep",0,0,NA,"LASSO",0,0,200,107
"scenarioB","X_16","indep",0,0,NA,"LASSO",-0.0255285621015747,-0.0255285621015747,200,107
"scenarioB","X_17","indep",0,0,NA,"LASSO",0.0377629963511016,0.0377629963511016,200,107
"scenarioB","X_18","weak",0.3,0,NA,"LASSO",0,0,200,107
"scenarioB","X_19","weak",0.3,0,NA,"LASSO",0,0,200,107
"scenarioB","X_20","weak",0.3,0,NA,"LASSO",0.0496501387711797,0.0496501387711797,200,107
"scenarioB","X_21","weak",0.3,0,NA,"LASSO",0,0,200,107
"scenarioB","X_22","strong",0.6,0,NA,"LASSO",0,0,200,107
"scenarioB","X_23","strong",0.6,0,NA,"LASSO",0,0,200,107
"scenarioB","X_24","strong",0.6,0,NA,"LASSO",0,0,200,107
"scenarioB","X_25","strong",0.6,0,NA,"LASSO",0.0969662932322366,0.0969662932322366,200,107
"scenarioB","X_1","strong",0.6,0.4,0.487913856955744,"SSL",0.351658490851995,-0.0483415091480046,200,108
"scenarioB","X_2","strong",0.6,-0.5,-0.602112366801541,"SSL",-0.485965073857883,0.0140349261421174,200,108
"scenarioB","X_3","weak",0.3,0.6,0.739661712489433,"SSL",0.686478017424131,0.086478017424131,200,108
"scenarioB","X_4","weak",0.3,0.75,0.72559116811593,"SSL",0.645386313184715,-0.104613686815285,200,108
"scenarioB","X_5","indep",0,-0.8,-0.832876267796687,"SSL",-0.763201687249446,0.0367983127505545,200,108
"scenarioB","X_6","indep",0,0,NA,"SSL",0,0,200,108
"scenarioB","X_7","indep",0,0,NA,"SSL",0,0,200,108
"scenarioB","X_8","indep",0,0,NA,"SSL",-0.231578816524419,-0.231578816524419,200,108
"scenarioB","X_9","indep",0,0,NA,"SSL",0,0,200,108
"scenarioB","X_10","indep",0,0,NA,"SSL",0,0,200,108
"scenarioB","X_11","indep",0,0,NA,"SSL",0,0,200,108
"scenarioB","X_12","indep",0,0,NA,"SSL",0,0,200,108
"scenarioB","X_13","indep",0,0,NA,"SSL",0,0,200,108
"scenarioB","X_14","indep",0,0,NA,"SSL",0,0,200,108
"scenarioB","X_15","indep",0,0,NA,"SSL",0,0,200,108
"scenarioB","X_16","indep",0,0,NA,"SSL",0,0,200,108
"scenarioB","X_17","indep",0,0,NA,"SSL",0,0,200,108
"scenarioB","X_18","weak",0.3,0,NA,"SSL",0,0,200,108
"scenarioB","X_19","weak",0.3,0,NA,"SSL",0,0,200,108
"scenarioB","X_20","weak",0.3,0,NA,"SSL",0,0,200,108
"scenarioB","X_21","weak",0.3,0,NA,"SSL",0,0,200,108
"scenarioB","X_22","strong",0.6,0,NA,"SSL",0,0,200,108
"scenarioB","X_23","strong",0.6,0,NA,"SSL",0,0,200,108
"scenarioB","X_24","strong",0.6,0,NA,"SSL",0,0,200,108
"scenarioB","X_25","strong",0.6,0,NA,"SSL",0,0,200,108
"scenarioB","X_1","strong",0.6,0.4,0.487913856955744,"LASSO",0.154441195249186,-0.245558804750814,200,108
"scenarioB","X_2","strong",0.6,-0.5,-0.602112366801541,"LASSO",-0.276328987247652,0.223671012752348,200,108
"scenarioB","X_3","weak",0.3,0.6,0.739661712489433,"LASSO",0.560067908237451,-0.0399320917625491,200,108
"scenarioB","X_4","weak",0.3,0.75,0.72559116811593,"LASSO",0.533698446317865,-0.216301553682135,200,108
"scenarioB","X_5","indep",0,-0.8,-0.832876267796687,"LASSO",-0.60611529088032,0.19388470911968,200,108
"scenarioB","X_6","indep",0,0,NA,"LASSO",0,0,200,108
"scenarioB","X_7","indep",0,0,NA,"LASSO",0,0,200,108
"scenarioB","X_8","indep",0,0,NA,"LASSO",-0.105132291812505,-0.105132291812505,200,108
"scenarioB","X_9","indep",0,0,NA,"LASSO",0,0,200,108
"scenarioB","X_10","indep",0,0,NA,"LASSO",0,0,200,108
"scenarioB","X_11","indep",0,0,NA,"LASSO",0,0,200,108
"scenarioB","X_12","indep",0,0,NA,"LASSO",0,0,200,108
"scenarioB","X_13","indep",0,0,NA,"LASSO",0,0,200,108
"scenarioB","X_14","indep",0,0,NA,"LASSO",0,0,200,108
"scenarioB","X_15","indep",0,0,NA,"LASSO",0,0,200,108
"scenarioB","X_16","indep",0,0,NA,"LASSO",0,0,200,108
"scenarioB","X_17","indep",0,0,NA,"LASSO",0,0,200,108
"scenarioB","X_18","weak",0.3,0,NA,"LASSO",0,0,200,108
"scenarioB","X_19","weak",0.3,0,NA,"LASSO",0,0,200,108
"scenarioB","X_20","weak",0.3,0,NA,"LASSO",0,0,200,108
"scenarioB","X_21","weak",0.3,0,NA,"LASSO",0,0,200,108
"scenarioB","X_22","strong",0.6,0,NA,"LASSO",0,0,200,108
"scenarioB","X_23","strong",0.6,0,NA,"LASSO",0,0,200,108
"scenarioB","X_24","strong",0.6,0,NA,"LASSO",0,0,200,108
"scenarioB","X_25","strong",0.6,0,NA,"LASSO",0,0,200,108
"scenarioB","X_1","strong",0.6,0.4,0.486808049620934,"SSL",0.438477314490397,0.0384773144903969,200,109
"scenarioB","X_2","strong",0.6,-0.5,-0.416249089292217,"SSL",-0.498731219303407,0.00126878069659336,200,109
"scenarioB","X_3","weak",0.3,0.6,0.5851092700753,"SSL",0.534942410343038,-0.0650575896569615,200,109
"scenarioB","X_4","weak",0.3,0.75,0.784624923087127,"SSL",0.751138287571354,0.00113828757135426,200,109
"scenarioB","X_5","indep",0,-0.8,-0.724714999320051,"SSL",-0.823461226406543,-0.0234612264065425,200,109
"scenarioB","X_6","indep",0,0,NA,"SSL",0,0,200,109
"scenarioB","X_7","indep",0,0,NA,"SSL",0,0,200,109
"scenarioB","X_8","indep",0,0,NA,"SSL",-0.147322709918884,-0.147322709918884,200,109
"scenarioB","X_9","indep",0,0,NA,"SSL",-0.0740926492714421,-0.0740926492714421,200,109
"scenarioB","X_10","indep",0,0,NA,"SSL",-0.076353479827161,-0.076353479827161,200,109
"scenarioB","X_11","indep",0,0,NA,"SSL",0,0,200,109
"scenarioB","X_12","indep",0,0,NA,"SSL",0,0,200,109
"scenarioB","X_13","indep",0,0,NA,"SSL",0.244825475363331,0.244825475363331,200,109
"scenarioB","X_14","indep",0,0,NA,"SSL",0,0,200,109
"scenarioB","X_15","indep",0,0,NA,"SSL",0,0,200,109
"scenarioB","X_16","indep",0,0,NA,"SSL",0,0,200,109
"scenarioB","X_17","indep",0,0,NA,"SSL",0,0,200,109
"scenarioB","X_18","weak",0.3,0,NA,"SSL",0,0,200,109
"scenarioB","X_19","weak",0.3,0,NA,"SSL",0.139881920171567,0.139881920171567,200,109
"scenarioB","X_20","weak",0.3,0,NA,"SSL",0.177983224032723,0.177983224032723,200,109
"scenarioB","X_21","weak",0.3,0,NA,"SSL",0,0,200,109
"scenarioB","X_22","strong",0.6,0,NA,"SSL",0,0,200,109
"scenarioB","X_23","strong",0.6,0,NA,"SSL",0,0,200,109
"scenarioB","X_24","strong",0.6,0,NA,"SSL",0,0,200,109
"scenarioB","X_25","strong",0.6,0,NA,"SSL",0.178220814997016,0.178220814997016,200,109
"scenarioB","X_1","strong",0.6,0.4,0.486808049620934,"LASSO",0,-0.4,200,109
"scenarioB","X_2","strong",0.6,-0.5,-0.416249089292217,"LASSO",0,0.5,200,109
"scenarioB","X_3","weak",0.3,0.6,0.5851092700753,"LASSO",0.337665644511615,-0.262334355488385,200,109
"scenarioB","X_4","weak",0.3,0.75,0.784624923087127,"LASSO",0.528258176931063,-0.221741823068937,200,109
"scenarioB","X_5","indep",0,-0.8,-0.724714999320051,"LASSO",-0.412530425678082,0.387469574321918,200,109
"scenarioB","X_6","indep",0,0,NA,"LASSO",0,0,200,109
"scenarioB","X_7","indep",0,0,NA,"LASSO",0,0,200,109
"scenarioB","X_8","indep",0,0,NA,"LASSO",0,0,200,109
"scenarioB","X_9","indep",0,0,NA,"LASSO",0,0,200,109
"scenarioB","X_10","indep",0,0,NA,"LASSO",0,0,200,109
"scenarioB","X_11","indep",0,0,NA,"LASSO",0,0,200,109
"scenarioB","X_12","indep",0,0,NA,"LASSO",0,0,200,109
"scenarioB","X_13","indep",0,0,NA,"LASSO",0,0,200,109
"scenarioB","X_14","indep",0,0,NA,"LASSO",0,0,200,109
"scenarioB","X_15","indep",0,0,NA,"LASSO",0,0,200,109
"scenarioB","X_16","indep",0,0,NA,"LASSO",0,0,200,109
"scenarioB","X_17","indep",0,0,NA,"LASSO",0,0,200,109
"scenarioB","X_18","weak",0.3,0,NA,"LASSO",0,0,200,109
"scenarioB","X_19","weak",0.3,0,NA,"LASSO",0,0,200,109
"scenarioB","X_20","weak",0.3,0,NA,"LASSO",0.0684347457150926,0.0684347457150926,200,109
"scenarioB","X_21","weak",0.3,0,NA,"LASSO",0,0,200,109
"scenarioB","X_22","strong",0.6,0,NA,"LASSO",0,0,200,109
"scenarioB","X_23","strong",0.6,0,NA,"LASSO",0,0,200,109
"scenarioB","X_24","strong",0.6,0,NA,"LASSO",0,0,200,109
"scenarioB","X_25","strong",0.6,0,NA,"LASSO",0,0,200,109
"scenarioB","X_1","strong",0.6,0.4,0.327193622908194,"SSL",0.257092881527581,-0.142907118472419,200,111
"scenarioB","X_2","strong",0.6,-0.5,-0.498229049223957,"SSL",-0.34481056979518,0.15518943020482,200,111
"scenarioB","X_3","weak",0.3,0.6,0.691494411904537,"SSL",0.638735131565713,0.0387351315657126,200,111
"scenarioB","X_4","weak",0.3,0.75,0.699621875994414,"SSL",0.745231104450364,-0.00476889554963633,200,111
"scenarioB","X_5","indep",0,-0.8,-0.799716654328591,"SSL",-0.784736407550575,0.0152635924494251,200,111
"scenarioB","X_6","indep",0,0,NA,"SSL",0,0,200,111
"scenarioB","X_7","indep",0,0,NA,"SSL",0,0,200,111
"scenarioB","X_8","indep",0,0,NA,"SSL",0,0,200,111
"scenarioB","X_9","indep",0,0,NA,"SSL",0,0,200,111
"scenarioB","X_10","indep",0,0,NA,"SSL",0,0,200,111
"scenarioB","X_11","indep",0,0,NA,"SSL",0,0,200,111
"scenarioB","X_12","indep",0,0,NA,"SSL",0,0,200,111
"scenarioB","X_13","indep",0,0,NA,"SSL",0.0838809924127543,0.0838809924127543,200,111
"scenarioB","X_14","indep",0,0,NA,"SSL",0,0,200,111
"scenarioB","X_15","indep",0,0,NA,"SSL",0,0,200,111
"scenarioB","X_16","indep",0,0,NA,"SSL",0,0,200,111
"scenarioB","X_17","indep",0,0,NA,"SSL",0,0,200,111
"scenarioB","X_18","weak",0.3,0,NA,"SSL",0,0,200,111
"scenarioB","X_19","weak",0.3,0,NA,"SSL",0,0,200,111
"scenarioB","X_20","weak",0.3,0,NA,"SSL",-0.200546696534832,-0.200546696534832,200,111
"scenarioB","X_21","weak",0.3,0,NA,"SSL",0,0,200,111
"scenarioB","X_22","strong",0.6,0,NA,"SSL",0.159187590293507,0.159187590293507,200,111
"scenarioB","X_23","strong",0.6,0,NA,"SSL",0,0,200,111
"scenarioB","X_24","strong",0.6,0,NA,"SSL",0,0,200,111
"scenarioB","X_25","strong",0.6,0,NA,"SSL",-0.226175066177176,-0.226175066177176,200,111
"scenarioB","X_1","strong",0.6,0.4,0.327193622908194,"LASSO",0,-0.4,200,111
"scenarioB","X_2","strong",0.6,-0.5,-0.498229049223957,"LASSO",-0.0810641546738786,0.418935845326121,200,111
"scenarioB","X_3","weak",0.3,0.6,0.691494411904537,"LASSO",0.465193577429818,-0.134806422570182,200,111
"scenarioB","X_4","weak",0.3,0.75,0.699621875994414,"LASSO",0.474655943373932,-0.275344056626068,200,111
"scenarioB","X_5","indep",0,-0.8,-0.799716654328591,"LASSO",-0.550338065020345,0.249661934979655,200,111
"scenarioB","X_6","indep",0,0,NA,"LASSO",0,0,200,111
"scenarioB","X_7","indep",0,0,NA,"LASSO",0,0,200,111
"scenarioB","X_8","indep",0,0,NA,"LASSO",0,0,200,111
"scenarioB","X_9","indep",0,0,NA,"LASSO",0,0,200,111
"scenarioB","X_10","indep",0,0,NA,"LASSO",0,0,200,111
"scenarioB","X_11","indep",0,0,NA,"LASSO",0,0,200,111
"scenarioB","X_12","indep",0,0,NA,"LASSO",0,0,200,111
"scenarioB","X_13","indep",0,0,NA,"LASSO",0,0,200,111
"scenarioB","X_14","indep",0,0,NA,"LASSO",0,0,200,111
"scenarioB","X_15","indep",0,0,NA,"LASSO",0,0,200,111
"scenarioB","X_16","indep",0,0,NA,"LASSO",0,0,200,111
"scenarioB","X_17","indep",0,0,NA,"LASSO",0,0,200,111
"scenarioB","X_18","weak",0.3,0,NA,"LASSO",0,0,200,111
"scenarioB","X_19","weak",0.3,0,NA,"LASSO",0,0,200,111
"scenarioB","X_20","weak",0.3,0,NA,"LASSO",0,0,200,111
"scenarioB","X_21","weak",0.3,0,NA,"LASSO",0,0,200,111
"scenarioB","X_22","strong",0.6,0,NA,"LASSO",0,0,200,111
"scenarioB","X_23","strong",0.6,0,NA,"LASSO",0,0,200,111
"scenarioB","X_24","strong",0.6,0,NA,"LASSO",0,0,200,111
"scenarioB","X_25","strong",0.6,0,NA,"LASSO",0,0,200,111
"scenarioB","X_1","strong",0.6,0.4,0.248454130996426,"SSL",0.226691593543111,-0.173308406456889,200,112
"scenarioB","X_2","strong",0.6,-0.5,-0.483012422864214,"SSL",-0.458653430563016,0.0413465694369844,200,112
"scenarioB","X_3","weak",0.3,0.6,0.775551437777205,"SSL",0.76346827641907,0.16346827641907,200,112
"scenarioB","X_4","weak",0.3,0.75,0.767414325003572,"SSL",0.75280116117092,0.00280116117091977,200,112
"scenarioB","X_5","indep",0,-0.8,-0.849746588843461,"SSL",-0.837176781279235,-0.0371767812792348,200,112
"scenarioB","X_6","indep",0,0,NA,"SSL",0,0,200,112
"scenarioB","X_7","indep",0,0,NA,"SSL",0,0,200,112
"scenarioB","X_8","indep",0,0,NA,"SSL",0,0,200,112
"scenarioB","X_9","indep",0,0,NA,"SSL",0,0,200,112
"scenarioB","X_10","indep",0,0,NA,"SSL",0,0,200,112
"scenarioB","X_11","indep",0,0,NA,"SSL",0,0,200,112
"scenarioB","X_12","indep",0,0,NA,"SSL",0,0,200,112
"scenarioB","X_13","indep",0,0,NA,"SSL",0,0,200,112
"scenarioB","X_14","indep",0,0,NA,"SSL",0,0,200,112
"scenarioB","X_15","indep",0,0,NA,"SSL",0,0,200,112
"scenarioB","X_16","indep",0,0,NA,"SSL",0,0,200,112
"scenarioB","X_17","indep",0,0,NA,"SSL",0,0,200,112
"scenarioB","X_18","weak",0.3,0,NA,"SSL",0,0,200,112
"scenarioB","X_19","weak",0.3,0,NA,"SSL",0,0,200,112
"scenarioB","X_20","weak",0.3,0,NA,"SSL",0,0,200,112
"scenarioB","X_21","weak",0.3,0,NA,"SSL",0,0,200,112
"scenarioB","X_22","strong",0.6,0,NA,"SSL",0,0,200,112
"scenarioB","X_23","strong",0.6,0,NA,"SSL",0,0,200,112
"scenarioB","X_24","strong",0.6,0,NA,"SSL",0,0,200,112
"scenarioB","X_25","strong",0.6,0,NA,"SSL",0,0,200,112
"scenarioB","X_1","strong",0.6,0.4,0.248454130996426,"LASSO",0,-0.4,200,112
"scenarioB","X_2","strong",0.6,-0.5,-0.483012422864214,"LASSO",-0.165307209996731,0.334692790003269,200,112
"scenarioB","X_3","weak",0.3,0.6,0.775551437777205,"LASSO",0.603057880584715,0.00305788058471457,200,112
"scenarioB","X_4","weak",0.3,0.75,0.767414325003572,"LASSO",0.559155031758164,-0.190844968241836,200,112
"scenarioB","X_5","indep",0,-0.8,-0.849746588843461,"LASSO",-0.665747707114862,0.134252292885138,200,112
"scenarioB","X_6","indep",0,0,NA,"LASSO",0,0,200,112
"scenarioB","X_7","indep",0,0,NA,"LASSO",0,0,200,112
"scenarioB","X_8","indep",0,0,NA,"LASSO",0,0,200,112
"scenarioB","X_9","indep",0,0,NA,"LASSO",0,0,200,112
"scenarioB","X_10","indep",0,0,NA,"LASSO",0,0,200,112
"scenarioB","X_11","indep",0,0,NA,"LASSO",0,0,200,112
"scenarioB","X_12","indep",0,0,NA,"LASSO",0.0515287526674923,0.0515287526674923,200,112
"scenarioB","X_13","indep",0,0,NA,"LASSO",0,0,200,112
"scenarioB","X_14","indep",0,0,NA,"LASSO",0,0,200,112
"scenarioB","X_15","indep",0,0,NA,"LASSO",0,0,200,112
"scenarioB","X_16","indep",0,0,NA,"LASSO",0,0,200,112
"scenarioB","X_17","indep",0,0,NA,"LASSO",0,0,200,112
"scenarioB","X_18","weak",0.3,0,NA,"LASSO",0,0,200,112
"scenarioB","X_19","weak",0.3,0,NA,"LASSO",0,0,200,112
"scenarioB","X_20","weak",0.3,0,NA,"LASSO",0,0,200,112
"scenarioB","X_21","weak",0.3,0,NA,"LASSO",0,0,200,112
"scenarioB","X_22","strong",0.6,0,NA,"LASSO",0,0,200,112
"scenarioB","X_23","strong",0.6,0,NA,"LASSO",0,0,200,112
"scenarioB","X_24","strong",0.6,0,NA,"LASSO",0,0,200,112
"scenarioB","X_25","strong",0.6,0,NA,"LASSO",0,0,200,112
"scenarioB","X_1","strong",0.6,0.4,0.323276824239585,"SSL",0,-0.4,200,113
"scenarioB","X_2","strong",0.6,-0.5,-0.444462980341525,"SSL",0,0.5,200,113
"scenarioB","X_3","weak",0.3,0.6,0.518378135921822,"SSL",0.453868199483243,-0.146131800516757,200,113
"scenarioB","X_4","weak",0.3,0.75,0.750951955535231,"SSL",0.669970528332686,-0.0800294716673143,200,113
"scenarioB","X_5","indep",0,-0.8,-0.805146500733406,"SSL",-0.628274791034263,0.171725208965737,200,113
"scenarioB","X_6","indep",0,0,NA,"SSL",0,0,200,113
"scenarioB","X_7","indep",0,0,NA,"SSL",0,0,200,113
"scenarioB","X_8","indep",0,0,NA,"SSL",0,0,200,113
"scenarioB","X_9","indep",0,0,NA,"SSL",0,0,200,113
"scenarioB","X_10","indep",0,0,NA,"SSL",0,0,200,113
"scenarioB","X_11","indep",0,0,NA,"SSL",0,0,200,113
"scenarioB","X_12","indep",0,0,NA,"SSL",0,0,200,113
"scenarioB","X_13","indep",0,0,NA,"SSL",0,0,200,113
"scenarioB","X_14","indep",0,0,NA,"SSL",0,0,200,113
"scenarioB","X_15","indep",0,0,NA,"SSL",0,0,200,113
"scenarioB","X_16","indep",0,0,NA,"SSL",0,0,200,113
"scenarioB","X_17","indep",0,0,NA,"SSL",0,0,200,113
"scenarioB","X_18","weak",0.3,0,NA,"SSL",0,0,200,113
"scenarioB","X_19","weak",0.3,0,NA,"SSL",0,0,200,113
"scenarioB","X_20","weak",0.3,0,NA,"SSL",0,0,200,113
"scenarioB","X_21","weak",0.3,0,NA,"SSL",0,0,200,113
"scenarioB","X_22","strong",0.6,0,NA,"SSL",0,0,200,113
"scenarioB","X_23","strong",0.6,0,NA,"SSL",0,0,200,113
"scenarioB","X_24","strong",0.6,0,NA,"SSL",0,0,200,113
"scenarioB","X_25","strong",0.6,0,NA,"SSL",0,0,200,113
"scenarioB","X_1","strong",0.6,0.4,0.323276824239585,"LASSO",0,-0.4,200,113
"scenarioB","X_2","strong",0.6,-0.5,-0.444462980341525,"LASSO",-0.12767476609291,0.37232523390709,200,113
"scenarioB","X_3","weak",0.3,0.6,0.518378135921822,"LASSO",0.35933273058208,-0.24066726941792,200,113
"scenarioB","X_4","weak",0.3,0.75,0.750951955535231,"LASSO",0.587427060812822,-0.162572939187178,200,113
"scenarioB","X_5","indep",0,-0.8,-0.805146500733406,"LASSO",-0.513003370350372,0.286996629649628,200,113
"scenarioB","X_6","indep",0,0,NA,"LASSO",0,0,200,113
"scenarioB","X_7","indep",0,0,NA,"LASSO",0,0,200,113
"scenarioB","X_8","indep",0,0,NA,"LASSO",0,0,200,113
"scenarioB","X_9","indep",0,0,NA,"LASSO",0,0,200,113
"scenarioB","X_10","indep",0,0,NA,"LASSO",0,0,200,113
"scenarioB","X_11","indep",0,0,NA,"LASSO",0.0866440744931376,0.0866440744931376,200,113
"scenarioB","X_12","indep",0,0,NA,"LASSO",0,0,200,113
"scenarioB","X_13","indep",0,0,NA,"LASSO",-0.0410956131570512,-0.0410956131570512,200,113
"scenarioB","X_14","indep",0,0,NA,"LASSO",0,0,200,113
"scenarioB","X_15","indep",0,0,NA,"LASSO",0,0,200,113
"scenarioB","X_16","indep",0,0,NA,"LASSO",0,0,200,113
"scenarioB","X_17","indep",0,0,NA,"LASSO",0,0,200,113
"scenarioB","X_18","weak",0.3,0,NA,"LASSO",0,0,200,113
"scenarioB","X_19","weak",0.3,0,NA,"LASSO",0,0,200,113
"scenarioB","X_20","weak",0.3,0,NA,"LASSO",0,0,200,113
"scenarioB","X_21","weak",0.3,0,NA,"LASSO",0,0,200,113
"scenarioB","X_22","strong",0.6,0,NA,"LASSO",0,0,200,113
"scenarioB","X_23","strong",0.6,0,NA,"LASSO",0,0,200,113
"scenarioB","X_24","strong",0.6,0,NA,"LASSO",0,0,200,113
"scenarioB","X_25","strong",0.6,0,NA,"LASSO",0,0,200,113
"scenarioB","X_1","strong",0.6,0.4,0.0799063807097906,"SSL",0,-0.4,200,114
"scenarioB","X_2","strong",0.6,-0.5,-0.238441816929622,"SSL",0,0.5,200,114
"scenarioB","X_3","weak",0.3,0.6,0.671193173337193,"SSL",0.584525043480574,-0.0154749565194258,200,114
"scenarioB","X_4","weak",0.3,0.75,0.991654407676149,"SSL",0.91478302091421,0.16478302091421,200,114
"scenarioB","X_5","indep",0,-0.8,-0.632137135586783,"SSL",-0.557138469201986,0.242861530798014,200,114
"scenarioB","X_6","indep",0,0,NA,"SSL",0,0,200,114
"scenarioB","X_7","indep",0,0,NA,"SSL",0,0,200,114
"scenarioB","X_8","indep",0,0,NA,"SSL",0,0,200,114
"scenarioB","X_9","indep",0,0,NA,"SSL",0,0,200,114
"scenarioB","X_10","indep",0,0,NA,"SSL",0,0,200,114
"scenarioB","X_11","indep",0,0,NA,"SSL",0,0,200,114
"scenarioB","X_12","indep",0,0,NA,"SSL",0,0,200,114
"scenarioB","X_13","indep",0,0,NA,"SSL",0,0,200,114
"scenarioB","X_14","indep",0,0,NA,"SSL",0.194866654183015,0.194866654183015,200,114
"scenarioB","X_15","indep",0,0,NA,"SSL",0,0,200,114
"scenarioB","X_16","indep",0,0,NA,"SSL",0,0,200,114
"scenarioB","X_17","indep",0,0,NA,"SSL",0,0,200,114
"scenarioB","X_18","weak",0.3,0,NA,"SSL",0,0,200,114
"scenarioB","X_19","weak",0.3,0,NA,"SSL",0,0,200,114
"scenarioB","X_20","weak",0.3,0,NA,"SSL",0,0,200,114
"scenarioB","X_21","weak",0.3,0,NA,"SSL",0,0,200,114
"scenarioB","X_22","strong",0.6,0,NA,"SSL",0,0,200,114
"scenarioB","X_23","strong",0.6,0,NA,"SSL",0,0,200,114
"scenarioB","X_24","strong",0.6,0,NA,"SSL",0,0,200,114
"scenarioB","X_25","strong",0.6,0,NA,"SSL",0,0,200,114
"scenarioB","X_1","strong",0.6,0.4,0.0799063807097906,"LASSO",0,-0.4,200,114
"scenarioB","X_2","strong",0.6,-0.5,-0.238441816929622,"LASSO",0,0.5,200,114
"scenarioB","X_3","weak",0.3,0.6,0.671193173337193,"LASSO",0.430313896420695,-0.169686103579305,200,114
"scenarioB","X_4","weak",0.3,0.75,0.991654407676149,"LASSO",0.642995791496835,-0.107004208503165,200,114
"scenarioB","X_5","indep",0,-0.8,-0.632137135586783,"LASSO",-0.345464072192717,0.454535927807283,200,114
"scenarioB","X_6","indep",0,0,NA,"LASSO",0,0,200,114
"scenarioB","X_7","indep",0,0,NA,"LASSO",0,0,200,114
"scenarioB","X_8","indep",0,0,NA,"LASSO",0,0,200,114
"scenarioB","X_9","indep",0,0,NA,"LASSO",0,0,200,114
"scenarioB","X_10","indep",0,0,NA,"LASSO",0,0,200,114
"scenarioB","X_11","indep",0,0,NA,"LASSO",0,0,200,114
"scenarioB","X_12","indep",0,0,NA,"LASSO",0,0,200,114
"scenarioB","X_13","indep",0,0,NA,"LASSO",0,0,200,114
"scenarioB","X_14","indep",0,0,NA,"LASSO",0,0,200,114
"scenarioB","X_15","indep",0,0,NA,"LASSO",0,0,200,114
"scenarioB","X_16","indep",0,0,NA,"LASSO",0,0,200,114
"scenarioB","X_17","indep",0,0,NA,"LASSO",0,0,200,114
"scenarioB","X_18","weak",0.3,0,NA,"LASSO",0,0,200,114
"scenarioB","X_19","weak",0.3,0,NA,"LASSO",0,0,200,114
"scenarioB","X_20","weak",0.3,0,NA,"LASSO",0,0,200,114
"scenarioB","X_21","weak",0.3,0,NA,"LASSO",0,0,200,114
"scenarioB","X_22","strong",0.6,0,NA,"LASSO",0,0,200,114
"scenarioB","X_23","strong",0.6,0,NA,"LASSO",0,0,200,114
"scenarioB","X_24","strong",0.6,0,NA,"LASSO",0,0,200,114
"scenarioB","X_25","strong",0.6,0,NA,"LASSO",0,0,200,114
"scenarioB","X_1","strong",0.6,0.4,0.415182981280404,"SSL",0,-0.4,200,116
"scenarioB","X_2","strong",0.6,-0.5,-0.459256982062945,"SSL",0,0.5,200,116
"scenarioB","X_3","weak",0.3,0.6,0.543488706362048,"SSL",0.439576740502779,-0.160423259497221,200,116
"scenarioB","X_4","weak",0.3,0.75,0.817652539112142,"SSL",0.673935453362569,-0.0760645466374312,200,116
"scenarioB","X_5","indep",0,-0.8,-0.703883158580013,"SSL",-0.610052177335129,0.189947822664871,200,116
"scenarioB","X_6","indep",0,0,NA,"SSL",0,0,200,116
"scenarioB","X_7","indep",0,0,NA,"SSL",0,0,200,116
"scenarioB","X_8","indep",0,0,NA,"SSL",0,0,200,116
"scenarioB","X_9","indep",0,0,NA,"SSL",0,0,200,116
"scenarioB","X_10","indep",0,0,NA,"SSL",0,0,200,116
"scenarioB","X_11","indep",0,0,NA,"SSL",0,0,200,116
"scenarioB","X_12","indep",0,0,NA,"SSL",0,0,200,116
"scenarioB","X_13","indep",0,0,NA,"SSL",0,0,200,116
"scenarioB","X_14","indep",0,0,NA,"SSL",0,0,200,116
"scenarioB","X_15","indep",0,0,NA,"SSL",0,0,200,116
"scenarioB","X_16","indep",0,0,NA,"SSL",0,0,200,116
"scenarioB","X_17","indep",0,0,NA,"SSL",0,0,200,116
"scenarioB","X_18","weak",0.3,0,NA,"SSL",0,0,200,116
"scenarioB","X_19","weak",0.3,0,NA,"SSL",0,0,200,116
"scenarioB","X_20","weak",0.3,0,NA,"SSL",0,0,200,116
"scenarioB","X_21","weak",0.3,0,NA,"SSL",0,0,200,116
"scenarioB","X_22","strong",0.6,0,NA,"SSL",0,0,200,116
"scenarioB","X_23","strong",0.6,0,NA,"SSL",0,0,200,116
"scenarioB","X_24","strong",0.6,0,NA,"SSL",0,0,200,116
"scenarioB","X_25","strong",0.6,0,NA,"SSL",0,0,200,116
"scenarioB","X_1","strong",0.6,0.4,0.415182981280404,"LASSO",0,-0.4,200,116
"scenarioB","X_2","strong",0.6,-0.5,-0.459256982062945,"LASSO",0,0.5,200,116
"scenarioB","X_3","weak",0.3,0.6,0.543488706362048,"LASSO",0.304638476313228,-0.295361523686772,200,116
"scenarioB","X_4","weak",0.3,0.75,0.817652539112142,"LASSO",0.521085812600144,-0.228914187399856,200,116
"scenarioB","X_5","indep",0,-0.8,-0.703883158580013,"LASSO",-0.430447593562203,0.369552406437797,200,116
"scenarioB","X_6","indep",0,0,NA,"LASSO",0,0,200,116
"scenarioB","X_7","indep",0,0,NA,"LASSO",0,0,200,116
"scenarioB","X_8","indep",0,0,NA,"LASSO",0,0,200,116
"scenarioB","X_9","indep",0,0,NA,"LASSO",0,0,200,116
"scenarioB","X_10","indep",0,0,NA,"LASSO",0,0,200,116
"scenarioB","X_11","indep",0,0,NA,"LASSO",0,0,200,116
"scenarioB","X_12","indep",0,0,NA,"LASSO",0,0,200,116
"scenarioB","X_13","indep",0,0,NA,"LASSO",0,0,200,116
"scenarioB","X_14","indep",0,0,NA,"LASSO",0,0,200,116
"scenarioB","X_15","indep",0,0,NA,"LASSO",0,0,200,116
"scenarioB","X_16","indep",0,0,NA,"LASSO",0,0,200,116
"scenarioB","X_17","indep",0,0,NA,"LASSO",0,0,200,116
"scenarioB","X_18","weak",0.3,0,NA,"LASSO",0,0,200,116
"scenarioB","X_19","weak",0.3,0,NA,"LASSO",0.0539427373007483,0.0539427373007483,200,116
"scenarioB","X_20","weak",0.3,0,NA,"LASSO",0,0,200,116
"scenarioB","X_21","weak",0.3,0,NA,"LASSO",0,0,200,116
"scenarioB","X_22","strong",0.6,0,NA,"LASSO",0,0,200,116
"scenarioB","X_23","strong",0.6,0,NA,"LASSO",0,0,200,116
"scenarioB","X_24","strong",0.6,0,NA,"LASSO",0,0,200,116
"scenarioB","X_25","strong",0.6,0,NA,"LASSO",0,0,200,116
"scenarioB","X_1","strong",0.6,0.4,0.332182686646044,"SSL",0,-0.4,200,117
"scenarioB","X_2","strong",0.6,-0.5,-0.287021716333485,"SSL",0,0.5,200,117
"scenarioB","X_3","weak",0.3,0.6,0.604696365258777,"SSL",0.502005690261387,-0.0979943097386134,200,117
"scenarioB","X_4","weak",0.3,0.75,0.704696256281746,"SSL",0.515072978427745,-0.234927021572255,200,117
"scenarioB","X_5","indep",0,-0.8,-0.823544655098558,"SSL",-0.743012148046373,0.0569878519536268,200,117
"scenarioB","X_6","indep",0,0,NA,"SSL",0,0,200,117
"scenarioB","X_7","indep",0,0,NA,"SSL",0,0,200,117
"scenarioB","X_8","indep",0,0,NA,"SSL",0,0,200,117
"scenarioB","X_9","indep",0,0,NA,"SSL",0,0,200,117
"scenarioB","X_10","indep",0,0,NA,"SSL",0,0,200,117
"scenarioB","X_11","indep",0,0,NA,"SSL",0,0,200,117
"scenarioB","X_12","indep",0,0,NA,"SSL",0,0,200,117
"scenarioB","X_13","indep",0,0,NA,"SSL",0,0,200,117
"scenarioB","X_14","indep",0,0,NA,"SSL",0,0,200,117
"scenarioB","X_15","indep",0,0,NA,"SSL",0,0,200,117
"scenarioB","X_16","indep",0,0,NA,"SSL",0,0,200,117
"scenarioB","X_17","indep",0,0,NA,"SSL",0,0,200,117
"scenarioB","X_18","weak",0.3,0,NA,"SSL",0.171505901538532,0.171505901538532,200,117
"scenarioB","X_19","weak",0.3,0,NA,"SSL",0,0,200,117
"scenarioB","X_20","weak",0.3,0,NA,"SSL",0,0,200,117
"scenarioB","X_21","weak",0.3,0,NA,"SSL",0,0,200,117
"scenarioB","X_22","strong",0.6,0,NA,"SSL",0,0,200,117
"scenarioB","X_23","strong",0.6,0,NA,"SSL",0,0,200,117
"scenarioB","X_24","strong",0.6,0,NA,"SSL",0,0,200,117
"scenarioB","X_25","strong",0.6,0,NA,"SSL",0,0,200,117
"scenarioB","X_1","strong",0.6,0.4,0.332182686646044,"LASSO",0,-0.4,200,117
"scenarioB","X_2","strong",0.6,-0.5,-0.287021716333485,"LASSO",0,0.5,200,117
"scenarioB","X_3","weak",0.3,0.6,0.604696365258777,"LASSO",0.358024814944626,-0.241975185055374,200,117
"scenarioB","X_4","weak",0.3,0.75,0.704696256281746,"LASSO",0.387694849948986,-0.362305150051014,200,117
"scenarioB","X_5","indep",0,-0.8,-0.823544655098558,"LASSO",-0.525459305036512,0.274540694963488,200,117
"scenarioB","X_6","indep",0,0,NA,"LASSO",0,0,200,117
"scenarioB","X_7","indep",0,0,NA,"LASSO",0,0,200,117
"scenarioB","X_8","indep",0,0,NA,"LASSO",0,0,200,117
"scenarioB","X_9","indep",0,0,NA,"LASSO",0,0,200,117
"scenarioB","X_10","indep",0,0,NA,"LASSO",0,0,200,117
"scenarioB","X_11","indep",0,0,NA,"LASSO",0,0,200,117
"scenarioB","X_12","indep",0,0,NA,"LASSO",0,0,200,117
"scenarioB","X_13","indep",0,0,NA,"LASSO",0,0,200,117
"scenarioB","X_14","indep",0,0,NA,"LASSO",0,0,200,117
"scenarioB","X_15","indep",0,0,NA,"LASSO",0,0,200,117
"scenarioB","X_16","indep",0,0,NA,"LASSO",0,0,200,117
"scenarioB","X_17","indep",0,0,NA,"LASSO",0,0,200,117
"scenarioB","X_18","weak",0.3,0,NA,"LASSO",0.0497713679685227,0.0497713679685227,200,117
"scenarioB","X_19","weak",0.3,0,NA,"LASSO",0,0,200,117
"scenarioB","X_20","weak",0.3,0,NA,"LASSO",0,0,200,117
"scenarioB","X_21","weak",0.3,0,NA,"LASSO",0,0,200,117
"scenarioB","X_22","strong",0.6,0,NA,"LASSO",0,0,200,117
"scenarioB","X_23","strong",0.6,0,NA,"LASSO",0,0,200,117
"scenarioB","X_24","strong",0.6,0,NA,"LASSO",0,0,200,117
"scenarioB","X_25","strong",0.6,0,NA,"LASSO",0,0,200,117
"scenarioB","X_1","strong",0.6,0.4,0.318094056236087,"SSL",0,-0.4,200,118
"scenarioB","X_2","strong",0.6,-0.5,-0.362947418321074,"SSL",0,0.5,200,118
"scenarioB","X_3","weak",0.3,0.6,0.602530673904654,"SSL",0.501763003652994,-0.0982369963470063,200,118
"scenarioB","X_4","weak",0.3,0.75,0.849154022014089,"SSL",0.73952363964626,-0.0104763603537397,200,118
"scenarioB","X_5","indep",0,-0.8,-0.746460901528435,"SSL",-0.607090985043752,0.192909014956248,200,118
"scenarioB","X_6","indep",0,0,NA,"SSL",0,0,200,118
"scenarioB","X_7","indep",0,0,NA,"SSL",0,0,200,118
"scenarioB","X_8","indep",0,0,NA,"SSL",0,0,200,118
"scenarioB","X_9","indep",0,0,NA,"SSL",0,0,200,118
"scenarioB","X_10","indep",0,0,NA,"SSL",0,0,200,118
"scenarioB","X_11","indep",0,0,NA,"SSL",0,0,200,118
"scenarioB","X_12","indep",0,0,NA,"SSL",0,0,200,118
"scenarioB","X_13","indep",0,0,NA,"SSL",0,0,200,118
"scenarioB","X_14","indep",0,0,NA,"SSL",0,0,200,118
"scenarioB","X_15","indep",0,0,NA,"SSL",0,0,200,118
"scenarioB","X_16","indep",0,0,NA,"SSL",0,0,200,118
"scenarioB","X_17","indep",0,0,NA,"SSL",0,0,200,118
"scenarioB","X_18","weak",0.3,0,NA,"SSL",0,0,200,118
"scenarioB","X_19","weak",0.3,0,NA,"SSL",0,0,200,118
"scenarioB","X_20","weak",0.3,0,NA,"SSL",0,0,200,118
"scenarioB","X_21","weak",0.3,0,NA,"SSL",0,0,200,118
"scenarioB","X_22","strong",0.6,0,NA,"SSL",0,0,200,118
"scenarioB","X_23","strong",0.6,0,NA,"SSL",0,0,200,118
"scenarioB","X_24","strong",0.6,0,NA,"SSL",0,0,200,118
"scenarioB","X_25","strong",0.6,0,NA,"SSL",0,0,200,118
"scenarioB","X_1","strong",0.6,0.4,0.318094056236087,"LASSO",0,-0.4,200,118
"scenarioB","X_2","strong",0.6,-0.5,-0.362947418321074,"LASSO",0,0.5,200,118
"scenarioB","X_3","weak",0.3,0.6,0.602530673904654,"LASSO",0.391098734411982,-0.208901265588018,200,118
"scenarioB","X_4","weak",0.3,0.75,0.849154022014089,"LASSO",0.623168321882864,-0.126831678117136,200,118
"scenarioB","X_5","indep",0,-0.8,-0.746460901528435,"LASSO",-0.511638584049784,0.288361415950216,200,118
"scenarioB","X_6","indep",0,0,NA,"LASSO",0,0,200,118
"scenarioB","X_7","indep",0,0,NA,"LASSO",0,0,200,118
"scenarioB","X_8","indep",0,0,NA,"LASSO",0,0,200,118
"scenarioB","X_9","indep",0,0,NA,"LASSO",0,0,200,118
"scenarioB","X_10","indep",0,0,NA,"LASSO",0,0,200,118
"scenarioB","X_11","indep",0,0,NA,"LASSO",0,0,200,118
"scenarioB","X_12","indep",0,0,NA,"LASSO",0,0,200,118
"scenarioB","X_13","indep",0,0,NA,"LASSO",0,0,200,118
"scenarioB","X_14","indep",0,0,NA,"LASSO",0,0,200,118
"scenarioB","X_15","indep",0,0,NA,"LASSO",0,0,200,118
"scenarioB","X_16","indep",0,0,NA,"LASSO",0,0,200,118
"scenarioB","X_17","indep",0,0,NA,"LASSO",0,0,200,118
"scenarioB","X_18","weak",0.3,0,NA,"LASSO",0.0263161636488434,0.0263161636488434,200,118
"scenarioB","X_19","weak",0.3,0,NA,"LASSO",0,0,200,118
"scenarioB","X_20","weak",0.3,0,NA,"LASSO",0,0,200,118
"scenarioB","X_21","weak",0.3,0,NA,"LASSO",0,0,200,118
"scenarioB","X_22","strong",0.6,0,NA,"LASSO",0,0,200,118
"scenarioB","X_23","strong",0.6,0,NA,"LASSO",0,0,200,118
"scenarioB","X_24","strong",0.6,0,NA,"LASSO",0,0,200,118
"scenarioB","X_25","strong",0.6,0,NA,"LASSO",0,0,200,118
"scenarioB","X_1","strong",0.6,0.4,0.353894559333065,"SSL",0,-0.4,200,119
"scenarioB","X_2","strong",0.6,-0.5,-0.503341266934463,"SSL",-0.248034584662175,0.251965415337825,200,119
"scenarioB","X_3","weak",0.3,0.6,0.583305132283108,"SSL",0.449993578127938,-0.150006421872062,200,119
"scenarioB","X_4","weak",0.3,0.75,0.655992406068347,"SSL",0.498408219213163,-0.251591780786837,200,119
"scenarioB","X_5","indep",0,-0.8,-0.736767681922425,"SSL",-0.558261009315681,0.241738990684319,200,119
"scenarioB","X_6","indep",0,0,NA,"SSL",0,0,200,119
"scenarioB","X_7","indep",0,0,NA,"SSL",0,0,200,119
"scenarioB","X_8","indep",0,0,NA,"SSL",0,0,200,119
"scenarioB","X_9","indep",0,0,NA,"SSL",0,0,200,119
"scenarioB","X_10","indep",0,0,NA,"SSL",0,0,200,119
"scenarioB","X_11","indep",0,0,NA,"SSL",0,0,200,119
"scenarioB","X_12","indep",0,0,NA,"SSL",0,0,200,119
"scenarioB","X_13","indep",0,0,NA,"SSL",0,0,200,119
"scenarioB","X_14","indep",0,0,NA,"SSL",0,0,200,119
"scenarioB","X_15","indep",0,0,NA,"SSL",0,0,200,119
"scenarioB","X_16","indep",0,0,NA,"SSL",0,0,200,119
"scenarioB","X_17","indep",0,0,NA,"SSL",0,0,200,119
"scenarioB","X_18","weak",0.3,0,NA,"SSL",0.171457925216339,0.171457925216339,200,119
"scenarioB","X_19","weak",0.3,0,NA,"SSL",0,0,200,119
"scenarioB","X_20","weak",0.3,0,NA,"SSL",0,0,200,119
"scenarioB","X_21","weak",0.3,0,NA,"SSL",0,0,200,119
"scenarioB","X_22","strong",0.6,0,NA,"SSL",0,0,200,119
"scenarioB","X_23","strong",0.6,0,NA,"SSL",0,0,200,119
"scenarioB","X_24","strong",0.6,0,NA,"SSL",0,0,200,119
"scenarioB","X_25","strong",0.6,0,NA,"SSL",0,0,200,119
"scenarioB","X_1","strong",0.6,0.4,0.353894559333065,"LASSO",0,-0.4,200,119
"scenarioB","X_2","strong",0.6,-0.5,-0.503341266934463,"LASSO",-0.18178701136853,0.31821298863147,200,119
"scenarioB","X_3","weak",0.3,0.6,0.583305132283108,"LASSO",0.387676874203764,-0.212323125796236,200,119
"scenarioB","X_4","weak",0.3,0.75,0.655992406068347,"LASSO",0.424114449500815,-0.325885550499185,200,119
"scenarioB","X_5","indep",0,-0.8,-0.736767681922425,"LASSO",-0.475741538034802,0.324258461965198,200,119
"scenarioB","X_6","indep",0,0,NA,"LASSO",0,0,200,119
"scenarioB","X_7","indep",0,0,NA,"LASSO",0,0,200,119
"scenarioB","X_8","indep",0,0,NA,"LASSO",0,0,200,119
"scenarioB","X_9","indep",0,0,NA,"LASSO",0,0,200,119
"scenarioB","X_10","indep",0,0,NA,"LASSO",0,0,200,119
"scenarioB","X_11","indep",0,0,NA,"LASSO",0,0,200,119
"scenarioB","X_12","indep",0,0,NA,"LASSO",0,0,200,119
"scenarioB","X_13","indep",0,0,NA,"LASSO",0,0,200,119
"scenarioB","X_14","indep",0,0,NA,"LASSO",0,0,200,119
"scenarioB","X_15","indep",0,0,NA,"LASSO",0,0,200,119
"scenarioB","X_16","indep",0,0,NA,"LASSO",-0.0995148565991573,-0.0995148565991573,200,119
"scenarioB","X_17","indep",0,0,NA,"LASSO",0,0,200,119
"scenarioB","X_18","weak",0.3,0,NA,"LASSO",0.13962359165424,0.13962359165424,200,119
"scenarioB","X_19","weak",0.3,0,NA,"LASSO",0,0,200,119
"scenarioB","X_20","weak",0.3,0,NA,"LASSO",0,0,200,119
"scenarioB","X_21","weak",0.3,0,NA,"LASSO",0,0,200,119
"scenarioB","X_22","strong",0.6,0,NA,"LASSO",0,0,200,119
"scenarioB","X_23","strong",0.6,0,NA,"LASSO",0,0,200,119
"scenarioB","X_24","strong",0.6,0,NA,"LASSO",0,0,200,119
"scenarioB","X_25","strong",0.6,0,NA,"LASSO",0,0,200,119
"scenarioB","X_1","strong",0.6,0.4,0.413575378546407,"SSL",0.281633052975373,-0.118366947024627,200,120
"scenarioB","X_2","strong",0.6,-0.5,-0.516907498432109,"SSL",-0.366117692526661,0.133882307473339,200,120
"scenarioB","X_3","weak",0.3,0.6,0.447225581460066,"SSL",0.493337413535915,-0.106662586464085,200,120
"scenarioB","X_4","weak",0.3,0.75,0.764155580878305,"SSL",0.756276518098517,0.0062765180985167,200,120
"scenarioB","X_5","indep",0,-0.8,-0.948725885834517,"SSL",-0.899010133626495,-0.0990101336264949,200,120
"scenarioB","X_6","indep",0,0,NA,"SSL",0,0,200,120
"scenarioB","X_7","indep",0,0,NA,"SSL",0,0,200,120
"scenarioB","X_8","indep",0,0,NA,"SSL",0,0,200,120
"scenarioB","X_9","indep",0,0,NA,"SSL",0,0,200,120
"scenarioB","X_10","indep",0,0,NA,"SSL",0,0,200,120
"scenarioB","X_11","indep",0,0,NA,"SSL",0,0,200,120
"scenarioB","X_12","indep",0,0,NA,"SSL",0,0,200,120
"scenarioB","X_13","indep",0,0,NA,"SSL",0,0,200,120
"scenarioB","X_14","indep",0,0,NA,"SSL",0,0,200,120
"scenarioB","X_15","indep",0,0,NA,"SSL",0,0,200,120
"scenarioB","X_16","indep",0,0,NA,"SSL",0,0,200,120
"scenarioB","X_17","indep",0,0,NA,"SSL",0,0,200,120
"scenarioB","X_18","weak",0.3,0,NA,"SSL",0,0,200,120
"scenarioB","X_19","weak",0.3,0,NA,"SSL",0,0,200,120
"scenarioB","X_20","weak",0.3,0,NA,"SSL",-0.171647783574199,-0.171647783574199,200,120
"scenarioB","X_21","weak",0.3,0,NA,"SSL",0,0,200,120
"scenarioB","X_22","strong",0.6,0,NA,"SSL",0,0,200,120
"scenarioB","X_23","strong",0.6,0,NA,"SSL",0,0,200,120
"scenarioB","X_24","strong",0.6,0,NA,"SSL",0,0,200,120
"scenarioB","X_25","strong",0.6,0,NA,"SSL",0,0,200,120
"scenarioB","X_1","strong",0.6,0.4,0.413575378546407,"LASSO",0,-0.4,200,120
"scenarioB","X_2","strong",0.6,-0.5,-0.516907498432109,"LASSO",0,0.5,200,120
"scenarioB","X_3","weak",0.3,0.6,0.447225581460066,"LASSO",0.264580773990773,-0.335419226009227,200,120
"scenarioB","X_4","weak",0.3,0.75,0.764155580878305,"LASSO",0.484248314464554,-0.265751685535446,200,120
"scenarioB","X_5","indep",0,-0.8,-0.948725885834517,"LASSO",-0.596178628466323,0.203821371533677,200,120
"scenarioB","X_6","indep",0,0,NA,"LASSO",0,0,200,120
"scenarioB","X_7","indep",0,0,NA,"LASSO",0,0,200,120
"scenarioB","X_8","indep",0,0,NA,"LASSO",0,0,200,120
"scenarioB","X_9","indep",0,0,NA,"LASSO",0,0,200,120
"scenarioB","X_10","indep",0,0,NA,"LASSO",0,0,200,120
"scenarioB","X_11","indep",0,0,NA,"LASSO",0,0,200,120
"scenarioB","X_12","indep",0,0,NA,"LASSO",0,0,200,120
"scenarioB","X_13","indep",0,0,NA,"LASSO",0,0,200,120
"scenarioB","X_14","indep",0,0,NA,"LASSO",0,0,200,120
"scenarioB","X_15","indep",0,0,NA,"LASSO",0,0,200,120
"scenarioB","X_16","indep",0,0,NA,"LASSO",0,0,200,120
"scenarioB","X_17","indep",0,0,NA,"LASSO",0,0,200,120
"scenarioB","X_18","weak",0.3,0,NA,"LASSO",0,0,200,120
"scenarioB","X_19","weak",0.3,0,NA,"LASSO",0,0,200,120
"scenarioB","X_20","weak",0.3,0,NA,"LASSO",0,0,200,120
"scenarioB","X_21","weak",0.3,0,NA,"LASSO",0,0,200,120
"scenarioB","X_22","strong",0.6,0,NA,"LASSO",0,0,200,120
"scenarioB","X_23","strong",0.6,0,NA,"LASSO",0,0,200,120
"scenarioB","X_24","strong",0.6,0,NA,"LASSO",0,0,200,120
"scenarioB","X_25","strong",0.6,0,NA,"LASSO",0,0,200,120
"scenarioB","X_1","strong",0.6,0.4,0.565983648291363,"SSL",0.306249184576538,-0.0937508154234623,200,121
"scenarioB","X_2","strong",0.6,-0.5,-0.696915779985446,"SSL",-0.63682984280141,-0.13682984280141,200,121
"scenarioB","X_3","weak",0.3,0.6,0.627707696307466,"SSL",0.540010329433518,-0.059989670566482,200,121
"scenarioB","X_4","weak",0.3,0.75,0.787479930937258,"SSL",0.713013868849587,-0.0369861311504129,200,121
"scenarioB","X_5","indep",0,-0.8,-0.935616749620257,"SSL",-0.848849420922028,-0.048849420922028,200,121
"scenarioB","X_6","indep",0,0,NA,"SSL",0,0,200,121
"scenarioB","X_7","indep",0,0,NA,"SSL",0,0,200,121
"scenarioB","X_8","indep",0,0,NA,"SSL",0,0,200,121
"scenarioB","X_9","indep",0,0,NA,"SSL",0,0,200,121
"scenarioB","X_10","indep",0,0,NA,"SSL",0,0,200,121
"scenarioB","X_11","indep",0,0,NA,"SSL",0,0,200,121
"scenarioB","X_12","indep",0,0,NA,"SSL",0,0,200,121
"scenarioB","X_13","indep",0,0,NA,"SSL",-0.128197096722232,-0.128197096722232,200,121
"scenarioB","X_14","indep",0,0,NA,"SSL",0,0,200,121
"scenarioB","X_15","indep",0,0,NA,"SSL",0,0,200,121
"scenarioB","X_16","indep",0,0,NA,"SSL",0,0,200,121
"scenarioB","X_17","indep",0,0,NA,"SSL",0,0,200,121
"scenarioB","X_18","weak",0.3,0,NA,"SSL",0,0,200,121
"scenarioB","X_19","weak",0.3,0,NA,"SSL",0,0,200,121
"scenarioB","X_20","weak",0.3,0,NA,"SSL",0,0,200,121
"scenarioB","X_21","weak",0.3,0,NA,"SSL",0,0,200,121
"scenarioB","X_22","strong",0.6,0,NA,"SSL",0,0,200,121
"scenarioB","X_23","strong",0.6,0,NA,"SSL",0,0,200,121
"scenarioB","X_24","strong",0.6,0,NA,"SSL",0,0,200,121
"scenarioB","X_25","strong",0.6,0,NA,"SSL",0.238205480486399,0.238205480486399,200,121
"scenarioB","X_1","strong",0.6,0.4,0.565983648291363,"LASSO",0.267194974924414,-0.132805025075586,200,121
"scenarioB","X_2","strong",0.6,-0.5,-0.696915779985446,"LASSO",-0.577189721610334,-0.077189721610334,200,121
"scenarioB","X_3","weak",0.3,0.6,0.627707696307466,"LASSO",0.505810337057102,-0.0941896629428975,200,121
"scenarioB","X_4","weak",0.3,0.75,0.787479930937258,"LASSO",0.66813602998302,-0.08186397001698,200,121
"scenarioB","X_5","indep",0,-0.8,-0.935616749620257,"LASSO",-0.795858390962471,0.00414160903752903,200,121
"scenarioB","X_6","indep",0,0,NA,"LASSO",0,0,200,121
"scenarioB","X_7","indep",0,0,NA,"LASSO",0,0,200,121
"scenarioB","X_8","indep",0,0,NA,"LASSO",0,0,200,121
"scenarioB","X_9","indep",0,0,NA,"LASSO",0.0326310669972979,0.0326310669972979,200,121
"scenarioB","X_10","indep",0,0,NA,"LASSO",0,0,200,121
"scenarioB","X_11","indep",0,0,NA,"LASSO",0,0,200,121
"scenarioB","X_12","indep",0,0,NA,"LASSO",0,0,200,121
"scenarioB","X_13","indep",0,0,NA,"LASSO",-0.101072548546568,-0.101072548546568,200,121
"scenarioB","X_14","indep",0,0,NA,"LASSO",0,0,200,121
"scenarioB","X_15","indep",0,0,NA,"LASSO",0,0,200,121
"scenarioB","X_16","indep",0,0,NA,"LASSO",0,0,200,121
"scenarioB","X_17","indep",0,0,NA,"LASSO",0,0,200,121
"scenarioB","X_18","weak",0.3,0,NA,"LASSO",0,0,200,121
"scenarioB","X_19","weak",0.3,0,NA,"LASSO",-0.0616452031158329,-0.0616452031158329,200,121
"scenarioB","X_20","weak",0.3,0,NA,"LASSO",0,0,200,121
"scenarioB","X_21","weak",0.3,0,NA,"LASSO",0,0,200,121
"scenarioB","X_22","strong",0.6,0,NA,"LASSO",0,0,200,121
"scenarioB","X_23","strong",0.6,0,NA,"LASSO",0,0,200,121
"scenarioB","X_24","strong",0.6,0,NA,"LASSO",0,0,200,121
"scenarioB","X_25","strong",0.6,0,NA,"LASSO",0.19154449828881,0.19154449828881,200,121
"scenarioB","X_1","strong",0.6,0.4,0.505896785724062,"SSL",0,-0.4,200,122
"scenarioB","X_2","strong",0.6,-0.5,-0.526303447593985,"SSL",0,0.5,200,122
"scenarioB","X_3","weak",0.3,0.6,0.697598332738983,"SSL",0.672392408065533,0.0723924080655334,200,122
"scenarioB","X_4","weak",0.3,0.75,0.684932733275561,"SSL",0.579496924651294,-0.170503075348706,200,122
"scenarioB","X_5","indep",0,-0.8,-0.938788803977062,"SSL",-0.769680697604416,0.0303193023955843,200,122
"scenarioB","X_6","indep",0,0,NA,"SSL",0,0,200,122
"scenarioB","X_7","indep",0,0,NA,"SSL",0,0,200,122
"scenarioB","X_8","indep",0,0,NA,"SSL",0,0,200,122
"scenarioB","X_9","indep",0,0,NA,"SSL",0,0,200,122
"scenarioB","X_10","indep",0,0,NA,"SSL",0,0,200,122
"scenarioB","X_11","indep",0,0,NA,"SSL",0,0,200,122
"scenarioB","X_12","indep",0,0,NA,"SSL",0,0,200,122
"scenarioB","X_13","indep",0,0,NA,"SSL",0,0,200,122
"scenarioB","X_14","indep",0,0,NA,"SSL",0,0,200,122
"scenarioB","X_15","indep",0,0,NA,"SSL",0,0,200,122
"scenarioB","X_16","indep",0,0,NA,"SSL",0,0,200,122
"scenarioB","X_17","indep",0,0,NA,"SSL",0,0,200,122
"scenarioB","X_18","weak",0.3,0,NA,"SSL",0,0,200,122
"scenarioB","X_19","weak",0.3,0,NA,"SSL",0,0,200,122
"scenarioB","X_20","weak",0.3,0,NA,"SSL",0,0,200,122
"scenarioB","X_21","weak",0.3,0,NA,"SSL",0,0,200,122
"scenarioB","X_22","strong",0.6,0,NA,"SSL",0,0,200,122
"scenarioB","X_23","strong",0.6,0,NA,"SSL",0,0,200,122
"scenarioB","X_24","strong",0.6,0,NA,"SSL",0,0,200,122
"scenarioB","X_25","strong",0.6,0,NA,"SSL",0,0,200,122
"scenarioB","X_1","strong",0.6,0.4,0.505896785724062,"LASSO",0.137333687354156,-0.262666312645845,200,122
"scenarioB","X_2","strong",0.6,-0.5,-0.526303447593985,"LASSO",-0.13152493330301,0.36847506669699,200,122
"scenarioB","X_3","weak",0.3,0.6,0.697598332738983,"LASSO",0.537168683739184,-0.0628313162608158,200,122
"scenarioB","X_4","weak",0.3,0.75,0.684932733275561,"LASSO",0.460745126616067,-0.289254873383933,200,122
"scenarioB","X_5","indep",0,-0.8,-0.938788803977062,"LASSO",-0.599829620719288,0.200170379280712,200,122
"scenarioB","X_6","indep",0,0,NA,"LASSO",0,0,200,122
"scenarioB","X_7","indep",0,0,NA,"LASSO",0,0,200,122
"scenarioB","X_8","indep",0,0,NA,"LASSO",0,0,200,122
"scenarioB","X_9","indep",0,0,NA,"LASSO",0,0,200,122
"scenarioB","X_10","indep",0,0,NA,"LASSO",0,0,200,122
"scenarioB","X_11","indep",0,0,NA,"LASSO",0,0,200,122
"scenarioB","X_12","indep",0,0,NA,"LASSO",0,0,200,122
"scenarioB","X_13","indep",0,0,NA,"LASSO",0,0,200,122
"scenarioB","X_14","indep",0,0,NA,"LASSO",0,0,200,122
"scenarioB","X_15","indep",0,0,NA,"LASSO",0,0,200,122
"scenarioB","X_16","indep",0,0,NA,"LASSO",0,0,200,122
"scenarioB","X_17","indep",0,0,NA,"LASSO",0,0,200,122
"scenarioB","X_18","weak",0.3,0,NA,"LASSO",0,0,200,122
"scenarioB","X_19","weak",0.3,0,NA,"LASSO",0,0,200,122
"scenarioB","X_20","weak",0.3,0,NA,"LASSO",0,0,200,122
"scenarioB","X_21","weak",0.3,0,NA,"LASSO",0,0,200,122
"scenarioB","X_22","strong",0.6,0,NA,"LASSO",0,0,200,122
"scenarioB","X_23","strong",0.6,0,NA,"LASSO",0,0,200,122
"scenarioB","X_24","strong",0.6,0,NA,"LASSO",0,0,200,122
"scenarioB","X_25","strong",0.6,0,NA,"LASSO",0,0,200,122
"scenarioB","X_1","strong",0.6,0.4,0.440645229106246,"SSL",0.444481499320362,0.0444814993203617,200,123
"scenarioB","X_2","strong",0.6,-0.5,-0.507479392640869,"SSL",-0.444239872859235,0.0557601271407648,200,123
"scenarioB","X_3","weak",0.3,0.6,0.422049184972225,"SSL",0.497390827054115,-0.102609172945885,200,123
"scenarioB","X_4","weak",0.3,0.75,0.891625138066992,"SSL",0.928775836016933,0.178775836016933,200,123
"scenarioB","X_5","indep",0,-0.8,-0.62979019098445,"SSL",-0.584034556739866,0.215965443260134,200,123
"scenarioB","X_6","indep",0,0,NA,"SSL",-0.0782534639853683,-0.0782534639853683,200,123
"scenarioB","X_7","indep",0,0,NA,"SSL",-0.0309483557373005,-0.0309483557373005,200,123
"scenarioB","X_8","indep",0,0,NA,"SSL",0.126503748489215,0.126503748489215,200,123
"scenarioB","X_9","indep",0,0,NA,"SSL",0,0,200,123
"scenarioB","X_10","indep",0,0,NA,"SSL",0,0,200,123
"scenarioB","X_11","indep",0,0,NA,"SSL",0.15034163051418,0.15034163051418,200,123
"scenarioB","X_12","indep",0,0,NA,"SSL",0,0,200,123
"scenarioB","X_13","indep",0,0,NA,"SSL",0.178502648050005,0.178502648050005,200,123
"scenarioB","X_14","indep",0,0,NA,"SSL",0,0,200,123
"scenarioB","X_15","indep",0,0,NA,"SSL",0,0,200,123
"scenarioB","X_16","indep",0,0,NA,"SSL",0.0766170071347587,0.0766170071347587,200,123
"scenarioB","X_17","indep",0,0,NA,"SSL",0.0880434360601824,0.0880434360601824,200,123
"scenarioB","X_18","weak",0.3,0,NA,"SSL",0,0,200,123
"scenarioB","X_19","weak",0.3,0,NA,"SSL",0,0,200,123
"scenarioB","X_20","weak",0.3,0,NA,"SSL",-0.195462466258527,-0.195462466258527,200,123
"scenarioB","X_21","weak",0.3,0,NA,"SSL",0,0,200,123
"scenarioB","X_22","strong",0.6,0,NA,"SSL",0,0,200,123
"scenarioB","X_23","strong",0.6,0,NA,"SSL",-0.141582963448312,-0.141582963448312,200,123
"scenarioB","X_24","strong",0.6,0,NA,"SSL",0,0,200,123
"scenarioB","X_25","strong",0.6,0,NA,"SSL",0,0,200,123
"scenarioB","X_1","strong",0.6,0.4,0.440645229106246,"LASSO",0.164737235682765,-0.235262764317235,200,123
"scenarioB","X_2","strong",0.6,-0.5,-0.507479392640869,"LASSO",-0.15024331654774,0.34975668345226,200,123
"scenarioB","X_3","weak",0.3,0.6,0.422049184972225,"LASSO",0.265219809566152,-0.334780190433848,200,123
"scenarioB","X_4","weak",0.3,0.75,0.891625138066992,"LASSO",0.648706379146466,-0.101293620853534,200,123
"scenarioB","X_5","indep",0,-0.8,-0.62979019098445,"LASSO",-0.412317014366414,0.387682985633586,200,123
"scenarioB","X_6","indep",0,0,NA,"LASSO",0,0,200,123
"scenarioB","X_7","indep",0,0,NA,"LASSO",0,0,200,123
"scenarioB","X_8","indep",0,0,NA,"LASSO",0,0,200,123
"scenarioB","X_9","indep",0,0,NA,"LASSO",0,0,200,123
"scenarioB","X_10","indep",0,0,NA,"LASSO",0,0,200,123
"scenarioB","X_11","indep",0,0,NA,"LASSO",0,0,200,123
"scenarioB","X_12","indep",0,0,NA,"LASSO",0,0,200,123
"scenarioB","X_13","indep",0,0,NA,"LASSO",0,0,200,123
"scenarioB","X_14","indep",0,0,NA,"LASSO",0,0,200,123
"scenarioB","X_15","indep",0,0,NA,"LASSO",0,0,200,123
"scenarioB","X_16","indep",0,0,NA,"LASSO",0,0,200,123
"scenarioB","X_17","indep",0,0,NA,"LASSO",0,0,200,123
"scenarioB","X_18","weak",0.3,0,NA,"LASSO",0,0,200,123
"scenarioB","X_19","weak",0.3,0,NA,"LASSO",0,0,200,123
"scenarioB","X_20","weak",0.3,0,NA,"LASSO",0,0,200,123
"scenarioB","X_21","weak",0.3,0,NA,"LASSO",0,0,200,123
"scenarioB","X_22","strong",0.6,0,NA,"LASSO",0,0,200,123
"scenarioB","X_23","strong",0.6,0,NA,"LASSO",0,0,200,123
"scenarioB","X_24","strong",0.6,0,NA,"LASSO",0,0,200,123
"scenarioB","X_25","strong",0.6,0,NA,"LASSO",0,0,200,123
"scenarioB","X_1","strong",0.6,0.4,0.505918551660447,"SSL",0,-0.4,200,124
"scenarioB","X_2","strong",0.6,-0.5,-0.544110881472027,"SSL",0,0.5,200,124
"scenarioB","X_3","weak",0.3,0.6,0.482736790198372,"SSL",0.365917277101239,-0.234082722898761,200,124
"scenarioB","X_4","weak",0.3,0.75,0.703297132502638,"SSL",0.427421310109569,-0.322578689890431,200,124
"scenarioB","X_5","indep",0,-0.8,-0.746763946788449,"SSL",-0.493683769697008,0.306316230302992,200,124
"scenarioB","X_6","indep",0,0,NA,"SSL",0,0,200,124
"scenarioB","X_7","indep",0,0,NA,"SSL",0,0,200,124
"scenarioB","X_8","indep",0,0,NA,"SSL",0,0,200,124
"scenarioB","X_9","indep",0,0,NA,"SSL",0,0,200,124
"scenarioB","X_10","indep",0,0,NA,"SSL",0,0,200,124
"scenarioB","X_11","indep",0,0,NA,"SSL",0,0,200,124
"scenarioB","X_12","indep",0,0,NA,"SSL",0,0,200,124
"scenarioB","X_13","indep",0,0,NA,"SSL",0,0,200,124
"scenarioB","X_14","indep",0,0,NA,"SSL",0,0,200,124
"scenarioB","X_15","indep",0,0,NA,"SSL",0,0,200,124
"scenarioB","X_16","indep",0,0,NA,"SSL",0,0,200,124
"scenarioB","X_17","indep",0,0,NA,"SSL",0,0,200,124
"scenarioB","X_18","weak",0.3,0,NA,"SSL",0.110752951001667,0.110752951001667,200,124
"scenarioB","X_19","weak",0.3,0,NA,"SSL",0.145949967556023,0.145949967556023,200,124
"scenarioB","X_20","weak",0.3,0,NA,"SSL",0,0,200,124
"scenarioB","X_21","weak",0.3,0,NA,"SSL",0,0,200,124
"scenarioB","X_22","strong",0.6,0,NA,"SSL",0,0,200,124
"scenarioB","X_23","strong",0.6,0,NA,"SSL",0,0,200,124
"scenarioB","X_24","strong",0.6,0,NA,"SSL",0,0,200,124
"scenarioB","X_25","strong",0.6,0,NA,"SSL",0,0,200,124
"scenarioB","X_1","strong",0.6,0.4,0.505918551660447,"LASSO",0,-0.4,200,124
"scenarioB","X_2","strong",0.6,-0.5,-0.544110881472027,"LASSO",-0.0459085331704487,0.454091466829551,200,124
"scenarioB","X_3","weak",0.3,0.6,0.482736790198372,"LASSO",0.310478623429068,-0.289521376570932,200,124
"scenarioB","X_4","weak",0.3,0.75,0.703297132502638,"LASSO",0.356851748409107,-0.393148251590893,200,124
"scenarioB","X_5","indep",0,-0.8,-0.746763946788449,"LASSO",-0.413739745525456,0.386260254474544,200,124
"scenarioB","X_6","indep",0,0,NA,"LASSO",0,0,200,124
"scenarioB","X_7","indep",0,0,NA,"LASSO",0,0,200,124
"scenarioB","X_8","indep",0,0,NA,"LASSO",0,0,200,124
"scenarioB","X_9","indep",0,0,NA,"LASSO",0.0516257918710535,0.0516257918710535,200,124
"scenarioB","X_10","indep",0,0,NA,"LASSO",0,0,200,124
"scenarioB","X_11","indep",0,0,NA,"LASSO",0,0,200,124
"scenarioB","X_12","indep",0,0,NA,"LASSO",0,0,200,124
"scenarioB","X_13","indep",0,0,NA,"LASSO",0,0,200,124
"scenarioB","X_14","indep",0,0,NA,"LASSO",0,0,200,124
"scenarioB","X_15","indep",0,0,NA,"LASSO",0,0,200,124
"scenarioB","X_16","indep",0,0,NA,"LASSO",0,0,200,124
"scenarioB","X_17","indep",0,0,NA,"LASSO",0,0,200,124
"scenarioB","X_18","weak",0.3,0,NA,"LASSO",0.0874841033746131,0.0874841033746131,200,124
"scenarioB","X_19","weak",0.3,0,NA,"LASSO",0.0835872004538742,0.0835872004538742,200,124
"scenarioB","X_20","weak",0.3,0,NA,"LASSO",0,0,200,124
"scenarioB","X_21","weak",0.3,0,NA,"LASSO",0,0,200,124
"scenarioB","X_22","strong",0.6,0,NA,"LASSO",0,0,200,124
"scenarioB","X_23","strong",0.6,0,NA,"LASSO",0,0,200,124
"scenarioB","X_24","strong",0.6,0,NA,"LASSO",0,0,200,124
"scenarioB","X_25","strong",0.6,0,NA,"LASSO",0,0,200,124
"scenarioB","X_1","strong",0.6,0.4,0.13040621895584,"SSL",0,-0.4,200,126
"scenarioB","X_2","strong",0.6,-0.5,-0.241185320249098,"SSL",0,0.5,200,126
"scenarioB","X_3","weak",0.3,0.6,0.603498540598294,"SSL",0.572819172716365,-0.0271808272836354,200,126
"scenarioB","X_4","weak",0.3,0.75,0.694746103535025,"SSL",0.660451434320567,-0.0895485656794333,200,126
"scenarioB","X_5","indep",0,-0.8,-0.890633803468273,"SSL",-0.850691471643006,-0.0506914716430059,200,126
"scenarioB","X_6","indep",0,0,NA,"SSL",0,0,200,126
"scenarioB","X_7","indep",0,0,NA,"SSL",0,0,200,126
"scenarioB","X_8","indep",0,0,NA,"SSL",0,0,200,126
"scenarioB","X_9","indep",0,0,NA,"SSL",0,0,200,126
"scenarioB","X_10","indep",0,0,NA,"SSL",0,0,200,126
"scenarioB","X_11","indep",0,0,NA,"SSL",0,0,200,126
"scenarioB","X_12","indep",0,0,NA,"SSL",0,0,200,126
"scenarioB","X_13","indep",0,0,NA,"SSL",0,0,200,126
"scenarioB","X_14","indep",0,0,NA,"SSL",0,0,200,126
"scenarioB","X_15","indep",0,0,NA,"SSL",0,0,200,126
"scenarioB","X_16","indep",0,0,NA,"SSL",0,0,200,126
"scenarioB","X_17","indep",0,0,NA,"SSL",0,0,200,126
"scenarioB","X_18","weak",0.3,0,NA,"SSL",0,0,200,126
"scenarioB","X_19","weak",0.3,0,NA,"SSL",0,0,200,126
"scenarioB","X_20","weak",0.3,0,NA,"SSL",0,0,200,126
"scenarioB","X_21","weak",0.3,0,NA,"SSL",0,0,200,126
"scenarioB","X_22","strong",0.6,0,NA,"SSL",0,0,200,126
"scenarioB","X_23","strong",0.6,0,NA,"SSL",0,0,200,126
"scenarioB","X_24","strong",0.6,0,NA,"SSL",0,0,200,126
"scenarioB","X_25","strong",0.6,0,NA,"SSL",0,0,200,126
"scenarioB","X_1","strong",0.6,0.4,0.13040621895584,"LASSO",0,-0.4,200,126
"scenarioB","X_2","strong",0.6,-0.5,-0.241185320249098,"LASSO",0,0.5,200,126
"scenarioB","X_3","weak",0.3,0.6,0.603498540598294,"LASSO",0.386214726859204,-0.213785273140796,200,126
"scenarioB","X_4","weak",0.3,0.75,0.694746103535025,"LASSO",0.49438377513012,-0.25561622486988,200,126
"scenarioB","X_5","indep",0,-0.8,-0.890633803468273,"LASSO",-0.584325744575531,0.215674255424469,200,126
"scenarioB","X_6","indep",0,0,NA,"LASSO",0,0,200,126
"scenarioB","X_7","indep",0,0,NA,"LASSO",0,0,200,126
"scenarioB","X_8","indep",0,0,NA,"LASSO",0,0,200,126
"scenarioB","X_9","indep",0,0,NA,"LASSO",0,0,200,126
"scenarioB","X_10","indep",0,0,NA,"LASSO",0,0,200,126
"scenarioB","X_11","indep",0,0,NA,"LASSO",-0.0246286936357351,-0.0246286936357351,200,126
"scenarioB","X_12","indep",0,0,NA,"LASSO",0,0,200,126
"scenarioB","X_13","indep",0,0,NA,"LASSO",0,0,200,126
"scenarioB","X_14","indep",0,0,NA,"LASSO",0,0,200,126
"scenarioB","X_15","indep",0,0,NA,"LASSO",0,0,200,126
"scenarioB","X_16","indep",0,0,NA,"LASSO",0,0,200,126
"scenarioB","X_17","indep",0,0,NA,"LASSO",0,0,200,126
"scenarioB","X_18","weak",0.3,0,NA,"LASSO",0,0,200,126
"scenarioB","X_19","weak",0.3,0,NA,"LASSO",0,0,200,126
"scenarioB","X_20","weak",0.3,0,NA,"LASSO",0,0,200,126
"scenarioB","X_21","weak",0.3,0,NA,"LASSO",0,0,200,126
"scenarioB","X_22","strong",0.6,0,NA,"LASSO",0,0,200,126
"scenarioB","X_23","strong",0.6,0,NA,"LASSO",0,0,200,126
"scenarioB","X_24","strong",0.6,0,NA,"LASSO",0,0,200,126
"scenarioB","X_25","strong",0.6,0,NA,"LASSO",0,0,200,126
"scenarioB","X_1","strong",0.6,0.4,0.292870395949285,"SSL",0,-0.4,200,127
"scenarioB","X_2","strong",0.6,-0.5,-0.405705805190537,"SSL",0,0.5,200,127
"scenarioB","X_3","weak",0.3,0.6,0.730192128437446,"SSL",0.631766888268177,0.0317668882681769,200,127
"scenarioB","X_4","weak",0.3,0.75,0.616154495306621,"SSL",0.542277465928159,-0.207722534071841,200,127
"scenarioB","X_5","indep",0,-0.8,-0.610718145682462,"SSL",-0.519255606933953,0.280744393066047,200,127
"scenarioB","X_6","indep",0,0,NA,"SSL",0,0,200,127
"scenarioB","X_7","indep",0,0,NA,"SSL",0.250507456699279,0.250507456699279,200,127
"scenarioB","X_8","indep",0,0,NA,"SSL",0,0,200,127
"scenarioB","X_9","indep",0,0,NA,"SSL",0,0,200,127
"scenarioB","X_10","indep",0,0,NA,"SSL",0,0,200,127
"scenarioB","X_11","indep",0,0,NA,"SSL",0,0,200,127
"scenarioB","X_12","indep",0,0,NA,"SSL",0,0,200,127
"scenarioB","X_13","indep",0,0,NA,"SSL",0,0,200,127
"scenarioB","X_14","indep",0,0,NA,"SSL",0,0,200,127
"scenarioB","X_15","indep",0,0,NA,"SSL",0,0,200,127
"scenarioB","X_16","indep",0,0,NA,"SSL",0,0,200,127
"scenarioB","X_17","indep",0,0,NA,"SSL",0,0,200,127
"scenarioB","X_18","weak",0.3,0,NA,"SSL",0,0,200,127
"scenarioB","X_19","weak",0.3,0,NA,"SSL",0,0,200,127
"scenarioB","X_20","weak",0.3,0,NA,"SSL",0,0,200,127
"scenarioB","X_21","weak",0.3,0,NA,"SSL",0,0,200,127
"scenarioB","X_22","strong",0.6,0,NA,"SSL",0,0,200,127
"scenarioB","X_23","strong",0.6,0,NA,"SSL",0,0,200,127
"scenarioB","X_24","strong",0.6,0,NA,"SSL",0,0,200,127
"scenarioB","X_25","strong",0.6,0,NA,"SSL",0,0,200,127
"scenarioB","X_1","strong",0.6,0.4,0.292870395949285,"LASSO",0,-0.4,200,127
"scenarioB","X_2","strong",0.6,-0.5,-0.405705805190537,"LASSO",-0.0637033959317519,0.436296604068248,200,127
"scenarioB","X_3","weak",0.3,0.6,0.730192128437446,"LASSO",0.52975206179503,-0.0702479382049703,200,127
"scenarioB","X_4","weak",0.3,0.75,0.616154495306621,"LASSO",0.431239769720542,-0.318760230279458,200,127
"scenarioB","X_5","indep",0,-0.8,-0.610718145682462,"LASSO",-0.377117951289202,0.422882048710798,200,127
"scenarioB","X_6","indep",0,0,NA,"LASSO",0,0,200,127
"scenarioB","X_7","indep",0,0,NA,"LASSO",0.138825155594152,0.138825155594152,200,127
"scenarioB","X_8","indep",0,0,NA,"LASSO",0,0,200,127
"scenarioB","X_9","indep",0,0,NA,"LASSO",0,0,200,127
"scenarioB","X_10","indep",0,0,NA,"LASSO",0,0,200,127
"scenarioB","X_11","indep",0,0,NA,"LASSO",0,0,200,127
"scenarioB","X_12","indep",0,0,NA,"LASSO",0,0,200,127
"scenarioB","X_13","indep",0,0,NA,"LASSO",0,0,200,127
"scenarioB","X_14","indep",0,0,NA,"LASSO",0,0,200,127
"scenarioB","X_15","indep",0,0,NA,"LASSO",0,0,200,127
"scenarioB","X_16","indep",0,0,NA,"LASSO",0,0,200,127
"scenarioB","X_17","indep",0,0,NA,"LASSO",0,0,200,127
"scenarioB","X_18","weak",0.3,0,NA,"LASSO",0,0,200,127
"scenarioB","X_19","weak",0.3,0,NA,"LASSO",0,0,200,127
"scenarioB","X_20","weak",0.3,0,NA,"LASSO",0.0745073540834552,0.0745073540834552,200,127
"scenarioB","X_21","weak",0.3,0,NA,"LASSO",0,0,200,127
"scenarioB","X_22","strong",0.6,0,NA,"LASSO",0,0,200,127
"scenarioB","X_23","strong",0.6,0,NA,"LASSO",0,0,200,127
"scenarioB","X_24","strong",0.6,0,NA,"LASSO",0,0,200,127
"scenarioB","X_25","strong",0.6,0,NA,"LASSO",0,0,200,127
"scenarioB","X_1","strong",0.6,0.4,0.22617575332212,"SSL",0,-0.4,200,128
"scenarioB","X_2","strong",0.6,-0.5,-0.467476349797832,"SSL",0,0.5,200,128
"scenarioB","X_3","weak",0.3,0.6,0.56029479506421,"SSL",0.39899721762942,-0.20100278237058,200,128
"scenarioB","X_4","weak",0.3,0.75,0.948415053919844,"SSL",0.834055650946166,0.0840556509461656,200,128
"scenarioB","X_5","indep",0,-0.8,-1.03719627942277,"SSL",-0.843448340727818,-0.0434483407278183,200,128
"scenarioB","X_6","indep",0,0,NA,"SSL",0,0,200,128
"scenarioB","X_7","indep",0,0,NA,"SSL",0,0,200,128
"scenarioB","X_8","indep",0,0,NA,"SSL",0,0,200,128
"scenarioB","X_9","indep",0,0,NA,"SSL",0,0,200,128
"scenarioB","X_10","indep",0,0,NA,"SSL",0,0,200,128
"scenarioB","X_11","indep",0,0,NA,"SSL",0,0,200,128
"scenarioB","X_12","indep",0,0,NA,"SSL",0,0,200,128
"scenarioB","X_13","indep",0,0,NA,"SSL",0,0,200,128
"scenarioB","X_14","indep",0,0,NA,"SSL",0,0,200,128
"scenarioB","X_15","indep",0,0,NA,"SSL",0,0,200,128
"scenarioB","X_16","indep",0,0,NA,"SSL",0,0,200,128
"scenarioB","X_17","indep",0,0,NA,"SSL",0,0,200,128
"scenarioB","X_18","weak",0.3,0,NA,"SSL",0.153940792229802,0.153940792229802,200,128
"scenarioB","X_19","weak",0.3,0,NA,"SSL",0,0,200,128
"scenarioB","X_20","weak",0.3,0,NA,"SSL",0,0,200,128
"scenarioB","X_21","weak",0.3,0,NA,"SSL",0,0,200,128
"scenarioB","X_22","strong",0.6,0,NA,"SSL",0,0,200,128
"scenarioB","X_23","strong",0.6,0,NA,"SSL",0,0,200,128
"scenarioB","X_24","strong",0.6,0,NA,"SSL",0,0,200,128
"scenarioB","X_25","strong",0.6,0,NA,"SSL",0,0,200,128
"scenarioB","X_1","strong",0.6,0.4,0.22617575332212,"LASSO",0,-0.4,200,128
"scenarioB","X_2","strong",0.6,-0.5,-0.467476349797832,"LASSO",-0.223711379273765,0.276288620726235,200,128
"scenarioB","X_3","weak",0.3,0.6,0.56029479506421,"LASSO",0.435830707454154,-0.164169292545846,200,128
"scenarioB","X_4","weak",0.3,0.75,0.948415053919844,"LASSO",0.824039854817701,0.074039854817701,200,128
"scenarioB","X_5","indep",0,-0.8,-1.03719627942277,"LASSO",-0.907042805782473,-0.107042805782472,200,128
"scenarioB","X_6","indep",0,0,NA,"LASSO",0,0,200,128
"scenarioB","X_7","indep",0,0,NA,"LASSO",0,0,200,128
"scenarioB","X_8","indep",0,0,NA,"LASSO",0,0,200,128
"scenarioB","X_9","indep",0,0,NA,"LASSO",0,0,200,128
"scenarioB","X_10","indep",0,0,NA,"LASSO",0,0,200,128
"scenarioB","X_11","indep",0,0,NA,"LASSO",0,0,200,128
"scenarioB","X_12","indep",0,0,NA,"LASSO",0,0,200,128
"scenarioB","X_13","indep",0,0,NA,"LASSO",0,0,200,128
"scenarioB","X_14","indep",0,0,NA,"LASSO",0.0279958374314891,0.0279958374314891,200,128
"scenarioB","X_15","indep",0,0,NA,"LASSO",0,0,200,128
"scenarioB","X_16","indep",0,0,NA,"LASSO",0,0,200,128
"scenarioB","X_17","indep",0,0,NA,"LASSO",0,0,200,128
"scenarioB","X_18","weak",0.3,0,NA,"LASSO",0.130588132415706,0.130588132415706,200,128
"scenarioB","X_19","weak",0.3,0,NA,"LASSO",-0.181817468972722,-0.181817468972722,200,128
"scenarioB","X_20","weak",0.3,0,NA,"LASSO",0,0,200,128
"scenarioB","X_21","weak",0.3,0,NA,"LASSO",0,0,200,128
"scenarioB","X_22","strong",0.6,0,NA,"LASSO",0,0,200,128
"scenarioB","X_23","strong",0.6,0,NA,"LASSO",0,0,200,128
"scenarioB","X_24","strong",0.6,0,NA,"LASSO",0,0,200,128
"scenarioB","X_25","strong",0.6,0,NA,"LASSO",0,0,200,128
"scenarioB","X_1","strong",0.6,0.4,0.499348455104171,"SSL",0.528494299481103,0.128494299481103,200,129
"scenarioB","X_2","strong",0.6,-0.5,-0.51276515133096,"SSL",-0.217880990163233,0.282119009836767,200,129
"scenarioB","X_3","weak",0.3,0.6,0.660710464846744,"SSL",0.589114396124676,-0.0108856038753241,200,129
"scenarioB","X_4","weak",0.3,0.75,0.821156192281116,"SSL",0.723997000865454,-0.026002999134546,200,129
"scenarioB","X_5","indep",0,-0.8,-0.746065606733536,"SSL",-0.765359074097502,0.0346409259024976,200,129
"scenarioB","X_6","indep",0,0,NA,"SSL",0,0,200,129
"scenarioB","X_7","indep",0,0,NA,"SSL",0.0734845382987713,0.0734845382987713,200,129
"scenarioB","X_8","indep",0,0,NA,"SSL",0,0,200,129
"scenarioB","X_9","indep",0,0,NA,"SSL",0,0,200,129
"scenarioB","X_10","indep",0,0,NA,"SSL",0,0,200,129
"scenarioB","X_11","indep",0,0,NA,"SSL",-0.110926212946813,-0.110926212946813,200,129
"scenarioB","X_12","indep",0,0,NA,"SSL",-0.0879635743640649,-0.0879635743640649,200,129
"scenarioB","X_13","indep",0,0,NA,"SSL",0,0,200,129
"scenarioB","X_14","indep",0,0,NA,"SSL",0,0,200,129
"scenarioB","X_15","indep",0,0,NA,"SSL",0.157864461583443,0.157864461583443,200,129
"scenarioB","X_16","indep",0,0,NA,"SSL",0,0,200,129
"scenarioB","X_17","indep",0,0,NA,"SSL",0.124627436075029,0.124627436075029,200,129
"scenarioB","X_18","weak",0.3,0,NA,"SSL",0,0,200,129
"scenarioB","X_19","weak",0.3,0,NA,"SSL",0.0182353890149857,0.0182353890149857,200,129
"scenarioB","X_20","weak",0.3,0,NA,"SSL",0,0,200,129
"scenarioB","X_21","weak",0.3,0,NA,"SSL",0,0,200,129
"scenarioB","X_22","strong",0.6,0,NA,"SSL",-0.22380890767635,-0.22380890767635,200,129
"scenarioB","X_23","strong",0.6,0,NA,"SSL",0,0,200,129
"scenarioB","X_24","strong",0.6,0,NA,"SSL",-0.172558773501121,-0.172558773501121,200,129
"scenarioB","X_25","strong",0.6,0,NA,"SSL",-0.0559740913250288,-0.0559740913250288,200,129
"scenarioB","X_1","strong",0.6,0.4,0.499348455104171,"LASSO",0.33139448738885,-0.0686055126111505,200,129
"scenarioB","X_2","strong",0.6,-0.5,-0.51276515133096,"LASSO",-0.172186840432724,0.327813159567276,200,129
"scenarioB","X_3","weak",0.3,0.6,0.660710464846744,"LASSO",0.508644979018122,-0.0913550209818779,200,129
"scenarioB","X_4","weak",0.3,0.75,0.821156192281116,"LASSO",0.641552022841863,-0.108447977158137,200,129
"scenarioB","X_5","indep",0,-0.8,-0.746065606733536,"LASSO",-0.668174237244054,0.131825762755946,200,129
"scenarioB","X_6","indep",0,0,NA,"LASSO",0,0,200,129
"scenarioB","X_7","indep",0,0,NA,"LASSO",0,0,200,129
"scenarioB","X_8","indep",0,0,NA,"LASSO",0,0,200,129
"scenarioB","X_9","indep",0,0,NA,"LASSO",0,0,200,129
"scenarioB","X_10","indep",0,0,NA,"LASSO",0,0,200,129
"scenarioB","X_11","indep",0,0,NA,"LASSO",-0.0895242853177861,-0.0895242853177861,200,129
"scenarioB","X_12","indep",0,0,NA,"LASSO",-0.0453779893789433,-0.0453779893789433,200,129
"scenarioB","X_13","indep",0,0,NA,"LASSO",0,0,200,129
"scenarioB","X_14","indep",0,0,NA,"LASSO",0,0,200,129
"scenarioB","X_15","indep",0,0,NA,"LASSO",0.0765294202575298,0.0765294202575298,200,129
"scenarioB","X_16","indep",0,0,NA,"LASSO",0,0,200,129
"scenarioB","X_17","indep",0,0,NA,"LASSO",0.0772262231570724,0.0772262231570724,200,129
"scenarioB","X_18","weak",0.3,0,NA,"LASSO",0,0,200,129
"scenarioB","X_19","weak",0.3,0,NA,"LASSO",0,0,200,129
"scenarioB","X_20","weak",0.3,0,NA,"LASSO",0,0,200,129
"scenarioB","X_21","weak",0.3,0,NA,"LASSO",0,0,200,129
"scenarioB","X_22","strong",0.6,0,NA,"LASSO",-0.142710868446109,-0.142710868446109,200,129
"scenarioB","X_23","strong",0.6,0,NA,"LASSO",0,0,200,129
"scenarioB","X_24","strong",0.6,0,NA,"LASSO",-0.108413888791634,-0.108413888791634,200,129
"scenarioB","X_25","strong",0.6,0,NA,"LASSO",0,0,200,129
"scenarioB","X_1","strong",0.6,0.4,0.346526116004796,"SSL",0,-0.4,200,130
"scenarioB","X_2","strong",0.6,-0.5,-0.460454511689244,"SSL",0,0.5,200,130
"scenarioB","X_3","weak",0.3,0.6,0.615836541930439,"SSL",0.524871518325211,-0.0751284816747888,200,130
"scenarioB","X_4","weak",0.3,0.75,0.758819777583527,"SSL",0.592868806392701,-0.157131193607299,200,130
"scenarioB","X_5","indep",0,-0.8,-0.656708660817578,"SSL",-0.45751117072636,0.34248882927364,200,130
"scenarioB","X_6","indep",0,0,NA,"SSL",0,0,200,130
"scenarioB","X_7","indep",0,0,NA,"SSL",0,0,200,130
"scenarioB","X_8","indep",0,0,NA,"SSL",0,0,200,130
"scenarioB","X_9","indep",0,0,NA,"SSL",0,0,200,130
"scenarioB","X_10","indep",0,0,NA,"SSL",0,0,200,130
"scenarioB","X_11","indep",0,0,NA,"SSL",0,0,200,130
"scenarioB","X_12","indep",0,0,NA,"SSL",0,0,200,130
"scenarioB","X_13","indep",0,0,NA,"SSL",0,0,200,130
"scenarioB","X_14","indep",0,0,NA,"SSL",0,0,200,130
"scenarioB","X_15","indep",0,0,NA,"SSL",0,0,200,130
"scenarioB","X_16","indep",0,0,NA,"SSL",0,0,200,130
"scenarioB","X_17","indep",0,0,NA,"SSL",0,0,200,130
"scenarioB","X_18","weak",0.3,0,NA,"SSL",0,0,200,130
"scenarioB","X_19","weak",0.3,0,NA,"SSL",0,0,200,130
"scenarioB","X_20","weak",0.3,0,NA,"SSL",0,0,200,130
"scenarioB","X_21","weak",0.3,0,NA,"SSL",0,0,200,130
"scenarioB","X_22","strong",0.6,0,NA,"SSL",0,0,200,130
"scenarioB","X_23","strong",0.6,0,NA,"SSL",0,0,200,130
"scenarioB","X_24","strong",0.6,0,NA,"SSL",0,0,200,130
"scenarioB","X_25","strong",0.6,0,NA,"SSL",0,0,200,130
"scenarioB","X_1","strong",0.6,0.4,0.346526116004796,"LASSO",0,-0.4,200,130
"scenarioB","X_2","strong",0.6,-0.5,-0.460454511689244,"LASSO",0,0.5,200,130
"scenarioB","X_3","weak",0.3,0.6,0.615836541930439,"LASSO",0.333662108814752,-0.266337891185248,200,130
"scenarioB","X_4","weak",0.3,0.75,0.758819777583527,"LASSO",0.39701431917169,-0.35298568082831,200,130
"scenarioB","X_5","indep",0,-0.8,-0.656708660817578,"LASSO",-0.238414395254907,0.561585604745093,200,130
"scenarioB","X_6","indep",0,0,NA,"LASSO",0,0,200,130
"scenarioB","X_7","indep",0,0,NA,"LASSO",0,0,200,130
"scenarioB","X_8","indep",0,0,NA,"LASSO",0,0,200,130
"scenarioB","X_9","indep",0,0,NA,"LASSO",0,0,200,130
"scenarioB","X_10","indep",0,0,NA,"LASSO",0,0,200,130
"scenarioB","X_11","indep",0,0,NA,"LASSO",0,0,200,130
"scenarioB","X_12","indep",0,0,NA,"LASSO",0,0,200,130
"scenarioB","X_13","indep",0,0,NA,"LASSO",0,0,200,130
"scenarioB","X_14","indep",0,0,NA,"LASSO",0,0,200,130
"scenarioB","X_15","indep",0,0,NA,"LASSO",0,0,200,130
"scenarioB","X_16","indep",0,0,NA,"LASSO",0,0,200,130
"scenarioB","X_17","indep",0,0,NA,"LASSO",0,0,200,130
"scenarioB","X_18","weak",0.3,0,NA,"LASSO",0,0,200,130
"scenarioB","X_19","weak",0.3,0,NA,"LASSO",0,0,200,130
"scenarioB","X_20","weak",0.3,0,NA,"LASSO",0,0,200,130
"scenarioB","X_21","weak",0.3,0,NA,"LASSO",0,0,200,130
"scenarioB","X_22","strong",0.6,0,NA,"LASSO",0,0,200,130
"scenarioB","X_23","strong",0.6,0,NA,"LASSO",0,0,200,130
"scenarioB","X_24","strong",0.6,0,NA,"LASSO",0,0,200,130
"scenarioB","X_25","strong",0.6,0,NA,"LASSO",0,0,200,130
"scenarioB","X_1","strong",0.6,0.4,0.660548963193217,"SSL",0,-0.4,200,131
"scenarioB","X_2","strong",0.6,-0.5,-0.745121554683387,"SSL",0,0.5,200,131
"scenarioB","X_3","weak",0.3,0.6,0.807327988474746,"SSL",0.60353386002201,0.0035338600220105,200,131
"scenarioB","X_4","weak",0.3,0.75,0.892264091791281,"SSL",0.697545603235874,-0.0524543967641258,200,131
"scenarioB","X_5","indep",0,-0.8,-0.670813935299126,"SSL",-0.434426172704688,0.365573827295312,200,131
"scenarioB","X_6","indep",0,0,NA,"SSL",0,0,200,131
"scenarioB","X_7","indep",0,0,NA,"SSL",0,0,200,131
"scenarioB","X_8","indep",0,0,NA,"SSL",0,0,200,131
"scenarioB","X_9","indep",0,0,NA,"SSL",0,0,200,131
"scenarioB","X_10","indep",0,0,NA,"SSL",0,0,200,131
"scenarioB","X_11","indep",0,0,NA,"SSL",0,0,200,131
"scenarioB","X_12","indep",0,0,NA,"SSL",0,0,200,131
"scenarioB","X_13","indep",0,0,NA,"SSL",0,0,200,131
"scenarioB","X_14","indep",0,0,NA,"SSL",0,0,200,131
"scenarioB","X_15","indep",0,0,NA,"SSL",0,0,200,131
"scenarioB","X_16","indep",0,0,NA,"SSL",0,0,200,131
"scenarioB","X_17","indep",0,0,NA,"SSL",0,0,200,131
"scenarioB","X_18","weak",0.3,0,NA,"SSL",0,0,200,131
"scenarioB","X_19","weak",0.3,0,NA,"SSL",0,0,200,131
"scenarioB","X_20","weak",0.3,0,NA,"SSL",0,0,200,131
"scenarioB","X_21","weak",0.3,0,NA,"SSL",0,0,200,131
"scenarioB","X_22","strong",0.6,0,NA,"SSL",0,0,200,131
"scenarioB","X_23","strong",0.6,0,NA,"SSL",0,0,200,131
"scenarioB","X_24","strong",0.6,0,NA,"SSL",0,0,200,131
"scenarioB","X_25","strong",0.6,0,NA,"SSL",0,0,200,131
"scenarioB","X_1","strong",0.6,0.4,0.660548963193217,"LASSO",0.117312734370263,-0.282687265629737,200,131
"scenarioB","X_2","strong",0.6,-0.5,-0.745121554683387,"LASSO",-0.174362375689977,0.325637624310023,200,131
"scenarioB","X_3","weak",0.3,0.6,0.807327988474746,"LASSO",0.552492855767244,-0.0475071442327556,200,131
"scenarioB","X_4","weak",0.3,0.75,0.892264091791281,"LASSO",0.609886964400652,-0.140113035599348,200,131
"scenarioB","X_5","indep",0,-0.8,-0.670813935299126,"LASSO",-0.380976942601891,0.419023057398109,200,131
"scenarioB","X_6","indep",0,0,NA,"LASSO",0,0,200,131
"scenarioB","X_7","indep",0,0,NA,"LASSO",0,0,200,131
"scenarioB","X_8","indep",0,0,NA,"LASSO",0,0,200,131
"scenarioB","X_9","indep",0,0,NA,"LASSO",0,0,200,131
"scenarioB","X_10","indep",0,0,NA,"LASSO",0,0,200,131
"scenarioB","X_11","indep",0,0,NA,"LASSO",0,0,200,131
"scenarioB","X_12","indep",0,0,NA,"LASSO",0,0,200,131
"scenarioB","X_13","indep",0,0,NA,"LASSO",0,0,200,131
"scenarioB","X_14","indep",0,0,NA,"LASSO",0,0,200,131
"scenarioB","X_15","indep",0,0,NA,"LASSO",0,0,200,131
"scenarioB","X_16","indep",0,0,NA,"LASSO",0,0,200,131
"scenarioB","X_17","indep",0,0,NA,"LASSO",0,0,200,131
"scenarioB","X_18","weak",0.3,0,NA,"LASSO",0,0,200,131
"scenarioB","X_19","weak",0.3,0,NA,"LASSO",0,0,200,131
"scenarioB","X_20","weak",0.3,0,NA,"LASSO",0,0,200,131
"scenarioB","X_21","weak",0.3,0,NA,"LASSO",0,0,200,131
"scenarioB","X_22","strong",0.6,0,NA,"LASSO",0,0,200,131
"scenarioB","X_23","strong",0.6,0,NA,"LASSO",0,0,200,131
"scenarioB","X_24","strong",0.6,0,NA,"LASSO",0,0,200,131
"scenarioB","X_25","strong",0.6,0,NA,"LASSO",0,0,200,131
"scenarioB","X_1","strong",0.6,0.4,0.36463444200935,"SSL",0,-0.4,200,132
"scenarioB","X_2","strong",0.6,-0.5,-0.44801809548483,"SSL",0,0.5,200,132
"scenarioB","X_3","weak",0.3,0.6,0.439906740224851,"SSL",0.260193258779793,-0.339806741220207,200,132
"scenarioB","X_4","weak",0.3,0.75,0.864752722809228,"SSL",0.764812619792482,0.0148126197924825,200,132
"scenarioB","X_5","indep",0,-0.8,-0.786669935785101,"SSL",-0.600874828989486,0.199125171010515,200,132
"scenarioB","X_6","indep",0,0,NA,"SSL",0,0,200,132
"scenarioB","X_7","indep",0,0,NA,"SSL",0,0,200,132
"scenarioB","X_8","indep",0,0,NA,"SSL",0,0,200,132
"scenarioB","X_9","indep",0,0,NA,"SSL",0,0,200,132
"scenarioB","X_10","indep",0,0,NA,"SSL",0,0,200,132
"scenarioB","X_11","indep",0,0,NA,"SSL",0,0,200,132
"scenarioB","X_12","indep",0,0,NA,"SSL",0,0,200,132
"scenarioB","X_13","indep",0,0,NA,"SSL",0,0,200,132
"scenarioB","X_14","indep",0,0,NA,"SSL",0,0,200,132
"scenarioB","X_15","indep",0,0,NA,"SSL",0,0,200,132
"scenarioB","X_16","indep",0,0,NA,"SSL",0,0,200,132
"scenarioB","X_17","indep",0,0,NA,"SSL",0,0,200,132
"scenarioB","X_18","weak",0.3,0,NA,"SSL",0,0,200,132
"scenarioB","X_19","weak",0.3,0,NA,"SSL",0,0,200,132
"scenarioB","X_20","weak",0.3,0,NA,"SSL",0,0,200,132
"scenarioB","X_21","weak",0.3,0,NA,"SSL",0,0,200,132
"scenarioB","X_22","strong",0.6,0,NA,"SSL",0,0,200,132
"scenarioB","X_23","strong",0.6,0,NA,"SSL",0,0,200,132
"scenarioB","X_24","strong",0.6,0,NA,"SSL",0,0,200,132
"scenarioB","X_25","strong",0.6,0,NA,"SSL",0,0,200,132
"scenarioB","X_1","strong",0.6,0.4,0.36463444200935,"LASSO",0,-0.4,200,132
"scenarioB","X_2","strong",0.6,-0.5,-0.44801809548483,"LASSO",0,0.5,200,132
"scenarioB","X_3","weak",0.3,0.6,0.439906740224851,"LASSO",0.140895945242203,-0.459104054757797,200,132
"scenarioB","X_4","weak",0.3,0.75,0.864752722809228,"LASSO",0.630844542582309,-0.119155457417691,200,132
"scenarioB","X_5","indep",0,-0.8,-0.786669935785101,"LASSO",-0.438538588913419,0.361461411086581,200,132
"scenarioB","X_6","indep",0,0,NA,"LASSO",0,0,200,132
"scenarioB","X_7","indep",0,0,NA,"LASSO",0,0,200,132
"scenarioB","X_8","indep",0,0,NA,"LASSO",0,0,200,132
"scenarioB","X_9","indep",0,0,NA,"LASSO",0,0,200,132
"scenarioB","X_10","indep",0,0,NA,"LASSO",0,0,200,132
"scenarioB","X_11","indep",0,0,NA,"LASSO",0,0,200,132
"scenarioB","X_12","indep",0,0,NA,"LASSO",0,0,200,132
"scenarioB","X_13","indep",0,0,NA,"LASSO",0,0,200,132
"scenarioB","X_14","indep",0,0,NA,"LASSO",0,0,200,132
"scenarioB","X_15","indep",0,0,NA,"LASSO",0,0,200,132
"scenarioB","X_16","indep",0,0,NA,"LASSO",0,0,200,132
"scenarioB","X_17","indep",0,0,NA,"LASSO",0,0,200,132
"scenarioB","X_18","weak",0.3,0,NA,"LASSO",0,0,200,132
"scenarioB","X_19","weak",0.3,0,NA,"LASSO",0,0,200,132
"scenarioB","X_20","weak",0.3,0,NA,"LASSO",0,0,200,132
"scenarioB","X_21","weak",0.3,0,NA,"LASSO",0,0,200,132
"scenarioB","X_22","strong",0.6,0,NA,"LASSO",0,0,200,132
"scenarioB","X_23","strong",0.6,0,NA,"LASSO",0,0,200,132
"scenarioB","X_24","strong",0.6,0,NA,"LASSO",0,0,200,132
"scenarioB","X_25","strong",0.6,0,NA,"LASSO",0,0,200,132
"scenarioB","X_1","strong",0.6,0.4,0.301864817718883,"SSL",0,-0.4,200,133
"scenarioB","X_2","strong",0.6,-0.5,-0.358966705232566,"SSL",0,0.5,200,133
"scenarioB","X_3","weak",0.3,0.6,0.6819107260587,"SSL",0.692940914200394,0.0929409142003943,200,133
"scenarioB","X_4","weak",0.3,0.75,0.720609403106131,"SSL",0.62915766870408,-0.12084233129592,200,133
"scenarioB","X_5","indep",0,-0.8,-0.514207224975299,"SSL",-0.455426887116918,0.344573112883082,200,133
"scenarioB","X_6","indep",0,0,NA,"SSL",0,0,200,133
"scenarioB","X_7","indep",0,0,NA,"SSL",0,0,200,133
"scenarioB","X_8","indep",0,0,NA,"SSL",0,0,200,133
"scenarioB","X_9","indep",0,0,NA,"SSL",0,0,200,133
"scenarioB","X_10","indep",0,0,NA,"SSL",0,0,200,133
"scenarioB","X_11","indep",0,0,NA,"SSL",0,0,200,133
"scenarioB","X_12","indep",0,0,NA,"SSL",0,0,200,133
"scenarioB","X_13","indep",0,0,NA,"SSL",0,0,200,133
"scenarioB","X_14","indep",0,0,NA,"SSL",0,0,200,133
"scenarioB","X_15","indep",0,0,NA,"SSL",0,0,200,133
"scenarioB","X_16","indep",0,0,NA,"SSL",0,0,200,133
"scenarioB","X_17","indep",0,0,NA,"SSL",0,0,200,133
"scenarioB","X_18","weak",0.3,0,NA,"SSL",0,0,200,133
"scenarioB","X_19","weak",0.3,0,NA,"SSL",0,0,200,133
"scenarioB","X_20","weak",0.3,0,NA,"SSL",0,0,200,133
"scenarioB","X_21","weak",0.3,0,NA,"SSL",0,0,200,133
"scenarioB","X_22","strong",0.6,0,NA,"SSL",0,0,200,133
"scenarioB","X_23","strong",0.6,0,NA,"SSL",0,0,200,133
"scenarioB","X_24","strong",0.6,0,NA,"SSL",0,0,200,133
"scenarioB","X_25","strong",0.6,0,NA,"SSL",0,0,200,133
"scenarioB","X_1","strong",0.6,0.4,0.301864817718883,"LASSO",0,-0.4,200,133
"scenarioB","X_2","strong",0.6,-0.5,-0.358966705232566,"LASSO",0,0.5,200,133
"scenarioB","X_3","weak",0.3,0.6,0.6819107260587,"LASSO",0.491986577430233,-0.108013422569767,200,133
"scenarioB","X_4","weak",0.3,0.75,0.720609403106131,"LASSO",0.450300386759738,-0.299699613240262,200,133
"scenarioB","X_5","indep",0,-0.8,-0.514207224975299,"LASSO",-0.275216031385141,0.524783968614859,200,133
"scenarioB","X_6","indep",0,0,NA,"LASSO",0,0,200,133
"scenarioB","X_7","indep",0,0,NA,"LASSO",0,0,200,133
"scenarioB","X_8","indep",0,0,NA,"LASSO",0,0,200,133
"scenarioB","X_9","indep",0,0,NA,"LASSO",0,0,200,133
"scenarioB","X_10","indep",0,0,NA,"LASSO",0,0,200,133
"scenarioB","X_11","indep",0,0,NA,"LASSO",0,0,200,133
"scenarioB","X_12","indep",0,0,NA,"LASSO",0,0,200,133
"scenarioB","X_13","indep",0,0,NA,"LASSO",0,0,200,133
"scenarioB","X_14","indep",0,0,NA,"LASSO",0,0,200,133
"scenarioB","X_15","indep",0,0,NA,"LASSO",0,0,200,133
"scenarioB","X_16","indep",0,0,NA,"LASSO",0,0,200,133
"scenarioB","X_17","indep",0,0,NA,"LASSO",0,0,200,133
"scenarioB","X_18","weak",0.3,0,NA,"LASSO",0,0,200,133
"scenarioB","X_19","weak",0.3,0,NA,"LASSO",0,0,200,133
"scenarioB","X_20","weak",0.3,0,NA,"LASSO",0.0270601011104639,0.0270601011104639,200,133
"scenarioB","X_21","weak",0.3,0,NA,"LASSO",0.0795157134891517,0.0795157134891517,200,133
"scenarioB","X_22","strong",0.6,0,NA,"LASSO",0,0,200,133
"scenarioB","X_23","strong",0.6,0,NA,"LASSO",0,0,200,133
"scenarioB","X_24","strong",0.6,0,NA,"LASSO",0,0,200,133
"scenarioB","X_25","strong",0.6,0,NA,"LASSO",0,0,200,133
"scenarioB","X_1","strong",0.6,0.4,0.135599131500501,"SSL",0,-0.4,200,136
"scenarioB","X_2","strong",0.6,-0.5,-0.218297247193574,"SSL",0,0.5,200,136
"scenarioB","X_3","weak",0.3,0.6,0.638931238264437,"SSL",0.514537249045144,-0.0854627509548564,200,136
"scenarioB","X_4","weak",0.3,0.75,0.843023962259853,"SSL",0.683097066508016,-0.0669029334919842,200,136
"scenarioB","X_5","indep",0,-0.8,-0.939722079374865,"SSL",-0.813478565441835,-0.0134785654418351,200,136
"scenarioB","X_6","indep",0,0,NA,"SSL",0,0,200,136
"scenarioB","X_7","indep",0,0,NA,"SSL",0,0,200,136
"scenarioB","X_8","indep",0,0,NA,"SSL",0,0,200,136
"scenarioB","X_9","indep",0,0,NA,"SSL",0,0,200,136
"scenarioB","X_10","indep",0,0,NA,"SSL",0,0,200,136
"scenarioB","X_11","indep",0,0,NA,"SSL",0,0,200,136
"scenarioB","X_12","indep",0,0,NA,"SSL",0,0,200,136
"scenarioB","X_13","indep",0,0,NA,"SSL",0.187980012085353,0.187980012085353,200,136
"scenarioB","X_14","indep",0,0,NA,"SSL",0,0,200,136
"scenarioB","X_15","indep",0,0,NA,"SSL",0,0,200,136
"scenarioB","X_16","indep",0,0,NA,"SSL",0,0,200,136
"scenarioB","X_17","indep",0,0,NA,"SSL",0,0,200,136
"scenarioB","X_18","weak",0.3,0,NA,"SSL",0,0,200,136
"scenarioB","X_19","weak",0.3,0,NA,"SSL",0,0,200,136
"scenarioB","X_20","weak",0.3,0,NA,"SSL",0,0,200,136
"scenarioB","X_21","weak",0.3,0,NA,"SSL",0.151918201460809,0.151918201460809,200,136
"scenarioB","X_22","strong",0.6,0,NA,"SSL",0,0,200,136
"scenarioB","X_23","strong",0.6,0,NA,"SSL",0,0,200,136
"scenarioB","X_24","strong",0.6,0,NA,"SSL",0,0,200,136
"scenarioB","X_25","strong",0.6,0,NA,"SSL",0,0,200,136
"scenarioB","X_1","strong",0.6,0.4,0.135599131500501,"LASSO",0,-0.4,200,136
"scenarioB","X_2","strong",0.6,-0.5,-0.218297247193574,"LASSO",0,0.5,200,136
"scenarioB","X_3","weak",0.3,0.6,0.638931238264437,"LASSO",0.486781430333337,-0.113218569666663,200,136
"scenarioB","X_4","weak",0.3,0.75,0.843023962259853,"LASSO",0.624548545818434,-0.125451454181566,200,136
"scenarioB","X_5","indep",0,-0.8,-0.939722079374865,"LASSO",-0.743838838720622,0.0561611612793776,200,136
"scenarioB","X_6","indep",0,0,NA,"LASSO",0.0902150462289514,0.0902150462289514,200,136
"scenarioB","X_7","indep",0,0,NA,"LASSO",0,0,200,136
"scenarioB","X_8","indep",0,0,NA,"LASSO",0,0,200,136
"scenarioB","X_9","indep",0,0,NA,"LASSO",0,0,200,136
"scenarioB","X_10","indep",0,0,NA,"LASSO",0,0,200,136
"scenarioB","X_11","indep",0,0,NA,"LASSO",0,0,200,136
"scenarioB","X_12","indep",0,0,NA,"LASSO",0,0,200,136
"scenarioB","X_13","indep",0,0,NA,"LASSO",0.156757384859191,0.156757384859191,200,136
"scenarioB","X_14","indep",0,0,NA,"LASSO",-0.0427276425576296,-0.0427276425576296,200,136
"scenarioB","X_15","indep",0,0,NA,"LASSO",0,0,200,136
"scenarioB","X_16","indep",0,0,NA,"LASSO",0.0964206230639057,0.0964206230639057,200,136
"scenarioB","X_17","indep",0,0,NA,"LASSO",0,0,200,136
"scenarioB","X_18","weak",0.3,0,NA,"LASSO",0,0,200,136
"scenarioB","X_19","weak",0.3,0,NA,"LASSO",0,0,200,136
"scenarioB","X_20","weak",0.3,0,NA,"LASSO",0,0,200,136
"scenarioB","X_21","weak",0.3,0,NA,"LASSO",0.10874858080721,0.10874858080721,200,136
"scenarioB","X_22","strong",0.6,0,NA,"LASSO",0,0,200,136
"scenarioB","X_23","strong",0.6,0,NA,"LASSO",0,0,200,136
"scenarioB","X_24","strong",0.6,0,NA,"LASSO",0,0,200,136
"scenarioB","X_25","strong",0.6,0,NA,"LASSO",0,0,200,136
"scenarioB","X_1","strong",0.6,0.4,0.42649552711601,"SSL",0.368388975862994,-0.031611024137006,200,137
"scenarioB","X_2","strong",0.6,-0.5,-0.569805760347898,"SSL",-0.372776105589523,0.127223894410477,200,137
"scenarioB","X_3","weak",0.3,0.6,0.691937363075265,"SSL",0.505212774702073,-0.0947872252979268,200,137
"scenarioB","X_4","weak",0.3,0.75,0.449273872114053,"SSL",0.251367926245894,-0.498632073754106,200,137
"scenarioB","X_5","indep",0,-0.8,-0.896113653999216,"SSL",-0.84763673900568,-0.0476367390056802,200,137
"scenarioB","X_6","indep",0,0,NA,"SSL",0,0,200,137
"scenarioB","X_7","indep",0,0,NA,"SSL",0,0,200,137
"scenarioB","X_8","indep",0,0,NA,"SSL",0,0,200,137
"scenarioB","X_9","indep",0,0,NA,"SSL",0,0,200,137
"scenarioB","X_10","indep",0,0,NA,"SSL",0,0,200,137
"scenarioB","X_11","indep",0,0,NA,"SSL",0,0,200,137
"scenarioB","X_12","indep",0,0,NA,"SSL",0,0,200,137
"scenarioB","X_13","indep",0,0,NA,"SSL",0,0,200,137
"scenarioB","X_14","indep",0,0,NA,"SSL",0,0,200,137
"scenarioB","X_15","indep",0,0,NA,"SSL",0,0,200,137
"scenarioB","X_16","indep",0,0,NA,"SSL",0,0,200,137
"scenarioB","X_17","indep",0,0,NA,"SSL",0,0,200,137
"scenarioB","X_18","weak",0.3,0,NA,"SSL",0.275202271567446,0.275202271567446,200,137
"scenarioB","X_19","weak",0.3,0,NA,"SSL",0,0,200,137
"scenarioB","X_20","weak",0.3,0,NA,"SSL",0,0,200,137
"scenarioB","X_21","weak",0.3,0,NA,"SSL",0.165053866078279,0.165053866078279,200,137
"scenarioB","X_22","strong",0.6,0,NA,"SSL",-0.201500067080173,-0.201500067080173,200,137
"scenarioB","X_23","strong",0.6,0,NA,"SSL",0,0,200,137
"scenarioB","X_24","strong",0.6,0,NA,"SSL",0,0,200,137
"scenarioB","X_25","strong",0.6,0,NA,"SSL",0,0,200,137
"scenarioB","X_1","strong",0.6,0.4,0.42649552711601,"LASSO",0.162877912641139,-0.237122087358861,200,137
"scenarioB","X_2","strong",0.6,-0.5,-0.569805760347898,"LASSO",-0.243747956007477,0.256252043992523,200,137
"scenarioB","X_3","weak",0.3,0.6,0.691937363075265,"LASSO",0.491579314330677,-0.108420685669323,200,137
"scenarioB","X_4","weak",0.3,0.75,0.449273872114053,"LASSO",0.221258589242299,-0.528741410757701,200,137
"scenarioB","X_5","indep",0,-0.8,-0.896113653999216,"LASSO",-0.698946514390034,0.101053485609966,200,137
"scenarioB","X_6","indep",0,0,NA,"LASSO",0,0,200,137
"scenarioB","X_7","indep",0,0,NA,"LASSO",0,0,200,137
"scenarioB","X_8","indep",0,0,NA,"LASSO",0,0,200,137
"scenarioB","X_9","indep",0,0,NA,"LASSO",0,0,200,137
"scenarioB","X_10","indep",0,0,NA,"LASSO",0,0,200,137
"scenarioB","X_11","indep",0,0,NA,"LASSO",-0.0305316106070536,-0.0305316106070536,200,137
"scenarioB","X_12","indep",0,0,NA,"LASSO",0,0,200,137
"scenarioB","X_13","indep",0,0,NA,"LASSO",0,0,200,137
"scenarioB","X_14","indep",0,0,NA,"LASSO",0,0,200,137
"scenarioB","X_15","indep",0,0,NA,"LASSO",0,0,200,137
"scenarioB","X_16","indep",0,0,NA,"LASSO",0,0,200,137
"scenarioB","X_17","indep",0,0,NA,"LASSO",0,0,200,137
"scenarioB","X_18","weak",0.3,0,NA,"LASSO",0.208933637334749,0.208933637334749,200,137
"scenarioB","X_19","weak",0.3,0,NA,"LASSO",0,0,200,137
"scenarioB","X_20","weak",0.3,0,NA,"LASSO",0,0,200,137
"scenarioB","X_21","weak",0.3,0,NA,"LASSO",0.092320008314751,0.092320008314751,200,137
"scenarioB","X_22","strong",0.6,0,NA,"LASSO",-0.115043629140477,-0.115043629140477,200,137
"scenarioB","X_23","strong",0.6,0,NA,"LASSO",0,0,200,137
"scenarioB","X_24","strong",0.6,0,NA,"LASSO",0,0,200,137
"scenarioB","X_25","strong",0.6,0,NA,"LASSO",0,0,200,137
"scenarioB","X_1","strong",0.6,0.4,0.310484817585077,"SSL",0.163851989585755,-0.236148010414245,200,138
"scenarioB","X_2","strong",0.6,-0.5,-0.557443448788505,"SSL",-0.46478653529389,0.0352134647061096,200,138
"scenarioB","X_3","weak",0.3,0.6,0.557946589627755,"SSL",0.514693141188051,-0.0853068588119493,200,138
"scenarioB","X_4","weak",0.3,0.75,0.665053152193297,"SSL",0.534214358731548,-0.215785641268452,200,138
"scenarioB","X_5","indep",0,-0.8,-0.738582655732486,"SSL",-0.636559060377891,0.163440939622109,200,138
"scenarioB","X_6","indep",0,0,NA,"SSL",0,0,200,138
"scenarioB","X_7","indep",0,0,NA,"SSL",0,0,200,138
"scenarioB","X_8","indep",0,0,NA,"SSL",0,0,200,138
"scenarioB","X_9","indep",0,0,NA,"SSL",0.143522474303015,0.143522474303015,200,138
"scenarioB","X_10","indep",0,0,NA,"SSL",0,0,200,138
"scenarioB","X_11","indep",0,0,NA,"SSL",0,0,200,138
"scenarioB","X_12","indep",0,0,NA,"SSL",0.116861999575271,0.116861999575271,200,138
"scenarioB","X_13","indep",0,0,NA,"SSL",0,0,200,138
"scenarioB","X_14","indep",0,0,NA,"SSL",-0.148746218401673,-0.148746218401673,200,138
"scenarioB","X_15","indep",0,0,NA,"SSL",0,0,200,138
"scenarioB","X_16","indep",0,0,NA,"SSL",0,0,200,138
"scenarioB","X_17","indep",0,0,NA,"SSL",0,0,200,138
"scenarioB","X_18","weak",0.3,0,NA,"SSL",0,0,200,138
"scenarioB","X_19","weak",0.3,0,NA,"SSL",0,0,200,138
"scenarioB","X_20","weak",0.3,0,NA,"SSL",0,0,200,138
"scenarioB","X_21","weak",0.3,0,NA,"SSL",0.140865863301848,0.140865863301848,200,138
"scenarioB","X_22","strong",0.6,0,NA,"SSL",0,0,200,138
"scenarioB","X_23","strong",0.6,0,NA,"SSL",0,0,200,138
"scenarioB","X_24","strong",0.6,0,NA,"SSL",0,0,200,138
"scenarioB","X_25","strong",0.6,0,NA,"SSL",0,0,200,138
"scenarioB","X_1","strong",0.6,0.4,0.310484817585077,"LASSO",0,-0.4,200,138
"scenarioB","X_2","strong",0.6,-0.5,-0.557443448788505,"LASSO",-0.124295239066325,0.375704760933675,200,138
"scenarioB","X_3","weak",0.3,0.6,0.557946589627755,"LASSO",0.364987292470028,-0.235012707529972,200,138
"scenarioB","X_4","weak",0.3,0.75,0.665053152193297,"LASSO",0.336073745053377,-0.413926254946623,200,138
"scenarioB","X_5","indep",0,-0.8,-0.738582655732486,"LASSO",-0.443817764856064,0.356182235143936,200,138
"scenarioB","X_6","indep",0,0,NA,"LASSO",0,0,200,138
"scenarioB","X_7","indep",0,0,NA,"LASSO",0,0,200,138
"scenarioB","X_8","indep",0,0,NA,"LASSO",0,0,200,138
"scenarioB","X_9","indep",0,0,NA,"LASSO",0,0,200,138
"scenarioB","X_10","indep",0,0,NA,"LASSO",0,0,200,138
"scenarioB","X_11","indep",0,0,NA,"LASSO",0,0,200,138
"scenarioB","X_12","indep",0,0,NA,"LASSO",0,0,200,138
"scenarioB","X_13","indep",0,0,NA,"LASSO",0,0,200,138
"scenarioB","X_14","indep",0,0,NA,"LASSO",0,0,200,138
"scenarioB","X_15","indep",0,0,NA,"LASSO",0,0,200,138
"scenarioB","X_16","indep",0,0,NA,"LASSO",0,0,200,138
"scenarioB","X_17","indep",0,0,NA,"LASSO",0,0,200,138
"scenarioB","X_18","weak",0.3,0,NA,"LASSO",0,0,200,138
"scenarioB","X_19","weak",0.3,0,NA,"LASSO",0,0,200,138
"scenarioB","X_20","weak",0.3,0,NA,"LASSO",0,0,200,138
"scenarioB","X_21","weak",0.3,0,NA,"LASSO",0,0,200,138
"scenarioB","X_22","strong",0.6,0,NA,"LASSO",0,0,200,138
"scenarioB","X_23","strong",0.6,0,NA,"LASSO",0,0,200,138
"scenarioB","X_24","strong",0.6,0,NA,"LASSO",0,0,200,138
"scenarioB","X_25","strong",0.6,0,NA,"LASSO",0,0,200,138
"scenarioB","X_1","strong",0.6,0.4,0.377606282718269,"SSL",0,-0.4,200,139
"scenarioB","X_2","strong",0.6,-0.5,-0.447748767508696,"SSL",-0.196162949663643,0.303837050336357,200,139
"scenarioB","X_3","weak",0.3,0.6,0.600554177898106,"SSL",0.474672318858873,-0.125327681141127,200,139
"scenarioB","X_4","weak",0.3,0.75,0.879967300412135,"SSL",0.706280656234746,-0.0437193437652538,200,139
"scenarioB","X_5","indep",0,-0.8,-0.62142819194472,"SSL",-0.504087212163148,0.295912787836852,200,139
"scenarioB","X_6","indep",0,0,NA,"SSL",0,0,200,139
"scenarioB","X_7","indep",0,0,NA,"SSL",0,0,200,139
"scenarioB","X_8","indep",0,0,NA,"SSL",0,0,200,139
"scenarioB","X_9","indep",0,0,NA,"SSL",0,0,200,139
"scenarioB","X_10","indep",0,0,NA,"SSL",0,0,200,139
"scenarioB","X_11","indep",0,0,NA,"SSL",0,0,200,139
"scenarioB","X_12","indep",0,0,NA,"SSL",0,0,200,139
"scenarioB","X_13","indep",0,0,NA,"SSL",0,0,200,139
"scenarioB","X_14","indep",0,0,NA,"SSL",0,0,200,139
"scenarioB","X_15","indep",0,0,NA,"SSL",0,0,200,139
"scenarioB","X_16","indep",0,0,NA,"SSL",0,0,200,139
"scenarioB","X_17","indep",0,0,NA,"SSL",0,0,200,139
"scenarioB","X_18","weak",0.3,0,NA,"SSL",0.120978652841649,0.120978652841649,200,139
"scenarioB","X_19","weak",0.3,0,NA,"SSL",0.145421428897268,0.145421428897268,200,139
"scenarioB","X_20","weak",0.3,0,NA,"SSL",0,0,200,139
"scenarioB","X_21","weak",0.3,0,NA,"SSL",0,0,200,139
"scenarioB","X_22","strong",0.6,0,NA,"SSL",0,0,200,139
"scenarioB","X_23","strong",0.6,0,NA,"SSL",0,0,200,139
"scenarioB","X_24","strong",0.6,0,NA,"SSL",0,0,200,139
"scenarioB","X_25","strong",0.6,0,NA,"SSL",0,0,200,139
"scenarioB","X_1","strong",0.6,0.4,0.377606282718269,"LASSO",0,-0.4,200,139
"scenarioB","X_2","strong",0.6,-0.5,-0.447748767508696,"LASSO",-0.0656704488940068,0.434329551105993,200,139
"scenarioB","X_3","weak",0.3,0.6,0.600554177898106,"LASSO",0.339319708908907,-0.260680291091093,200,139
"scenarioB","X_4","weak",0.3,0.75,0.879967300412135,"LASSO",0.544625872288441,-0.205374127711559,200,139
"scenarioB","X_5","indep",0,-0.8,-0.62142819194472,"LASSO",-0.324434696604601,0.475565303395399,200,139
"scenarioB","X_6","indep",0,0,NA,"LASSO",0,0,200,139
"scenarioB","X_7","indep",0,0,NA,"LASSO",0,0,200,139
"scenarioB","X_8","indep",0,0,NA,"LASSO",0,0,200,139
"scenarioB","X_9","indep",0,0,NA,"LASSO",0,0,200,139
"scenarioB","X_10","indep",0,0,NA,"LASSO",0,0,200,139
"scenarioB","X_11","indep",0,0,NA,"LASSO",0,0,200,139
"scenarioB","X_12","indep",0,0,NA,"LASSO",0,0,200,139
"scenarioB","X_13","indep",0,0,NA,"LASSO",0,0,200,139
"scenarioB","X_14","indep",0,0,NA,"LASSO",0,0,200,139
"scenarioB","X_15","indep",0,0,NA,"LASSO",0,0,200,139
"scenarioB","X_16","indep",0,0,NA,"LASSO",0,0,200,139
"scenarioB","X_17","indep",0,0,NA,"LASSO",0,0,200,139
"scenarioB","X_18","weak",0.3,0,NA,"LASSO",0.0593998342761777,0.0593998342761777,200,139
"scenarioB","X_19","weak",0.3,0,NA,"LASSO",0.0717360524124012,0.0717360524124012,200,139
"scenarioB","X_20","weak",0.3,0,NA,"LASSO",0,0,200,139
"scenarioB","X_21","weak",0.3,0,NA,"LASSO",0,0,200,139
"scenarioB","X_22","strong",0.6,0,NA,"LASSO",0,0,200,139
"scenarioB","X_23","strong",0.6,0,NA,"LASSO",0,0,200,139
"scenarioB","X_24","strong",0.6,0,NA,"LASSO",0,0,200,139
"scenarioB","X_25","strong",0.6,0,NA,"LASSO",0,0,200,139
"scenarioB","X_1","strong",0.6,0.4,0.400617430788932,"SSL",0.301735605438923,-0.0982643945610775,200,140
"scenarioB","X_2","strong",0.6,-0.5,-0.347186580671239,"SSL",-0.209068752995558,0.290931247004442,200,140
"scenarioB","X_3","weak",0.3,0.6,0.498198705651379,"SSL",0.393106447066447,-0.206893552933553,200,140
"scenarioB","X_4","weak",0.3,0.75,0.802285005364972,"SSL",0.712363531038878,-0.0376364689611217,200,140
"scenarioB","X_5","indep",0,-0.8,-0.855210520491011,"SSL",-0.80087417898719,-0.000874178987190444,200,140
"scenarioB","X_6","indep",0,0,NA,"SSL",0,0,200,140
"scenarioB","X_7","indep",0,0,NA,"SSL",0,0,200,140
"scenarioB","X_8","indep",0,0,NA,"SSL",-0.0694677668578727,-0.0694677668578727,200,140
"scenarioB","X_9","indep",0,0,NA,"SSL",0,0,200,140
"scenarioB","X_10","indep",0,0,NA,"SSL",0,0,200,140
"scenarioB","X_11","indep",0,0,NA,"SSL",0,0,200,140
"scenarioB","X_12","indep",0,0,NA,"SSL",0,0,200,140
"scenarioB","X_13","indep",0,0,NA,"SSL",0.0711993734572533,0.0711993734572533,200,140
"scenarioB","X_14","indep",0,0,NA,"SSL",-0.0951212673053234,-0.0951212673053234,200,140
"scenarioB","X_15","indep",0,0,NA,"SSL",0.0275807607926063,0.0275807607926063,200,140
"scenarioB","X_16","indep",0,0,NA,"SSL",-0.176854930625981,-0.176854930625981,200,140
"scenarioB","X_17","indep",0,0,NA,"SSL",0,0,200,140
"scenarioB","X_18","weak",0.3,0,NA,"SSL",0.269008877093629,0.269008877093629,200,140
"scenarioB","X_19","weak",0.3,0,NA,"SSL",0,0,200,140
"scenarioB","X_20","weak",0.3,0,NA,"SSL",0,0,200,140
"scenarioB","X_21","weak",0.3,0,NA,"SSL",0,0,200,140
"scenarioB","X_22","strong",0.6,0,NA,"SSL",-0.175377752889538,-0.175377752889538,200,140
"scenarioB","X_23","strong",0.6,0,NA,"SSL",0,0,200,140
"scenarioB","X_24","strong",0.6,0,NA,"SSL",0.165694560350917,0.165694560350917,200,140
"scenarioB","X_25","strong",0.6,0,NA,"SSL",0,0,200,140
"scenarioB","X_1","strong",0.6,0.4,0.400617430788932,"LASSO",0.0982471306543645,-0.301752869345635,200,140
"scenarioB","X_2","strong",0.6,-0.5,-0.347186580671239,"LASSO",-0.0392575373617463,0.460742462638254,200,140
"scenarioB","X_3","weak",0.3,0.6,0.498198705651379,"LASSO",0.310634638511099,-0.289365361488901,200,140
"scenarioB","X_4","weak",0.3,0.75,0.802285005364972,"LASSO",0.573690510807147,-0.176309489192853,200,140
"scenarioB","X_5","indep",0,-0.8,-0.855210520491011,"LASSO",-0.669886795937931,0.130113204062069,200,140
"scenarioB","X_6","indep",0,0,NA,"LASSO",0,0,200,140
"scenarioB","X_7","indep",0,0,NA,"LASSO",0,0,200,140
"scenarioB","X_8","indep",0,0,NA,"LASSO",0,0,200,140
"scenarioB","X_9","indep",0,0,NA,"LASSO",0,0,200,140
"scenarioB","X_10","indep",0,0,NA,"LASSO",0,0,200,140
"scenarioB","X_11","indep",0,0,NA,"LASSO",0,0,200,140
"scenarioB","X_12","indep",0,0,NA,"LASSO",0,0,200,140
"scenarioB","X_13","indep",0,0,NA,"LASSO",0,0,200,140
"scenarioB","X_14","indep",0,0,NA,"LASSO",0,0,200,140
"scenarioB","X_15","indep",0,0,NA,"LASSO",0,0,200,140
"scenarioB","X_16","indep",0,0,NA,"LASSO",-0.113765826712464,-0.113765826712464,200,140
"scenarioB","X_17","indep",0,0,NA,"LASSO",0,0,200,140
"scenarioB","X_18","weak",0.3,0,NA,"LASSO",0.215627324839995,0.215627324839995,200,140
"scenarioB","X_19","weak",0.3,0,NA,"LASSO",0,0,200,140
"scenarioB","X_20","weak",0.3,0,NA,"LASSO",0,0,200,140
"scenarioB","X_21","weak",0.3,0,NA,"LASSO",0,0,200,140
"scenarioB","X_22","strong",0.6,0,NA,"LASSO",0,0,200,140
"scenarioB","X_23","strong",0.6,0,NA,"LASSO",0,0,200,140
"scenarioB","X_24","strong",0.6,0,NA,"LASSO",0,0,200,140
"scenarioB","X_25","strong",0.6,0,NA,"LASSO",0,0,200,140
"scenarioB","X_1","strong",0.6,0.4,0.468159707785746,"SSL",0.373462291114718,-0.0265377088852825,200,141
"scenarioB","X_2","strong",0.6,-0.5,-0.598881283393439,"SSL",-0.51414159609599,-0.0141415960959899,200,141
"scenarioB","X_3","weak",0.3,0.6,0.718166284902948,"SSL",0.793422842930218,0.193422842930218,200,141
"scenarioB","X_4","weak",0.3,0.75,0.763348038634437,"SSL",0.714100927943706,-0.0358990720562936,200,141
"scenarioB","X_5","indep",0,-0.8,-0.615809708475795,"SSL",-0.604750575516573,0.195249424483427,200,141
"scenarioB","X_6","indep",0,0,NA,"SSL",0.195042871718914,0.195042871718914,200,141
"scenarioB","X_7","indep",0,0,NA,"SSL",0,0,200,141
"scenarioB","X_8","indep",0,0,NA,"SSL",0,0,200,141
"scenarioB","X_9","indep",0,0,NA,"SSL",0,0,200,141
"scenarioB","X_10","indep",0,0,NA,"SSL",0,0,200,141
"scenarioB","X_11","indep",0,0,NA,"SSL",0,0,200,141
"scenarioB","X_12","indep",0,0,NA,"SSL",0,0,200,141
"scenarioB","X_13","indep",0,0,NA,"SSL",0,0,200,141
"scenarioB","X_14","indep",0,0,NA,"SSL",0.281005053691239,0.281005053691239,200,141
"scenarioB","X_15","indep",0,0,NA,"SSL",0,0,200,141
"scenarioB","X_16","indep",0,0,NA,"SSL",0,0,200,141
"scenarioB","X_17","indep",0,0,NA,"SSL",0,0,200,141
"scenarioB","X_18","weak",0.3,0,NA,"SSL",0.167322482064538,0.167322482064538,200,141
"scenarioB","X_19","weak",0.3,0,NA,"SSL",0,0,200,141
"scenarioB","X_20","weak",0.3,0,NA,"SSL",0,0,200,141
"scenarioB","X_21","weak",0.3,0,NA,"SSL",0,0,200,141
"scenarioB","X_22","strong",0.6,0,NA,"SSL",0,0,200,141
"scenarioB","X_23","strong",0.6,0,NA,"SSL",0,0,200,141
"scenarioB","X_24","strong",0.6,0,NA,"SSL",0,0,200,141
"scenarioB","X_25","strong",0.6,0,NA,"SSL",0,0,200,141
"scenarioB","X_1","strong",0.6,0.4,0.468159707785746,"LASSO",0.167685223093259,-0.232314776906741,200,141
"scenarioB","X_2","strong",0.6,-0.5,-0.598881283393439,"LASSO",-0.293219796265278,0.206780203734722,200,141
"scenarioB","X_3","weak",0.3,0.6,0.718166284902948,"LASSO",0.614572435251674,0.0145724352516736,200,141
"scenarioB","X_4","weak",0.3,0.75,0.763348038634437,"LASSO",0.57890043525709,-0.17109956474291,200,141
"scenarioB","X_5","indep",0,-0.8,-0.615809708475795,"LASSO",-0.494869942765676,0.305130057234324,200,141
"scenarioB","X_6","indep",0,0,NA,"LASSO",0.0840488687796251,0.0840488687796251,200,141
"scenarioB","X_7","indep",0,0,NA,"LASSO",0,0,200,141
"scenarioB","X_8","indep",0,0,NA,"LASSO",0,0,200,141
"scenarioB","X_9","indep",0,0,NA,"LASSO",0,0,200,141
"scenarioB","X_10","indep",0,0,NA,"LASSO",0,0,200,141
"scenarioB","X_11","indep",0,0,NA,"LASSO",0,0,200,141
"scenarioB","X_12","indep",0,0,NA,"LASSO",0,0,200,141
"scenarioB","X_13","indep",0,0,NA,"LASSO",0,0,200,141
"scenarioB","X_14","indep",0,0,NA,"LASSO",0.164045533564169,0.164045533564169,200,141
"scenarioB","X_15","indep",0,0,NA,"LASSO",0,0,200,141
"scenarioB","X_16","indep",0,0,NA,"LASSO",0,0,200,141
"scenarioB","X_17","indep",0,0,NA,"LASSO",0,0,200,141
"scenarioB","X_18","weak",0.3,0,NA,"LASSO",0.0989521828529529,0.0989521828529529,200,141
"scenarioB","X_19","weak",0.3,0,NA,"LASSO",0,0,200,141
"scenarioB","X_20","weak",0.3,0,NA,"LASSO",0,0,200,141
"scenarioB","X_21","weak",0.3,0,NA,"LASSO",0,0,200,141
"scenarioB","X_22","strong",0.6,0,NA,"LASSO",0,0,200,141
"scenarioB","X_23","strong",0.6,0,NA,"LASSO",0,0,200,141
"scenarioB","X_24","strong",0.6,0,NA,"LASSO",0,0,200,141
"scenarioB","X_25","strong",0.6,0,NA,"LASSO",0,0,200,141
"scenarioB","X_1","strong",0.6,0.4,0.197954180103528,"SSL",0,-0.4,200,142
"scenarioB","X_2","strong",0.6,-0.5,-0.256126997371991,"SSL",0,0.5,200,142
"scenarioB","X_3","weak",0.3,0.6,0.606057500756947,"SSL",0.487069185697016,-0.112930814302984,200,142
"scenarioB","X_4","weak",0.3,0.75,0.784047835100939,"SSL",0.645313823987827,-0.104686176012173,200,142
"scenarioB","X_5","indep",0,-0.8,-0.657806243016438,"SSL",-0.591177995800418,0.208822004199582,200,142
"scenarioB","X_6","indep",0,0,NA,"SSL",0,0,200,142
"scenarioB","X_7","indep",0,0,NA,"SSL",0,0,200,142
"scenarioB","X_8","indep",0,0,NA,"SSL",0,0,200,142
"scenarioB","X_9","indep",0,0,NA,"SSL",0,0,200,142
"scenarioB","X_10","indep",0,0,NA,"SSL",0,0,200,142
"scenarioB","X_11","indep",0,0,NA,"SSL",0,0,200,142
"scenarioB","X_12","indep",0,0,NA,"SSL",0,0,200,142
"scenarioB","X_13","indep",0,0,NA,"SSL",0,0,200,142
"scenarioB","X_14","indep",0,0,NA,"SSL",0,0,200,142
"scenarioB","X_15","indep",0,0,NA,"SSL",0,0,200,142
"scenarioB","X_16","indep",0,0,NA,"SSL",0,0,200,142
"scenarioB","X_17","indep",0,0,NA,"SSL",0,0,200,142
"scenarioB","X_18","weak",0.3,0,NA,"SSL",0,0,200,142
"scenarioB","X_19","weak",0.3,0,NA,"SSL",0,0,200,142
"scenarioB","X_20","weak",0.3,0,NA,"SSL",0,0,200,142
"scenarioB","X_21","weak",0.3,0,NA,"SSL",0.227055548354568,0.227055548354568,200,142
"scenarioB","X_22","strong",0.6,0,NA,"SSL",0,0,200,142
"scenarioB","X_23","strong",0.6,0,NA,"SSL",0,0,200,142
"scenarioB","X_24","strong",0.6,0,NA,"SSL",0,0,200,142
"scenarioB","X_25","strong",0.6,0,NA,"SSL",0,0,200,142
"scenarioB","X_1","strong",0.6,0.4,0.197954180103528,"LASSO",0,-0.4,200,142
"scenarioB","X_2","strong",0.6,-0.5,-0.256126997371991,"LASSO",0,0.5,200,142
"scenarioB","X_3","weak",0.3,0.6,0.606057500756947,"LASSO",0.393830533219777,-0.206169466780223,200,142
"scenarioB","X_4","weak",0.3,0.75,0.784047835100939,"LASSO",0.539335374043892,-0.210664625956108,200,142
"scenarioB","X_5","indep",0,-0.8,-0.657806243016438,"LASSO",-0.434797049307774,0.365202950692226,200,142
"scenarioB","X_6","indep",0,0,NA,"LASSO",0,0,200,142
"scenarioB","X_7","indep",0,0,NA,"LASSO",0,0,200,142
"scenarioB","X_8","indep",0,0,NA,"LASSO",0,0,200,142
"scenarioB","X_9","indep",0,0,NA,"LASSO",0,0,200,142
"scenarioB","X_10","indep",0,0,NA,"LASSO",0,0,200,142
"scenarioB","X_11","indep",0,0,NA,"LASSO",0,0,200,142
"scenarioB","X_12","indep",0,0,NA,"LASSO",0,0,200,142
"scenarioB","X_13","indep",0,0,NA,"LASSO",0.0666329762088005,0.0666329762088005,200,142
"scenarioB","X_14","indep",0,0,NA,"LASSO",0,0,200,142
"scenarioB","X_15","indep",0,0,NA,"LASSO",0,0,200,142
"scenarioB","X_16","indep",0,0,NA,"LASSO",0,0,200,142
"scenarioB","X_17","indep",0,0,NA,"LASSO",0,0,200,142
"scenarioB","X_18","weak",0.3,0,NA,"LASSO",0,0,200,142
"scenarioB","X_19","weak",0.3,0,NA,"LASSO",0,0,200,142
"scenarioB","X_20","weak",0.3,0,NA,"LASSO",0,0,200,142
"scenarioB","X_21","weak",0.3,0,NA,"LASSO",0.158026974878375,0.158026974878375,200,142
"scenarioB","X_22","strong",0.6,0,NA,"LASSO",0,0,200,142
"scenarioB","X_23","strong",0.6,0,NA,"LASSO",0,0,200,142
"scenarioB","X_24","strong",0.6,0,NA,"LASSO",-0.0263531823841858,-0.0263531823841858,200,142
"scenarioB","X_25","strong",0.6,0,NA,"LASSO",0,0,200,142
"scenarioB","X_1","strong",0.6,0.4,0.413223481690924,"SSL",0,-0.4,200,143
"scenarioB","X_2","strong",0.6,-0.5,-0.421350578252094,"SSL",0,0.5,200,143
"scenarioB","X_3","weak",0.3,0.6,0.58738529047142,"SSL",0.567850815628047,-0.0321491843719534,200,143
"scenarioB","X_4","weak",0.3,0.75,0.696406836083827,"SSL",0.53011924553166,-0.21988075446834,200,143
"scenarioB","X_5","indep",0,-0.8,-0.875991438024341,"SSL",-0.707239621690567,0.092760378309433,200,143
"scenarioB","X_6","indep",0,0,NA,"SSL",0,0,200,143
"scenarioB","X_7","indep",0,0,NA,"SSL",0,0,200,143
"scenarioB","X_8","indep",0,0,NA,"SSL",0,0,200,143
"scenarioB","X_9","indep",0,0,NA,"SSL",0,0,200,143
"scenarioB","X_10","indep",0,0,NA,"SSL",0,0,200,143
"scenarioB","X_11","indep",0,0,NA,"SSL",0,0,200,143
"scenarioB","X_12","indep",0,0,NA,"SSL",0,0,200,143
"scenarioB","X_13","indep",0,0,NA,"SSL",0,0,200,143
"scenarioB","X_14","indep",0,0,NA,"SSL",0,0,200,143
"scenarioB","X_15","indep",0,0,NA,"SSL",0,0,200,143
"scenarioB","X_16","indep",0,0,NA,"SSL",0,0,200,143
"scenarioB","X_17","indep",0,0,NA,"SSL",0,0,200,143
"scenarioB","X_18","weak",0.3,0,NA,"SSL",0,0,200,143
"scenarioB","X_19","weak",0.3,0,NA,"SSL",0,0,200,143
"scenarioB","X_20","weak",0.3,0,NA,"SSL",0,0,200,143
"scenarioB","X_21","weak",0.3,0,NA,"SSL",0,0,200,143
"scenarioB","X_22","strong",0.6,0,NA,"SSL",0,0,200,143
"scenarioB","X_23","strong",0.6,0,NA,"SSL",0,0,200,143
"scenarioB","X_24","strong",0.6,0,NA,"SSL",0,0,200,143
"scenarioB","X_25","strong",0.6,0,NA,"SSL",0,0,200,143
"scenarioB","X_1","strong",0.6,0.4,0.413223481690924,"LASSO",0,-0.4,200,143
"scenarioB","X_2","strong",0.6,-0.5,-0.421350578252094,"LASSO",0,0.5,200,143
"scenarioB","X_3","weak",0.3,0.6,0.58738529047142,"LASSO",0.452240170523083,-0.147759829476917,200,143
"scenarioB","X_4","weak",0.3,0.75,0.696406836083827,"LASSO",0.355007068893804,-0.394992931106196,200,143
"scenarioB","X_5","indep",0,-0.8,-0.875991438024341,"LASSO",-0.505747370552023,0.294252629447977,200,143
"scenarioB","X_6","indep",0,0,NA,"LASSO",0,0,200,143
"scenarioB","X_7","indep",0,0,NA,"LASSO",0,0,200,143
"scenarioB","X_8","indep",0,0,NA,"LASSO",0,0,200,143
"scenarioB","X_9","indep",0,0,NA,"LASSO",0,0,200,143
"scenarioB","X_10","indep",0,0,NA,"LASSO",0,0,200,143
"scenarioB","X_11","indep",0,0,NA,"LASSO",0,0,200,143
"scenarioB","X_12","indep",0,0,NA,"LASSO",0,0,200,143
"scenarioB","X_13","indep",0,0,NA,"LASSO",0,0,200,143
"scenarioB","X_14","indep",0,0,NA,"LASSO",0,0,200,143
"scenarioB","X_15","indep",0,0,NA,"LASSO",0,0,200,143
"scenarioB","X_16","indep",0,0,NA,"LASSO",0,0,200,143
"scenarioB","X_17","indep",0,0,NA,"LASSO",0,0,200,143
"scenarioB","X_18","weak",0.3,0,NA,"LASSO",0,0,200,143
"scenarioB","X_19","weak",0.3,0,NA,"LASSO",0,0,200,143
"scenarioB","X_20","weak",0.3,0,NA,"LASSO",0,0,200,143
"scenarioB","X_21","weak",0.3,0,NA,"LASSO",0,0,200,143
"scenarioB","X_22","strong",0.6,0,NA,"LASSO",0,0,200,143
"scenarioB","X_23","strong",0.6,0,NA,"LASSO",0,0,200,143
"scenarioB","X_24","strong",0.6,0,NA,"LASSO",0,0,200,143
"scenarioB","X_25","strong",0.6,0,NA,"LASSO",0,0,200,143
"scenarioB","X_1","strong",0.6,0.4,0.50099829455976,"SSL",0.373152490566924,-0.0268475094330763,200,144
"scenarioB","X_2","strong",0.6,-0.5,-0.671352127977674,"SSL",-0.554628711685184,-0.0546287116851836,200,144
"scenarioB","X_3","weak",0.3,0.6,0.426639265150716,"SSL",0.277940451671894,-0.322059548328106,200,144
"scenarioB","X_4","weak",0.3,0.75,0.702697273133216,"SSL",0.598279850640147,-0.151720149359853,200,144
"scenarioB","X_5","indep",0,-0.8,-0.702340777909449,"SSL",-0.641710294699169,0.158289705300831,200,144
"scenarioB","X_6","indep",0,0,NA,"SSL",0,0,200,144
"scenarioB","X_7","indep",0,0,NA,"SSL",0,0,200,144
"scenarioB","X_8","indep",0,0,NA,"SSL",0.0917904482188216,0.0917904482188216,200,144
"scenarioB","X_9","indep",0,0,NA,"SSL",-0.103652722821941,-0.103652722821941,200,144
"scenarioB","X_10","indep",0,0,NA,"SSL",-0.141166488904701,-0.141166488904701,200,144
"scenarioB","X_11","indep",0,0,NA,"SSL",0,0,200,144
"scenarioB","X_12","indep",0,0,NA,"SSL",0,0,200,144
"scenarioB","X_13","indep",0,0,NA,"SSL",0,0,200,144
"scenarioB","X_14","indep",0,0,NA,"SSL",0,0,200,144
"scenarioB","X_15","indep",0,0,NA,"SSL",0,0,200,144
"scenarioB","X_16","indep",0,0,NA,"SSL",0,0,200,144
"scenarioB","X_17","indep",0,0,NA,"SSL",0,0,200,144
"scenarioB","X_18","weak",0.3,0,NA,"SSL",0.0905007663426636,0.0905007663426636,200,144
"scenarioB","X_19","weak",0.3,0,NA,"SSL",0.176242564673299,0.176242564673299,200,144
"scenarioB","X_20","weak",0.3,0,NA,"SSL",0,0,200,144
"scenarioB","X_21","weak",0.3,0,NA,"SSL",0,0,200,144
"scenarioB","X_22","strong",0.6,0,NA,"SSL",0,0,200,144
"scenarioB","X_23","strong",0.6,0,NA,"SSL",0,0,200,144
"scenarioB","X_24","strong",0.6,0,NA,"SSL",0,0,200,144
"scenarioB","X_25","strong",0.6,0,NA,"SSL",0,0,200,144
"scenarioB","X_1","strong",0.6,0.4,0.50099829455976,"LASSO",0.287924943555911,-0.112075056444089,200,144
"scenarioB","X_2","strong",0.6,-0.5,-0.671352127977674,"LASSO",-0.453911386959562,0.046088613040438,200,144
"scenarioB","X_3","weak",0.3,0.6,0.426639265150716,"LASSO",0.248576599500432,-0.351423400499568,200,144
"scenarioB","X_4","weak",0.3,0.75,0.702697273133216,"LASSO",0.556012583846608,-0.193987416153392,200,144
"scenarioB","X_5","indep",0,-0.8,-0.702340777909449,"LASSO",-0.573741567452697,0.226258432547303,200,144
"scenarioB","X_6","indep",0,0,NA,"LASSO",0,0,200,144
"scenarioB","X_7","indep",0,0,NA,"LASSO",0,0,200,144
"scenarioB","X_8","indep",0,0,NA,"LASSO",0.0548698377753975,0.0548698377753975,200,144
"scenarioB","X_9","indep",0,0,NA,"LASSO",-0.0584102124044859,-0.0584102124044859,200,144
"scenarioB","X_10","indep",0,0,NA,"LASSO",-0.13002769418958,-0.13002769418958,200,144
"scenarioB","X_11","indep",0,0,NA,"LASSO",0,0,200,144
"scenarioB","X_12","indep",0,0,NA,"LASSO",0,0,200,144
"scenarioB","X_13","indep",0,0,NA,"LASSO",0,0,200,144
"scenarioB","X_14","indep",0,0,NA,"LASSO",0,0,200,144
"scenarioB","X_15","indep",0,0,NA,"LASSO",0,0,200,144
"scenarioB","X_16","indep",0,0,NA,"LASSO",0,0,200,144
"scenarioB","X_17","indep",0,0,NA,"LASSO",0,0,200,144
"scenarioB","X_18","weak",0.3,0,NA,"LASSO",0.0719944373206112,0.0719944373206112,200,144
"scenarioB","X_19","weak",0.3,0,NA,"LASSO",0.160480339997021,0.160480339997021,200,144
"scenarioB","X_20","weak",0.3,0,NA,"LASSO",0,0,200,144
"scenarioB","X_21","weak",0.3,0,NA,"LASSO",0,0,200,144
"scenarioB","X_22","strong",0.6,0,NA,"LASSO",0,0,200,144
"scenarioB","X_23","strong",0.6,0,NA,"LASSO",0,0,200,144
"scenarioB","X_24","strong",0.6,0,NA,"LASSO",0,0,200,144
"scenarioB","X_25","strong",0.6,0,NA,"LASSO",0,0,200,144
"scenarioB","X_1","strong",0.6,0.4,0.474699557484014,"SSL",0.330547862878538,-0.0694521371214616,200,145
"scenarioB","X_2","strong",0.6,-0.5,-0.554344998460379,"SSL",-0.399230918331097,0.100769081668903,200,145
"scenarioB","X_3","weak",0.3,0.6,0.680838090814402,"SSL",0.602941108310482,0.00294110831048178,200,145
"scenarioB","X_4","weak",0.3,0.75,0.706177483922816,"SSL",0.612617841082006,-0.137382158917994,200,145
"scenarioB","X_5","indep",0,-0.8,-0.692734273838455,"SSL",-0.611878367185124,0.188121632814876,200,145
"scenarioB","X_6","indep",0,0,NA,"SSL",0,0,200,145
"scenarioB","X_7","indep",0,0,NA,"SSL",0,0,200,145
"scenarioB","X_8","indep",0,0,NA,"SSL",0,0,200,145
"scenarioB","X_9","indep",0,0,NA,"SSL",0,0,200,145
"scenarioB","X_10","indep",0,0,NA,"SSL",0,0,200,145
"scenarioB","X_11","indep",0,0,NA,"SSL",0,0,200,145
"scenarioB","X_12","indep",0,0,NA,"SSL",0,0,200,145
"scenarioB","X_13","indep",0,0,NA,"SSL",0,0,200,145
"scenarioB","X_14","indep",0,0,NA,"SSL",0,0,200,145
"scenarioB","X_15","indep",0,0,NA,"SSL",0,0,200,145
"scenarioB","X_16","indep",0,0,NA,"SSL",0,0,200,145
"scenarioB","X_17","indep",0,0,NA,"SSL",0,0,200,145
"scenarioB","X_18","weak",0.3,0,NA,"SSL",0,0,200,145
"scenarioB","X_19","weak",0.3,0,NA,"SSL",0,0,200,145
"scenarioB","X_20","weak",0.3,0,NA,"SSL",0,0,200,145
"scenarioB","X_21","weak",0.3,0,NA,"SSL",0,0,200,145
"scenarioB","X_22","strong",0.6,0,NA,"SSL",0,0,200,145
"scenarioB","X_23","strong",0.6,0,NA,"SSL",0,0,200,145
"scenarioB","X_24","strong",0.6,0,NA,"SSL",0,0,200,145
"scenarioB","X_25","strong",0.6,0,NA,"SSL",0,0,200,145
"scenarioB","X_1","strong",0.6,0.4,0.474699557484014,"LASSO",0,-0.4,200,145
"scenarioB","X_2","strong",0.6,-0.5,-0.554344998460379,"LASSO",-0.0377720928989434,0.462227907101057,200,145
"scenarioB","X_3","weak",0.3,0.6,0.680838090814402,"LASSO",0.46421507059027,-0.13578492940973,200,145
"scenarioB","X_4","weak",0.3,0.75,0.706177483922816,"LASSO",0.416453919624315,-0.333546080375685,200,145
"scenarioB","X_5","indep",0,-0.8,-0.692734273838455,"LASSO",-0.458802304832703,0.341197695167297,200,145
"scenarioB","X_6","indep",0,0,NA,"LASSO",0,0,200,145
"scenarioB","X_7","indep",0,0,NA,"LASSO",0,0,200,145
"scenarioB","X_8","indep",0,0,NA,"LASSO",0,0,200,145
"scenarioB","X_9","indep",0,0,NA,"LASSO",0,0,200,145
"scenarioB","X_10","indep",0,0,NA,"LASSO",0,0,200,145
"scenarioB","X_11","indep",0,0,NA,"LASSO",0,0,200,145
"scenarioB","X_12","indep",0,0,NA,"LASSO",0,0,200,145
"scenarioB","X_13","indep",0,0,NA,"LASSO",0,0,200,145
"scenarioB","X_14","indep",0,0,NA,"LASSO",0,0,200,145
"scenarioB","X_15","indep",0,0,NA,"LASSO",0,0,200,145
"scenarioB","X_16","indep",0,0,NA,"LASSO",0,0,200,145
"scenarioB","X_17","indep",0,0,NA,"LASSO",0,0,200,145
"scenarioB","X_18","weak",0.3,0,NA,"LASSO",0,0,200,145
"scenarioB","X_19","weak",0.3,0,NA,"LASSO",0,0,200,145
"scenarioB","X_20","weak",0.3,0,NA,"LASSO",0,0,200,145
"scenarioB","X_21","weak",0.3,0,NA,"LASSO",0,0,200,145
"scenarioB","X_22","strong",0.6,0,NA,"LASSO",0,0,200,145
"scenarioB","X_23","strong",0.6,0,NA,"LASSO",0,0,200,145
"scenarioB","X_24","strong",0.6,0,NA,"LASSO",0,0,200,145
"scenarioB","X_25","strong",0.6,0,NA,"LASSO",0,0,200,145
"scenarioB","X_1","strong",0.6,0.4,0.350262508112289,"SSL",0.273959990140328,-0.126040009859672,200,146
"scenarioB","X_2","strong",0.6,-0.5,-0.540283173898338,"SSL",-0.45919005929736,0.0408099407026405,200,146
"scenarioB","X_3","weak",0.3,0.6,0.58234636292367,"SSL",0.503814234189684,-0.0961857658103162,200,146
"scenarioB","X_4","weak",0.3,0.75,0.559512059195748,"SSL",0.532267252074165,-0.217732747925835,200,146
"scenarioB","X_5","indep",0,-0.8,-0.788168632389546,"SSL",-0.780129231684542,0.0198707683154582,200,146
"scenarioB","X_6","indep",0,0,NA,"SSL",0.12601576801416,0.12601576801416,200,146
"scenarioB","X_7","indep",0,0,NA,"SSL",0,0,200,146
"scenarioB","X_8","indep",0,0,NA,"SSL",-0.209427273851556,-0.209427273851556,200,146
"scenarioB","X_9","indep",0,0,NA,"SSL",0,0,200,146
"scenarioB","X_10","indep",0,0,NA,"SSL",0,0,200,146
"scenarioB","X_11","indep",0,0,NA,"SSL",0,0,200,146
"scenarioB","X_12","indep",0,0,NA,"SSL",0,0,200,146
"scenarioB","X_13","indep",0,0,NA,"SSL",-0.124419811439845,-0.124419811439845,200,146
"scenarioB","X_14","indep",0,0,NA,"SSL",0,0,200,146
"scenarioB","X_15","indep",0,0,NA,"SSL",0,0,200,146
"scenarioB","X_16","indep",0,0,NA,"SSL",0,0,200,146
"scenarioB","X_17","indep",0,0,NA,"SSL",0,0,200,146
"scenarioB","X_18","weak",0.3,0,NA,"SSL",0,0,200,146
"scenarioB","X_19","weak",0.3,0,NA,"SSL",-0.147822029486995,-0.147822029486995,200,146
"scenarioB","X_20","weak",0.3,0,NA,"SSL",0.0671161589148021,0.0671161589148021,200,146
"scenarioB","X_21","weak",0.3,0,NA,"SSL",0,0,200,146
"scenarioB","X_22","strong",0.6,0,NA,"SSL",-0.230817508999624,-0.230817508999624,200,146
"scenarioB","X_23","strong",0.6,0,NA,"SSL",0.147663293350021,0.147663293350021,200,146
"scenarioB","X_24","strong",0.6,0,NA,"SSL",0.0821291171577376,0.0821291171577376,200,146
"scenarioB","X_25","strong",0.6,0,NA,"SSL",0,0,200,146
"scenarioB","X_1","strong",0.6,0.4,0.350262508112289,"LASSO",0,-0.4,200,146
"scenarioB","X_2","strong",0.6,-0.5,-0.540283173898338,"LASSO",-0.110970060523646,0.389029939476354,200,146
"scenarioB","X_3","weak",0.3,0.6,0.58234636292367,"LASSO",0.338798622592431,-0.261201377407569,200,146
"scenarioB","X_4","weak",0.3,0.75,0.559512059195748,"LASSO",0.377465734787238,-0.372534265212762,200,146
"scenarioB","X_5","indep",0,-0.8,-0.788168632389546,"LASSO",-0.541357941612277,0.258642058387723,200,146
"scenarioB","X_6","indep",0,0,NA,"LASSO",0,0,200,146
"scenarioB","X_7","indep",0,0,NA,"LASSO",0,0,200,146
"scenarioB","X_8","indep",0,0,NA,"LASSO",-0.0600022360245933,-0.0600022360245933,200,146
"scenarioB","X_9","indep",0,0,NA,"LASSO",0,0,200,146
"scenarioB","X_10","indep",0,0,NA,"LASSO",0,0,200,146
"scenarioB","X_11","indep",0,0,NA,"LASSO",0,0,200,146
"scenarioB","X_12","indep",0,0,NA,"LASSO",0,0,200,146
"scenarioB","X_13","indep",0,0,NA,"LASSO",0,0,200,146
"scenarioB","X_14","indep",0,0,NA,"LASSO",0,0,200,146
"scenarioB","X_15","indep",0,0,NA,"LASSO",0,0,200,146
"scenarioB","X_16","indep",0,0,NA,"LASSO",0,0,200,146
"scenarioB","X_17","indep",0,0,NA,"LASSO",0,0,200,146
"scenarioB","X_18","weak",0.3,0,NA,"LASSO",0,0,200,146
"scenarioB","X_19","weak",0.3,0,NA,"LASSO",0,0,200,146
"scenarioB","X_20","weak",0.3,0,NA,"LASSO",0,0,200,146
"scenarioB","X_21","weak",0.3,0,NA,"LASSO",0,0,200,146
"scenarioB","X_22","strong",0.6,0,NA,"LASSO",0,0,200,146
"scenarioB","X_23","strong",0.6,0,NA,"LASSO",0,0,200,146
"scenarioB","X_24","strong",0.6,0,NA,"LASSO",0,0,200,146
"scenarioB","X_25","strong",0.6,0,NA,"LASSO",0,0,200,146
"scenarioB","X_1","strong",0.6,0.4,0.284756669632119,"SSL",0.140905067784063,-0.259094932215937,200,147
"scenarioB","X_2","strong",0.6,-0.5,-0.424759800872903,"SSL",-0.284716595275486,0.215283404724514,200,147
"scenarioB","X_3","weak",0.3,0.6,0.882664691929511,"SSL",0.765772480253177,0.165772480253177,200,147
"scenarioB","X_4","weak",0.3,0.75,0.542934376014142,"SSL",0.494300011574596,-0.255699988425404,200,147
"scenarioB","X_5","indep",0,-0.8,-0.852270806805821,"SSL",-0.79877990000013,0.00122009999986983,200,147
"scenarioB","X_6","indep",0,0,NA,"SSL",0,0,200,147
"scenarioB","X_7","indep",0,0,NA,"SSL",0,0,200,147
"scenarioB","X_8","indep",0,0,NA,"SSL",0.162365127034704,0.162365127034704,200,147
"scenarioB","X_9","indep",0,0,NA,"SSL",0,0,200,147
"scenarioB","X_10","indep",0,0,NA,"SSL",0,0,200,147
"scenarioB","X_11","indep",0,0,NA,"SSL",0,0,200,147
"scenarioB","X_12","indep",0,0,NA,"SSL",0.17582183272329,0.17582183272329,200,147
"scenarioB","X_13","indep",0,0,NA,"SSL",0,0,200,147
"scenarioB","X_14","indep",0,0,NA,"SSL",0,0,200,147
"scenarioB","X_15","indep",0,0,NA,"SSL",0,0,200,147
"scenarioB","X_16","indep",0,0,NA,"SSL",0,0,200,147
"scenarioB","X_17","indep",0,0,NA,"SSL",0,0,200,147
"scenarioB","X_18","weak",0.3,0,NA,"SSL",0,0,200,147
"scenarioB","X_19","weak",0.3,0,NA,"SSL",0,0,200,147
"scenarioB","X_20","weak",0.3,0,NA,"SSL",0.160802950501526,0.160802950501526,200,147
"scenarioB","X_21","weak",0.3,0,NA,"SSL",0,0,200,147
"scenarioB","X_22","strong",0.6,0,NA,"SSL",0,0,200,147
"scenarioB","X_23","strong",0.6,0,NA,"SSL",0,0,200,147
"scenarioB","X_24","strong",0.6,0,NA,"SSL",0,0,200,147
"scenarioB","X_25","strong",0.6,0,NA,"SSL",0,0,200,147
"scenarioB","X_1","strong",0.6,0.4,0.284756669632119,"LASSO",0,-0.4,200,147
"scenarioB","X_2","strong",0.6,-0.5,-0.424759800872903,"LASSO",-0.152854945946373,0.347145054053627,200,147
"scenarioB","X_3","weak",0.3,0.6,0.882664691929511,"LASSO",0.696565022754076,0.0965650227540756,200,147
"scenarioB","X_4","weak",0.3,0.75,0.542934376014142,"LASSO",0.417756903422907,-0.332243096577093,200,147
"scenarioB","X_5","indep",0,-0.8,-0.852270806805821,"LASSO",-0.707246821767882,0.0927531782321177,200,147
"scenarioB","X_6","indep",0,0,NA,"LASSO",0,0,200,147
"scenarioB","X_7","indep",0,0,NA,"LASSO",0,0,200,147
"scenarioB","X_8","indep",0,0,NA,"LASSO",0.0848570916293924,0.0848570916293924,200,147
"scenarioB","X_9","indep",0,0,NA,"LASSO",0,0,200,147
"scenarioB","X_10","indep",0,0,NA,"LASSO",0,0,200,147
"scenarioB","X_11","indep",0,0,NA,"LASSO",0,0,200,147
"scenarioB","X_12","indep",0,0,NA,"LASSO",0.0899673847456715,0.0899673847456715,200,147
"scenarioB","X_13","indep",0,0,NA,"LASSO",0,0,200,147
"scenarioB","X_14","indep",0,0,NA,"LASSO",0,0,200,147
"scenarioB","X_15","indep",0,0,NA,"LASSO",0,0,200,147
"scenarioB","X_16","indep",0,0,NA,"LASSO",0,0,200,147
"scenarioB","X_17","indep",0,0,NA,"LASSO",0,0,200,147
"scenarioB","X_18","weak",0.3,0,NA,"LASSO",0,0,200,147
"scenarioB","X_19","weak",0.3,0,NA,"LASSO",0,0,200,147
"scenarioB","X_20","weak",0.3,0,NA,"LASSO",0.113622222703048,0.113622222703048,200,147
"scenarioB","X_21","weak",0.3,0,NA,"LASSO",0,0,200,147
"scenarioB","X_22","strong",0.6,0,NA,"LASSO",0,0,200,147
"scenarioB","X_23","strong",0.6,0,NA,"LASSO",0,0,200,147
"scenarioB","X_24","strong",0.6,0,NA,"LASSO",0,0,200,147
"scenarioB","X_25","strong",0.6,0,NA,"LASSO",0,0,200,147
"scenarioB","X_1","strong",0.6,0.4,0.249146220212021,"SSL",0.0730477601418988,-0.326952239858101,200,148
"scenarioB","X_2","strong",0.6,-0.5,-0.36326765472405,"SSL",-0.195419369918013,0.304580630081987,200,148
"scenarioB","X_3","weak",0.3,0.6,0.510753848602792,"SSL",0.428759870084195,-0.171240129915805,200,148
"scenarioB","X_4","weak",0.3,0.75,0.719145484091747,"SSL",0.69274331312645,-0.0572566868735502,200,148
"scenarioB","X_5","indep",0,-0.8,-0.773127372361636,"SSL",-0.702084743733474,0.0979152562665263,200,148
"scenarioB","X_6","indep",0,0,NA,"SSL",0,0,200,148
"scenarioB","X_7","indep",0,0,NA,"SSL",0,0,200,148
"scenarioB","X_8","indep",0,0,NA,"SSL",0,0,200,148
"scenarioB","X_9","indep",0,0,NA,"SSL",0,0,200,148
"scenarioB","X_10","indep",0,0,NA,"SSL",0,0,200,148
"scenarioB","X_11","indep",0,0,NA,"SSL",0,0,200,148
"scenarioB","X_12","indep",0,0,NA,"SSL",-0.144507907691584,-0.144507907691584,200,148
"scenarioB","X_13","indep",0,0,NA,"SSL",0.0950967285009879,0.0950967285009879,200,148
"scenarioB","X_14","indep",0,0,NA,"SSL",0,0,200,148
"scenarioB","X_15","indep",0,0,NA,"SSL",0,0,200,148
"scenarioB","X_16","indep",0,0,NA,"SSL",0.0397649020015656,0.0397649020015656,200,148
"scenarioB","X_17","indep",0,0,NA,"SSL",-0.140190883944171,-0.140190883944171,200,148
"scenarioB","X_18","weak",0.3,0,NA,"SSL",0,0,200,148
"scenarioB","X_19","weak",0.3,0,NA,"SSL",-0.0727990766242815,-0.0727990766242815,200,148
"scenarioB","X_20","weak",0.3,0,NA,"SSL",0,0,200,148
"scenarioB","X_21","weak",0.3,0,NA,"SSL",0,0,200,148
"scenarioB","X_22","strong",0.6,0,NA,"SSL",0.0822763078042396,0.0822763078042396,200,148
"scenarioB","X_23","strong",0.6,0,NA,"SSL",0,0,200,148
"scenarioB","X_24","strong",0.6,0,NA,"SSL",0,0,200,148
"scenarioB","X_25","strong",0.6,0,NA,"SSL",0,0,200,148
"scenarioB","X_1","strong",0.6,0.4,0.249146220212021,"LASSO",0,-0.4,200,148
"scenarioB","X_2","strong",0.6,-0.5,-0.36326765472405,"LASSO",0,0.5,200,148
"scenarioB","X_3","weak",0.3,0.6,0.510753848602792,"LASSO",0.290516377366218,-0.309483622633782,200,148
"scenarioB","X_4","weak",0.3,0.75,0.719145484091747,"LASSO",0.47284175989252,-0.27715824010748,200,148
"scenarioB","X_5","indep",0,-0.8,-0.773127372361636,"LASSO",-0.43543681671064,0.36456318328936,200,148
"scenarioB","X_6","indep",0,0,NA,"LASSO",0,0,200,148
"scenarioB","X_7","indep",0,0,NA,"LASSO",0,0,200,148
"scenarioB","X_8","indep",0,0,NA,"LASSO",0,0,200,148
"scenarioB","X_9","indep",0,0,NA,"LASSO",0,0,200,148
"scenarioB","X_10","indep",0,0,NA,"LASSO",0,0,200,148
"scenarioB","X_11","indep",0,0,NA,"LASSO",0,0,200,148
"scenarioB","X_12","indep",0,0,NA,"LASSO",-0.0206446571955205,-0.0206446571955205,200,148
"scenarioB","X_13","indep",0,0,NA,"LASSO",0,0,200,148
"scenarioB","X_14","indep",0,0,NA,"LASSO",0,0,200,148
"scenarioB","X_15","indep",0,0,NA,"LASSO",0,0,200,148
"scenarioB","X_16","indep",0,0,NA,"LASSO",0,0,200,148
"scenarioB","X_17","indep",0,0,NA,"LASSO",0,0,200,148
"scenarioB","X_18","weak",0.3,0,NA,"LASSO",0,0,200,148
"scenarioB","X_19","weak",0.3,0,NA,"LASSO",0,0,200,148
"scenarioB","X_20","weak",0.3,0,NA,"LASSO",0,0,200,148
"scenarioB","X_21","weak",0.3,0,NA,"LASSO",0,0,200,148
"scenarioB","X_22","strong",0.6,0,NA,"LASSO",0,0,200,148
"scenarioB","X_23","strong",0.6,0,NA,"LASSO",0,0,200,148
"scenarioB","X_24","strong",0.6,0,NA,"LASSO",0,0,200,148
"scenarioB","X_25","strong",0.6,0,NA,"LASSO",0,0,200,148
"scenarioB","X_1","strong",0.6,0.4,0.428699334422338,"SSL",0.372884463600375,-0.0271155363996253,200,149
"scenarioB","X_2","strong",0.6,-0.5,-0.496594277783252,"SSL",-0.421857661857279,0.0781423381427214,200,149
"scenarioB","X_3","weak",0.3,0.6,0.507145537159345,"SSL",0.523151667059782,-0.0768483329402179,200,149
"scenarioB","X_4","weak",0.3,0.75,0.764302148625008,"SSL",0.748408667533205,-0.00159133246679521,200,149
"scenarioB","X_5","indep",0,-0.8,-0.760292605490562,"SSL",-0.676245586450775,0.123754413549225,200,149
"scenarioB","X_6","indep",0,0,NA,"SSL",0,0,200,149
"scenarioB","X_7","indep",0,0,NA,"SSL",0.158134845040522,0.158134845040522,200,149
"scenarioB","X_8","indep",0,0,NA,"SSL",0.152214082907579,0.152214082907579,200,149
"scenarioB","X_9","indep",0,0,NA,"SSL",0.266702802843456,0.266702802843456,200,149
"scenarioB","X_10","indep",0,0,NA,"SSL",0,0,200,149
"scenarioB","X_11","indep",0,0,NA,"SSL",0,0,200,149
"scenarioB","X_12","indep",0,0,NA,"SSL",0,0,200,149
"scenarioB","X_13","indep",0,0,NA,"SSL",0,0,200,149
"scenarioB","X_14","indep",0,0,NA,"SSL",0,0,200,149
"scenarioB","X_15","indep",0,0,NA,"SSL",-0.0729803747365409,-0.0729803747365409,200,149
"scenarioB","X_16","indep",0,0,NA,"SSL",0,0,200,149
"scenarioB","X_17","indep",0,0,NA,"SSL",0,0,200,149
"scenarioB","X_18","weak",0.3,0,NA,"SSL",0,0,200,149
"scenarioB","X_19","weak",0.3,0,NA,"SSL",0,0,200,149
"scenarioB","X_20","weak",0.3,0,NA,"SSL",-0.142432101116808,-0.142432101116808,200,149
"scenarioB","X_21","weak",0.3,0,NA,"SSL",0,0,200,149
"scenarioB","X_22","strong",0.6,0,NA,"SSL",0,0,200,149
"scenarioB","X_23","strong",0.6,0,NA,"SSL",0,0,200,149
"scenarioB","X_24","strong",0.6,0,NA,"SSL",0,0,200,149
"scenarioB","X_25","strong",0.6,0,NA,"SSL",0,0,200,149
"scenarioB","X_1","strong",0.6,0.4,0.428699334422338,"LASSO",0.24878809887322,-0.15121190112678,200,149
"scenarioB","X_2","strong",0.6,-0.5,-0.496594277783252,"LASSO",-0.297314135039182,0.202685864960818,200,149
"scenarioB","X_3","weak",0.3,0.6,0.507145537159345,"LASSO",0.433156023406321,-0.166843976593679,200,149
"scenarioB","X_4","weak",0.3,0.75,0.764302148625008,"LASSO",0.630578359418126,-0.119421640581874,200,149
"scenarioB","X_5","indep",0,-0.8,-0.760292605490562,"LASSO",-0.573577736221751,0.226422263778249,200,149
"scenarioB","X_6","indep",0,0,NA,"LASSO",0,0,200,149
"scenarioB","X_7","indep",0,0,NA,"LASSO",0.0922018433170128,0.0922018433170128,200,149
"scenarioB","X_8","indep",0,0,NA,"LASSO",0.106145774713093,0.106145774713093,200,149
"scenarioB","X_9","indep",0,0,NA,"LASSO",0.19945575795874,0.19945575795874,200,149
"scenarioB","X_10","indep",0,0,NA,"LASSO",0,0,200,149
"scenarioB","X_11","indep",0,0,NA,"LASSO",0,0,200,149
"scenarioB","X_12","indep",0,0,NA,"LASSO",-0.0119708028940159,-0.0119708028940159,200,149
"scenarioB","X_13","indep",0,0,NA,"LASSO",0,0,200,149
"scenarioB","X_14","indep",0,0,NA,"LASSO",0,0,200,149
"scenarioB","X_15","indep",0,0,NA,"LASSO",-0.0512765811828261,-0.0512765811828261,200,149
"scenarioB","X_16","indep",0,0,NA,"LASSO",0,0,200,149
"scenarioB","X_17","indep",0,0,NA,"LASSO",0,0,200,149
"scenarioB","X_18","weak",0.3,0,NA,"LASSO",0,0,200,149
"scenarioB","X_19","weak",0.3,0,NA,"LASSO",0,0,200,149
"scenarioB","X_20","weak",0.3,0,NA,"LASSO",-0.0491911624364101,-0.0491911624364101,200,149
"scenarioB","X_21","weak",0.3,0,NA,"LASSO",0,0,200,149
"scenarioB","X_22","strong",0.6,0,NA,"LASSO",0,0,200,149
"scenarioB","X_23","strong",0.6,0,NA,"LASSO",0,0,200,149
"scenarioB","X_24","strong",0.6,0,NA,"LASSO",0,0,200,149
"scenarioB","X_25","strong",0.6,0,NA,"LASSO",0,0,200,149
"scenarioB","X_1","strong",0.6,0.4,0.544458557786047,"SSL",0.337915745996665,-0.0620842540033354,200,150
"scenarioB","X_2","strong",0.6,-0.5,-0.46503301635115,"SSL",-0.389797807909656,0.110202192090344,200,150
"scenarioB","X_3","weak",0.3,0.6,0.546588322711145,"SSL",0.492150167250802,-0.107849832749198,200,150
"scenarioB","X_4","weak",0.3,0.75,0.800072850899661,"SSL",0.825653650401879,0.0756536504018788,200,150
"scenarioB","X_5","indep",0,-0.8,-0.767562391822599,"SSL",-0.740810265182246,0.059189734817754,200,150
"scenarioB","X_6","indep",0,0,NA,"SSL",0,0,200,150
"scenarioB","X_7","indep",0,0,NA,"SSL",0,0,200,150
"scenarioB","X_8","indep",0,0,NA,"SSL",-0.186462836334356,-0.186462836334356,200,150
"scenarioB","X_9","indep",0,0,NA,"SSL",0,0,200,150
"scenarioB","X_10","indep",0,0,NA,"SSL",0,0,200,150
"scenarioB","X_11","indep",0,0,NA,"SSL",0,0,200,150
"scenarioB","X_12","indep",0,0,NA,"SSL",-0.281356362014006,-0.281356362014006,200,150
"scenarioB","X_13","indep",0,0,NA,"SSL",0,0,200,150
"scenarioB","X_14","indep",0,0,NA,"SSL",-0.123113724128251,-0.123113724128251,200,150
"scenarioB","X_15","indep",0,0,NA,"SSL",0,0,200,150
"scenarioB","X_16","indep",0,0,NA,"SSL",0,0,200,150
"scenarioB","X_17","indep",0,0,NA,"SSL",0,0,200,150
"scenarioB","X_18","weak",0.3,0,NA,"SSL",0,0,200,150
"scenarioB","X_19","weak",0.3,0,NA,"SSL",0,0,200,150
"scenarioB","X_20","weak",0.3,0,NA,"SSL",0,0,200,150
"scenarioB","X_21","weak",0.3,0,NA,"SSL",0,0,200,150
"scenarioB","X_22","strong",0.6,0,NA,"SSL",0,0,200,150
"scenarioB","X_23","strong",0.6,0,NA,"SSL",0.189295584540347,0.189295584540347,200,150
"scenarioB","X_24","strong",0.6,0,NA,"SSL",0,0,200,150
"scenarioB","X_25","strong",0.6,0,NA,"SSL",0,0,200,150
"scenarioB","X_1","strong",0.6,0.4,0.544458557786047,"LASSO",0.234341756917296,-0.165658243082704,200,150
"scenarioB","X_2","strong",0.6,-0.5,-0.46503301635115,"LASSO",-0.135955518998861,0.364044481001139,200,150
"scenarioB","X_3","weak",0.3,0.6,0.546588322711145,"LASSO",0.365116522054115,-0.234883477945885,200,150
"scenarioB","X_4","weak",0.3,0.75,0.800072850899661,"LASSO",0.704445837171141,-0.0455541628288589,200,150
"scenarioB","X_5","indep",0,-0.8,-0.767562391822599,"LASSO",-0.623837220070362,0.176162779929638,200,150
"scenarioB","X_6","indep",0,0,NA,"LASSO",0,0,200,150
"scenarioB","X_7","indep",0,0,NA,"LASSO",0,0,200,150
"scenarioB","X_8","indep",0,0,NA,"LASSO",-0.0937255537317994,-0.0937255537317994,200,150
"scenarioB","X_9","indep",0,0,NA,"LASSO",0,0,200,150
"scenarioB","X_10","indep",0,0,NA,"LASSO",-0.0303525630133545,-0.0303525630133545,200,150
"scenarioB","X_11","indep",0,0,NA,"LASSO",0,0,200,150
"scenarioB","X_12","indep",0,0,NA,"LASSO",-0.202867947671529,-0.202867947671529,200,150
"scenarioB","X_13","indep",0,0,NA,"LASSO",0,0,200,150
"scenarioB","X_14","indep",0,0,NA,"LASSO",-0.0264413373224055,-0.0264413373224055,200,150
"scenarioB","X_15","indep",0,0,NA,"LASSO",0,0,200,150
"scenarioB","X_16","indep",0,0,NA,"LASSO",0,0,200,150
"scenarioB","X_17","indep",0,0,NA,"LASSO",0,0,200,150
"scenarioB","X_18","weak",0.3,0,NA,"LASSO",0,0,200,150
"scenarioB","X_19","weak",0.3,0,NA,"LASSO",0.0876601255726911,0.0876601255726911,200,150
"scenarioB","X_20","weak",0.3,0,NA,"LASSO",0,0,200,150
"scenarioB","X_21","weak",0.3,0,NA,"LASSO",0,0,200,150
"scenarioB","X_22","strong",0.6,0,NA,"LASSO",0,0,200,150
"scenarioB","X_23","strong",0.6,0,NA,"LASSO",0,0,200,150
"scenarioB","X_24","strong",0.6,0,NA,"LASSO",0,0,200,150
"scenarioB","X_25","strong",0.6,0,NA,"LASSO",0,0,200,150
"scenarioB","X_1","strong",0.6,0.4,0.415977599905483,"SSL",0.233241163522214,-0.166758836477786,200,151
"scenarioB","X_2","strong",0.6,-0.5,-0.485459024456831,"SSL",-0.332851266939749,0.167148733060251,200,151
"scenarioB","X_3","weak",0.3,0.6,0.480157276085079,"SSL",0.423787038864815,-0.176212961135185,200,151
"scenarioB","X_4","weak",0.3,0.75,0.87371838044715,"SSL",0.749516813905702,-0.000483186094298427,200,151
"scenarioB","X_5","indep",0,-0.8,-0.931984220470116,"SSL",-0.818141130955948,-0.0181411309559483,200,151
"scenarioB","X_6","indep",0,0,NA,"SSL",0,0,200,151
"scenarioB","X_7","indep",0,0,NA,"SSL",0,0,200,151
"scenarioB","X_8","indep",0,0,NA,"SSL",0,0,200,151
"scenarioB","X_9","indep",0,0,NA,"SSL",0,0,200,151
"scenarioB","X_10","indep",0,0,NA,"SSL",0,0,200,151
"scenarioB","X_11","indep",0,0,NA,"SSL",0,0,200,151
"scenarioB","X_12","indep",0,0,NA,"SSL",0,0,200,151
"scenarioB","X_13","indep",0,0,NA,"SSL",0,0,200,151
"scenarioB","X_14","indep",0,0,NA,"SSL",0,0,200,151
"scenarioB","X_15","indep",0,0,NA,"SSL",0,0,200,151
"scenarioB","X_16","indep",0,0,NA,"SSL",0,0,200,151
"scenarioB","X_17","indep",0,0,NA,"SSL",0,0,200,151
"scenarioB","X_18","weak",0.3,0,NA,"SSL",0,0,200,151
"scenarioB","X_19","weak",0.3,0,NA,"SSL",0,0,200,151
"scenarioB","X_20","weak",0.3,0,NA,"SSL",0,0,200,151
"scenarioB","X_21","weak",0.3,0,NA,"SSL",0,0,200,151
"scenarioB","X_22","strong",0.6,0,NA,"SSL",0,0,200,151
"scenarioB","X_23","strong",0.6,0,NA,"SSL",0,0,200,151
"scenarioB","X_24","strong",0.6,0,NA,"SSL",0,0,200,151
"scenarioB","X_25","strong",0.6,0,NA,"SSL",0,0,200,151
"scenarioB","X_1","strong",0.6,0.4,0.415977599905483,"LASSO",0.0533216246680509,-0.346678375331949,200,151
"scenarioB","X_2","strong",0.6,-0.5,-0.485459024456831,"LASSO",-0.175158410269653,0.324841589730347,200,151
"scenarioB","X_3","weak",0.3,0.6,0.480157276085079,"LASSO",0.330966991044738,-0.269033008955262,200,151
"scenarioB","X_4","weak",0.3,0.75,0.87371838044715,"LASSO",0.609231724260003,-0.140768275739997,200,151
"scenarioB","X_5","indep",0,-0.8,-0.931984220470116,"LASSO",-0.701055626999753,0.0989443730002471,200,151
"scenarioB","X_6","indep",0,0,NA,"LASSO",0,0,200,151
"scenarioB","X_7","indep",0,0,NA,"LASSO",0,0,200,151
"scenarioB","X_8","indep",0,0,NA,"LASSO",0,0,200,151
"scenarioB","X_9","indep",0,0,NA,"LASSO",0,0,200,151
"scenarioB","X_10","indep",0,0,NA,"LASSO",0,0,200,151
"scenarioB","X_11","indep",0,0,NA,"LASSO",0,0,200,151
"scenarioB","X_12","indep",0,0,NA,"LASSO",0,0,200,151
"scenarioB","X_13","indep",0,0,NA,"LASSO",0,0,200,151
"scenarioB","X_14","indep",0,0,NA,"LASSO",0,0,200,151
"scenarioB","X_15","indep",0,0,NA,"LASSO",0,0,200,151
"scenarioB","X_16","indep",0,0,NA,"LASSO",0,0,200,151
"scenarioB","X_17","indep",0,0,NA,"LASSO",0,0,200,151
"scenarioB","X_18","weak",0.3,0,NA,"LASSO",0.0445537582823944,0.0445537582823944,200,151
"scenarioB","X_19","weak",0.3,0,NA,"LASSO",0,0,200,151
"scenarioB","X_20","weak",0.3,0,NA,"LASSO",0,0,200,151
"scenarioB","X_21","weak",0.3,0,NA,"LASSO",0.0643316563079069,0.0643316563079069,200,151
"scenarioB","X_22","strong",0.6,0,NA,"LASSO",0,0,200,151
"scenarioB","X_23","strong",0.6,0,NA,"LASSO",0,0,200,151
"scenarioB","X_24","strong",0.6,0,NA,"LASSO",0,0,200,151
"scenarioB","X_25","strong",0.6,0,NA,"LASSO",0,0,200,151
"scenarioB","X_1","strong",0.6,0.4,0.237804410995319,"SSL",0.141974237141067,-0.258025762858933,200,152
"scenarioB","X_2","strong",0.6,-0.5,-0.440528758947479,"SSL",-0.482315720753604,0.0176842792463961,200,152
"scenarioB","X_3","weak",0.3,0.6,0.597492522488681,"SSL",0.565058660010336,-0.0349413399896639,200,152
"scenarioB","X_4","weak",0.3,0.75,0.820369227571035,"SSL",0.82661286139417,0.0766128613941701,200,152
"scenarioB","X_5","indep",0,-0.8,-0.798186118596375,"SSL",-0.926474954073076,-0.126474954073076,200,152
"scenarioB","X_6","indep",0,0,NA,"SSL",-0.169783495421556,-0.169783495421556,200,152
"scenarioB","X_7","indep",0,0,NA,"SSL",0,0,200,152
"scenarioB","X_8","indep",0,0,NA,"SSL",-0.0658136930067906,-0.0658136930067906,200,152
"scenarioB","X_9","indep",0,0,NA,"SSL",0,0,200,152
"scenarioB","X_10","indep",0,0,NA,"SSL",0.10028097246835,0.10028097246835,200,152
"scenarioB","X_11","indep",0,0,NA,"SSL",0.0812133176226006,0.0812133176226006,200,152
"scenarioB","X_12","indep",0,0,NA,"SSL",0,0,200,152
"scenarioB","X_13","indep",0,0,NA,"SSL",-0.032668205931852,-0.032668205931852,200,152
"scenarioB","X_14","indep",0,0,NA,"SSL",0,0,200,152
"scenarioB","X_15","indep",0,0,NA,"SSL",0,0,200,152
"scenarioB","X_16","indep",0,0,NA,"SSL",0,0,200,152
"scenarioB","X_17","indep",0,0,NA,"SSL",0,0,200,152
"scenarioB","X_18","weak",0.3,0,NA,"SSL",-0.0947487184113776,-0.0947487184113776,200,152
"scenarioB","X_19","weak",0.3,0,NA,"SSL",0.212297493104452,0.212297493104452,200,152
"scenarioB","X_20","weak",0.3,0,NA,"SSL",0.14764519050055,0.14764519050055,200,152
"scenarioB","X_21","weak",0.3,0,NA,"SSL",-0.118261113604973,-0.118261113604973,200,152
"scenarioB","X_22","strong",0.6,0,NA,"SSL",-0.126649202657061,-0.126649202657061,200,152
"scenarioB","X_23","strong",0.6,0,NA,"SSL",0,0,200,152
"scenarioB","X_24","strong",0.6,0,NA,"SSL",0.0497057151037796,0.0497057151037796,200,152
"scenarioB","X_25","strong",0.6,0,NA,"SSL",0.304934973817977,0.304934973817977,200,152
"scenarioB","X_1","strong",0.6,0.4,0.237804410995319,"LASSO",0,-0.4,200,152
"scenarioB","X_2","strong",0.6,-0.5,-0.440528758947479,"LASSO",-0.225746613282479,0.274253386717521,200,152
"scenarioB","X_3","weak",0.3,0.6,0.597492522488681,"LASSO",0.438992009451452,-0.161007990548548,200,152
"scenarioB","X_4","weak",0.3,0.75,0.820369227571035,"LASSO",0.587937868877693,-0.162062131122307,200,152
"scenarioB","X_5","indep",0,-0.8,-0.798186118596375,"LASSO",-0.630435628169019,0.169564371830981,200,152
"scenarioB","X_6","indep",0,0,NA,"LASSO",-0.0627375850514023,-0.0627375850514023,200,152
"scenarioB","X_7","indep",0,0,NA,"LASSO",0,0,200,152
"scenarioB","X_8","indep",0,0,NA,"LASSO",0,0,200,152
"scenarioB","X_9","indep",0,0,NA,"LASSO",0,0,200,152
"scenarioB","X_10","indep",0,0,NA,"LASSO",0.0415230970258212,0.0415230970258212,200,152
"scenarioB","X_11","indep",0,0,NA,"LASSO",0,0,200,152
"scenarioB","X_12","indep",0,0,NA,"LASSO",0,0,200,152
"scenarioB","X_13","indep",0,0,NA,"LASSO",0,0,200,152
"scenarioB","X_14","indep",0,0,NA,"LASSO",0,0,200,152
"scenarioB","X_15","indep",0,0,NA,"LASSO",0,0,200,152
"scenarioB","X_16","indep",0,0,NA,"LASSO",0,0,200,152
"scenarioB","X_17","indep",0,0,NA,"LASSO",0,0,200,152
"scenarioB","X_18","weak",0.3,0,NA,"LASSO",0,0,200,152
"scenarioB","X_19","weak",0.3,0,NA,"LASSO",0.071431435139702,0.071431435139702,200,152
"scenarioB","X_20","weak",0.3,0,NA,"LASSO",0.0444057559867878,0.0444057559867878,200,152
"scenarioB","X_21","weak",0.3,0,NA,"LASSO",0,0,200,152
"scenarioB","X_22","strong",0.6,0,NA,"LASSO",0,0,200,152
"scenarioB","X_23","strong",0.6,0,NA,"LASSO",0,0,200,152
"scenarioB","X_24","strong",0.6,0,NA,"LASSO",0,0,200,152
"scenarioB","X_25","strong",0.6,0,NA,"LASSO",0.0758514149292655,0.0758514149292655,200,152
"scenarioB","X_1","strong",0.6,0.4,0.291183678117662,"SSL",0,-0.4,200,153
"scenarioB","X_2","strong",0.6,-0.5,-0.719890852187411,"SSL",-0.503421762177866,-0.00342176217786561,200,153
"scenarioB","X_3","weak",0.3,0.6,0.615303235794103,"SSL",0.54163984041017,-0.0583601595898304,200,153
"scenarioB","X_4","weak",0.3,0.75,0.635814063396444,"SSL",0.586091317179455,-0.163908682820545,200,153
"scenarioB","X_5","indep",0,-0.8,-0.834766761480803,"SSL",-0.736808606011389,0.0631913939886115,200,153
"scenarioB","X_6","indep",0,0,NA,"SSL",0,0,200,153
"scenarioB","X_7","indep",0,0,NA,"SSL",0,0,200,153
"scenarioB","X_8","indep",0,0,NA,"SSL",0,0,200,153
"scenarioB","X_9","indep",0,0,NA,"SSL",0,0,200,153
"scenarioB","X_10","indep",0,0,NA,"SSL",0,0,200,153
"scenarioB","X_11","indep",0,0,NA,"SSL",0,0,200,153
"scenarioB","X_12","indep",0,0,NA,"SSL",0,0,200,153
"scenarioB","X_13","indep",0,0,NA,"SSL",0,0,200,153
"scenarioB","X_14","indep",0,0,NA,"SSL",0,0,200,153
"scenarioB","X_15","indep",0,0,NA,"SSL",0,0,200,153
"scenarioB","X_16","indep",0,0,NA,"SSL",0,0,200,153
"scenarioB","X_17","indep",0,0,NA,"SSL",0,0,200,153
"scenarioB","X_18","weak",0.3,0,NA,"SSL",0,0,200,153
"scenarioB","X_19","weak",0.3,0,NA,"SSL",0,0,200,153
"scenarioB","X_20","weak",0.3,0,NA,"SSL",0,0,200,153
"scenarioB","X_21","weak",0.3,0,NA,"SSL",0,0,200,153
"scenarioB","X_22","strong",0.6,0,NA,"SSL",0,0,200,153
"scenarioB","X_23","strong",0.6,0,NA,"SSL",0,0,200,153
"scenarioB","X_24","strong",0.6,0,NA,"SSL",0,0,200,153
"scenarioB","X_25","strong",0.6,0,NA,"SSL",0,0,200,153
"scenarioB","X_1","strong",0.6,0.4,0.291183678117662,"LASSO",0,-0.4,200,153
"scenarioB","X_2","strong",0.6,-0.5,-0.719890852187411,"LASSO",-0.404998916579137,0.0950010834208628,200,153
"scenarioB","X_3","weak",0.3,0.6,0.615303235794103,"LASSO",0.368724669731862,-0.231275330268138,200,153
"scenarioB","X_4","weak",0.3,0.75,0.635814063396444,"LASSO",0.401562800489941,-0.348437199510059,200,153
"scenarioB","X_5","indep",0,-0.8,-0.834766761480803,"LASSO",-0.517775681450622,0.282224318549378,200,153
"scenarioB","X_6","indep",0,0,NA,"LASSO",0,0,200,153
"scenarioB","X_7","indep",0,0,NA,"LASSO",0,0,200,153
"scenarioB","X_8","indep",0,0,NA,"LASSO",0,0,200,153
"scenarioB","X_9","indep",0,0,NA,"LASSO",-0.0248306310969185,-0.0248306310969185,200,153
"scenarioB","X_10","indep",0,0,NA,"LASSO",0,0,200,153
"scenarioB","X_11","indep",0,0,NA,"LASSO",0,0,200,153
"scenarioB","X_12","indep",0,0,NA,"LASSO",0,0,200,153
"scenarioB","X_13","indep",0,0,NA,"LASSO",0,0,200,153
"scenarioB","X_14","indep",0,0,NA,"LASSO",0,0,200,153
"scenarioB","X_15","indep",0,0,NA,"LASSO",0,0,200,153
"scenarioB","X_16","indep",0,0,NA,"LASSO",0,0,200,153
"scenarioB","X_17","indep",0,0,NA,"LASSO",0,0,200,153
"scenarioB","X_18","weak",0.3,0,NA,"LASSO",0,0,200,153
"scenarioB","X_19","weak",0.3,0,NA,"LASSO",0,0,200,153
"scenarioB","X_20","weak",0.3,0,NA,"LASSO",0,0,200,153
"scenarioB","X_21","weak",0.3,0,NA,"LASSO",0.109879831030644,0.109879831030644,200,153
"scenarioB","X_22","strong",0.6,0,NA,"LASSO",0,0,200,153
"scenarioB","X_23","strong",0.6,0,NA,"LASSO",0,0,200,153
"scenarioB","X_24","strong",0.6,0,NA,"LASSO",0,0,200,153
"scenarioB","X_25","strong",0.6,0,NA,"LASSO",0,0,200,153
"scenarioB","X_1","strong",0.6,0.4,0.245502777887971,"SSL",0,-0.4,200,154
"scenarioB","X_2","strong",0.6,-0.5,-0.399123736795593,"SSL",-0.212413345505787,0.287586654494213,200,154
"scenarioB","X_3","weak",0.3,0.6,0.559976807396088,"SSL",0.52461742985232,-0.0753825701476797,200,154
"scenarioB","X_4","weak",0.3,0.75,0.811574679927776,"SSL",0.768148283216221,0.0181482832162214,200,154
"scenarioB","X_5","indep",0,-0.8,-0.687717446099901,"SSL",-0.630102016386007,0.169897983613993,200,154
"scenarioB","X_6","indep",0,0,NA,"SSL",0,0,200,154
"scenarioB","X_7","indep",0,0,NA,"SSL",0,0,200,154
"scenarioB","X_8","indep",0,0,NA,"SSL",0,0,200,154
"scenarioB","X_9","indep",0,0,NA,"SSL",0,0,200,154
"scenarioB","X_10","indep",0,0,NA,"SSL",0,0,200,154
"scenarioB","X_11","indep",0,0,NA,"SSL",0,0,200,154
"scenarioB","X_12","indep",0,0,NA,"SSL",0,0,200,154
"scenarioB","X_13","indep",0,0,NA,"SSL",0,0,200,154
"scenarioB","X_14","indep",0,0,NA,"SSL",0,0,200,154
"scenarioB","X_15","indep",0,0,NA,"SSL",0,0,200,154
"scenarioB","X_16","indep",0,0,NA,"SSL",0,0,200,154
"scenarioB","X_17","indep",0,0,NA,"SSL",0,0,200,154
"scenarioB","X_18","weak",0.3,0,NA,"SSL",0,0,200,154
"scenarioB","X_19","weak",0.3,0,NA,"SSL",0,0,200,154
"scenarioB","X_20","weak",0.3,0,NA,"SSL",0,0,200,154
"scenarioB","X_21","weak",0.3,0,NA,"SSL",0,0,200,154
"scenarioB","X_22","strong",0.6,0,NA,"SSL",0,0,200,154
"scenarioB","X_23","strong",0.6,0,NA,"SSL",0,0,200,154
"scenarioB","X_24","strong",0.6,0,NA,"SSL",0,0,200,154
"scenarioB","X_25","strong",0.6,0,NA,"SSL",0,0,200,154
"scenarioB","X_1","strong",0.6,0.4,0.245502777887971,"LASSO",0,-0.4,200,154
"scenarioB","X_2","strong",0.6,-0.5,-0.399123736795593,"LASSO",-0.0947060004145915,0.405293999585408,200,154
"scenarioB","X_3","weak",0.3,0.6,0.559976807396088,"LASSO",0.361969947559224,-0.238030052440776,200,154
"scenarioB","X_4","weak",0.3,0.75,0.811574679927776,"LASSO",0.611364946509489,-0.138635053490511,200,154
"scenarioB","X_5","indep",0,-0.8,-0.687717446099901,"LASSO",-0.484618699069293,0.315381300930707,200,154
"scenarioB","X_6","indep",0,0,NA,"LASSO",0,0,200,154
"scenarioB","X_7","indep",0,0,NA,"LASSO",0,0,200,154
"scenarioB","X_8","indep",0,0,NA,"LASSO",0,0,200,154
"scenarioB","X_9","indep",0,0,NA,"LASSO",0,0,200,154
"scenarioB","X_10","indep",0,0,NA,"LASSO",0,0,200,154
"scenarioB","X_11","indep",0,0,NA,"LASSO",0,0,200,154
"scenarioB","X_12","indep",0,0,NA,"LASSO",0,0,200,154
"scenarioB","X_13","indep",0,0,NA,"LASSO",0,0,200,154
"scenarioB","X_14","indep",0,0,NA,"LASSO",0,0,200,154
"scenarioB","X_15","indep",0,0,NA,"LASSO",0,0,200,154
"scenarioB","X_16","indep",0,0,NA,"LASSO",0,0,200,154
"scenarioB","X_17","indep",0,0,NA,"LASSO",0,0,200,154
"scenarioB","X_18","weak",0.3,0,NA,"LASSO",0,0,200,154
"scenarioB","X_19","weak",0.3,0,NA,"LASSO",0,0,200,154
"scenarioB","X_20","weak",0.3,0,NA,"LASSO",0,0,200,154
"scenarioB","X_21","weak",0.3,0,NA,"LASSO",0.0421684357712385,0.0421684357712385,200,154
"scenarioB","X_22","strong",0.6,0,NA,"LASSO",0,0,200,154
"scenarioB","X_23","strong",0.6,0,NA,"LASSO",0,0,200,154
"scenarioB","X_24","strong",0.6,0,NA,"LASSO",0,0,200,154
"scenarioB","X_25","strong",0.6,0,NA,"LASSO",0,0,200,154
"scenarioB","X_1","strong",0.6,0.4,0.490503814319462,"SSL",0.3415524220363,-0.0584475779636999,200,155
"scenarioB","X_2","strong",0.6,-0.5,-0.619685300365313,"SSL",-0.370668113226199,0.129331886773801,200,155
"scenarioB","X_3","weak",0.3,0.6,0.675924486480994,"SSL",0.672452847728408,0.0724528477284075,200,155
"scenarioB","X_4","weak",0.3,0.75,0.99026142581448,"SSL",0.843578442963761,0.0935784429637607,200,155
"scenarioB","X_5","indep",0,-0.8,-0.940596600782846,"SSL",-0.821694969510711,-0.0216949695107113,200,155
"scenarioB","X_6","indep",0,0,NA,"SSL",0.0872150162927585,0.0872150162927585,200,155
"scenarioB","X_7","indep",0,0,NA,"SSL",0.182705172052737,0.182705172052737,200,155
"scenarioB","X_8","indep",0,0,NA,"SSL",-0.0998845916760179,-0.0998845916760179,200,155
"scenarioB","X_9","indep",0,0,NA,"SSL",0,0,200,155
"scenarioB","X_10","indep",0,0,NA,"SSL",0,0,200,155
"scenarioB","X_11","indep",0,0,NA,"SSL",0.10209853356184,0.10209853356184,200,155
"scenarioB","X_12","indep",0,0,NA,"SSL",0,0,200,155
"scenarioB","X_13","indep",0,0,NA,"SSL",-0.115324851178757,-0.115324851178757,200,155
"scenarioB","X_14","indep",0,0,NA,"SSL",0,0,200,155
"scenarioB","X_15","indep",0,0,NA,"SSL",-0.131042602612136,-0.131042602612136,200,155
"scenarioB","X_16","indep",0,0,NA,"SSL",-0.144680362210551,-0.144680362210551,200,155
"scenarioB","X_17","indep",0,0,NA,"SSL",-0.0993133724356785,-0.0993133724356785,200,155
"scenarioB","X_18","weak",0.3,0,NA,"SSL",0,0,200,155
"scenarioB","X_19","weak",0.3,0,NA,"SSL",0,0,200,155
"scenarioB","X_20","weak",0.3,0,NA,"SSL",0,0,200,155
"scenarioB","X_21","weak",0.3,0,NA,"SSL",0,0,200,155
"scenarioB","X_22","strong",0.6,0,NA,"SSL",0,0,200,155
"scenarioB","X_23","strong",0.6,0,NA,"SSL",0,0,200,155
"scenarioB","X_24","strong",0.6,0,NA,"SSL",-0.16995199598785,-0.16995199598785,200,155
"scenarioB","X_25","strong",0.6,0,NA,"SSL",0,0,200,155
"scenarioB","X_1","strong",0.6,0.4,0.490503814319462,"LASSO",0.177290074297129,-0.222709925702871,200,155
"scenarioB","X_2","strong",0.6,-0.5,-0.619685300365313,"LASSO",-0.278737593329612,0.221262406670388,200,155
"scenarioB","X_3","weak",0.3,0.6,0.675924486480994,"LASSO",0.589113713411307,-0.0108862865886928,200,155
"scenarioB","X_4","weak",0.3,0.75,0.99026142581448,"LASSO",0.750299389096181,0.000299389096181435,200,155
"scenarioB","X_5","indep",0,-0.8,-0.940596600782846,"LASSO",-0.708624446787491,0.0913755532125089,200,155
"scenarioB","X_6","indep",0,0,NA,"LASSO",0.0202828825048303,0.0202828825048303,200,155
"scenarioB","X_7","indep",0,0,NA,"LASSO",0.118168812374946,0.118168812374946,200,155
"scenarioB","X_8","indep",0,0,NA,"LASSO",-0.0944116260582719,-0.0944116260582719,200,155
"scenarioB","X_9","indep",0,0,NA,"LASSO",0,0,200,155
"scenarioB","X_10","indep",0,0,NA,"LASSO",0,0,200,155
"scenarioB","X_11","indep",0,0,NA,"LASSO",0.0501085576955163,0.0501085576955163,200,155
"scenarioB","X_12","indep",0,0,NA,"LASSO",0,0,200,155
"scenarioB","X_13","indep",0,0,NA,"LASSO",-0.0721814206989208,-0.0721814206989208,200,155
"scenarioB","X_14","indep",0,0,NA,"LASSO",0,0,200,155
"scenarioB","X_15","indep",0,0,NA,"LASSO",-0.104125143818658,-0.104125143818658,200,155
"scenarioB","X_16","indep",0,0,NA,"LASSO",-0.109964326112028,-0.109964326112028,200,155
"scenarioB","X_17","indep",0,0,NA,"LASSO",-0.104562103882486,-0.104562103882486,200,155
"scenarioB","X_18","weak",0.3,0,NA,"LASSO",0,0,200,155
"scenarioB","X_19","weak",0.3,0,NA,"LASSO",0,0,200,155
"scenarioB","X_20","weak",0.3,0,NA,"LASSO",0,0,200,155
"scenarioB","X_21","weak",0.3,0,NA,"LASSO",0,0,200,155
"scenarioB","X_22","strong",0.6,0,NA,"LASSO",0,0,200,155
"scenarioB","X_23","strong",0.6,0,NA,"LASSO",0,0,200,155
"scenarioB","X_24","strong",0.6,0,NA,"LASSO",-0.080942295999719,-0.080942295999719,200,155
"scenarioB","X_25","strong",0.6,0,NA,"LASSO",0,0,200,155
"scenarioB","X_1","strong",0.6,0.4,0.607011677648713,"SSL",0.428636254960148,0.0286362549601476,200,156
"scenarioB","X_2","strong",0.6,-0.5,-0.623281217516048,"SSL",-0.432106211539921,0.0678937884600785,200,156
"scenarioB","X_3","weak",0.3,0.6,0.742548302337801,"SSL",0.617028318871986,0.0170283188719856,200,156
"scenarioB","X_4","weak",0.3,0.75,1.04127989855189,"SSL",0.900667493525821,0.150667493525821,200,156
"scenarioB","X_5","indep",0,-0.8,-0.826510017709334,"SSL",-0.676589598313905,0.123410401686095,200,156
"scenarioB","X_6","indep",0,0,NA,"SSL",0,0,200,156
"scenarioB","X_7","indep",0,0,NA,"SSL",0,0,200,156
"scenarioB","X_8","indep",0,0,NA,"SSL",0,0,200,156
"scenarioB","X_9","indep",0,0,NA,"SSL",0,0,200,156
"scenarioB","X_10","indep",0,0,NA,"SSL",0,0,200,156
"scenarioB","X_11","indep",0,0,NA,"SSL",0,0,200,156
"scenarioB","X_12","indep",0,0,NA,"SSL",0,0,200,156
"scenarioB","X_13","indep",0,0,NA,"SSL",0,0,200,156
"scenarioB","X_14","indep",0,0,NA,"SSL",0,0,200,156
"scenarioB","X_15","indep",0,0,NA,"SSL",0,0,200,156
"scenarioB","X_16","indep",0,0,NA,"SSL",0,0,200,156
"scenarioB","X_17","indep",0,0,NA,"SSL",0,0,200,156
"scenarioB","X_18","weak",0.3,0,NA,"SSL",0,0,200,156
"scenarioB","X_19","weak",0.3,0,NA,"SSL",0,0,200,156
"scenarioB","X_20","weak",0.3,0,NA,"SSL",0,0,200,156
"scenarioB","X_21","weak",0.3,0,NA,"SSL",0,0,200,156
"scenarioB","X_22","strong",0.6,0,NA,"SSL",0,0,200,156
"scenarioB","X_23","strong",0.6,0,NA,"SSL",0,0,200,156
"scenarioB","X_24","strong",0.6,0,NA,"SSL",0,0,200,156
"scenarioB","X_25","strong",0.6,0,NA,"SSL",0,0,200,156
"scenarioB","X_1","strong",0.6,0.4,0.607011677648713,"LASSO",0.320506589643278,-0.0794934103567223,200,156
"scenarioB","X_2","strong",0.6,-0.5,-0.623281217516048,"LASSO",-0.346020052872812,0.153979947127188,200,156
"scenarioB","X_3","weak",0.3,0.6,0.742548302337801,"LASSO",0.564854033129303,-0.0351459668706967,200,156
"scenarioB","X_4","weak",0.3,0.75,1.04127989855189,"LASSO",0.821174796128556,0.0711747961285558,200,156
"scenarioB","X_5","indep",0,-0.8,-0.826510017709334,"LASSO",-0.623611340641483,0.176388659358517,200,156
"scenarioB","X_6","indep",0,0,NA,"LASSO",0,0,200,156
"scenarioB","X_7","indep",0,0,NA,"LASSO",0,0,200,156
"scenarioB","X_8","indep",0,0,NA,"LASSO",0,0,200,156
"scenarioB","X_9","indep",0,0,NA,"LASSO",0.0865522279022017,0.0865522279022017,200,156
"scenarioB","X_10","indep",0,0,NA,"LASSO",-0.0500990331193356,-0.0500990331193356,200,156
"scenarioB","X_11","indep",0,0,NA,"LASSO",0,0,200,156
"scenarioB","X_12","indep",0,0,NA,"LASSO",0.0620041938622943,0.0620041938622943,200,156
"scenarioB","X_13","indep",0,0,NA,"LASSO",0,0,200,156
"scenarioB","X_14","indep",0,0,NA,"LASSO",0,0,200,156
"scenarioB","X_15","indep",0,0,NA,"LASSO",0,0,200,156
"scenarioB","X_16","indep",0,0,NA,"LASSO",0,0,200,156
"scenarioB","X_17","indep",0,0,NA,"LASSO",0,0,200,156
"scenarioB","X_18","weak",0.3,0,NA,"LASSO",0.0743541894129044,0.0743541894129044,200,156
"scenarioB","X_19","weak",0.3,0,NA,"LASSO",0,0,200,156
"scenarioB","X_20","weak",0.3,0,NA,"LASSO",0,0,200,156
"scenarioB","X_21","weak",0.3,0,NA,"LASSO",0,0,200,156
"scenarioB","X_22","strong",0.6,0,NA,"LASSO",0.0319850093361241,0.0319850093361241,200,156
"scenarioB","X_23","strong",0.6,0,NA,"LASSO",0,0,200,156
"scenarioB","X_24","strong",0.6,0,NA,"LASSO",0,0,200,156
"scenarioB","X_25","strong",0.6,0,NA,"LASSO",0,0,200,156
"scenarioB","X_1","strong",0.6,0.4,0.570427966714303,"SSL",0.429949816564726,0.0299498165647261,200,157
"scenarioB","X_2","strong",0.6,-0.5,-0.662571331215375,"SSL",-0.51222670994013,-0.0122267099401299,200,157
"scenarioB","X_3","weak",0.3,0.6,0.499217415436343,"SSL",0.373777127413771,-0.226222872586229,200,157
"scenarioB","X_4","weak",0.3,0.75,0.995864283293891,"SSL",0.834545438657861,0.0845454386578611,200,157
"scenarioB","X_5","indep",0,-0.8,-0.905569966852608,"SSL",-0.805144774916423,-0.00514477491642251,200,157
"scenarioB","X_6","indep",0,0,NA,"SSL",0,0,200,157
"scenarioB","X_7","indep",0,0,NA,"SSL",0,0,200,157
"scenarioB","X_8","indep",0,0,NA,"SSL",0,0,200,157
"scenarioB","X_9","indep",0,0,NA,"SSL",0,0,200,157
"scenarioB","X_10","indep",0,0,NA,"SSL",0,0,200,157
"scenarioB","X_11","indep",0,0,NA,"SSL",0,0,200,157
"scenarioB","X_12","indep",0,0,NA,"SSL",0,0,200,157
"scenarioB","X_13","indep",0,0,NA,"SSL",0,0,200,157
"scenarioB","X_14","indep",0,0,NA,"SSL",0,0,200,157
"scenarioB","X_15","indep",0,0,NA,"SSL",0,0,200,157
"scenarioB","X_16","indep",0,0,NA,"SSL",0,0,200,157
"scenarioB","X_17","indep",0,0,NA,"SSL",0,0,200,157
"scenarioB","X_18","weak",0.3,0,NA,"SSL",0,0,200,157
"scenarioB","X_19","weak",0.3,0,NA,"SSL",0,0,200,157
"scenarioB","X_20","weak",0.3,0,NA,"SSL",0.157745412224032,0.157745412224032,200,157
"scenarioB","X_21","weak",0.3,0,NA,"SSL",0,0,200,157
"scenarioB","X_22","strong",0.6,0,NA,"SSL",0,0,200,157
"scenarioB","X_23","strong",0.6,0,NA,"SSL",0,0,200,157
"scenarioB","X_24","strong",0.6,0,NA,"SSL",0,0,200,157
"scenarioB","X_25","strong",0.6,0,NA,"SSL",0,0,200,157
"scenarioB","X_1","strong",0.6,0.4,0.570427966714303,"LASSO",0.21870399322133,-0.18129600677867,200,157
"scenarioB","X_2","strong",0.6,-0.5,-0.662571331215375,"LASSO",-0.287802602955657,0.212197397044343,200,157
"scenarioB","X_3","weak",0.3,0.6,0.499217415436343,"LASSO",0.295518296287761,-0.304481703712239,200,157
"scenarioB","X_4","weak",0.3,0.75,0.995864283293891,"LASSO",0.723031879981327,-0.0269681200186725,200,157
"scenarioB","X_5","indep",0,-0.8,-0.905569966852608,"LASSO",-0.68216189719078,0.11783810280922,200,157
"scenarioB","X_6","indep",0,0,NA,"LASSO",0,0,200,157
"scenarioB","X_7","indep",0,0,NA,"LASSO",0,0,200,157
"scenarioB","X_8","indep",0,0,NA,"LASSO",0,0,200,157
"scenarioB","X_9","indep",0,0,NA,"LASSO",0,0,200,157
"scenarioB","X_10","indep",0,0,NA,"LASSO",0,0,200,157
"scenarioB","X_11","indep",0,0,NA,"LASSO",0,0,200,157
"scenarioB","X_12","indep",0,0,NA,"LASSO",0,0,200,157
"scenarioB","X_13","indep",0,0,NA,"LASSO",0,0,200,157
"scenarioB","X_14","indep",0,0,NA,"LASSO",0,0,200,157
"scenarioB","X_15","indep",0,0,NA,"LASSO",0,0,200,157
"scenarioB","X_16","indep",0,0,NA,"LASSO",0,0,200,157
"scenarioB","X_17","indep",0,0,NA,"LASSO",0,0,200,157
"scenarioB","X_18","weak",0.3,0,NA,"LASSO",0,0,200,157
"scenarioB","X_19","weak",0.3,0,NA,"LASSO",0.018124998099769,0.018124998099769,200,157
"scenarioB","X_20","weak",0.3,0,NA,"LASSO",0.0929460169383023,0.0929460169383023,200,157
"scenarioB","X_21","weak",0.3,0,NA,"LASSO",0,0,200,157
"scenarioB","X_22","strong",0.6,0,NA,"LASSO",0,0,200,157
"scenarioB","X_23","strong",0.6,0,NA,"LASSO",0,0,200,157
"scenarioB","X_24","strong",0.6,0,NA,"LASSO",0,0,200,157
"scenarioB","X_25","strong",0.6,0,NA,"LASSO",0,0,200,157
"scenarioB","X_1","strong",0.6,0.4,0.487736216454027,"SSL",0.605854457914313,0.205854457914313,200,158
"scenarioB","X_2","strong",0.6,-0.5,-0.67511588633014,"SSL",-0.611162999555779,-0.111162999555779,200,158
"scenarioB","X_3","weak",0.3,0.6,0.601923724048222,"SSL",0.487523661459047,-0.112476338540953,200,158
"scenarioB","X_4","weak",0.3,0.75,0.650041049428737,"SSL",0.637581265435117,-0.112418734564883,200,158
"scenarioB","X_5","indep",0,-0.8,-0.524279287613282,"SSL",-0.496000069983065,0.303999930016935,200,158
"scenarioB","X_6","indep",0,0,NA,"SSL",0,0,200,158
"scenarioB","X_7","indep",0,0,NA,"SSL",0,0,200,158
"scenarioB","X_8","indep",0,0,NA,"SSL",0,0,200,158
"scenarioB","X_9","indep",0,0,NA,"SSL",-0.0589433565748155,-0.0589433565748155,200,158
"scenarioB","X_10","indep",0,0,NA,"SSL",0,0,200,158
"scenarioB","X_11","indep",0,0,NA,"SSL",0.181871968202692,0.181871968202692,200,158
"scenarioB","X_12","indep",0,0,NA,"SSL",0.133462726703189,0.133462726703189,200,158
"scenarioB","X_13","indep",0,0,NA,"SSL",0,0,200,158
"scenarioB","X_14","indep",0,0,NA,"SSL",-0.0898023031531571,-0.0898023031531571,200,158
"scenarioB","X_15","indep",0,0,NA,"SSL",0.0892878464519844,0.0892878464519844,200,158
"scenarioB","X_16","indep",0,0,NA,"SSL",-0.0951642603319458,-0.0951642603319458,200,158
"scenarioB","X_17","indep",0,0,NA,"SSL",0.178967241205159,0.178967241205159,200,158
"scenarioB","X_18","weak",0.3,0,NA,"SSL",0.152778246137436,0.152778246137436,200,158
"scenarioB","X_19","weak",0.3,0,NA,"SSL",0.0732185393214536,0.0732185393214536,200,158
"scenarioB","X_20","weak",0.3,0,NA,"SSL",0.0839592580887784,0.0839592580887784,200,158
"scenarioB","X_21","weak",0.3,0,NA,"SSL",0,0,200,158
"scenarioB","X_22","strong",0.6,0,NA,"SSL",-0.174571979775045,-0.174571979775045,200,158
"scenarioB","X_23","strong",0.6,0,NA,"SSL",0,0,200,158
"scenarioB","X_24","strong",0.6,0,NA,"SSL",0,0,200,158
"scenarioB","X_25","strong",0.6,0,NA,"SSL",-0.119661901334573,-0.119661901334573,200,158
"scenarioB","X_1","strong",0.6,0.4,0.487736216454027,"LASSO",0.0665030971787922,-0.333496902821208,200,158
"scenarioB","X_2","strong",0.6,-0.5,-0.67511588633014,"LASSO",-0.234211680457887,0.265788319542113,200,158
"scenarioB","X_3","weak",0.3,0.6,0.601923724048222,"LASSO",0.424973290059561,-0.175026709940439,200,158
"scenarioB","X_4","weak",0.3,0.75,0.650041049428737,"LASSO",0.412056075157444,-0.337943924842556,200,158
"scenarioB","X_5","indep",0,-0.8,-0.524279287613282,"LASSO",-0.247359540200605,0.552640459799395,200,158
"scenarioB","X_6","indep",0,0,NA,"LASSO",0,0,200,158
"scenarioB","X_7","indep",0,0,NA,"LASSO",0,0,200,158
"scenarioB","X_8","indep",0,0,NA,"LASSO",0,0,200,158
"scenarioB","X_9","indep",0,0,NA,"LASSO",0,0,200,158
"scenarioB","X_10","indep",0,0,NA,"LASSO",0,0,200,158
"scenarioB","X_11","indep",0,0,NA,"LASSO",0,0,200,158
"scenarioB","X_12","indep",0,0,NA,"LASSO",0,0,200,158
"scenarioB","X_13","indep",0,0,NA,"LASSO",0,0,200,158
"scenarioB","X_14","indep",0,0,NA,"LASSO",0,0,200,158
"scenarioB","X_15","indep",0,0,NA,"LASSO",0,0,200,158
"scenarioB","X_16","indep",0,0,NA,"LASSO",0,0,200,158
"scenarioB","X_17","indep",0,0,NA,"LASSO",0,0,200,158
"scenarioB","X_18","weak",0.3,0,NA,"LASSO",0.113894079845905,0.113894079845905,200,158
"scenarioB","X_19","weak",0.3,0,NA,"LASSO",0,0,200,158
"scenarioB","X_20","weak",0.3,0,NA,"LASSO",0,0,200,158
"scenarioB","X_21","weak",0.3,0,NA,"LASSO",0,0,200,158
"scenarioB","X_22","strong",0.6,0,NA,"LASSO",0,0,200,158
"scenarioB","X_23","strong",0.6,0,NA,"LASSO",0,0,200,158
"scenarioB","X_24","strong",0.6,0,NA,"LASSO",0,0,200,158
"scenarioB","X_25","strong",0.6,0,NA,"LASSO",0,0,200,158
"scenarioB","X_1","strong",0.6,0.4,0.513471426371477,"SSL",0.451937487153576,0.0519374871535763,200,159
"scenarioB","X_2","strong",0.6,-0.5,-0.459113901783439,"SSL",-0.403920722638963,0.096079277361037,200,159
"scenarioB","X_3","weak",0.3,0.6,0.552311837492441,"SSL",0.506180136924138,-0.0938198630758624,200,159
"scenarioB","X_4","weak",0.3,0.75,0.860673230990701,"SSL",0.773255139474682,0.0232551394746819,200,159
"scenarioB","X_5","indep",0,-0.8,-0.853777274635303,"SSL",-0.844575276092555,-0.0445752760925554,200,159
"scenarioB","X_6","indep",0,0,NA,"SSL",0,0,200,159
"scenarioB","X_7","indep",0,0,NA,"SSL",0,0,200,159
"scenarioB","X_8","indep",0,0,NA,"SSL",0,0,200,159
"scenarioB","X_9","indep",0,0,NA,"SSL",0,0,200,159
"scenarioB","X_10","indep",0,0,NA,"SSL",0,0,200,159
"scenarioB","X_11","indep",0,0,NA,"SSL",0,0,200,159
"scenarioB","X_12","indep",0,0,NA,"SSL",0,0,200,159
"scenarioB","X_13","indep",0,0,NA,"SSL",-0.254835384042806,-0.254835384042806,200,159
"scenarioB","X_14","indep",0,0,NA,"SSL",-0.175113724955847,-0.175113724955847,200,159
"scenarioB","X_15","indep",0,0,NA,"SSL",0,0,200,159
"scenarioB","X_16","indep",0,0,NA,"SSL",0,0,200,159
"scenarioB","X_17","indep",0,0,NA,"SSL",0,0,200,159
"scenarioB","X_18","weak",0.3,0,NA,"SSL",0.148120890473816,0.148120890473816,200,159
"scenarioB","X_19","weak",0.3,0,NA,"SSL",0,0,200,159
"scenarioB","X_20","weak",0.3,0,NA,"SSL",0,0,200,159
"scenarioB","X_21","weak",0.3,0,NA,"SSL",0,0,200,159
"scenarioB","X_22","strong",0.6,0,NA,"SSL",0,0,200,159
"scenarioB","X_23","strong",0.6,0,NA,"SSL",0,0,200,159
"scenarioB","X_24","strong",0.6,0,NA,"SSL",0,0,200,159
"scenarioB","X_25","strong",0.6,0,NA,"SSL",0,0,200,159
"scenarioB","X_1","strong",0.6,0.4,0.513471426371477,"LASSO",0,-0.4,200,159
"scenarioB","X_2","strong",0.6,-0.5,-0.459113901783439,"LASSO",0,0.5,200,159
"scenarioB","X_3","weak",0.3,0.6,0.552311837492441,"LASSO",0.276450950855633,-0.323549049144367,200,159
"scenarioB","X_4","weak",0.3,0.75,0.860673230990701,"LASSO",0.519880183990804,-0.230119816009196,200,159
"scenarioB","X_5","indep",0,-0.8,-0.853777274635303,"LASSO",-0.460067184515465,0.339932815484535,200,159
"scenarioB","X_6","indep",0,0,NA,"LASSO",0,0,200,159
"scenarioB","X_7","indep",0,0,NA,"LASSO",0,0,200,159
"scenarioB","X_8","indep",0,0,NA,"LASSO",0,0,200,159
"scenarioB","X_9","indep",0,0,NA,"LASSO",0,0,200,159
"scenarioB","X_10","indep",0,0,NA,"LASSO",0,0,200,159
"scenarioB","X_11","indep",0,0,NA,"LASSO",0,0,200,159
"scenarioB","X_12","indep",0,0,NA,"LASSO",0,0,200,159
"scenarioB","X_13","indep",0,0,NA,"LASSO",0,0,200,159
"scenarioB","X_14","indep",0,0,NA,"LASSO",0,0,200,159
"scenarioB","X_15","indep",0,0,NA,"LASSO",0,0,200,159
"scenarioB","X_16","indep",0,0,NA,"LASSO",0,0,200,159
"scenarioB","X_17","indep",0,0,NA,"LASSO",0,0,200,159
"scenarioB","X_18","weak",0.3,0,NA,"LASSO",0,0,200,159
"scenarioB","X_19","weak",0.3,0,NA,"LASSO",0,0,200,159
"scenarioB","X_20","weak",0.3,0,NA,"LASSO",0,0,200,159
"scenarioB","X_21","weak",0.3,0,NA,"LASSO",0,0,200,159
"scenarioB","X_22","strong",0.6,0,NA,"LASSO",0,0,200,159
"scenarioB","X_23","strong",0.6,0,NA,"LASSO",0,0,200,159
"scenarioB","X_24","strong",0.6,0,NA,"LASSO",0,0,200,159
"scenarioB","X_25","strong",0.6,0,NA,"LASSO",0,0,200,159
"scenarioB","X_1","strong",0.6,0.4,0.279873527429904,"SSL",0,-0.4,200,160
"scenarioB","X_2","strong",0.6,-0.5,-0.371132981061974,"SSL",0,0.5,200,160
"scenarioB","X_3","weak",0.3,0.6,0.613380625619939,"SSL",0.516346971787942,-0.0836530282120577,200,160
"scenarioB","X_4","weak",0.3,0.75,0.841100808133731,"SSL",0.80784962894444,0.0578496289444401,200,160
"scenarioB","X_5","indep",0,-0.8,-0.760260082451815,"SSL",-0.641171124459112,0.158828875540888,200,160
"scenarioB","X_6","indep",0,0,NA,"SSL",0,0,200,160
"scenarioB","X_7","indep",0,0,NA,"SSL",0,0,200,160
"scenarioB","X_8","indep",0,0,NA,"SSL",0,0,200,160
"scenarioB","X_9","indep",0,0,NA,"SSL",0,0,200,160
"scenarioB","X_10","indep",0,0,NA,"SSL",0,0,200,160
"scenarioB","X_11","indep",0,0,NA,"SSL",0,0,200,160
"scenarioB","X_12","indep",0,0,NA,"SSL",0,0,200,160
"scenarioB","X_13","indep",0,0,NA,"SSL",0,0,200,160
"scenarioB","X_14","indep",0,0,NA,"SSL",0,0,200,160
"scenarioB","X_15","indep",0,0,NA,"SSL",0,0,200,160
"scenarioB","X_16","indep",0,0,NA,"SSL",0,0,200,160
"scenarioB","X_17","indep",0,0,NA,"SSL",0,0,200,160
"scenarioB","X_18","weak",0.3,0,NA,"SSL",0,0,200,160
"scenarioB","X_19","weak",0.3,0,NA,"SSL",0,0,200,160
"scenarioB","X_20","weak",0.3,0,NA,"SSL",0,0,200,160
"scenarioB","X_21","weak",0.3,0,NA,"SSL",0,0,200,160
"scenarioB","X_22","strong",0.6,0,NA,"SSL",0,0,200,160
"scenarioB","X_23","strong",0.6,0,NA,"SSL",0,0,200,160
"scenarioB","X_24","strong",0.6,0,NA,"SSL",0,0,200,160
"scenarioB","X_25","strong",0.6,0,NA,"SSL",0,0,200,160
"scenarioB","X_1","strong",0.6,0.4,0.279873527429904,"LASSO",0,-0.4,200,160
"scenarioB","X_2","strong",0.6,-0.5,-0.371132981061974,"LASSO",-0.104864108171176,0.395135891828824,200,160
"scenarioB","X_3","weak",0.3,0.6,0.613380625619939,"LASSO",0.437090023387904,-0.162909976612096,200,160
"scenarioB","X_4","weak",0.3,0.75,0.841100808133731,"LASSO",0.68162163953483,-0.0683783604651704,200,160
"scenarioB","X_5","indep",0,-0.8,-0.760260082451815,"LASSO",-0.519508931424199,0.280491068575801,200,160
"scenarioB","X_6","indep",0,0,NA,"LASSO",0,0,200,160
"scenarioB","X_7","indep",0,0,NA,"LASSO",0,0,200,160
"scenarioB","X_8","indep",0,0,NA,"LASSO",0,0,200,160
"scenarioB","X_9","indep",0,0,NA,"LASSO",0,0,200,160
"scenarioB","X_10","indep",0,0,NA,"LASSO",0,0,200,160
"scenarioB","X_11","indep",0,0,NA,"LASSO",0,0,200,160
"scenarioB","X_12","indep",0,0,NA,"LASSO",0,0,200,160
"scenarioB","X_13","indep",0,0,NA,"LASSO",0,0,200,160
"scenarioB","X_14","indep",0,0,NA,"LASSO",0,0,200,160
"scenarioB","X_15","indep",0,0,NA,"LASSO",0,0,200,160
"scenarioB","X_16","indep",0,0,NA,"LASSO",0,0,200,160
"scenarioB","X_17","indep",0,0,NA,"LASSO",0,0,200,160
"scenarioB","X_18","weak",0.3,0,NA,"LASSO",0,0,200,160
"scenarioB","X_19","weak",0.3,0,NA,"LASSO",0,0,200,160
"scenarioB","X_20","weak",0.3,0,NA,"LASSO",0,0,200,160
"scenarioB","X_21","weak",0.3,0,NA,"LASSO",0,0,200,160
"scenarioB","X_22","strong",0.6,0,NA,"LASSO",0,0,200,160
"scenarioB","X_23","strong",0.6,0,NA,"LASSO",0,0,200,160
"scenarioB","X_24","strong",0.6,0,NA,"LASSO",0,0,200,160
"scenarioB","X_25","strong",0.6,0,NA,"LASSO",0,0,200,160
"scenarioB","X_1","strong",0.6,0.4,0.463363565762757,"SSL",0,-0.4,200,161
"scenarioB","X_2","strong",0.6,-0.5,-0.475381408530719,"SSL",0,0.5,200,161
"scenarioB","X_3","weak",0.3,0.6,0.514509323104744,"SSL",0.428378562034665,-0.171621437965335,200,161
"scenarioB","X_4","weak",0.3,0.75,0.79060258115234,"SSL",0.694562652682724,-0.0554373473172763,200,161
"scenarioB","X_5","indep",0,-0.8,-0.821548366613515,"SSL",-0.581594850700764,0.218405149299236,200,161
"scenarioB","X_6","indep",0,0,NA,"SSL",0,0,200,161
"scenarioB","X_7","indep",0,0,NA,"SSL",0,0,200,161
"scenarioB","X_8","indep",0,0,NA,"SSL",0,0,200,161
"scenarioB","X_9","indep",0,0,NA,"SSL",0,0,200,161
"scenarioB","X_10","indep",0,0,NA,"SSL",0,0,200,161
"scenarioB","X_11","indep",0,0,NA,"SSL",0,0,200,161
"scenarioB","X_12","indep",0,0,NA,"SSL",-0.230064571621528,-0.230064571621528,200,161
"scenarioB","X_13","indep",0,0,NA,"SSL",0,0,200,161
"scenarioB","X_14","indep",0,0,NA,"SSL",0,0,200,161
"scenarioB","X_15","indep",0,0,NA,"SSL",0,0,200,161
"scenarioB","X_16","indep",0,0,NA,"SSL",0.217993278237366,0.217993278237366,200,161
"scenarioB","X_17","indep",0,0,NA,"SSL",0,0,200,161
"scenarioB","X_18","weak",0.3,0,NA,"SSL",0,0,200,161
"scenarioB","X_19","weak",0.3,0,NA,"SSL",0,0,200,161
"scenarioB","X_20","weak",0.3,0,NA,"SSL",0,0,200,161
"scenarioB","X_21","weak",0.3,0,NA,"SSL",0,0,200,161
"scenarioB","X_22","strong",0.6,0,NA,"SSL",0,0,200,161
"scenarioB","X_23","strong",0.6,0,NA,"SSL",0,0,200,161
"scenarioB","X_24","strong",0.6,0,NA,"SSL",0,0,200,161
"scenarioB","X_25","strong",0.6,0,NA,"SSL",0,0,200,161
"scenarioB","X_1","strong",0.6,0.4,0.463363565762757,"LASSO",0.0357165033355258,-0.364283496664474,200,161
"scenarioB","X_2","strong",0.6,-0.5,-0.475381408530719,"LASSO",0,0.5,200,161
"scenarioB","X_3","weak",0.3,0.6,0.514509323104744,"LASSO",0.27901724900312,-0.32098275099688,200,161
"scenarioB","X_4","weak",0.3,0.75,0.79060258115234,"LASSO",0.541389766378907,-0.208610233621093,200,161
"scenarioB","X_5","indep",0,-0.8,-0.821548366613515,"LASSO",-0.421385561980273,0.378614438019727,200,161
"scenarioB","X_6","indep",0,0,NA,"LASSO",0,0,200,161
"scenarioB","X_7","indep",0,0,NA,"LASSO",0,0,200,161
"scenarioB","X_8","indep",0,0,NA,"LASSO",0,0,200,161
"scenarioB","X_9","indep",0,0,NA,"LASSO",0,0,200,161
"scenarioB","X_10","indep",0,0,NA,"LASSO",0,0,200,161
"scenarioB","X_11","indep",0,0,NA,"LASSO",0,0,200,161
"scenarioB","X_12","indep",0,0,NA,"LASSO",-0.0776269577246021,-0.0776269577246021,200,161
"scenarioB","X_13","indep",0,0,NA,"LASSO",0,0,200,161
"scenarioB","X_14","indep",0,0,NA,"LASSO",0,0,200,161
"scenarioB","X_15","indep",0,0,NA,"LASSO",0,0,200,161
"scenarioB","X_16","indep",0,0,NA,"LASSO",0.109091742795632,0.109091742795632,200,161
"scenarioB","X_17","indep",0,0,NA,"LASSO",0,0,200,161
"scenarioB","X_18","weak",0.3,0,NA,"LASSO",0,0,200,161
"scenarioB","X_19","weak",0.3,0,NA,"LASSO",0,0,200,161
"scenarioB","X_20","weak",0.3,0,NA,"LASSO",0,0,200,161
"scenarioB","X_21","weak",0.3,0,NA,"LASSO",0,0,200,161
"scenarioB","X_22","strong",0.6,0,NA,"LASSO",0,0,200,161
"scenarioB","X_23","strong",0.6,0,NA,"LASSO",0,0,200,161
"scenarioB","X_24","strong",0.6,0,NA,"LASSO",0,0,200,161
"scenarioB","X_25","strong",0.6,0,NA,"LASSO",0,0,200,161
"scenarioB","X_1","strong",0.6,0.4,0.629480539363648,"SSL",0.449912777734817,0.0499127777348166,200,162
"scenarioB","X_2","strong",0.6,-0.5,-0.658767079737151,"SSL",-0.450645140041806,0.0493548599581938,200,162
"scenarioB","X_3","weak",0.3,0.6,0.587927470476425,"SSL",0.576043285770705,-0.0239567142292946,200,162
"scenarioB","X_4","weak",0.3,0.75,0.804563362774657,"SSL",0.708838531986125,-0.0411614680138745,200,162
"scenarioB","X_5","indep",0,-0.8,-0.684611867872215,"SSL",-0.586850258763839,0.213149741236161,200,162
"scenarioB","X_6","indep",0,0,NA,"SSL",0,0,200,162
"scenarioB","X_7","indep",0,0,NA,"SSL",-0.185446591402429,-0.185446591402429,200,162
"scenarioB","X_8","indep",0,0,NA,"SSL",0,0,200,162
"scenarioB","X_9","indep",0,0,NA,"SSL",0,0,200,162
"scenarioB","X_10","indep",0,0,NA,"SSL",0,0,200,162
"scenarioB","X_11","indep",0,0,NA,"SSL",0,0,200,162
"scenarioB","X_12","indep",0,0,NA,"SSL",0,0,200,162
"scenarioB","X_13","indep",0,0,NA,"SSL",0,0,200,162
"scenarioB","X_14","indep",0,0,NA,"SSL",0,0,200,162
"scenarioB","X_15","indep",0,0,NA,"SSL",0,0,200,162
"scenarioB","X_16","indep",0,0,NA,"SSL",0,0,200,162
"scenarioB","X_17","indep",0,0,NA,"SSL",-0.141623166930717,-0.141623166930717,200,162
"scenarioB","X_18","weak",0.3,0,NA,"SSL",0,0,200,162
"scenarioB","X_19","weak",0.3,0,NA,"SSL",0,0,200,162
"scenarioB","X_20","weak",0.3,0,NA,"SSL",0,0,200,162
"scenarioB","X_21","weak",0.3,0,NA,"SSL",0,0,200,162
"scenarioB","X_22","strong",0.6,0,NA,"SSL",0,0,200,162
"scenarioB","X_23","strong",0.6,0,NA,"SSL",0,0,200,162
"scenarioB","X_24","strong",0.6,0,NA,"SSL",0,0,200,162
"scenarioB","X_25","strong",0.6,0,NA,"SSL",0,0,200,162
"scenarioB","X_1","strong",0.6,0.4,0.629480539363648,"LASSO",0.430396008731092,0.0303960087310915,200,162
"scenarioB","X_2","strong",0.6,-0.5,-0.658767079737151,"LASSO",-0.344101634353962,0.155898365646038,200,162
"scenarioB","X_3","weak",0.3,0.6,0.587927470476425,"LASSO",0.564005379948912,-0.0359946200510882,200,162
"scenarioB","X_4","weak",0.3,0.75,0.804563362774657,"LASSO",0.674744387349228,-0.0752556126507723,200,162
"scenarioB","X_5","indep",0,-0.8,-0.684611867872215,"LASSO",-0.521905427411346,0.278094572588654,200,162
"scenarioB","X_6","indep",0,0,NA,"LASSO",0,0,200,162
"scenarioB","X_7","indep",0,0,NA,"LASSO",-0.19667489371594,-0.19667489371594,200,162
"scenarioB","X_8","indep",0,0,NA,"LASSO",0,0,200,162
"scenarioB","X_9","indep",0,0,NA,"LASSO",0,0,200,162
"scenarioB","X_10","indep",0,0,NA,"LASSO",0,0,200,162
"scenarioB","X_11","indep",0,0,NA,"LASSO",0,0,200,162
"scenarioB","X_12","indep",0,0,NA,"LASSO",0,0,200,162
"scenarioB","X_13","indep",0,0,NA,"LASSO",0,0,200,162
"scenarioB","X_14","indep",0,0,NA,"LASSO",0.145281711705058,0.145281711705058,200,162
"scenarioB","X_15","indep",0,0,NA,"LASSO",0,0,200,162
"scenarioB","X_16","indep",0,0,NA,"LASSO",0.0518027811817798,0.0518027811817798,200,162
"scenarioB","X_17","indep",0,0,NA,"LASSO",-0.150221415210993,-0.150221415210993,200,162
"scenarioB","X_18","weak",0.3,0,NA,"LASSO",0,0,200,162
"scenarioB","X_19","weak",0.3,0,NA,"LASSO",-0.0949865883727409,-0.0949865883727409,200,162
"scenarioB","X_20","weak",0.3,0,NA,"LASSO",0.0243172292317623,0.0243172292317623,200,162
"scenarioB","X_21","weak",0.3,0,NA,"LASSO",0,0,200,162
"scenarioB","X_22","strong",0.6,0,NA,"LASSO",-0.118336864095527,-0.118336864095527,200,162
"scenarioB","X_23","strong",0.6,0,NA,"LASSO",0,0,200,162
"scenarioB","X_24","strong",0.6,0,NA,"LASSO",0,0,200,162
"scenarioB","X_25","strong",0.6,0,NA,"LASSO",0,0,200,162
"scenarioB","X_1","strong",0.6,0.4,0.0961453117995425,"SSL",0,-0.4,200,163
"scenarioB","X_2","strong",0.6,-0.5,-0.115171699591046,"SSL",0,0.5,200,163
"scenarioB","X_3","weak",0.3,0.6,0.480871188130816,"SSL",0.414498663671167,-0.185501336328832,200,163
"scenarioB","X_4","weak",0.3,0.75,0.548693490718432,"SSL",0.520987853216387,-0.229012146783613,200,163
"scenarioB","X_5","indep",0,-0.8,-0.745929377546045,"SSL",-0.655857766190724,0.144142233809276,200,163
"scenarioB","X_6","indep",0,0,NA,"SSL",0,0,200,163
"scenarioB","X_7","indep",0,0,NA,"SSL",0,0,200,163
"scenarioB","X_8","indep",0,0,NA,"SSL",0,0,200,163
"scenarioB","X_9","indep",0,0,NA,"SSL",0,0,200,163
"scenarioB","X_10","indep",0,0,NA,"SSL",-0.220639381107577,-0.220639381107577,200,163
"scenarioB","X_11","indep",0,0,NA,"SSL",0,0,200,163
"scenarioB","X_12","indep",0,0,NA,"SSL",0,0,200,163
"scenarioB","X_13","indep",0,0,NA,"SSL",0,0,200,163
"scenarioB","X_14","indep",0,0,NA,"SSL",0,0,200,163
"scenarioB","X_15","indep",0,0,NA,"SSL",0,0,200,163
"scenarioB","X_16","indep",0,0,NA,"SSL",0,0,200,163
"scenarioB","X_17","indep",0,0,NA,"SSL",0,0,200,163
"scenarioB","X_18","weak",0.3,0,NA,"SSL",0,0,200,163
"scenarioB","X_19","weak",0.3,0,NA,"SSL",0,0,200,163
"scenarioB","X_20","weak",0.3,0,NA,"SSL",0,0,200,163
"scenarioB","X_21","weak",0.3,0,NA,"SSL",0,0,200,163
"scenarioB","X_22","strong",0.6,0,NA,"SSL",0,0,200,163
"scenarioB","X_23","strong",0.6,0,NA,"SSL",0,0,200,163
"scenarioB","X_24","strong",0.6,0,NA,"SSL",0,0,200,163
"scenarioB","X_25","strong",0.6,0,NA,"SSL",0,0,200,163
"scenarioB","X_1","strong",0.6,0.4,0.0961453117995425,"LASSO",0,-0.4,200,163
"scenarioB","X_2","strong",0.6,-0.5,-0.115171699591046,"LASSO",0,0.5,200,163
"scenarioB","X_3","weak",0.3,0.6,0.480871188130816,"LASSO",0.315487028264492,-0.284512971735508,200,163
"scenarioB","X_4","weak",0.3,0.75,0.548693490718432,"LASSO",0.373634167147969,-0.376365832852031,200,163
"scenarioB","X_5","indep",0,-0.8,-0.745929377546045,"LASSO",-0.502950616717676,0.297049383282324,200,163
"scenarioB","X_6","indep",0,0,NA,"LASSO",0,0,200,163
"scenarioB","X_7","indep",0,0,NA,"LASSO",0,0,200,163
"scenarioB","X_8","indep",0,0,NA,"LASSO",0,0,200,163
"scenarioB","X_9","indep",0,0,NA,"LASSO",0,0,200,163
"scenarioB","X_10","indep",0,0,NA,"LASSO",-0.100131689241309,-0.100131689241309,200,163
"scenarioB","X_11","indep",0,0,NA,"LASSO",0,0,200,163
"scenarioB","X_12","indep",0,0,NA,"LASSO",0,0,200,163
"scenarioB","X_13","indep",0,0,NA,"LASSO",0,0,200,163
"scenarioB","X_14","indep",0,0,NA,"LASSO",0,0,200,163
"scenarioB","X_15","indep",0,0,NA,"LASSO",0,0,200,163
"scenarioB","X_16","indep",0,0,NA,"LASSO",0,0,200,163
"scenarioB","X_17","indep",0,0,NA,"LASSO",0,0,200,163
"scenarioB","X_18","weak",0.3,0,NA,"LASSO",0,0,200,163
"scenarioB","X_19","weak",0.3,0,NA,"LASSO",0,0,200,163
"scenarioB","X_20","weak",0.3,0,NA,"LASSO",0,0,200,163
"scenarioB","X_21","weak",0.3,0,NA,"LASSO",0,0,200,163
"scenarioB","X_22","strong",0.6,0,NA,"LASSO",0,0,200,163
"scenarioB","X_23","strong",0.6,0,NA,"LASSO",0,0,200,163
"scenarioB","X_24","strong",0.6,0,NA,"LASSO",0,0,200,163
"scenarioB","X_25","strong",0.6,0,NA,"LASSO",0,0,200,163
"scenarioB","X_1","strong",0.6,0.4,0.413610649122399,"SSL",0.371277308152794,-0.0287226918472064,200,164
"scenarioB","X_2","strong",0.6,-0.5,-0.431117516306384,"SSL",-0.218896409664644,0.281103590335356,200,164
"scenarioB","X_3","weak",0.3,0.6,0.65877320598502,"SSL",0.490884317052362,-0.109115682947638,200,164
"scenarioB","X_4","weak",0.3,0.75,0.671132720150174,"SSL",0.633619194660607,-0.116380805339393,200,164
"scenarioB","X_5","indep",0,-0.8,-1.12094209400368,"SSL",-1.04236910231511,-0.242369102315114,200,164
"scenarioB","X_6","indep",0,0,NA,"SSL",0,0,200,164
"scenarioB","X_7","indep",0,0,NA,"SSL",0.228301358983802,0.228301358983802,200,164
"scenarioB","X_8","indep",0,0,NA,"SSL",0,0,200,164
"scenarioB","X_9","indep",0,0,NA,"SSL",0,0,200,164
"scenarioB","X_10","indep",0,0,NA,"SSL",0,0,200,164
"scenarioB","X_11","indep",0,0,NA,"SSL",-0.103457058366739,-0.103457058366739,200,164
"scenarioB","X_12","indep",0,0,NA,"SSL",0,0,200,164
"scenarioB","X_13","indep",0,0,NA,"SSL",0,0,200,164
"scenarioB","X_14","indep",0,0,NA,"SSL",0.0963676424402819,0.0963676424402819,200,164
"scenarioB","X_15","indep",0,0,NA,"SSL",0,0,200,164
"scenarioB","X_16","indep",0,0,NA,"SSL",0,0,200,164
"scenarioB","X_17","indep",0,0,NA,"SSL",0,0,200,164
"scenarioB","X_18","weak",0.3,0,NA,"SSL",0.12904007900533,0.12904007900533,200,164
"scenarioB","X_19","weak",0.3,0,NA,"SSL",0,0,200,164
"scenarioB","X_20","weak",0.3,0,NA,"SSL",0,0,200,164
"scenarioB","X_21","weak",0.3,0,NA,"SSL",0,0,200,164
"scenarioB","X_22","strong",0.6,0,NA,"SSL",0,0,200,164
"scenarioB","X_23","strong",0.6,0,NA,"SSL",0,0,200,164
"scenarioB","X_24","strong",0.6,0,NA,"SSL",-0.108403920627803,-0.108403920627803,200,164
"scenarioB","X_25","strong",0.6,0,NA,"SSL",-0.191963493000151,-0.191963493000151,200,164
"scenarioB","X_1","strong",0.6,0.4,0.413610649122399,"LASSO",0,-0.4,200,164
"scenarioB","X_2","strong",0.6,-0.5,-0.431117516306384,"LASSO",0,0.5,200,164
"scenarioB","X_3","weak",0.3,0.6,0.65877320598502,"LASSO",0.387257198246475,-0.212742801753525,200,164
"scenarioB","X_4","weak",0.3,0.75,0.671132720150174,"LASSO",0.467324827789909,-0.282675172210091,200,164
"scenarioB","X_5","indep",0,-0.8,-1.12094209400368,"LASSO",-0.682844449150981,0.117155550849019,200,164
"scenarioB","X_6","indep",0,0,NA,"LASSO",0,0,200,164
"scenarioB","X_7","indep",0,0,NA,"LASSO",0.0513580738110267,0.0513580738110267,200,164
"scenarioB","X_8","indep",0,0,NA,"LASSO",0,0,200,164
"scenarioB","X_9","indep",0,0,NA,"LASSO",0,0,200,164
"scenarioB","X_10","indep",0,0,NA,"LASSO",0,0,200,164
"scenarioB","X_11","indep",0,0,NA,"LASSO",0,0,200,164
"scenarioB","X_12","indep",0,0,NA,"LASSO",0,0,200,164
"scenarioB","X_13","indep",0,0,NA,"LASSO",0,0,200,164
"scenarioB","X_14","indep",0,0,NA,"LASSO",0,0,200,164
"scenarioB","X_15","indep",0,0,NA,"LASSO",0,0,200,164
"scenarioB","X_16","indep",0,0,NA,"LASSO",0,0,200,164
"scenarioB","X_17","indep",0,0,NA,"LASSO",0,0,200,164
"scenarioB","X_18","weak",0.3,0,NA,"LASSO",0,0,200,164
"scenarioB","X_19","weak",0.3,0,NA,"LASSO",0,0,200,164
"scenarioB","X_20","weak",0.3,0,NA,"LASSO",0,0,200,164
"scenarioB","X_21","weak",0.3,0,NA,"LASSO",0,0,200,164
"scenarioB","X_22","strong",0.6,0,NA,"LASSO",0,0,200,164
"scenarioB","X_23","strong",0.6,0,NA,"LASSO",0,0,200,164
"scenarioB","X_24","strong",0.6,0,NA,"LASSO",0,0,200,164
"scenarioB","X_25","strong",0.6,0,NA,"LASSO",0,0,200,164
"scenarioB","X_1","strong",0.6,0.4,0.220661243700851,"SSL",0,-0.4,200,165
"scenarioB","X_2","strong",0.6,-0.5,-0.571042641078064,"SSL",-0.334575351840424,0.165424648159576,200,165
"scenarioB","X_3","weak",0.3,0.6,0.564613704390313,"SSL",0.456735099521675,-0.143264900478325,200,165
"scenarioB","X_4","weak",0.3,0.75,0.729150176022179,"SSL",0.671980206259335,-0.0780197937406655,200,165
"scenarioB","X_5","indep",0,-0.8,-0.700166170464393,"SSL",-0.628751571144326,0.171248428855674,200,165
"scenarioB","X_6","indep",0,0,NA,"SSL",0,0,200,165
"scenarioB","X_7","indep",0,0,NA,"SSL",0,0,200,165
"scenarioB","X_8","indep",0,0,NA,"SSL",0,0,200,165
"scenarioB","X_9","indep",0,0,NA,"SSL",0,0,200,165
"scenarioB","X_10","indep",0,0,NA,"SSL",0,0,200,165
"scenarioB","X_11","indep",0,0,NA,"SSL",0,0,200,165
"scenarioB","X_12","indep",0,0,NA,"SSL",0,0,200,165
"scenarioB","X_13","indep",0,0,NA,"SSL",0,0,200,165
"scenarioB","X_14","indep",0,0,NA,"SSL",0,0,200,165
"scenarioB","X_15","indep",0,0,NA,"SSL",0,0,200,165
"scenarioB","X_16","indep",0,0,NA,"SSL",0,0,200,165
"scenarioB","X_17","indep",0,0,NA,"SSL",0,0,200,165
"scenarioB","X_18","weak",0.3,0,NA,"SSL",0,0,200,165
"scenarioB","X_19","weak",0.3,0,NA,"SSL",0,0,200,165
"scenarioB","X_20","weak",0.3,0,NA,"SSL",0,0,200,165
"scenarioB","X_21","weak",0.3,0,NA,"SSL",0,0,200,165
"scenarioB","X_22","strong",0.6,0,NA,"SSL",0,0,200,165
"scenarioB","X_23","strong",0.6,0,NA,"SSL",0,0,200,165
"scenarioB","X_24","strong",0.6,0,NA,"SSL",0,0,200,165
"scenarioB","X_25","strong",0.6,0,NA,"SSL",0,0,200,165
"scenarioB","X_1","strong",0.6,0.4,0.220661243700851,"LASSO",0,-0.4,200,165
"scenarioB","X_2","strong",0.6,-0.5,-0.571042641078064,"LASSO",-0.167852287320891,0.332147712679109,200,165
"scenarioB","X_3","weak",0.3,0.6,0.564613704390313,"LASSO",0.286229196040767,-0.313770803959233,200,165
"scenarioB","X_4","weak",0.3,0.75,0.729150176022179,"LASSO",0.520495955826558,-0.229504044173442,200,165
"scenarioB","X_5","indep",0,-0.8,-0.700166170464393,"LASSO",-0.457322044655322,0.342677955344678,200,165
"scenarioB","X_6","indep",0,0,NA,"LASSO",0,0,200,165
"scenarioB","X_7","indep",0,0,NA,"LASSO",0,0,200,165
"scenarioB","X_8","indep",0,0,NA,"LASSO",0,0,200,165
"scenarioB","X_9","indep",0,0,NA,"LASSO",0,0,200,165
"scenarioB","X_10","indep",0,0,NA,"LASSO",0,0,200,165
"scenarioB","X_11","indep",0,0,NA,"LASSO",0,0,200,165
"scenarioB","X_12","indep",0,0,NA,"LASSO",0,0,200,165
"scenarioB","X_13","indep",0,0,NA,"LASSO",0,0,200,165
"scenarioB","X_14","indep",0,0,NA,"LASSO",0,0,200,165
"scenarioB","X_15","indep",0,0,NA,"LASSO",0,0,200,165
"scenarioB","X_16","indep",0,0,NA,"LASSO",0,0,200,165
"scenarioB","X_17","indep",0,0,NA,"LASSO",0,0,200,165
"scenarioB","X_18","weak",0.3,0,NA,"LASSO",0,0,200,165
"scenarioB","X_19","weak",0.3,0,NA,"LASSO",0,0,200,165
"scenarioB","X_20","weak",0.3,0,NA,"LASSO",0,0,200,165
"scenarioB","X_21","weak",0.3,0,NA,"LASSO",0,0,200,165
"scenarioB","X_22","strong",0.6,0,NA,"LASSO",0,0,200,165
"scenarioB","X_23","strong",0.6,0,NA,"LASSO",0,0,200,165
"scenarioB","X_24","strong",0.6,0,NA,"LASSO",0,0,200,165
"scenarioB","X_25","strong",0.6,0,NA,"LASSO",0,0,200,165
"scenarioB","X_1","strong",0.6,0.4,0.372194927434759,"SSL",0,-0.4,200,166
"scenarioB","X_2","strong",0.6,-0.5,-0.339191310614265,"SSL",0,0.5,200,166
"scenarioB","X_3","weak",0.3,0.6,0.309122985690577,"SSL",0.239620661272718,-0.360379338727282,200,166
"scenarioB","X_4","weak",0.3,0.75,0.787644283198022,"SSL",0.70651623434845,-0.0434837656515499,200,166
"scenarioB","X_5","indep",0,-0.8,-0.590798189466984,"SSL",-0.494206129757063,0.305793870242937,200,166
"scenarioB","X_6","indep",0,0,NA,"SSL",0,0,200,166
"scenarioB","X_7","indep",0,0,NA,"SSL",0,0,200,166
"scenarioB","X_8","indep",0,0,NA,"SSL",0,0,200,166
"scenarioB","X_9","indep",0,0,NA,"SSL",0,0,200,166
"scenarioB","X_10","indep",0,0,NA,"SSL",0,0,200,166
"scenarioB","X_11","indep",0,0,NA,"SSL",0,0,200,166
"scenarioB","X_12","indep",0,0,NA,"SSL",0,0,200,166
"scenarioB","X_13","indep",0,0,NA,"SSL",0,0,200,166
"scenarioB","X_14","indep",0,0,NA,"SSL",0,0,200,166
"scenarioB","X_15","indep",0,0,NA,"SSL",0,0,200,166
"scenarioB","X_16","indep",0,0,NA,"SSL",0,0,200,166
"scenarioB","X_17","indep",0,0,NA,"SSL",0,0,200,166
"scenarioB","X_18","weak",0.3,0,NA,"SSL",0,0,200,166
"scenarioB","X_19","weak",0.3,0,NA,"SSL",0,0,200,166
"scenarioB","X_20","weak",0.3,0,NA,"SSL",0,0,200,166
"scenarioB","X_21","weak",0.3,0,NA,"SSL",0,0,200,166
"scenarioB","X_22","strong",0.6,0,NA,"SSL",0,0,200,166
"scenarioB","X_23","strong",0.6,0,NA,"SSL",0,0,200,166
"scenarioB","X_24","strong",0.6,0,NA,"SSL",0,0,200,166
"scenarioB","X_25","strong",0.6,0,NA,"SSL",0,0,200,166
"scenarioB","X_1","strong",0.6,0.4,0.372194927434759,"LASSO",0,-0.4,200,166
"scenarioB","X_2","strong",0.6,-0.5,-0.339191310614265,"LASSO",0,0.5,200,166
"scenarioB","X_3","weak",0.3,0.6,0.309122985690577,"LASSO",0.155981117543725,-0.444018882456275,200,166
"scenarioB","X_4","weak",0.3,0.75,0.787644283198022,"LASSO",0.572176532657222,-0.177823467342778,200,166
"scenarioB","X_5","indep",0,-0.8,-0.590798189466984,"LASSO",-0.338718847028008,0.461281152971992,200,166
"scenarioB","X_6","indep",0,0,NA,"LASSO",0,0,200,166
"scenarioB","X_7","indep",0,0,NA,"LASSO",0,0,200,166
"scenarioB","X_8","indep",0,0,NA,"LASSO",0.0453083329078496,0.0453083329078496,200,166
"scenarioB","X_9","indep",0,0,NA,"LASSO",0,0,200,166
"scenarioB","X_10","indep",0,0,NA,"LASSO",0,0,200,166
"scenarioB","X_11","indep",0,0,NA,"LASSO",0,0,200,166
"scenarioB","X_12","indep",0,0,NA,"LASSO",0,0,200,166
"scenarioB","X_13","indep",0,0,NA,"LASSO",0,0,200,166
"scenarioB","X_14","indep",0,0,NA,"LASSO",0,0,200,166
"scenarioB","X_15","indep",0,0,NA,"LASSO",0,0,200,166
"scenarioB","X_16","indep",0,0,NA,"LASSO",0,0,200,166
"scenarioB","X_17","indep",0,0,NA,"LASSO",0,0,200,166
"scenarioB","X_18","weak",0.3,0,NA,"LASSO",0,0,200,166
"scenarioB","X_19","weak",0.3,0,NA,"LASSO",0,0,200,166
"scenarioB","X_20","weak",0.3,0,NA,"LASSO",0,0,200,166
"scenarioB","X_21","weak",0.3,0,NA,"LASSO",0,0,200,166
"scenarioB","X_22","strong",0.6,0,NA,"LASSO",0,0,200,166
"scenarioB","X_23","strong",0.6,0,NA,"LASSO",0,0,200,166
"scenarioB","X_24","strong",0.6,0,NA,"LASSO",0,0,200,166
"scenarioB","X_25","strong",0.6,0,NA,"LASSO",0,0,200,166
"scenarioB","X_1","strong",0.6,0.4,0.342618793368408,"SSL",0.398205549026447,-0.00179445097355341,200,167
"scenarioB","X_2","strong",0.6,-0.5,-0.402259670340547,"SSL",-0.311796782357647,0.188203217642353,200,167
"scenarioB","X_3","weak",0.3,0.6,0.789890534052971,"SSL",0.791647329365237,0.191647329365237,200,167
"scenarioB","X_4","weak",0.3,0.75,0.634884647662347,"SSL",0.680842492652098,-0.0691575073479023,200,167
"scenarioB","X_5","indep",0,-0.8,-0.873157465431316,"SSL",-0.840066228963816,-0.0400662289638157,200,167
"scenarioB","X_6","indep",0,0,NA,"SSL",0,0,200,167
"scenarioB","X_7","indep",0,0,NA,"SSL",-0.102866782360128,-0.102866782360128,200,167
"scenarioB","X_8","indep",0,0,NA,"SSL",0,0,200,167
"scenarioB","X_9","indep",0,0,NA,"SSL",0,0,200,167
"scenarioB","X_10","indep",0,0,NA,"SSL",0.110362263990728,0.110362263990728,200,167
"scenarioB","X_11","indep",0,0,NA,"SSL",0,0,200,167
"scenarioB","X_12","indep",0,0,NA,"SSL",0,0,200,167
"scenarioB","X_13","indep",0,0,NA,"SSL",-0.0552082748440116,-0.0552082748440116,200,167
"scenarioB","X_14","indep",0,0,NA,"SSL",-0.0603465042123599,-0.0603465042123599,200,167
"scenarioB","X_15","indep",0,0,NA,"SSL",-0.0235044633464659,-0.0235044633464659,200,167
"scenarioB","X_16","indep",0,0,NA,"SSL",-0.0565519515091561,-0.0565519515091561,200,167
"scenarioB","X_17","indep",0,0,NA,"SSL",0.0257514196134338,0.0257514196134338,200,167
"scenarioB","X_18","weak",0.3,0,NA,"SSL",-0.012746526167825,-0.012746526167825,200,167
"scenarioB","X_19","weak",0.3,0,NA,"SSL",-0.124262621052808,-0.124262621052808,200,167
"scenarioB","X_20","weak",0.3,0,NA,"SSL",0,0,200,167
"scenarioB","X_21","weak",0.3,0,NA,"SSL",0,0,200,167
"scenarioB","X_22","strong",0.6,0,NA,"SSL",0,0,200,167
"scenarioB","X_23","strong",0.6,0,NA,"SSL",-0.0385937201358213,-0.0385937201358213,200,167
"scenarioB","X_24","strong",0.6,0,NA,"SSL",-0.0604756667697607,-0.0604756667697607,200,167
"scenarioB","X_25","strong",0.6,0,NA,"SSL",-0.106863977160496,-0.106863977160496,200,167
"scenarioB","X_1","strong",0.6,0.4,0.342618793368408,"LASSO",0,-0.4,200,167
"scenarioB","X_2","strong",0.6,-0.5,-0.402259670340547,"LASSO",0,0.5,200,167
"scenarioB","X_3","weak",0.3,0.6,0.789890534052971,"LASSO",0.641444106526972,0.0414441065269724,200,167
"scenarioB","X_4","weak",0.3,0.75,0.634884647662347,"LASSO",0.403055535669512,-0.346944464330488,200,167
"scenarioB","X_5","indep",0,-0.8,-0.873157465431316,"LASSO",-0.523197462999302,0.276802537000698,200,167
"scenarioB","X_6","indep",0,0,NA,"LASSO",0,0,200,167
"scenarioB","X_7","indep",0,0,NA,"LASSO",0,0,200,167
"scenarioB","X_8","indep",0,0,NA,"LASSO",0,0,200,167
"scenarioB","X_9","indep",0,0,NA,"LASSO",0,0,200,167
"scenarioB","X_10","indep",0,0,NA,"LASSO",0,0,200,167
"scenarioB","X_11","indep",0,0,NA,"LASSO",0,0,200,167
"scenarioB","X_12","indep",0,0,NA,"LASSO",0,0,200,167
"scenarioB","X_13","indep",0,0,NA,"LASSO",0,0,200,167
"scenarioB","X_14","indep",0,0,NA,"LASSO",0,0,200,167
"scenarioB","X_15","indep",0,0,NA,"LASSO",0,0,200,167
"scenarioB","X_16","indep",0,0,NA,"LASSO",0,0,200,167
"scenarioB","X_17","indep",0,0,NA,"LASSO",0,0,200,167
"scenarioB","X_18","weak",0.3,0,NA,"LASSO",0,0,200,167
"scenarioB","X_19","weak",0.3,0,NA,"LASSO",0,0,200,167
"scenarioB","X_20","weak",0.3,0,NA,"LASSO",0,0,200,167
"scenarioB","X_21","weak",0.3,0,NA,"LASSO",0,0,200,167
"scenarioB","X_22","strong",0.6,0,NA,"LASSO",0,0,200,167
"scenarioB","X_23","strong",0.6,0,NA,"LASSO",0,0,200,167
"scenarioB","X_24","strong",0.6,0,NA,"LASSO",0,0,200,167
"scenarioB","X_25","strong",0.6,0,NA,"LASSO",0,0,200,167
"scenarioB","X_1","strong",0.6,0.4,0.471711494228106,"SSL",0,-0.4,200,168
"scenarioB","X_2","strong",0.6,-0.5,-0.655087772015279,"SSL",0,0.5,200,168
"scenarioB","X_3","weak",0.3,0.6,0.907523216186132,"SSL",0.88607137542217,0.28607137542217,200,168
"scenarioB","X_4","weak",0.3,0.75,0.886075090671242,"SSL",0.832832659084954,0.0828326590849543,200,168
"scenarioB","X_5","indep",0,-0.8,-1.11793245203093,"SSL",-1.00650853780478,-0.20650853780478,200,168
"scenarioB","X_6","indep",0,0,NA,"SSL",0,0,200,168
"scenarioB","X_7","indep",0,0,NA,"SSL",0,0,200,168
"scenarioB","X_8","indep",0,0,NA,"SSL",0,0,200,168
"scenarioB","X_9","indep",0,0,NA,"SSL",0,0,200,168
"scenarioB","X_10","indep",0,0,NA,"SSL",0,0,200,168
"scenarioB","X_11","indep",0,0,NA,"SSL",0,0,200,168
"scenarioB","X_12","indep",0,0,NA,"SSL",0,0,200,168
"scenarioB","X_13","indep",0,0,NA,"SSL",0,0,200,168
"scenarioB","X_14","indep",0,0,NA,"SSL",0,0,200,168
"scenarioB","X_15","indep",0,0,NA,"SSL",0,0,200,168
"scenarioB","X_16","indep",0,0,NA,"SSL",0,0,200,168
"scenarioB","X_17","indep",0,0,NA,"SSL",0,0,200,168
"scenarioB","X_18","weak",0.3,0,NA,"SSL",0,0,200,168
"scenarioB","X_19","weak",0.3,0,NA,"SSL",0,0,200,168
"scenarioB","X_20","weak",0.3,0,NA,"SSL",0,0,200,168
"scenarioB","X_21","weak",0.3,0,NA,"SSL",0,0,200,168
"scenarioB","X_22","strong",0.6,0,NA,"SSL",0,0,200,168
"scenarioB","X_23","strong",0.6,0,NA,"SSL",0,0,200,168
"scenarioB","X_24","strong",0.6,0,NA,"SSL",0,0,200,168
"scenarioB","X_25","strong",0.6,0,NA,"SSL",0,0,200,168
"scenarioB","X_1","strong",0.6,0.4,0.471711494228106,"LASSO",0,-0.4,200,168
"scenarioB","X_2","strong",0.6,-0.5,-0.655087772015279,"LASSO",-0.0682551406469612,0.431744859353039,200,168
"scenarioB","X_3","weak",0.3,0.6,0.907523216186132,"LASSO",0.675700674571233,0.0757006745712334,200,168
"scenarioB","X_4","weak",0.3,0.75,0.886075090671242,"LASSO",0.617322792722856,-0.132677207277144,200,168
"scenarioB","X_5","indep",0,-0.8,-1.11793245203093,"LASSO",-0.735020045397325,0.064979954602675,200,168
"scenarioB","X_6","indep",0,0,NA,"LASSO",0,0,200,168
"scenarioB","X_7","indep",0,0,NA,"LASSO",0,0,200,168
"scenarioB","X_8","indep",0,0,NA,"LASSO",0,0,200,168
"scenarioB","X_9","indep",0,0,NA,"LASSO",0,0,200,168
"scenarioB","X_10","indep",0,0,NA,"LASSO",0,0,200,168
"scenarioB","X_11","indep",0,0,NA,"LASSO",0,0,200,168
"scenarioB","X_12","indep",0,0,NA,"LASSO",0,0,200,168
"scenarioB","X_13","indep",0,0,NA,"LASSO",0,0,200,168
"scenarioB","X_14","indep",0,0,NA,"LASSO",0,0,200,168
"scenarioB","X_15","indep",0,0,NA,"LASSO",0,0,200,168
"scenarioB","X_16","indep",0,0,NA,"LASSO",0,0,200,168
"scenarioB","X_17","indep",0,0,NA,"LASSO",0,0,200,168
"scenarioB","X_18","weak",0.3,0,NA,"LASSO",0,0,200,168
"scenarioB","X_19","weak",0.3,0,NA,"LASSO",0,0,200,168
"scenarioB","X_20","weak",0.3,0,NA,"LASSO",0,0,200,168
"scenarioB","X_21","weak",0.3,0,NA,"LASSO",0,0,200,168
"scenarioB","X_22","strong",0.6,0,NA,"LASSO",0,0,200,168
"scenarioB","X_23","strong",0.6,0,NA,"LASSO",0,0,200,168
"scenarioB","X_24","strong",0.6,0,NA,"LASSO",0,0,200,168
"scenarioB","X_25","strong",0.6,0,NA,"LASSO",0,0,200,168
"scenarioB","X_1","strong",0.6,0.4,0.462104268511983,"SSL",0,-0.4,200,169
"scenarioB","X_2","strong",0.6,-0.5,-0.535481731905978,"SSL",-0.188345648101027,0.311654351898973,200,169
"scenarioB","X_3","weak",0.3,0.6,0.718662733983011,"SSL",0.619828839339823,0.0198288393398233,200,169
"scenarioB","X_4","weak",0.3,0.75,0.760486059156011,"SSL",0.672494249442721,-0.0775057505572787,200,169
"scenarioB","X_5","indep",0,-0.8,-0.906874531351759,"SSL",-0.815152721723491,-0.0151527217234908,200,169
"scenarioB","X_6","indep",0,0,NA,"SSL",0,0,200,169
"scenarioB","X_7","indep",0,0,NA,"SSL",0,0,200,169
"scenarioB","X_8","indep",0,0,NA,"SSL",0,0,200,169
"scenarioB","X_9","indep",0,0,NA,"SSL",0.225947220032873,0.225947220032873,200,169
"scenarioB","X_10","indep",0,0,NA,"SSL",0,0,200,169
"scenarioB","X_11","indep",0,0,NA,"SSL",0,0,200,169
"scenarioB","X_12","indep",0,0,NA,"SSL",0,0,200,169
"scenarioB","X_13","indep",0,0,NA,"SSL",0,0,200,169
"scenarioB","X_14","indep",0,0,NA,"SSL",0,0,200,169
"scenarioB","X_15","indep",0,0,NA,"SSL",0,0,200,169
"scenarioB","X_16","indep",0,0,NA,"SSL",0,0,200,169
"scenarioB","X_17","indep",0,0,NA,"SSL",0,0,200,169
"scenarioB","X_18","weak",0.3,0,NA,"SSL",0,0,200,169
"scenarioB","X_19","weak",0.3,0,NA,"SSL",0,0,200,169
"scenarioB","X_20","weak",0.3,0,NA,"SSL",0,0,200,169
"scenarioB","X_21","weak",0.3,0,NA,"SSL",0,0,200,169
"scenarioB","X_22","strong",0.6,0,NA,"SSL",0,0,200,169
"scenarioB","X_23","strong",0.6,0,NA,"SSL",0,0,200,169
"scenarioB","X_24","strong",0.6,0,NA,"SSL",0,0,200,169
"scenarioB","X_25","strong",0.6,0,NA,"SSL",0,0,200,169
"scenarioB","X_1","strong",0.6,0.4,0.462104268511983,"LASSO",0,-0.4,200,169
"scenarioB","X_2","strong",0.6,-0.5,-0.535481731905978,"LASSO",-0.0780170883958624,0.421982911604138,200,169
"scenarioB","X_3","weak",0.3,0.6,0.718662733983011,"LASSO",0.531392298765427,-0.0686077012345734,200,169
"scenarioB","X_4","weak",0.3,0.75,0.760486059156011,"LASSO",0.51346711862816,-0.23653288137184,200,169
"scenarioB","X_5","indep",0,-0.8,-0.906874531351759,"LASSO",-0.648837895877324,0.151162104122676,200,169
"scenarioB","X_6","indep",0,0,NA,"LASSO",0,0,200,169
"scenarioB","X_7","indep",0,0,NA,"LASSO",0,0,200,169
"scenarioB","X_8","indep",0,0,NA,"LASSO",0,0,200,169
"scenarioB","X_9","indep",0,0,NA,"LASSO",0.122302577316223,0.122302577316223,200,169
"scenarioB","X_10","indep",0,0,NA,"LASSO",0,0,200,169
"scenarioB","X_11","indep",0,0,NA,"LASSO",0,0,200,169
"scenarioB","X_12","indep",0,0,NA,"LASSO",0,0,200,169
"scenarioB","X_13","indep",0,0,NA,"LASSO",0,0,200,169
"scenarioB","X_14","indep",0,0,NA,"LASSO",0,0,200,169
"scenarioB","X_15","indep",0,0,NA,"LASSO",0,0,200,169
"scenarioB","X_16","indep",0,0,NA,"LASSO",0,0,200,169
"scenarioB","X_17","indep",0,0,NA,"LASSO",0,0,200,169
"scenarioB","X_18","weak",0.3,0,NA,"LASSO",0,0,200,169
"scenarioB","X_19","weak",0.3,0,NA,"LASSO",0,0,200,169
"scenarioB","X_20","weak",0.3,0,NA,"LASSO",0,0,200,169
"scenarioB","X_21","weak",0.3,0,NA,"LASSO",0,0,200,169
"scenarioB","X_22","strong",0.6,0,NA,"LASSO",0,0,200,169
"scenarioB","X_23","strong",0.6,0,NA,"LASSO",0,0,200,169
"scenarioB","X_24","strong",0.6,0,NA,"LASSO",0,0,200,169
"scenarioB","X_25","strong",0.6,0,NA,"LASSO",0,0,200,169
"scenarioB","X_1","strong",0.6,0.4,0.216961951927809,"SSL",0,-0.4,200,170
"scenarioB","X_2","strong",0.6,-0.5,-0.277159858087622,"SSL",0,0.5,200,170
"scenarioB","X_3","weak",0.3,0.6,0.836635391090973,"SSL",0.805777947654736,0.205777947654736,200,170
"scenarioB","X_4","weak",0.3,0.75,0.657967089834357,"SSL",0.620275810919384,-0.129724189080616,200,170
"scenarioB","X_5","indep",0,-0.8,-0.945860628945561,"SSL",-0.910192785547424,-0.110192785547424,200,170
"scenarioB","X_6","indep",0,0,NA,"SSL",0,0,200,170
"scenarioB","X_7","indep",0,0,NA,"SSL",0,0,200,170
"scenarioB","X_8","indep",0,0,NA,"SSL",0,0,200,170
"scenarioB","X_9","indep",0,0,NA,"SSL",0,0,200,170
"scenarioB","X_10","indep",0,0,NA,"SSL",0,0,200,170
"scenarioB","X_11","indep",0,0,NA,"SSL",0,0,200,170
"scenarioB","X_12","indep",0,0,NA,"SSL",0,0,200,170
"scenarioB","X_13","indep",0,0,NA,"SSL",0,0,200,170
"scenarioB","X_14","indep",0,0,NA,"SSL",0,0,200,170
"scenarioB","X_15","indep",0,0,NA,"SSL",0,0,200,170
"scenarioB","X_16","indep",0,0,NA,"SSL",0,0,200,170
"scenarioB","X_17","indep",0,0,NA,"SSL",0,0,200,170
"scenarioB","X_18","weak",0.3,0,NA,"SSL",0,0,200,170
"scenarioB","X_19","weak",0.3,0,NA,"SSL",0,0,200,170
"scenarioB","X_20","weak",0.3,0,NA,"SSL",0,0,200,170
"scenarioB","X_21","weak",0.3,0,NA,"SSL",0,0,200,170
"scenarioB","X_22","strong",0.6,0,NA,"SSL",0,0,200,170
"scenarioB","X_23","strong",0.6,0,NA,"SSL",0,0,200,170
"scenarioB","X_24","strong",0.6,0,NA,"SSL",0,0,200,170
"scenarioB","X_25","strong",0.6,0,NA,"SSL",0,0,200,170
"scenarioB","X_1","strong",0.6,0.4,0.216961951927809,"LASSO",0,-0.4,200,170
"scenarioB","X_2","strong",0.6,-0.5,-0.277159858087622,"LASSO",0,0.5,200,170
"scenarioB","X_3","weak",0.3,0.6,0.836635391090973,"LASSO",0.654883183340997,0.0548831833409966,200,170
"scenarioB","X_4","weak",0.3,0.75,0.657967089834357,"LASSO",0.442846648414364,-0.307153351585636,200,170
"scenarioB","X_5","indep",0,-0.8,-0.945860628945561,"LASSO",-0.681854939440891,0.118145060559109,200,170
"scenarioB","X_6","indep",0,0,NA,"LASSO",-0.0235610147291207,-0.0235610147291207,200,170
"scenarioB","X_7","indep",0,0,NA,"LASSO",0,0,200,170
"scenarioB","X_8","indep",0,0,NA,"LASSO",0,0,200,170
"scenarioB","X_9","indep",0,0,NA,"LASSO",0,0,200,170
"scenarioB","X_10","indep",0,0,NA,"LASSO",0,0,200,170
"scenarioB","X_11","indep",0,0,NA,"LASSO",0,0,200,170
"scenarioB","X_12","indep",0,0,NA,"LASSO",0,0,200,170
"scenarioB","X_13","indep",0,0,NA,"LASSO",0,0,200,170
"scenarioB","X_14","indep",0,0,NA,"LASSO",0,0,200,170
"scenarioB","X_15","indep",0,0,NA,"LASSO",0,0,200,170
"scenarioB","X_16","indep",0,0,NA,"LASSO",0,0,200,170
"scenarioB","X_17","indep",0,0,NA,"LASSO",0,0,200,170
"scenarioB","X_18","weak",0.3,0,NA,"LASSO",0,0,200,170
"scenarioB","X_19","weak",0.3,0,NA,"LASSO",0,0,200,170
"scenarioB","X_20","weak",0.3,0,NA,"LASSO",0,0,200,170
"scenarioB","X_21","weak",0.3,0,NA,"LASSO",0,0,200,170
"scenarioB","X_22","strong",0.6,0,NA,"LASSO",0,0,200,170
"scenarioB","X_23","strong",0.6,0,NA,"LASSO",0,0,200,170
"scenarioB","X_24","strong",0.6,0,NA,"LASSO",0,0,200,170
"scenarioB","X_25","strong",0.6,0,NA,"LASSO",0,0,200,170
"scenarioB","X_1","strong",0.6,0.4,0.463555110964136,"SSL",0.407124638511856,0.00712463851185613,200,171
"scenarioB","X_2","strong",0.6,-0.5,-0.482268623281131,"SSL",-0.44954410777224,0.0504558922277605,200,171
"scenarioB","X_3","weak",0.3,0.6,0.638797466944865,"SSL",0.695571339712187,0.0955713397121867,200,171
"scenarioB","X_4","weak",0.3,0.75,0.685192743425596,"SSL",0.707945133499853,-0.0420548665001473,200,171
"scenarioB","X_5","indep",0,-0.8,-0.765015457937639,"SSL",-0.801995569280855,-0.00199556928085465,200,171
"scenarioB","X_6","indep",0,0,NA,"SSL",0,0,200,171
"scenarioB","X_7","indep",0,0,NA,"SSL",0,0,200,171
"scenarioB","X_8","indep",0,0,NA,"SSL",0.128277023895099,0.128277023895099,200,171
"scenarioB","X_9","indep",0,0,NA,"SSL",0,0,200,171
"scenarioB","X_10","indep",0,0,NA,"SSL",0,0,200,171
"scenarioB","X_11","indep",0,0,NA,"SSL",0,0,200,171
"scenarioB","X_12","indep",0,0,NA,"SSL",0.0912244132499917,0.0912244132499917,200,171
"scenarioB","X_13","indep",0,0,NA,"SSL",0,0,200,171
"scenarioB","X_14","indep",0,0,NA,"SSL",0.138126625316714,0.138126625316714,200,171
"scenarioB","X_15","indep",0,0,NA,"SSL",0,0,200,171
"scenarioB","X_16","indep",0,0,NA,"SSL",-0.112940253942978,-0.112940253942978,200,171
"scenarioB","X_17","indep",0,0,NA,"SSL",0,0,200,171
"scenarioB","X_18","weak",0.3,0,NA,"SSL",-0.194889985399738,-0.194889985399738,200,171
"scenarioB","X_19","weak",0.3,0,NA,"SSL",0,0,200,171
"scenarioB","X_20","weak",0.3,0,NA,"SSL",0,0,200,171
"scenarioB","X_21","weak",0.3,0,NA,"SSL",0,0,200,171
"scenarioB","X_22","strong",0.6,0,NA,"SSL",-0.207764960522017,-0.207764960522017,200,171
"scenarioB","X_23","strong",0.6,0,NA,"SSL",0,0,200,171
"scenarioB","X_24","strong",0.6,0,NA,"SSL",0.217778600992906,0.217778600992906,200,171
"scenarioB","X_25","strong",0.6,0,NA,"SSL",0,0,200,171
"scenarioB","X_1","strong",0.6,0.4,0.463555110964136,"LASSO",0,-0.4,200,171
"scenarioB","X_2","strong",0.6,-0.5,-0.482268623281131,"LASSO",0,0.5,200,171
"scenarioB","X_3","weak",0.3,0.6,0.638797466944865,"LASSO",0.399224324220305,-0.200775675779695,200,171
"scenarioB","X_4","weak",0.3,0.75,0.685192743425596,"LASSO",0.374848029983386,-0.375151970016614,200,171
"scenarioB","X_5","indep",0,-0.8,-0.765015457937639,"LASSO",-0.47873841427002,0.32126158572998,200,171
"scenarioB","X_6","indep",0,0,NA,"LASSO",0,0,200,171
"scenarioB","X_7","indep",0,0,NA,"LASSO",0,0,200,171
"scenarioB","X_8","indep",0,0,NA,"LASSO",0,0,200,171
"scenarioB","X_9","indep",0,0,NA,"LASSO",0,0,200,171
"scenarioB","X_10","indep",0,0,NA,"LASSO",0,0,200,171
"scenarioB","X_11","indep",0,0,NA,"LASSO",0,0,200,171
"scenarioB","X_12","indep",0,0,NA,"LASSO",0,0,200,171
"scenarioB","X_13","indep",0,0,NA,"LASSO",0,0,200,171
"scenarioB","X_14","indep",0,0,NA,"LASSO",0,0,200,171
"scenarioB","X_15","indep",0,0,NA,"LASSO",0,0,200,171
"scenarioB","X_16","indep",0,0,NA,"LASSO",0,0,200,171
"scenarioB","X_17","indep",0,0,NA,"LASSO",0,0,200,171
"scenarioB","X_18","weak",0.3,0,NA,"LASSO",0,0,200,171
"scenarioB","X_19","weak",0.3,0,NA,"LASSO",0,0,200,171
"scenarioB","X_20","weak",0.3,0,NA,"LASSO",0,0,200,171
"scenarioB","X_21","weak",0.3,0,NA,"LASSO",0,0,200,171
"scenarioB","X_22","strong",0.6,0,NA,"LASSO",0,0,200,171
"scenarioB","X_23","strong",0.6,0,NA,"LASSO",0,0,200,171
"scenarioB","X_24","strong",0.6,0,NA,"LASSO",0,0,200,171
"scenarioB","X_25","strong",0.6,0,NA,"LASSO",0,0,200,171
"scenarioB","X_1","strong",0.6,0.4,0.144721380558823,"SSL",0.0911533069467658,-0.308846693053234,200,172
"scenarioB","X_2","strong",0.6,-0.5,-0.299719460368632,"SSL",-0.237081582732602,0.262918417267398,200,172
"scenarioB","X_3","weak",0.3,0.6,0.661573036412335,"SSL",0.507582542745027,-0.0924174572549734,200,172
"scenarioB","X_4","weak",0.3,0.75,0.741293216532383,"SSL",0.578716670637935,-0.171283329362065,200,172
"scenarioB","X_5","indep",0,-0.8,-0.624256456203027,"SSL",-0.59326484747091,0.20673515252909,200,172
"scenarioB","X_6","indep",0,0,NA,"SSL",0.121835555617223,0.121835555617223,200,172
"scenarioB","X_7","indep",0,0,NA,"SSL",0,0,200,172
"scenarioB","X_8","indep",0,0,NA,"SSL",0,0,200,172
"scenarioB","X_9","indep",0,0,NA,"SSL",-0.0368236300908614,-0.0368236300908614,200,172
"scenarioB","X_10","indep",0,0,NA,"SSL",0.0400915372812832,0.0400915372812832,200,172
"scenarioB","X_11","indep",0,0,NA,"SSL",-0.0149339203023965,-0.0149339203023965,200,172
"scenarioB","X_12","indep",0,0,NA,"SSL",-0.155180327701611,-0.155180327701611,200,172
"scenarioB","X_13","indep",0,0,NA,"SSL",0,0,200,172
"scenarioB","X_14","indep",0,0,NA,"SSL",-0.169768852434245,-0.169768852434245,200,172
"scenarioB","X_15","indep",0,0,NA,"SSL",-0.0672297979803779,-0.0672297979803779,200,172
"scenarioB","X_16","indep",0,0,NA,"SSL",0.0364087643476414,0.0364087643476414,200,172
"scenarioB","X_17","indep",0,0,NA,"SSL",0,0,200,172
"scenarioB","X_18","weak",0.3,0,NA,"SSL",0.238525813162245,0.238525813162245,200,172
"scenarioB","X_19","weak",0.3,0,NA,"SSL",0.0872078042662299,0.0872078042662299,200,172
"scenarioB","X_20","weak",0.3,0,NA,"SSL",0,0,200,172
"scenarioB","X_21","weak",0.3,0,NA,"SSL",0.126917852033779,0.126917852033779,200,172
"scenarioB","X_22","strong",0.6,0,NA,"SSL",0,0,200,172
"scenarioB","X_23","strong",0.6,0,NA,"SSL",-0.0220930381311901,-0.0220930381311901,200,172
"scenarioB","X_24","strong",0.6,0,NA,"SSL",0,0,200,172
"scenarioB","X_25","strong",0.6,0,NA,"SSL",0,0,200,172
"scenarioB","X_1","strong",0.6,0.4,0.144721380558823,"LASSO",0,-0.4,200,172
"scenarioB","X_2","strong",0.6,-0.5,-0.299719460368632,"LASSO",0,0.5,200,172
"scenarioB","X_3","weak",0.3,0.6,0.661573036412335,"LASSO",0.363983455568491,-0.236016544431509,200,172
"scenarioB","X_4","weak",0.3,0.75,0.741293216532383,"LASSO",0.451603959506943,-0.298396040493057,200,172
"scenarioB","X_5","indep",0,-0.8,-0.624256456203027,"LASSO",-0.331697740012082,0.468302259987918,200,172
"scenarioB","X_6","indep",0,0,NA,"LASSO",0,0,200,172
"scenarioB","X_7","indep",0,0,NA,"LASSO",0,0,200,172
"scenarioB","X_8","indep",0,0,NA,"LASSO",0,0,200,172
"scenarioB","X_9","indep",0,0,NA,"LASSO",0,0,200,172
"scenarioB","X_10","indep",0,0,NA,"LASSO",0,0,200,172
"scenarioB","X_11","indep",0,0,NA,"LASSO",0,0,200,172
"scenarioB","X_12","indep",0,0,NA,"LASSO",0,0,200,172
"scenarioB","X_13","indep",0,0,NA,"LASSO",0,0,200,172
"scenarioB","X_14","indep",0,0,NA,"LASSO",0,0,200,172
"scenarioB","X_15","indep",0,0,NA,"LASSO",0,0,200,172
"scenarioB","X_16","indep",0,0,NA,"LASSO",0,0,200,172
"scenarioB","X_17","indep",0,0,NA,"LASSO",0,0,200,172
"scenarioB","X_18","weak",0.3,0,NA,"LASSO",0.117127244489492,0.117127244489492,200,172
"scenarioB","X_19","weak",0.3,0,NA,"LASSO",0,0,200,172
"scenarioB","X_20","weak",0.3,0,NA,"LASSO",0,0,200,172
"scenarioB","X_21","weak",0.3,0,NA,"LASSO",0,0,200,172
"scenarioB","X_22","strong",0.6,0,NA,"LASSO",0,0,200,172
"scenarioB","X_23","strong",0.6,0,NA,"LASSO",0,0,200,172
"scenarioB","X_24","strong",0.6,0,NA,"LASSO",0,0,200,172
"scenarioB","X_25","strong",0.6,0,NA,"LASSO",0,0,200,172
"scenarioB","X_1","strong",0.6,0.4,0.441121969100343,"SSL",0,-0.4,200,173
"scenarioB","X_2","strong",0.6,-0.5,-0.57068338106081,"SSL",0,0.5,200,173
"scenarioB","X_3","weak",0.3,0.6,0.575275322118058,"SSL",0.466749323096605,-0.133250676903395,200,173
"scenarioB","X_4","weak",0.3,0.75,0.885903955557713,"SSL",0.762516116789181,0.0125161167891805,200,173
"scenarioB","X_5","indep",0,-0.8,-1.20180784317499,"SSL",-0.939611154559608,-0.139611154559607,200,173
"scenarioB","X_6","indep",0,0,NA,"SSL",0,0,200,173
"scenarioB","X_7","indep",0,0,NA,"SSL",0,0,200,173
"scenarioB","X_8","indep",0,0,NA,"SSL",0,0,200,173
"scenarioB","X_9","indep",0,0,NA,"SSL",0,0,200,173
"scenarioB","X_10","indep",0,0,NA,"SSL",0,0,200,173
"scenarioB","X_11","indep",0,0,NA,"SSL",0,0,200,173
"scenarioB","X_12","indep",0,0,NA,"SSL",0,0,200,173
"scenarioB","X_13","indep",0,0,NA,"SSL",0,0,200,173
"scenarioB","X_14","indep",0,0,NA,"SSL",0,0,200,173
"scenarioB","X_15","indep",0,0,NA,"SSL",0,0,200,173
"scenarioB","X_16","indep",0,0,NA,"SSL",0,0,200,173
"scenarioB","X_17","indep",0,0,NA,"SSL",0,0,200,173
"scenarioB","X_18","weak",0.3,0,NA,"SSL",0,0,200,173
"scenarioB","X_19","weak",0.3,0,NA,"SSL",0,0,200,173
"scenarioB","X_20","weak",0.3,0,NA,"SSL",0,0,200,173
"scenarioB","X_21","weak",0.3,0,NA,"SSL",0,0,200,173
"scenarioB","X_22","strong",0.6,0,NA,"SSL",0,0,200,173
"scenarioB","X_23","strong",0.6,0,NA,"SSL",0,0,200,173
"scenarioB","X_24","strong",0.6,0,NA,"SSL",0,0,200,173
"scenarioB","X_25","strong",0.6,0,NA,"SSL",0,0,200,173
"scenarioB","X_1","strong",0.6,0.4,0.441121969100343,"LASSO",0.125352020402225,-0.274647979597775,200,173
"scenarioB","X_2","strong",0.6,-0.5,-0.57068338106081,"LASSO",-0.194558789935064,0.305441210064936,200,173
"scenarioB","X_3","weak",0.3,0.6,0.575275322118058,"LASSO",0.374387914045248,-0.225612085954752,200,173
"scenarioB","X_4","weak",0.3,0.75,0.885903955557713,"LASSO",0.656702242920355,-0.093297757079645,200,173
"scenarioB","X_5","indep",0,-0.8,-1.20180784317499,"LASSO",-0.801693910143377,-0.00169391014337661,200,173
"scenarioB","X_6","indep",0,0,NA,"LASSO",0,0,200,173
"scenarioB","X_7","indep",0,0,NA,"LASSO",0.0615809599744899,0.0615809599744899,200,173
"scenarioB","X_8","indep",0,0,NA,"LASSO",0,0,200,173
"scenarioB","X_9","indep",0,0,NA,"LASSO",0,0,200,173
"scenarioB","X_10","indep",0,0,NA,"LASSO",0,0,200,173
"scenarioB","X_11","indep",0,0,NA,"LASSO",0,0,200,173
"scenarioB","X_12","indep",0,0,NA,"LASSO",0,0,200,173
"scenarioB","X_13","indep",0,0,NA,"LASSO",-0.0944695573219707,-0.0944695573219707,200,173
"scenarioB","X_14","indep",0,0,NA,"LASSO",0,0,200,173
"scenarioB","X_15","indep",0,0,NA,"LASSO",0,0,200,173
"scenarioB","X_16","indep",0,0,NA,"LASSO",0,0,200,173
"scenarioB","X_17","indep",0,0,NA,"LASSO",0,0,200,173
"scenarioB","X_18","weak",0.3,0,NA,"LASSO",0,0,200,173
"scenarioB","X_19","weak",0.3,0,NA,"LASSO",0,0,200,173
"scenarioB","X_20","weak",0.3,0,NA,"LASSO",0,0,200,173
"scenarioB","X_21","weak",0.3,0,NA,"LASSO",0,0,200,173
"scenarioB","X_22","strong",0.6,0,NA,"LASSO",0,0,200,173
"scenarioB","X_23","strong",0.6,0,NA,"LASSO",0,0,200,173
"scenarioB","X_24","strong",0.6,0,NA,"LASSO",0,0,200,173
"scenarioB","X_25","strong",0.6,0,NA,"LASSO",0,0,200,173
"scenarioB","X_1","strong",0.6,0.4,0.39813207438279,"SSL",0,-0.4,200,174
"scenarioB","X_2","strong",0.6,-0.5,-0.505931460643101,"SSL",0,0.5,200,174
"scenarioB","X_3","weak",0.3,0.6,0.533950027565145,"SSL",0.414018474948764,-0.185981525051236,200,174
"scenarioB","X_4","weak",0.3,0.75,0.8268486050098,"SSL",0.636496446398621,-0.113503553601379,200,174
"scenarioB","X_5","indep",0,-0.8,-0.769623425122278,"SSL",-0.535791190635715,0.264208809364285,200,174
"scenarioB","X_6","indep",0,0,NA,"SSL",0,0,200,174
"scenarioB","X_7","indep",0,0,NA,"SSL",0,0,200,174
"scenarioB","X_8","indep",0,0,NA,"SSL",0,0,200,174
"scenarioB","X_9","indep",0,0,NA,"SSL",0,0,200,174
"scenarioB","X_10","indep",0,0,NA,"SSL",0,0,200,174
"scenarioB","X_11","indep",0,0,NA,"SSL",0,0,200,174
"scenarioB","X_12","indep",0,0,NA,"SSL",0,0,200,174
"scenarioB","X_13","indep",0,0,NA,"SSL",0,0,200,174
"scenarioB","X_14","indep",0,0,NA,"SSL",0,0,200,174
"scenarioB","X_15","indep",0,0,NA,"SSL",0,0,200,174
"scenarioB","X_16","indep",0,0,NA,"SSL",0,0,200,174
"scenarioB","X_17","indep",0,0,NA,"SSL",0,0,200,174
"scenarioB","X_18","weak",0.3,0,NA,"SSL",0,0,200,174
"scenarioB","X_19","weak",0.3,0,NA,"SSL",0,0,200,174
"scenarioB","X_20","weak",0.3,0,NA,"SSL",0,0,200,174
"scenarioB","X_21","weak",0.3,0,NA,"SSL",0,0,200,174
"scenarioB","X_22","strong",0.6,0,NA,"SSL",0,0,200,174
"scenarioB","X_23","strong",0.6,0,NA,"SSL",0,0,200,174
"scenarioB","X_24","strong",0.6,0,NA,"SSL",0,0,200,174
"scenarioB","X_25","strong",0.6,0,NA,"SSL",0,0,200,174
"scenarioB","X_1","strong",0.6,0.4,0.39813207438279,"LASSO",0,-0.4,200,174
"scenarioB","X_2","strong",0.6,-0.5,-0.505931460643101,"LASSO",0,0.5,200,174
"scenarioB","X_3","weak",0.3,0.6,0.533950027565145,"LASSO",0.299936947348665,-0.300063052651335,200,174
"scenarioB","X_4","weak",0.3,0.75,0.8268486050098,"LASSO",0.497170063283315,-0.252829936716685,200,174
"scenarioB","X_5","indep",0,-0.8,-0.769623425122278,"LASSO",-0.387508684214264,0.412491315785736,200,174
"scenarioB","X_6","indep",0,0,NA,"LASSO",0,0,200,174
"scenarioB","X_7","indep",0,0,NA,"LASSO",0,0,200,174
"scenarioB","X_8","indep",0,0,NA,"LASSO",0,0,200,174
"scenarioB","X_9","indep",0,0,NA,"LASSO",0,0,200,174
"scenarioB","X_10","indep",0,0,NA,"LASSO",0,0,200,174
"scenarioB","X_11","indep",0,0,NA,"LASSO",0,0,200,174
"scenarioB","X_12","indep",0,0,NA,"LASSO",0,0,200,174
"scenarioB","X_13","indep",0,0,NA,"LASSO",0,0,200,174
"scenarioB","X_14","indep",0,0,NA,"LASSO",0,0,200,174
"scenarioB","X_15","indep",0,0,NA,"LASSO",0,0,200,174
"scenarioB","X_16","indep",0,0,NA,"LASSO",0,0,200,174
"scenarioB","X_17","indep",0,0,NA,"LASSO",0,0,200,174
"scenarioB","X_18","weak",0.3,0,NA,"LASSO",0,0,200,174
"scenarioB","X_19","weak",0.3,0,NA,"LASSO",0,0,200,174
"scenarioB","X_20","weak",0.3,0,NA,"LASSO",0,0,200,174
"scenarioB","X_21","weak",0.3,0,NA,"LASSO",0,0,200,174
"scenarioB","X_22","strong",0.6,0,NA,"LASSO",0,0,200,174
"scenarioB","X_23","strong",0.6,0,NA,"LASSO",0,0,200,174
"scenarioB","X_24","strong",0.6,0,NA,"LASSO",0,0,200,174
"scenarioB","X_25","strong",0.6,0,NA,"LASSO",0,0,200,174
"scenarioB","X_1","strong",0.6,0.4,0.478055446139208,"SSL",0,-0.4,200,175
"scenarioB","X_2","strong",0.6,-0.5,-0.561594835250149,"SSL",0,0.5,200,175
"scenarioB","X_3","weak",0.3,0.6,0.508548041701206,"SSL",0.47512348436786,-0.12487651563214,200,175
"scenarioB","X_4","weak",0.3,0.75,0.831785674954449,"SSL",0.793303764663069,0.043303764663069,200,175
"scenarioB","X_5","indep",0,-0.8,-0.654946391687562,"SSL",-0.571349670355934,0.228650329644066,200,175
"scenarioB","X_6","indep",0,0,NA,"SSL",0,0,200,175
"scenarioB","X_7","indep",0,0,NA,"SSL",0,0,200,175
"scenarioB","X_8","indep",0,0,NA,"SSL",0,0,200,175
"scenarioB","X_9","indep",0,0,NA,"SSL",0,0,200,175
"scenarioB","X_10","indep",0,0,NA,"SSL",0,0,200,175
"scenarioB","X_11","indep",0,0,NA,"SSL",0,0,200,175
"scenarioB","X_12","indep",0,0,NA,"SSL",0,0,200,175
"scenarioB","X_13","indep",0,0,NA,"SSL",0,0,200,175
"scenarioB","X_14","indep",0,0,NA,"SSL",0,0,200,175
"scenarioB","X_15","indep",0,0,NA,"SSL",0,0,200,175
"scenarioB","X_16","indep",0,0,NA,"SSL",0,0,200,175
"scenarioB","X_17","indep",0,0,NA,"SSL",0,0,200,175
"scenarioB","X_18","weak",0.3,0,NA,"SSL",0,0,200,175
"scenarioB","X_19","weak",0.3,0,NA,"SSL",0,0,200,175
"scenarioB","X_20","weak",0.3,0,NA,"SSL",0,0,200,175
"scenarioB","X_21","weak",0.3,0,NA,"SSL",0,0,200,175
"scenarioB","X_22","strong",0.6,0,NA,"SSL",0,0,200,175
"scenarioB","X_23","strong",0.6,0,NA,"SSL",0,0,200,175
"scenarioB","X_24","strong",0.6,0,NA,"SSL",0,0,200,175
"scenarioB","X_25","strong",0.6,0,NA,"SSL",0,0,200,175
"scenarioB","X_1","strong",0.6,0.4,0.478055446139208,"LASSO",0,-0.4,200,175
"scenarioB","X_2","strong",0.6,-0.5,-0.561594835250149,"LASSO",-0.0342144724587542,0.465785527541246,200,175
"scenarioB","X_3","weak",0.3,0.6,0.508548041701206,"LASSO",0.272800451879805,-0.327199548120195,200,175
"scenarioB","X_4","weak",0.3,0.75,0.831785674954449,"LASSO",0.582673625378648,-0.167326374621352,200,175
"scenarioB","X_5","indep",0,-0.8,-0.654946391687562,"LASSO",-0.301792096189367,0.498207903810634,200,175
"scenarioB","X_6","indep",0,0,NA,"LASSO",0,0,200,175
"scenarioB","X_7","indep",0,0,NA,"LASSO",0,0,200,175
"scenarioB","X_8","indep",0,0,NA,"LASSO",0,0,200,175
"scenarioB","X_9","indep",0,0,NA,"LASSO",0,0,200,175
"scenarioB","X_10","indep",0,0,NA,"LASSO",0,0,200,175
"scenarioB","X_11","indep",0,0,NA,"LASSO",0,0,200,175
"scenarioB","X_12","indep",0,0,NA,"LASSO",0,0,200,175
"scenarioB","X_13","indep",0,0,NA,"LASSO",0,0,200,175
"scenarioB","X_14","indep",0,0,NA,"LASSO",0,0,200,175
"scenarioB","X_15","indep",0,0,NA,"LASSO",0,0,200,175
"scenarioB","X_16","indep",0,0,NA,"LASSO",0,0,200,175
"scenarioB","X_17","indep",0,0,NA,"LASSO",0,0,200,175
"scenarioB","X_18","weak",0.3,0,NA,"LASSO",0,0,200,175
"scenarioB","X_19","weak",0.3,0,NA,"LASSO",0,0,200,175
"scenarioB","X_20","weak",0.3,0,NA,"LASSO",0,0,200,175
"scenarioB","X_21","weak",0.3,0,NA,"LASSO",0,0,200,175
"scenarioB","X_22","strong",0.6,0,NA,"LASSO",0,0,200,175
"scenarioB","X_23","strong",0.6,0,NA,"LASSO",0,0,200,175
"scenarioB","X_24","strong",0.6,0,NA,"LASSO",0,0,200,175
"scenarioB","X_25","strong",0.6,0,NA,"LASSO",0,0,200,175
"scenarioB","X_1","strong",0.6,0.4,0.474034281112204,"SSL",0,-0.4,200,176
"scenarioB","X_2","strong",0.6,-0.5,-0.621024526226678,"SSL",-0.261798036540721,0.238201963459279,200,176
"scenarioB","X_3","weak",0.3,0.6,0.844771408133489,"SSL",0.682191897738126,0.0821918977381262,200,176
"scenarioB","X_4","weak",0.3,0.75,0.614829105902785,"SSL",0.483532684162776,-0.266467315837224,200,176
"scenarioB","X_5","indep",0,-0.8,-0.986552270664438,"SSL",-0.828529987168815,-0.0285299871688152,200,176
"scenarioB","X_6","indep",0,0,NA,"SSL",0,0,200,176
"scenarioB","X_7","indep",0,0,NA,"SSL",0,0,200,176
"scenarioB","X_8","indep",0,0,NA,"SSL",0,0,200,176
"scenarioB","X_9","indep",0,0,NA,"SSL",0,0,200,176
"scenarioB","X_10","indep",0,0,NA,"SSL",0,0,200,176
"scenarioB","X_11","indep",0,0,NA,"SSL",0,0,200,176
"scenarioB","X_12","indep",0,0,NA,"SSL",0,0,200,176
"scenarioB","X_13","indep",0,0,NA,"SSL",0,0,200,176
"scenarioB","X_14","indep",0,0,NA,"SSL",0,0,200,176
"scenarioB","X_15","indep",0,0,NA,"SSL",0,0,200,176
"scenarioB","X_16","indep",0,0,NA,"SSL",0,0,200,176
"scenarioB","X_17","indep",0,0,NA,"SSL",0,0,200,176
"scenarioB","X_18","weak",0.3,0,NA,"SSL",0,0,200,176
"scenarioB","X_19","weak",0.3,0,NA,"SSL",0,0,200,176
"scenarioB","X_20","weak",0.3,0,NA,"SSL",0,0,200,176
"scenarioB","X_21","weak",0.3,0,NA,"SSL",0,0,200,176
"scenarioB","X_22","strong",0.6,0,NA,"SSL",0,0,200,176
"scenarioB","X_23","strong",0.6,0,NA,"SSL",0,0,200,176
"scenarioB","X_24","strong",0.6,0,NA,"SSL",0,0,200,176
"scenarioB","X_25","strong",0.6,0,NA,"SSL",0,0,200,176
"scenarioB","X_1","strong",0.6,0.4,0.474034281112204,"LASSO",0.175787969632358,-0.224212030367642,200,176
"scenarioB","X_2","strong",0.6,-0.5,-0.621024526226678,"LASSO",-0.328915977252628,0.171084022747372,200,176
"scenarioB","X_3","weak",0.3,0.6,0.844771408133489,"LASSO",0.706634662990882,0.106634662990882,200,176
"scenarioB","X_4","weak",0.3,0.75,0.614829105902785,"LASSO",0.474382868954339,-0.275617131045661,200,176
"scenarioB","X_5","indep",0,-0.8,-0.986552270664438,"LASSO",-0.809311539469383,-0.00931153946938257,200,176
"scenarioB","X_6","indep",0,0,NA,"LASSO",0,0,200,176
"scenarioB","X_7","indep",0,0,NA,"LASSO",0,0,200,176
"scenarioB","X_8","indep",0,0,NA,"LASSO",0,0,200,176
"scenarioB","X_9","indep",0,0,NA,"LASSO",0,0,200,176
"scenarioB","X_10","indep",0,0,NA,"LASSO",0,0,200,176
"scenarioB","X_11","indep",0,0,NA,"LASSO",0,0,200,176
"scenarioB","X_12","indep",0,0,NA,"LASSO",0,0,200,176
"scenarioB","X_13","indep",0,0,NA,"LASSO",0.0969519963733004,0.0969519963733004,200,176
"scenarioB","X_14","indep",0,0,NA,"LASSO",0,0,200,176
"scenarioB","X_15","indep",0,0,NA,"LASSO",0,0,200,176
"scenarioB","X_16","indep",0,0,NA,"LASSO",0,0,200,176
"scenarioB","X_17","indep",0,0,NA,"LASSO",0,0,200,176
"scenarioB","X_18","weak",0.3,0,NA,"LASSO",0,0,200,176
"scenarioB","X_19","weak",0.3,0,NA,"LASSO",0,0,200,176
"scenarioB","X_20","weak",0.3,0,NA,"LASSO",0,0,200,176
"scenarioB","X_21","weak",0.3,0,NA,"LASSO",0,0,200,176
"scenarioB","X_22","strong",0.6,0,NA,"LASSO",0,0,200,176
"scenarioB","X_23","strong",0.6,0,NA,"LASSO",0,0,200,176
"scenarioB","X_24","strong",0.6,0,NA,"LASSO",0,0,200,176
"scenarioB","X_25","strong",0.6,0,NA,"LASSO",0,0,200,176
"scenarioB","X_1","strong",0.6,0.4,0.50842993051278,"SSL",0,-0.4,200,177
"scenarioB","X_2","strong",0.6,-0.5,-0.641734601544129,"SSL",-0.435826769368372,0.0641732306316282,200,177
"scenarioB","X_3","weak",0.3,0.6,0.612325866721885,"SSL",0.54276839517327,-0.0572316048267301,200,177
"scenarioB","X_4","weak",0.3,0.75,0.925272920312986,"SSL",0.958437363250041,0.208437363250041,200,177
"scenarioB","X_5","indep",0,-0.8,-0.915845423430103,"SSL",-0.857065944490161,-0.0570659444901608,200,177
"scenarioB","X_6","indep",0,0,NA,"SSL",0,0,200,177
"scenarioB","X_7","indep",0,0,NA,"SSL",0,0,200,177
"scenarioB","X_8","indep",0,0,NA,"SSL",0,0,200,177
"scenarioB","X_9","indep",0,0,NA,"SSL",0,0,200,177
"scenarioB","X_10","indep",0,0,NA,"SSL",0,0,200,177
"scenarioB","X_11","indep",0,0,NA,"SSL",0,0,200,177
"scenarioB","X_12","indep",0,0,NA,"SSL",0,0,200,177
"scenarioB","X_13","indep",0,0,NA,"SSL",0,0,200,177
"scenarioB","X_14","indep",0,0,NA,"SSL",0,0,200,177
"scenarioB","X_15","indep",0,0,NA,"SSL",0,0,200,177
"scenarioB","X_16","indep",0,0,NA,"SSL",0,0,200,177
"scenarioB","X_17","indep",0,0,NA,"SSL",0.222616406308305,0.222616406308305,200,177
"scenarioB","X_18","weak",0.3,0,NA,"SSL",0,0,200,177
"scenarioB","X_19","weak",0.3,0,NA,"SSL",0,0,200,177
"scenarioB","X_20","weak",0.3,0,NA,"SSL",0,0,200,177
"scenarioB","X_21","weak",0.3,0,NA,"SSL",0,0,200,177
"scenarioB","X_22","strong",0.6,0,NA,"SSL",0,0,200,177
"scenarioB","X_23","strong",0.6,0,NA,"SSL",0,0,200,177
"scenarioB","X_24","strong",0.6,0,NA,"SSL",0.267954728269189,0.267954728269189,200,177
"scenarioB","X_25","strong",0.6,0,NA,"SSL",0.187030960832278,0.187030960832278,200,177
"scenarioB","X_1","strong",0.6,0.4,0.50842993051278,"LASSO",0,-0.4,200,177
"scenarioB","X_2","strong",0.6,-0.5,-0.641734601544129,"LASSO",-0.0751027874243436,0.424897212575656,200,177
"scenarioB","X_3","weak",0.3,0.6,0.612325866721885,"LASSO",0.373885365158367,-0.226114634841633,200,177
"scenarioB","X_4","weak",0.3,0.75,0.925272920312986,"LASSO",0.748066675914721,-0.00193332408527946,200,177
"scenarioB","X_5","indep",0,-0.8,-0.915845423430103,"LASSO",-0.664513804428302,0.135486195571698,200,177
"scenarioB","X_6","indep",0,0,NA,"LASSO",0,0,200,177
"scenarioB","X_7","indep",0,0,NA,"LASSO",0,0,200,177
"scenarioB","X_8","indep",0,0,NA,"LASSO",0,0,200,177
"scenarioB","X_9","indep",0,0,NA,"LASSO",0,0,200,177
"scenarioB","X_10","indep",0,0,NA,"LASSO",0,0,200,177
"scenarioB","X_11","indep",0,0,NA,"LASSO",0,0,200,177
"scenarioB","X_12","indep",0,0,NA,"LASSO",0,0,200,177
"scenarioB","X_13","indep",0,0,NA,"LASSO",0,0,200,177
"scenarioB","X_14","indep",0,0,NA,"LASSO",0,0,200,177
"scenarioB","X_15","indep",0,0,NA,"LASSO",0,0,200,177
"scenarioB","X_16","indep",0,0,NA,"LASSO",0,0,200,177
"scenarioB","X_17","indep",0,0,NA,"LASSO",0.0988791019605571,0.0988791019605571,200,177
"scenarioB","X_18","weak",0.3,0,NA,"LASSO",0,0,200,177
"scenarioB","X_19","weak",0.3,0,NA,"LASSO",0,0,200,177
"scenarioB","X_20","weak",0.3,0,NA,"LASSO",0,0,200,177
"scenarioB","X_21","weak",0.3,0,NA,"LASSO",0,0,200,177
"scenarioB","X_22","strong",0.6,0,NA,"LASSO",0,0,200,177
"scenarioB","X_23","strong",0.6,0,NA,"LASSO",0,0,200,177
"scenarioB","X_24","strong",0.6,0,NA,"LASSO",0,0,200,177
"scenarioB","X_25","strong",0.6,0,NA,"LASSO",0,0,200,177
"scenarioB","X_1","strong",0.6,0.4,0.621336925314889,"SSL",0.418990546605508,0.0189905466055081,200,178
"scenarioB","X_2","strong",0.6,-0.5,-0.59935098324833,"SSL",-0.664603653426707,-0.164603653426707,200,178
"scenarioB","X_3","weak",0.3,0.6,0.333573999449859,"SSL",0.359215587691189,-0.240784412308811,200,178
"scenarioB","X_4","weak",0.3,0.75,0.850155339268267,"SSL",0.807601840652881,0.0576018406528811,200,178
"scenarioB","X_5","indep",0,-0.8,-0.720829642024698,"SSL",-0.762089741832671,0.0379102581673288,200,178
"scenarioB","X_6","indep",0,0,NA,"SSL",0,0,200,178
"scenarioB","X_7","indep",0,0,NA,"SSL",0.208736613848861,0.208736613848861,200,178
"scenarioB","X_8","indep",0,0,NA,"SSL",0.172603510584657,0.172603510584657,200,178
"scenarioB","X_9","indep",0,0,NA,"SSL",0,0,200,178
"scenarioB","X_10","indep",0,0,NA,"SSL",0.0829977555472991,0.0829977555472991,200,178
"scenarioB","X_11","indep",0,0,NA,"SSL",0,0,200,178
"scenarioB","X_12","indep",0,0,NA,"SSL",0.217079932567567,0.217079932567567,200,178
"scenarioB","X_13","indep",0,0,NA,"SSL",-0.0332736028314104,-0.0332736028314104,200,178
"scenarioB","X_14","indep",0,0,NA,"SSL",0,0,200,178
"scenarioB","X_15","indep",0,0,NA,"SSL",-0.0807681933785588,-0.0807681933785588,200,178
"scenarioB","X_16","indep",0,0,NA,"SSL",-0.0861662590071043,-0.0861662590071043,200,178
"scenarioB","X_17","indep",0,0,NA,"SSL",0.0754010354836175,0.0754010354836175,200,178
"scenarioB","X_18","weak",0.3,0,NA,"SSL",0.0602812453086356,0.0602812453086356,200,178
"scenarioB","X_19","weak",0.3,0,NA,"SSL",-0.123151570660462,-0.123151570660462,200,178
"scenarioB","X_20","weak",0.3,0,NA,"SSL",0.190613638367954,0.190613638367954,200,178
"scenarioB","X_21","weak",0.3,0,NA,"SSL",0.077944366920047,0.077944366920047,200,178
"scenarioB","X_22","strong",0.6,0,NA,"SSL",0.275874532252342,0.275874532252342,200,178
"scenarioB","X_23","strong",0.6,0,NA,"SSL",-0.252792111734645,-0.252792111734645,200,178
"scenarioB","X_24","strong",0.6,0,NA,"SSL",0.217626213459524,0.217626213459524,200,178
"scenarioB","X_25","strong",0.6,0,NA,"SSL",0,0,200,178
"scenarioB","X_1","strong",0.6,0.4,0.621336925314889,"LASSO",0.242696045037735,-0.157303954962265,200,178
"scenarioB","X_2","strong",0.6,-0.5,-0.59935098324833,"LASSO",-0.261375092733624,0.238624907266376,200,178
"scenarioB","X_3","weak",0.3,0.6,0.333573999449859,"LASSO",0.200716464403297,-0.399283535596702,200,178
"scenarioB","X_4","weak",0.3,0.75,0.850155339268267,"LASSO",0.599763798462399,-0.150236201537601,200,178
"scenarioB","X_5","indep",0,-0.8,-0.720829642024698,"LASSO",-0.565710723319179,0.234289276680821,200,178
"scenarioB","X_6","indep",0,0,NA,"LASSO",0,0,200,178
"scenarioB","X_7","indep",0,0,NA,"LASSO",0.0529306979270246,0.0529306979270246,200,178
"scenarioB","X_8","indep",0,0,NA,"LASSO",0,0,200,178
"scenarioB","X_9","indep",0,0,NA,"LASSO",0,0,200,178
"scenarioB","X_10","indep",0,0,NA,"LASSO",0,0,200,178
"scenarioB","X_11","indep",0,0,NA,"LASSO",0,0,200,178
"scenarioB","X_12","indep",0,0,NA,"LASSO",0.0209403006503832,0.0209403006503832,200,178
"scenarioB","X_13","indep",0,0,NA,"LASSO",0,0,200,178
"scenarioB","X_14","indep",0,0,NA,"LASSO",0,0,200,178
"scenarioB","X_15","indep",0,0,NA,"LASSO",0,0,200,178
"scenarioB","X_16","indep",0,0,NA,"LASSO",0,0,200,178
"scenarioB","X_17","indep",0,0,NA,"LASSO",0,0,200,178
"scenarioB","X_18","weak",0.3,0,NA,"LASSO",0,0,200,178
"scenarioB","X_19","weak",0.3,0,NA,"LASSO",0,0,200,178
"scenarioB","X_20","weak",0.3,0,NA,"LASSO",0.0433343494324395,0.0433343494324395,200,178
"scenarioB","X_21","weak",0.3,0,NA,"LASSO",0.0156513480793568,0.0156513480793568,200,178
"scenarioB","X_22","strong",0.6,0,NA,"LASSO",0,0,200,178
"scenarioB","X_23","strong",0.6,0,NA,"LASSO",0,0,200,178
"scenarioB","X_24","strong",0.6,0,NA,"LASSO",0,0,200,178
"scenarioB","X_25","strong",0.6,0,NA,"LASSO",0,0,200,178
"scenarioB","X_1","strong",0.6,0.4,0.378908727918039,"SSL",0.170253416784856,-0.229746583215144,200,179
"scenarioB","X_2","strong",0.6,-0.5,-0.493138046844333,"SSL",-0.294233427740123,0.205766572259877,200,179
"scenarioB","X_3","weak",0.3,0.6,0.65522774361291,"SSL",0.588559863515339,-0.0114401364846607,200,179
"scenarioB","X_4","weak",0.3,0.75,0.808925180088525,"SSL",0.71738714352835,-0.0326128564716504,200,179
"scenarioB","X_5","indep",0,-0.8,-0.745704018199069,"SSL",-0.651862025541464,0.148137974458536,200,179
"scenarioB","X_6","indep",0,0,NA,"SSL",0,0,200,179
"scenarioB","X_7","indep",0,0,NA,"SSL",0,0,200,179
"scenarioB","X_8","indep",0,0,NA,"SSL",0,0,200,179
"scenarioB","X_9","indep",0,0,NA,"SSL",0,0,200,179
"scenarioB","X_10","indep",0,0,NA,"SSL",0,0,200,179
"scenarioB","X_11","indep",0,0,NA,"SSL",0,0,200,179
"scenarioB","X_12","indep",0,0,NA,"SSL",0.204601532924809,0.204601532924809,200,179
"scenarioB","X_13","indep",0,0,NA,"SSL",0,0,200,179
"scenarioB","X_14","indep",0,0,NA,"SSL",0,0,200,179
"scenarioB","X_15","indep",0,0,NA,"SSL",0,0,200,179
"scenarioB","X_16","indep",0,0,NA,"SSL",0,0,200,179
"scenarioB","X_17","indep",0,0,NA,"SSL",0,0,200,179
"scenarioB","X_18","weak",0.3,0,NA,"SSL",0,0,200,179
"scenarioB","X_19","weak",0.3,0,NA,"SSL",0,0,200,179
"scenarioB","X_20","weak",0.3,0,NA,"SSL",0,0,200,179
"scenarioB","X_21","weak",0.3,0,NA,"SSL",0,0,200,179
"scenarioB","X_22","strong",0.6,0,NA,"SSL",0,0,200,179
"scenarioB","X_23","strong",0.6,0,NA,"SSL",0,0,200,179
"scenarioB","X_24","strong",0.6,0,NA,"SSL",0,0,200,179
"scenarioB","X_25","strong",0.6,0,NA,"SSL",0,0,200,179
"scenarioB","X_1","strong",0.6,0.4,0.378908727918039,"LASSO",0,-0.4,200,179
"scenarioB","X_2","strong",0.6,-0.5,-0.493138046844333,"LASSO",-0.100519989724478,0.399480010275522,200,179
"scenarioB","X_3","weak",0.3,0.6,0.65522774361291,"LASSO",0.476692861357786,-0.123307138642214,200,179
"scenarioB","X_4","weak",0.3,0.75,0.808925180088525,"LASSO",0.59715373123443,-0.15284626876557,200,179
"scenarioB","X_5","indep",0,-0.8,-0.745704018199069,"LASSO",-0.468934749396045,0.331065250603955,200,179
"scenarioB","X_6","indep",0,0,NA,"LASSO",0,0,200,179
"scenarioB","X_7","indep",0,0,NA,"LASSO",0,0,200,179
"scenarioB","X_8","indep",0,0,NA,"LASSO",0,0,200,179
"scenarioB","X_9","indep",0,0,NA,"LASSO",0,0,200,179
"scenarioB","X_10","indep",0,0,NA,"LASSO",0,0,200,179
"scenarioB","X_11","indep",0,0,NA,"LASSO",0,0,200,179
"scenarioB","X_12","indep",0,0,NA,"LASSO",0.119488809233388,0.119488809233388,200,179
"scenarioB","X_13","indep",0,0,NA,"LASSO",0,0,200,179
"scenarioB","X_14","indep",0,0,NA,"LASSO",0,0,200,179
"scenarioB","X_15","indep",0,0,NA,"LASSO",0,0,200,179
"scenarioB","X_16","indep",0,0,NA,"LASSO",0,0,200,179
"scenarioB","X_17","indep",0,0,NA,"LASSO",0,0,200,179
"scenarioB","X_18","weak",0.3,0,NA,"LASSO",0,0,200,179
"scenarioB","X_19","weak",0.3,0,NA,"LASSO",0,0,200,179
"scenarioB","X_20","weak",0.3,0,NA,"LASSO",0,0,200,179
"scenarioB","X_21","weak",0.3,0,NA,"LASSO",0,0,200,179
"scenarioB","X_22","strong",0.6,0,NA,"LASSO",0,0,200,179
"scenarioB","X_23","strong",0.6,0,NA,"LASSO",0,0,200,179
"scenarioB","X_24","strong",0.6,0,NA,"LASSO",0,0,200,179
"scenarioB","X_25","strong",0.6,0,NA,"LASSO",0,0,200,179
"scenarioB","X_1","strong",0.6,0.4,0.877884628861133,"SSL",0.690081206052099,0.290081206052099,200,180
"scenarioB","X_2","strong",0.6,-0.5,-0.726637001182038,"SSL",-0.509161568120307,-0.00916156812030677,200,180
"scenarioB","X_3","weak",0.3,0.6,0.586976951125513,"SSL",0.299250115779787,-0.300749884220213,200,180
"scenarioB","X_4","weak",0.3,0.75,0.675546362583597,"SSL",0.52292964196625,-0.22707035803375,200,180
"scenarioB","X_5","indep",0,-0.8,-1.00465944153108,"SSL",-0.975854024827548,-0.175854024827548,200,180
"scenarioB","X_6","indep",0,0,NA,"SSL",0,0,200,180
"scenarioB","X_7","indep",0,0,NA,"SSL",0,0,200,180
"scenarioB","X_8","indep",0,0,NA,"SSL",0,0,200,180
"scenarioB","X_9","indep",0,0,NA,"SSL",0,0,200,180
"scenarioB","X_10","indep",0,0,NA,"SSL",0,0,200,180
"scenarioB","X_11","indep",0,0,NA,"SSL",0.134253480773923,0.134253480773923,200,180
"scenarioB","X_12","indep",0,0,NA,"SSL",-0.184715235069175,-0.184715235069175,200,180
"scenarioB","X_13","indep",0,0,NA,"SSL",0,0,200,180
"scenarioB","X_14","indep",0,0,NA,"SSL",0,0,200,180
"scenarioB","X_15","indep",0,0,NA,"SSL",0,0,200,180
"scenarioB","X_16","indep",0,0,NA,"SSL",0,0,200,180
"scenarioB","X_17","indep",0,0,NA,"SSL",0,0,200,180
"scenarioB","X_18","weak",0.3,0,NA,"SSL",0.125271361066557,0.125271361066557,200,180
"scenarioB","X_19","weak",0.3,0,NA,"SSL",0.154621959355199,0.154621959355199,200,180
"scenarioB","X_20","weak",0.3,0,NA,"SSL",0.212128561451401,0.212128561451401,200,180
"scenarioB","X_21","weak",0.3,0,NA,"SSL",0,0,200,180
"scenarioB","X_22","strong",0.6,0,NA,"SSL",-0.0933566856498372,-0.0933566856498372,200,180
"scenarioB","X_23","strong",0.6,0,NA,"SSL",0,0,200,180
"scenarioB","X_24","strong",0.6,0,NA,"SSL",0,0,200,180
"scenarioB","X_25","strong",0.6,0,NA,"SSL",0.183240814492999,0.183240814492999,200,180
"scenarioB","X_1","strong",0.6,0.4,0.877884628861133,"LASSO",0.384299719785329,-0.0157002802146707,200,180
"scenarioB","X_2","strong",0.6,-0.5,-0.726637001182038,"LASSO",-0.2132536021394,0.2867463978606,200,180
"scenarioB","X_3","weak",0.3,0.6,0.586976951125513,"LASSO",0.264831173859134,-0.335168826140866,200,180
"scenarioB","X_4","weak",0.3,0.75,0.675546362583597,"LASSO",0.392426360690786,-0.357573639309214,200,180
"scenarioB","X_5","indep",0,-0.8,-1.00465944153108,"LASSO",-0.762422726199545,0.0375772738004546,200,180
"scenarioB","X_6","indep",0,0,NA,"LASSO",0,0,200,180
"scenarioB","X_7","indep",0,0,NA,"LASSO",0,0,200,180
"scenarioB","X_8","indep",0,0,NA,"LASSO",0,0,200,180
"scenarioB","X_9","indep",0,0,NA,"LASSO",0,0,200,180
"scenarioB","X_10","indep",0,0,NA,"LASSO",0,0,200,180
"scenarioB","X_11","indep",0,0,NA,"LASSO",0.0226938085884677,0.0226938085884677,200,180
"scenarioB","X_12","indep",0,0,NA,"LASSO",-0.0943580767986682,-0.0943580767986682,200,180
"scenarioB","X_13","indep",0,0,NA,"LASSO",0,0,200,180
"scenarioB","X_14","indep",0,0,NA,"LASSO",0,0,200,180
"scenarioB","X_15","indep",0,0,NA,"LASSO",0,0,200,180
"scenarioB","X_16","indep",0,0,NA,"LASSO",0,0,200,180
"scenarioB","X_17","indep",0,0,NA,"LASSO",0,0,200,180
"scenarioB","X_18","weak",0.3,0,NA,"LASSO",0.0459898889903796,0.0459898889903796,200,180
"scenarioB","X_19","weak",0.3,0,NA,"LASSO",0.0901997607602904,0.0901997607602904,200,180
"scenarioB","X_20","weak",0.3,0,NA,"LASSO",0.179401388294306,0.179401388294306,200,180
"scenarioB","X_21","weak",0.3,0,NA,"LASSO",0,0,200,180
"scenarioB","X_22","strong",0.6,0,NA,"LASSO",0,0,200,180
"scenarioB","X_23","strong",0.6,0,NA,"LASSO",0,0,200,180
"scenarioB","X_24","strong",0.6,0,NA,"LASSO",0,0,200,180
"scenarioB","X_25","strong",0.6,0,NA,"LASSO",0,0,200,180
"scenarioB","X_1","strong",0.6,0.4,0.483317151386407,"SSL",0.335916227852206,-0.0640837721477945,200,181
"scenarioB","X_2","strong",0.6,-0.5,-0.603174474136702,"SSL",-0.453766815558583,0.0462331844414166,200,181
"scenarioB","X_3","weak",0.3,0.6,0.600282274838859,"SSL",0.528186150394626,-0.0718138496053743,200,181
"scenarioB","X_4","weak",0.3,0.75,0.773898502245915,"SSL",0.687036319810009,-0.0629636801899912,200,181
"scenarioB","X_5","indep",0,-0.8,-0.857242391472175,"SSL",-0.787176121684321,0.0128238783156785,200,181
"scenarioB","X_6","indep",0,0,NA,"SSL",0,0,200,181
"scenarioB","X_7","indep",0,0,NA,"SSL",0,0,200,181
"scenarioB","X_8","indep",0,0,NA,"SSL",0,0,200,181
"scenarioB","X_9","indep",0,0,NA,"SSL",0,0,200,181
"scenarioB","X_10","indep",0,0,NA,"SSL",0,0,200,181
"scenarioB","X_11","indep",0,0,NA,"SSL",0,0,200,181
"scenarioB","X_12","indep",0,0,NA,"SSL",0,0,200,181
"scenarioB","X_13","indep",0,0,NA,"SSL",0,0,200,181
"scenarioB","X_14","indep",0,0,NA,"SSL",0,0,200,181
"scenarioB","X_15","indep",0,0,NA,"SSL",0,0,200,181
"scenarioB","X_16","indep",0,0,NA,"SSL",0,0,200,181
"scenarioB","X_17","indep",0,0,NA,"SSL",0,0,200,181
"scenarioB","X_18","weak",0.3,0,NA,"SSL",0,0,200,181
"scenarioB","X_19","weak",0.3,0,NA,"SSL",0,0,200,181
"scenarioB","X_20","weak",0.3,0,NA,"SSL",0,0,200,181
"scenarioB","X_21","weak",0.3,0,NA,"SSL",0,0,200,181
"scenarioB","X_22","strong",0.6,0,NA,"SSL",0,0,200,181
"scenarioB","X_23","strong",0.6,0,NA,"SSL",0,0,200,181
"scenarioB","X_24","strong",0.6,0,NA,"SSL",0,0,200,181
"scenarioB","X_25","strong",0.6,0,NA,"SSL",0,0,200,181
"scenarioB","X_1","strong",0.6,0.4,0.483317151386407,"LASSO",0.185207413975825,-0.214792586024175,200,181
"scenarioB","X_2","strong",0.6,-0.5,-0.603174474136702,"LASSO",-0.391629639628383,0.108370360371617,200,181
"scenarioB","X_3","weak",0.3,0.6,0.600282274838859,"LASSO",0.473256206944509,-0.126743793055491,200,181
"scenarioB","X_4","weak",0.3,0.75,0.773898502245915,"LASSO",0.642808590928292,-0.107191409071708,200,181
"scenarioB","X_5","indep",0,-0.8,-0.857242391472175,"LASSO",-0.744235386851635,0.0557646131483654,200,181
"scenarioB","X_6","indep",0,0,NA,"LASSO",0,0,200,181
"scenarioB","X_7","indep",0,0,NA,"LASSO",0,0,200,181
"scenarioB","X_8","indep",0,0,NA,"LASSO",0,0,200,181
"scenarioB","X_9","indep",0,0,NA,"LASSO",0,0,200,181
"scenarioB","X_10","indep",0,0,NA,"LASSO",0,0,200,181
"scenarioB","X_11","indep",0,0,NA,"LASSO",0,0,200,181
"scenarioB","X_12","indep",0,0,NA,"LASSO",0,0,200,181
"scenarioB","X_13","indep",0,0,NA,"LASSO",0,0,200,181
"scenarioB","X_14","indep",0,0,NA,"LASSO",0,0,200,181
"scenarioB","X_15","indep",0,0,NA,"LASSO",-0.0509385029092772,-0.0509385029092772,200,181
"scenarioB","X_16","indep",0,0,NA,"LASSO",0,0,200,181
"scenarioB","X_17","indep",0,0,NA,"LASSO",0,0,200,181
"scenarioB","X_18","weak",0.3,0,NA,"LASSO",0,0,200,181
"scenarioB","X_19","weak",0.3,0,NA,"LASSO",0.0538280150707284,0.0538280150707284,200,181
"scenarioB","X_20","weak",0.3,0,NA,"LASSO",0,0,200,181
"scenarioB","X_21","weak",0.3,0,NA,"LASSO",0,0,200,181
"scenarioB","X_22","strong",0.6,0,NA,"LASSO",0,0,200,181
"scenarioB","X_23","strong",0.6,0,NA,"LASSO",0.121405755995547,0.121405755995547,200,181
"scenarioB","X_24","strong",0.6,0,NA,"LASSO",0,0,200,181
"scenarioB","X_25","strong",0.6,0,NA,"LASSO",0,0,200,181
"scenarioB","X_1","strong",0.6,0.4,0.468126874444059,"SSL",0,-0.4,200,182
"scenarioB","X_2","strong",0.6,-0.5,-0.683262559172926,"SSL",-0.296609579561774,0.203390420438226,200,182
"scenarioB","X_3","weak",0.3,0.6,0.7082558785051,"SSL",0.624271755269182,0.024271755269182,200,182
"scenarioB","X_4","weak",0.3,0.75,0.704541467745737,"SSL",0.596232033880457,-0.153767966119543,200,182
"scenarioB","X_5","indep",0,-0.8,-0.960676099928553,"SSL",-0.821803430515129,-0.0218034305151292,200,182
"scenarioB","X_6","indep",0,0,NA,"SSL",0,0,200,182
"scenarioB","X_7","indep",0,0,NA,"SSL",0,0,200,182
"scenarioB","X_8","indep",0,0,NA,"SSL",0,0,200,182
"scenarioB","X_9","indep",0,0,NA,"SSL",0,0,200,182
"scenarioB","X_10","indep",0,0,NA,"SSL",0.157680280219398,0.157680280219398,200,182
"scenarioB","X_11","indep",0,0,NA,"SSL",0.256028710870674,0.256028710870674,200,182
"scenarioB","X_12","indep",0,0,NA,"SSL",0,0,200,182
"scenarioB","X_13","indep",0,0,NA,"SSL",0,0,200,182
"scenarioB","X_14","indep",0,0,NA,"SSL",0,0,200,182
"scenarioB","X_15","indep",0,0,NA,"SSL",0,0,200,182
"scenarioB","X_16","indep",0,0,NA,"SSL",0.0923346992090348,0.0923346992090348,200,182
"scenarioB","X_17","indep",0,0,NA,"SSL",0,0,200,182
"scenarioB","X_18","weak",0.3,0,NA,"SSL",0,0,200,182
"scenarioB","X_19","weak",0.3,0,NA,"SSL",0,0,200,182
"scenarioB","X_20","weak",0.3,0,NA,"SSL",0,0,200,182
"scenarioB","X_21","weak",0.3,0,NA,"SSL",0,0,200,182
"scenarioB","X_22","strong",0.6,0,NA,"SSL",0,0,200,182
"scenarioB","X_23","strong",0.6,0,NA,"SSL",0,0,200,182
"scenarioB","X_24","strong",0.6,0,NA,"SSL",0,0,200,182
"scenarioB","X_25","strong",0.6,0,NA,"SSL",0,0,200,182
"scenarioB","X_1","strong",0.6,0.4,0.468126874444059,"LASSO",0,-0.4,200,182
"scenarioB","X_2","strong",0.6,-0.5,-0.683262559172926,"LASSO",-0.192686031867945,0.307313968132055,200,182
"scenarioB","X_3","weak",0.3,0.6,0.7082558785051,"LASSO",0.518392489593702,-0.0816075104062977,200,182
"scenarioB","X_4","weak",0.3,0.75,0.704541467745737,"LASSO",0.511803919393566,-0.238196080606434,200,182
"scenarioB","X_5","indep",0,-0.8,-0.960676099928553,"LASSO",-0.671258896395958,0.128741103604042,200,182
"scenarioB","X_6","indep",0,0,NA,"LASSO",0,0,200,182
"scenarioB","X_7","indep",0,0,NA,"LASSO",0,0,200,182
"scenarioB","X_8","indep",0,0,NA,"LASSO",0,0,200,182
"scenarioB","X_9","indep",0,0,NA,"LASSO",0,0,200,182
"scenarioB","X_10","indep",0,0,NA,"LASSO",0.0693668083921551,0.0693668083921551,200,182
"scenarioB","X_11","indep",0,0,NA,"LASSO",0.185961834244651,0.185961834244651,200,182
"scenarioB","X_12","indep",0,0,NA,"LASSO",0,0,200,182
"scenarioB","X_13","indep",0,0,NA,"LASSO",0,0,200,182
"scenarioB","X_14","indep",0,0,NA,"LASSO",0,0,200,182
"scenarioB","X_15","indep",0,0,NA,"LASSO",0,0,200,182
"scenarioB","X_16","indep",0,0,NA,"LASSO",0.0254874284950652,0.0254874284950652,200,182
"scenarioB","X_17","indep",0,0,NA,"LASSO",0,0,200,182
"scenarioB","X_18","weak",0.3,0,NA,"LASSO",0,0,200,182
"scenarioB","X_19","weak",0.3,0,NA,"LASSO",0,0,200,182
"scenarioB","X_20","weak",0.3,0,NA,"LASSO",0,0,200,182
"scenarioB","X_21","weak",0.3,0,NA,"LASSO",0,0,200,182
"scenarioB","X_22","strong",0.6,0,NA,"LASSO",0,0,200,182
"scenarioB","X_23","strong",0.6,0,NA,"LASSO",0,0,200,182
"scenarioB","X_24","strong",0.6,0,NA,"LASSO",0,0,200,182
"scenarioB","X_25","strong",0.6,0,NA,"LASSO",0,0,200,182
"scenarioB","X_1","strong",0.6,0.4,0.531539924294464,"SSL",0,-0.4,200,183
"scenarioB","X_2","strong",0.6,-0.5,-0.721255413598178,"SSL",-0.555415761467868,-0.0554157614678675,200,183
"scenarioB","X_3","weak",0.3,0.6,0.662728553916933,"SSL",0.489697070639249,-0.110302929360751,200,183
"scenarioB","X_4","weak",0.3,0.75,0.673653188690908,"SSL",0.632242553378906,-0.117757446621094,200,183
"scenarioB","X_5","indep",0,-0.8,-0.829679815045271,"SSL",-0.6216245527857,0.1783754472143,200,183
"scenarioB","X_6","indep",0,0,NA,"SSL",0,0,200,183
"scenarioB","X_7","indep",0,0,NA,"SSL",0,0,200,183
"scenarioB","X_8","indep",0,0,NA,"SSL",0,0,200,183
"scenarioB","X_9","indep",0,0,NA,"SSL",0,0,200,183
"scenarioB","X_10","indep",0,0,NA,"SSL",0,0,200,183
"scenarioB","X_11","indep",0,0,NA,"SSL",0,0,200,183
"scenarioB","X_12","indep",0,0,NA,"SSL",0,0,200,183
"scenarioB","X_13","indep",0,0,NA,"SSL",0,0,200,183
"scenarioB","X_14","indep",0,0,NA,"SSL",0,0,200,183
"scenarioB","X_15","indep",0,0,NA,"SSL",0,0,200,183
"scenarioB","X_16","indep",0,0,NA,"SSL",0,0,200,183
"scenarioB","X_17","indep",0,0,NA,"SSL",0,0,200,183
"scenarioB","X_18","weak",0.3,0,NA,"SSL",0,0,200,183
"scenarioB","X_19","weak",0.3,0,NA,"SSL",0,0,200,183
"scenarioB","X_20","weak",0.3,0,NA,"SSL",0,0,200,183
"scenarioB","X_21","weak",0.3,0,NA,"SSL",0,0,200,183
"scenarioB","X_22","strong",0.6,0,NA,"SSL",0,0,200,183
"scenarioB","X_23","strong",0.6,0,NA,"SSL",0,0,200,183
"scenarioB","X_24","strong",0.6,0,NA,"SSL",0.344330436468091,0.344330436468091,200,183
"scenarioB","X_25","strong",0.6,0,NA,"SSL",0,0,200,183
"scenarioB","X_1","strong",0.6,0.4,0.531539924294464,"LASSO",0,-0.4,200,183
"scenarioB","X_2","strong",0.6,-0.5,-0.721255413598178,"LASSO",-0.315309594855408,0.184690405144592,200,183
"scenarioB","X_3","weak",0.3,0.6,0.662728553916933,"LASSO",0.400087618285932,-0.199912381714068,200,183
"scenarioB","X_4","weak",0.3,0.75,0.673653188690908,"LASSO",0.520476342588823,-0.229523657411177,200,183
"scenarioB","X_5","indep",0,-0.8,-0.829679815045271,"LASSO",-0.485472720266091,0.314527279733909,200,183
"scenarioB","X_6","indep",0,0,NA,"LASSO",0,0,200,183
"scenarioB","X_7","indep",0,0,NA,"LASSO",0,0,200,183
"scenarioB","X_8","indep",0,0,NA,"LASSO",0,0,200,183
"scenarioB","X_9","indep",0,0,NA,"LASSO",0,0,200,183
"scenarioB","X_10","indep",0,0,NA,"LASSO",0,0,200,183
"scenarioB","X_11","indep",0,0,NA,"LASSO",0,0,200,183
"scenarioB","X_12","indep",0,0,NA,"LASSO",0,0,200,183
"scenarioB","X_13","indep",0,0,NA,"LASSO",0,0,200,183
"scenarioB","X_14","indep",0,0,NA,"LASSO",0.0177351941595736,0.0177351941595736,200,183
"scenarioB","X_15","indep",0,0,NA,"LASSO",0,0,200,183
"scenarioB","X_16","indep",0,0,NA,"LASSO",0,0,200,183
"scenarioB","X_17","indep",0,0,NA,"LASSO",-0.0537990878871833,-0.0537990878871833,200,183
"scenarioB","X_18","weak",0.3,0,NA,"LASSO",0,0,200,183
"scenarioB","X_19","weak",0.3,0,NA,"LASSO",0,0,200,183
"scenarioB","X_20","weak",0.3,0,NA,"LASSO",0,0,200,183
"scenarioB","X_21","weak",0.3,0,NA,"LASSO",0,0,200,183
"scenarioB","X_22","strong",0.6,0,NA,"LASSO",0,0,200,183
"scenarioB","X_23","strong",0.6,0,NA,"LASSO",0,0,200,183
"scenarioB","X_24","strong",0.6,0,NA,"LASSO",0.106066510889559,0.106066510889559,200,183
"scenarioB","X_25","strong",0.6,0,NA,"LASSO",0,0,200,183
"scenarioB","X_1","strong",0.6,0.4,0.294170520322373,"SSL",0,-0.4,200,184
"scenarioB","X_2","strong",0.6,-0.5,-0.306205984936501,"SSL",0,0.5,200,184
"scenarioB","X_3","weak",0.3,0.6,0.823635611650172,"SSL",0.708736910136239,0.108736910136239,200,184
"scenarioB","X_4","weak",0.3,0.75,0.980126277154058,"SSL",0.838306216787563,0.0883062167875628,200,184
"scenarioB","X_5","indep",0,-0.8,-0.725374105514596,"SSL",-0.553757945969992,0.246242054030008,200,184
"scenarioB","X_6","indep",0,0,NA,"SSL",0,0,200,184
"scenarioB","X_7","indep",0,0,NA,"SSL",0,0,200,184
"scenarioB","X_8","indep",0,0,NA,"SSL",0,0,200,184
"scenarioB","X_9","indep",0,0,NA,"SSL",0,0,200,184
"scenarioB","X_10","indep",0,0,NA,"SSL",0,0,200,184
"scenarioB","X_11","indep",0,0,NA,"SSL",0,0,200,184
"scenarioB","X_12","indep",0,0,NA,"SSL",0,0,200,184
"scenarioB","X_13","indep",0,0,NA,"SSL",0,0,200,184
"scenarioB","X_14","indep",0,0,NA,"SSL",0,0,200,184
"scenarioB","X_15","indep",0,0,NA,"SSL",0,0,200,184
"scenarioB","X_16","indep",0,0,NA,"SSL",0,0,200,184
"scenarioB","X_17","indep",0,0,NA,"SSL",0,0,200,184
"scenarioB","X_18","weak",0.3,0,NA,"SSL",0,0,200,184
"scenarioB","X_19","weak",0.3,0,NA,"SSL",0,0,200,184
"scenarioB","X_20","weak",0.3,0,NA,"SSL",0,0,200,184
"scenarioB","X_21","weak",0.3,0,NA,"SSL",0,0,200,184
"scenarioB","X_22","strong",0.6,0,NA,"SSL",0,0,200,184
"scenarioB","X_23","strong",0.6,0,NA,"SSL",0,0,200,184
"scenarioB","X_24","strong",0.6,0,NA,"SSL",0,0,200,184
"scenarioB","X_25","strong",0.6,0,NA,"SSL",0,0,200,184
"scenarioB","X_1","strong",0.6,0.4,0.294170520322373,"LASSO",0,-0.4,200,184
"scenarioB","X_2","strong",0.6,-0.5,-0.306205984936501,"LASSO",0,0.5,200,184
"scenarioB","X_3","weak",0.3,0.6,0.823635611650172,"LASSO",0.542820042428985,-0.0571799575710148,200,184
"scenarioB","X_4","weak",0.3,0.75,0.980126277154058,"LASSO",0.638743021902889,-0.111256978097111,200,184
"scenarioB","X_5","indep",0,-0.8,-0.725374105514596,"LASSO",-0.352849947743651,0.447150052256349,200,184
"scenarioB","X_6","indep",0,0,NA,"LASSO",0,0,200,184
"scenarioB","X_7","indep",0,0,NA,"LASSO",0,0,200,184
"scenarioB","X_8","indep",0,0,NA,"LASSO",0,0,200,184
"scenarioB","X_9","indep",0,0,NA,"LASSO",0,0,200,184
"scenarioB","X_10","indep",0,0,NA,"LASSO",0,0,200,184
"scenarioB","X_11","indep",0,0,NA,"LASSO",0,0,200,184
"scenarioB","X_12","indep",0,0,NA,"LASSO",0,0,200,184
"scenarioB","X_13","indep",0,0,NA,"LASSO",0,0,200,184
"scenarioB","X_14","indep",0,0,NA,"LASSO",0,0,200,184
"scenarioB","X_15","indep",0,0,NA,"LASSO",0,0,200,184
"scenarioB","X_16","indep",0,0,NA,"LASSO",0,0,200,184
"scenarioB","X_17","indep",0,0,NA,"LASSO",0,0,200,184
"scenarioB","X_18","weak",0.3,0,NA,"LASSO",0,0,200,184
"scenarioB","X_19","weak",0.3,0,NA,"LASSO",0,0,200,184
"scenarioB","X_20","weak",0.3,0,NA,"LASSO",0,0,200,184
"scenarioB","X_21","weak",0.3,0,NA,"LASSO",0,0,200,184
"scenarioB","X_22","strong",0.6,0,NA,"LASSO",0,0,200,184
"scenarioB","X_23","strong",0.6,0,NA,"LASSO",0,0,200,184
"scenarioB","X_24","strong",0.6,0,NA,"LASSO",0,0,200,184
"scenarioB","X_25","strong",0.6,0,NA,"LASSO",0,0,200,184
"scenarioB","X_1","strong",0.6,0.4,0.35734699760085,"SSL",0,-0.4,200,185
"scenarioB","X_2","strong",0.6,-0.5,-0.341639464646762,"SSL",0,0.5,200,185
"scenarioB","X_3","weak",0.3,0.6,0.541109872069312,"SSL",0.46037400030944,-0.13962599969056,200,185
"scenarioB","X_4","weak",0.3,0.75,0.759805849751482,"SSL",0.67574292835339,-0.07425707164661,200,185
"scenarioB","X_5","indep",0,-0.8,-0.906205743087179,"SSL",-0.743794417009046,0.0562055829909545,200,185
"scenarioB","X_6","indep",0,0,NA,"SSL",0,0,200,185
"scenarioB","X_7","indep",0,0,NA,"SSL",0,0,200,185
"scenarioB","X_8","indep",0,0,NA,"SSL",0,0,200,185
"scenarioB","X_9","indep",0,0,NA,"SSL",0,0,200,185
"scenarioB","X_10","indep",0,0,NA,"SSL",0,0,200,185
"scenarioB","X_11","indep",0,0,NA,"SSL",0,0,200,185
"scenarioB","X_12","indep",0,0,NA,"SSL",0,0,200,185
"scenarioB","X_13","indep",0,0,NA,"SSL",0,0,200,185
"scenarioB","X_14","indep",0,0,NA,"SSL",0,0,200,185
"scenarioB","X_15","indep",0,0,NA,"SSL",0,0,200,185
"scenarioB","X_16","indep",0,0,NA,"SSL",0,0,200,185
"scenarioB","X_17","indep",0,0,NA,"SSL",0,0,200,185
"scenarioB","X_18","weak",0.3,0,NA,"SSL",0,0,200,185
"scenarioB","X_19","weak",0.3,0,NA,"SSL",0,0,200,185
"scenarioB","X_20","weak",0.3,0,NA,"SSL",0,0,200,185
"scenarioB","X_21","weak",0.3,0,NA,"SSL",0,0,200,185
"scenarioB","X_22","strong",0.6,0,NA,"SSL",0,0,200,185
"scenarioB","X_23","strong",0.6,0,NA,"SSL",0,0,200,185
"scenarioB","X_24","strong",0.6,0,NA,"SSL",0,0,200,185
"scenarioB","X_25","strong",0.6,0,NA,"SSL",0,0,200,185
"scenarioB","X_1","strong",0.6,0.4,0.35734699760085,"LASSO",0,-0.4,200,185
"scenarioB","X_2","strong",0.6,-0.5,-0.341639464646762,"LASSO",0,0.5,200,185
"scenarioB","X_3","weak",0.3,0.6,0.541109872069312,"LASSO",0.249995435783179,-0.350004564216821,200,185
"scenarioB","X_4","weak",0.3,0.75,0.759805849751482,"LASSO",0.437077441490633,-0.312922558509367,200,185
"scenarioB","X_5","indep",0,-0.8,-0.906205743087179,"LASSO",-0.47498811268064,0.32501188731936,200,185
"scenarioB","X_6","indep",0,0,NA,"LASSO",0,0,200,185
"scenarioB","X_7","indep",0,0,NA,"LASSO",0,0,200,185
"scenarioB","X_8","indep",0,0,NA,"LASSO",0,0,200,185
"scenarioB","X_9","indep",0,0,NA,"LASSO",0,0,200,185
"scenarioB","X_10","indep",0,0,NA,"LASSO",0,0,200,185
"scenarioB","X_11","indep",0,0,NA,"LASSO",0,0,200,185
"scenarioB","X_12","indep",0,0,NA,"LASSO",0,0,200,185
"scenarioB","X_13","indep",0,0,NA,"LASSO",0,0,200,185
"scenarioB","X_14","indep",0,0,NA,"LASSO",0,0,200,185
"scenarioB","X_15","indep",0,0,NA,"LASSO",0,0,200,185
"scenarioB","X_16","indep",0,0,NA,"LASSO",0,0,200,185
"scenarioB","X_17","indep",0,0,NA,"LASSO",0,0,200,185
"scenarioB","X_18","weak",0.3,0,NA,"LASSO",0,0,200,185
"scenarioB","X_19","weak",0.3,0,NA,"LASSO",0,0,200,185
"scenarioB","X_20","weak",0.3,0,NA,"LASSO",0,0,200,185
"scenarioB","X_21","weak",0.3,0,NA,"LASSO",0,0,200,185
"scenarioB","X_22","strong",0.6,0,NA,"LASSO",0,0,200,185
"scenarioB","X_23","strong",0.6,0,NA,"LASSO",0,0,200,185
"scenarioB","X_24","strong",0.6,0,NA,"LASSO",0,0,200,185
"scenarioB","X_25","strong",0.6,0,NA,"LASSO",0,0,200,185
"scenarioB","X_1","strong",0.6,0.4,0.26920279111023,"SSL",0,-0.4,200,186
"scenarioB","X_2","strong",0.6,-0.5,-0.509692953573596,"SSL",-0.313234928491481,0.186765071508519,200,186
"scenarioB","X_3","weak",0.3,0.6,0.713208009735989,"SSL",0.686020047629834,0.0860200476298341,200,186
"scenarioB","X_4","weak",0.3,0.75,0.745397159385658,"SSL",0.708660674540847,-0.0413393254591528,200,186
"scenarioB","X_5","indep",0,-0.8,-0.635141524992923,"SSL",-0.593411634194753,0.206588365805247,200,186
"scenarioB","X_6","indep",0,0,NA,"SSL",0,0,200,186
"scenarioB","X_7","indep",0,0,NA,"SSL",0,0,200,186
"scenarioB","X_8","indep",0,0,NA,"SSL",0,0,200,186
"scenarioB","X_9","indep",0,0,NA,"SSL",0,0,200,186
"scenarioB","X_10","indep",0,0,NA,"SSL",0,0,200,186
"scenarioB","X_11","indep",0,0,NA,"SSL",0,0,200,186
"scenarioB","X_12","indep",0,0,NA,"SSL",0,0,200,186
"scenarioB","X_13","indep",0,0,NA,"SSL",0,0,200,186
"scenarioB","X_14","indep",0,0,NA,"SSL",0,0,200,186
"scenarioB","X_15","indep",0,0,NA,"SSL",0,0,200,186
"scenarioB","X_16","indep",0,0,NA,"SSL",0,0,200,186
"scenarioB","X_17","indep",0,0,NA,"SSL",0,0,200,186
"scenarioB","X_18","weak",0.3,0,NA,"SSL",0,0,200,186
"scenarioB","X_19","weak",0.3,0,NA,"SSL",0,0,200,186
"scenarioB","X_20","weak",0.3,0,NA,"SSL",0,0,200,186
"scenarioB","X_21","weak",0.3,0,NA,"SSL",0,0,200,186
"scenarioB","X_22","strong",0.6,0,NA,"SSL",0,0,200,186
"scenarioB","X_23","strong",0.6,0,NA,"SSL",0,0,200,186
"scenarioB","X_24","strong",0.6,0,NA,"SSL",0,0,200,186
"scenarioB","X_25","strong",0.6,0,NA,"SSL",0,0,200,186
"scenarioB","X_1","strong",0.6,0.4,0.26920279111023,"LASSO",0,-0.4,200,186
"scenarioB","X_2","strong",0.6,-0.5,-0.509692953573596,"LASSO",-0.228724049982847,0.271275950017153,200,186
"scenarioB","X_3","weak",0.3,0.6,0.713208009735989,"LASSO",0.585609003705278,-0.0143909962947215,200,186
"scenarioB","X_4","weak",0.3,0.75,0.745397159385658,"LASSO",0.618180997652998,-0.131819002347002,200,186
"scenarioB","X_5","indep",0,-0.8,-0.635141524992923,"LASSO",-0.479109373847881,0.320890626152119,200,186
"scenarioB","X_6","indep",0,0,NA,"LASSO",0,0,200,186
"scenarioB","X_7","indep",0,0,NA,"LASSO",0,0,200,186
"scenarioB","X_8","indep",0,0,NA,"LASSO",0,0,200,186
"scenarioB","X_9","indep",0,0,NA,"LASSO",0,0,200,186
"scenarioB","X_10","indep",0,0,NA,"LASSO",0,0,200,186
"scenarioB","X_11","indep",0,0,NA,"LASSO",0,0,200,186
"scenarioB","X_12","indep",0,0,NA,"LASSO",0,0,200,186
"scenarioB","X_13","indep",0,0,NA,"LASSO",0,0,200,186
"scenarioB","X_14","indep",0,0,NA,"LASSO",0,0,200,186
"scenarioB","X_15","indep",0,0,NA,"LASSO",-0.0575517131798486,-0.0575517131798486,200,186
"scenarioB","X_16","indep",0,0,NA,"LASSO",0,0,200,186
"scenarioB","X_17","indep",0,0,NA,"LASSO",0,0,200,186
"scenarioB","X_18","weak",0.3,0,NA,"LASSO",0,0,200,186
"scenarioB","X_19","weak",0.3,0,NA,"LASSO",0,0,200,186
"scenarioB","X_20","weak",0.3,0,NA,"LASSO",0,0,200,186
"scenarioB","X_21","weak",0.3,0,NA,"LASSO",0,0,200,186
"scenarioB","X_22","strong",0.6,0,NA,"LASSO",0,0,200,186
"scenarioB","X_23","strong",0.6,0,NA,"LASSO",0,0,200,186
"scenarioB","X_24","strong",0.6,0,NA,"LASSO",0,0,200,186
"scenarioB","X_25","strong",0.6,0,NA,"LASSO",0,0,200,186
"scenarioB","X_1","strong",0.6,0.4,0.433939368638215,"SSL",0.291693013057937,-0.108306986942063,200,187
"scenarioB","X_2","strong",0.6,-0.5,-0.51070504126512,"SSL",-0.318229142134042,0.181770857865958,200,187
"scenarioB","X_3","weak",0.3,0.6,0.56903133764625,"SSL",0.505347032787101,-0.0946529672128993,200,187
"scenarioB","X_4","weak",0.3,0.75,0.831388566050796,"SSL",0.746934611987323,-0.00306538801267708,200,187
"scenarioB","X_5","indep",0,-0.8,-0.700717923344511,"SSL",-0.627092212171144,0.172907787828857,200,187
"scenarioB","X_6","indep",0,0,NA,"SSL",0,0,200,187
"scenarioB","X_7","indep",0,0,NA,"SSL",0,0,200,187
"scenarioB","X_8","indep",0,0,NA,"SSL",0,0,200,187
"scenarioB","X_9","indep",0,0,NA,"SSL",0,0,200,187
"scenarioB","X_10","indep",0,0,NA,"SSL",0,0,200,187
"scenarioB","X_11","indep",0,0,NA,"SSL",-0.201214203064454,-0.201214203064454,200,187
"scenarioB","X_12","indep",0,0,NA,"SSL",0,0,200,187
"scenarioB","X_13","indep",0,0,NA,"SSL",0,0,200,187
"scenarioB","X_14","indep",0,0,NA,"SSL",0,0,200,187
"scenarioB","X_15","indep",0,0,NA,"SSL",0,0,200,187
"scenarioB","X_16","indep",0,0,NA,"SSL",0,0,200,187
"scenarioB","X_17","indep",0,0,NA,"SSL",0,0,200,187
"scenarioB","X_18","weak",0.3,0,NA,"SSL",0,0,200,187
"scenarioB","X_19","weak",0.3,0,NA,"SSL",0,0,200,187
"scenarioB","X_20","weak",0.3,0,NA,"SSL",0,0,200,187
"scenarioB","X_21","weak",0.3,0,NA,"SSL",0,0,200,187
"scenarioB","X_22","strong",0.6,0,NA,"SSL",0,0,200,187
"scenarioB","X_23","strong",0.6,0,NA,"SSL",0,0,200,187
"scenarioB","X_24","strong",0.6,0,NA,"SSL",0,0,200,187
"scenarioB","X_25","strong",0.6,0,NA,"SSL",0,0,200,187
"scenarioB","X_1","strong",0.6,0.4,0.433939368638215,"LASSO",0,-0.4,200,187
"scenarioB","X_2","strong",0.6,-0.5,-0.51070504126512,"LASSO",0,0.5,200,187
"scenarioB","X_3","weak",0.3,0.6,0.56903133764625,"LASSO",0.332630689637789,-0.267369310362211,200,187
"scenarioB","X_4","weak",0.3,0.75,0.831388566050796,"LASSO",0.578363068633059,-0.171636931366941,200,187
"scenarioB","X_5","indep",0,-0.8,-0.700717923344511,"LASSO",-0.394370562289502,0.405629437710498,200,187
"scenarioB","X_6","indep",0,0,NA,"LASSO",0,0,200,187
"scenarioB","X_7","indep",0,0,NA,"LASSO",0,0,200,187
"scenarioB","X_8","indep",0,0,NA,"LASSO",0,0,200,187
"scenarioB","X_9","indep",0,0,NA,"LASSO",0,0,200,187
"scenarioB","X_10","indep",0,0,NA,"LASSO",0,0,200,187
"scenarioB","X_11","indep",0,0,NA,"LASSO",-0.0701698336861042,-0.0701698336861042,200,187
"scenarioB","X_12","indep",0,0,NA,"LASSO",0,0,200,187
"scenarioB","X_13","indep",0,0,NA,"LASSO",0,0,200,187
"scenarioB","X_14","indep",0,0,NA,"LASSO",0,0,200,187
"scenarioB","X_15","indep",0,0,NA,"LASSO",0,0,200,187
"scenarioB","X_16","indep",0,0,NA,"LASSO",0,0,200,187
"scenarioB","X_17","indep",0,0,NA,"LASSO",0,0,200,187
"scenarioB","X_18","weak",0.3,0,NA,"LASSO",0,0,200,187
"scenarioB","X_19","weak",0.3,0,NA,"LASSO",0,0,200,187
"scenarioB","X_20","weak",0.3,0,NA,"LASSO",0,0,200,187
"scenarioB","X_21","weak",0.3,0,NA,"LASSO",0,0,200,187
"scenarioB","X_22","strong",0.6,0,NA,"LASSO",0,0,200,187
"scenarioB","X_23","strong",0.6,0,NA,"LASSO",0,0,200,187
"scenarioB","X_24","strong",0.6,0,NA,"LASSO",0,0,200,187
"scenarioB","X_25","strong",0.6,0,NA,"LASSO",0,0,200,187
"scenarioB","X_1","strong",0.6,0.4,0.370817331974772,"SSL",0.1737943438718,-0.2262056561282,200,188
"scenarioB","X_2","strong",0.6,-0.5,-0.552351388338703,"SSL",-0.470255164242306,0.0297448357576942,200,188
"scenarioB","X_3","weak",0.3,0.6,0.552073543129029,"SSL",0.551286302853146,-0.0487136971468545,200,188
"scenarioB","X_4","weak",0.3,0.75,0.734884231025961,"SSL",0.751833488067855,0.00183348806785455,200,188
"scenarioB","X_5","indep",0,-0.8,-0.847155990487923,"SSL",-0.849986000693107,-0.0499860006931071,200,188
"scenarioB","X_6","indep",0,0,NA,"SSL",0.0539255891119776,0.0539255891119776,200,188
"scenarioB","X_7","indep",0,0,NA,"SSL",0.124588691340049,0.124588691340049,200,188
"scenarioB","X_8","indep",0,0,NA,"SSL",-0.0831487641739282,-0.0831487641739282,200,188
"scenarioB","X_9","indep",0,0,NA,"SSL",0,0,200,188
"scenarioB","X_10","indep",0,0,NA,"SSL",0.047718401238056,0.047718401238056,200,188
"scenarioB","X_11","indep",0,0,NA,"SSL",0,0,200,188
"scenarioB","X_12","indep",0,0,NA,"SSL",0.0469438296853681,0.0469438296853681,200,188
"scenarioB","X_13","indep",0,0,NA,"SSL",0.128645672404686,0.128645672404686,200,188
"scenarioB","X_14","indep",0,0,NA,"SSL",0.128180096616015,0.128180096616015,200,188
"scenarioB","X_15","indep",0,0,NA,"SSL",0.145758779631766,0.145758779631766,200,188
"scenarioB","X_16","indep",0,0,NA,"SSL",-0.0650821740353694,-0.0650821740353694,200,188
"scenarioB","X_17","indep",0,0,NA,"SSL",-0.0447168952878263,-0.0447168952878263,200,188
"scenarioB","X_18","weak",0.3,0,NA,"SSL",0,0,200,188
"scenarioB","X_19","weak",0.3,0,NA,"SSL",-0.0472288600006385,-0.0472288600006385,200,188
"scenarioB","X_20","weak",0.3,0,NA,"SSL",0,0,200,188
"scenarioB","X_21","weak",0.3,0,NA,"SSL",0,0,200,188
"scenarioB","X_22","strong",0.6,0,NA,"SSL",0,0,200,188
"scenarioB","X_23","strong",0.6,0,NA,"SSL",0.182433023963919,0.182433023963919,200,188
"scenarioB","X_24","strong",0.6,0,NA,"SSL",-0.0267845427160451,-0.0267845427160451,200,188
"scenarioB","X_25","strong",0.6,0,NA,"SSL",0,0,200,188
"scenarioB","X_1","strong",0.6,0.4,0.370817331974772,"LASSO",0,-0.4,200,188
"scenarioB","X_2","strong",0.6,-0.5,-0.552351388338703,"LASSO",-0.0661274155509559,0.433872584449044,200,188
"scenarioB","X_3","weak",0.3,0.6,0.552073543129029,"LASSO",0.283818386422416,-0.316181613577584,200,188
"scenarioB","X_4","weak",0.3,0.75,0.734884231025961,"LASSO",0.466708191336771,-0.283291808663229,200,188
"scenarioB","X_5","indep",0,-0.8,-0.847155990487923,"LASSO",-0.546245668395052,0.253754331604948,200,188
"scenarioB","X_6","indep",0,0,NA,"LASSO",0,0,200,188
"scenarioB","X_7","indep",0,0,NA,"LASSO",0,0,200,188
"scenarioB","X_8","indep",0,0,NA,"LASSO",-0.0583031263717236,-0.0583031263717236,200,188
"scenarioB","X_9","indep",0,0,NA,"LASSO",0,0,200,188
"scenarioB","X_10","indep",0,0,NA,"LASSO",0,0,200,188
"scenarioB","X_11","indep",0,0,NA,"LASSO",0,0,200,188
"scenarioB","X_12","indep",0,0,NA,"LASSO",0,0,200,188
"scenarioB","X_13","indep",0,0,NA,"LASSO",0,0,200,188
"scenarioB","X_14","indep",0,0,NA,"LASSO",0,0,200,188
"scenarioB","X_15","indep",0,0,NA,"LASSO",0,0,200,188
"scenarioB","X_16","indep",0,0,NA,"LASSO",0,0,200,188
"scenarioB","X_17","indep",0,0,NA,"LASSO",0,0,200,188
"scenarioB","X_18","weak",0.3,0,NA,"LASSO",0,0,200,188
"scenarioB","X_19","weak",0.3,0,NA,"LASSO",0,0,200,188
"scenarioB","X_20","weak",0.3,0,NA,"LASSO",0,0,200,188
"scenarioB","X_21","weak",0.3,0,NA,"LASSO",0,0,200,188
"scenarioB","X_22","strong",0.6,0,NA,"LASSO",0,0,200,188
"scenarioB","X_23","strong",0.6,0,NA,"LASSO",0,0,200,188
"scenarioB","X_24","strong",0.6,0,NA,"LASSO",0,0,200,188
"scenarioB","X_25","strong",0.6,0,NA,"LASSO",0,0,200,188
"scenarioB","X_1","strong",0.6,0.4,0.318365808513024,"SSL",0.11572243897431,-0.28427756102569,200,189
"scenarioB","X_2","strong",0.6,-0.5,-0.421968170789082,"SSL",-0.355976834204465,0.144023165795535,200,189
"scenarioB","X_3","weak",0.3,0.6,0.436344448250556,"SSL",0.271968441361724,-0.328031558638276,200,189
"scenarioB","X_4","weak",0.3,0.75,0.827208253800151,"SSL",0.737650573232927,-0.0123494267670728,200,189
"scenarioB","X_5","indep",0,-0.8,-0.625549025870389,"SSL",-0.572593520473041,0.227406479526959,200,189
"scenarioB","X_6","indep",0,0,NA,"SSL",-0.149778967529277,-0.149778967529277,200,189
"scenarioB","X_7","indep",0,0,NA,"SSL",0.125114105915899,0.125114105915899,200,189
"scenarioB","X_8","indep",0,0,NA,"SSL",0,0,200,189
"scenarioB","X_9","indep",0,0,NA,"SSL",0,0,200,189
"scenarioB","X_10","indep",0,0,NA,"SSL",-0.175003422862216,-0.175003422862216,200,189
"scenarioB","X_11","indep",0,0,NA,"SSL",0,0,200,189
"scenarioB","X_12","indep",0,0,NA,"SSL",0,0,200,189
"scenarioB","X_13","indep",0,0,NA,"SSL",0,0,200,189
"scenarioB","X_14","indep",0,0,NA,"SSL",0.239968970262331,0.239968970262331,200,189
"scenarioB","X_15","indep",0,0,NA,"SSL",0.0521853417108468,0.0521853417108468,200,189
"scenarioB","X_16","indep",0,0,NA,"SSL",0,0,200,189
"scenarioB","X_17","indep",0,0,NA,"SSL",-0.109359084488708,-0.109359084488708,200,189
"scenarioB","X_18","weak",0.3,0,NA,"SSL",0.135309637099899,0.135309637099899,200,189
"scenarioB","X_19","weak",0.3,0,NA,"SSL",0,0,200,189
"scenarioB","X_20","weak",0.3,0,NA,"SSL",0,0,200,189
"scenarioB","X_21","weak",0.3,0,NA,"SSL",0,0,200,189
"scenarioB","X_22","strong",0.6,0,NA,"SSL",0,0,200,189
"scenarioB","X_23","strong",0.6,0,NA,"SSL",0,0,200,189
"scenarioB","X_24","strong",0.6,0,NA,"SSL",0.0799164017256734,0.0799164017256734,200,189
"scenarioB","X_25","strong",0.6,0,NA,"SSL",0,0,200,189
"scenarioB","X_1","strong",0.6,0.4,0.318365808513024,"LASSO",0,-0.4,200,189
"scenarioB","X_2","strong",0.6,-0.5,-0.421968170789082,"LASSO",-0.10235598098693,0.39764401901307,200,189
"scenarioB","X_3","weak",0.3,0.6,0.436344448250556,"LASSO",0.210897845598536,-0.389102154401464,200,189
"scenarioB","X_4","weak",0.3,0.75,0.827208253800151,"LASSO",0.608023936034837,-0.141976063965163,200,189
"scenarioB","X_5","indep",0,-0.8,-0.625549025870389,"LASSO",-0.424321402805065,0.375678597194935,200,189
"scenarioB","X_6","indep",0,0,NA,"LASSO",0,0,200,189
"scenarioB","X_7","indep",0,0,NA,"LASSO",0,0,200,189
"scenarioB","X_8","indep",0,0,NA,"LASSO",0,0,200,189
"scenarioB","X_9","indep",0,0,NA,"LASSO",0,0,200,189
"scenarioB","X_10","indep",0,0,NA,"LASSO",-0.0360791004518834,-0.0360791004518834,200,189
"scenarioB","X_11","indep",0,0,NA,"LASSO",0,0,200,189
"scenarioB","X_12","indep",0,0,NA,"LASSO",0,0,200,189
"scenarioB","X_13","indep",0,0,NA,"LASSO",0,0,200,189
"scenarioB","X_14","indep",0,0,NA,"LASSO",0.121178683790825,0.121178683790825,200,189
"scenarioB","X_15","indep",0,0,NA,"LASSO",0,0,200,189
"scenarioB","X_16","indep",0,0,NA,"LASSO",0,0,200,189
"scenarioB","X_17","indep",0,0,NA,"LASSO",0,0,200,189
"scenarioB","X_18","weak",0.3,0,NA,"LASSO",0.0497974230870486,0.0497974230870486,200,189
"scenarioB","X_19","weak",0.3,0,NA,"LASSO",0,0,200,189
"scenarioB","X_20","weak",0.3,0,NA,"LASSO",0,0,200,189
"scenarioB","X_21","weak",0.3,0,NA,"LASSO",0,0,200,189
"scenarioB","X_22","strong",0.6,0,NA,"LASSO",0,0,200,189
"scenarioB","X_23","strong",0.6,0,NA,"LASSO",0,0,200,189
"scenarioB","X_24","strong",0.6,0,NA,"LASSO",0,0,200,189
"scenarioB","X_25","strong",0.6,0,NA,"LASSO",0,0,200,189
"scenarioB","X_1","strong",0.6,0.4,0.164893556511387,"SSL",0,-0.4,200,190
"scenarioB","X_2","strong",0.6,-0.5,-0.37376344345096,"SSL",-0.0484092079487889,0.451590792051211,200,190
"scenarioB","X_3","weak",0.3,0.6,0.89088335235895,"SSL",0.89305602544998,0.29305602544998,200,190
"scenarioB","X_4","weak",0.3,0.75,0.632069002833098,"SSL",0.576947237904815,-0.173052762095185,200,190
"scenarioB","X_5","indep",0,-0.8,-0.889875098011212,"SSL",-0.824647685938654,-0.0246476859386541,200,190
"scenarioB","X_6","indep",0,0,NA,"SSL",0,0,200,190
"scenarioB","X_7","indep",0,0,NA,"SSL",0,0,200,190
"scenarioB","X_8","indep",0,0,NA,"SSL",0,0,200,190
"scenarioB","X_9","indep",0,0,NA,"SSL",0,0,200,190
"scenarioB","X_10","indep",0,0,NA,"SSL",0,0,200,190
"scenarioB","X_11","indep",0,0,NA,"SSL",0,0,200,190
"scenarioB","X_12","indep",0,0,NA,"SSL",0,0,200,190
"scenarioB","X_13","indep",0,0,NA,"SSL",0,0,200,190
"scenarioB","X_14","indep",0,0,NA,"SSL",0,0,200,190
"scenarioB","X_15","indep",0,0,NA,"SSL",0,0,200,190
"scenarioB","X_16","indep",0,0,NA,"SSL",0,0,200,190
"scenarioB","X_17","indep",0,0,NA,"SSL",0,0,200,190
"scenarioB","X_18","weak",0.3,0,NA,"SSL",0,0,200,190
"scenarioB","X_19","weak",0.3,0,NA,"SSL",0,0,200,190
"scenarioB","X_20","weak",0.3,0,NA,"SSL",0,0,200,190
"scenarioB","X_21","weak",0.3,0,NA,"SSL",0,0,200,190
"scenarioB","X_22","strong",0.6,0,NA,"SSL",0,0,200,190
"scenarioB","X_23","strong",0.6,0,NA,"SSL",-0.150398335938394,-0.150398335938394,200,190
"scenarioB","X_24","strong",0.6,0,NA,"SSL",0,0,200,190
"scenarioB","X_25","strong",0.6,0,NA,"SSL",-0.117787397863117,-0.117787397863117,200,190
"scenarioB","X_1","strong",0.6,0.4,0.164893556511387,"LASSO",0,-0.4,200,190
"scenarioB","X_2","strong",0.6,-0.5,-0.37376344345096,"LASSO",-0.0349880252314768,0.465011974768523,200,190
"scenarioB","X_3","weak",0.3,0.6,0.89088335235895,"LASSO",0.779980996874381,0.179980996874381,200,190
"scenarioB","X_4","weak",0.3,0.75,0.632069002833098,"LASSO",0.468140045077798,-0.281859954922202,200,190
"scenarioB","X_5","indep",0,-0.8,-0.889875098011212,"LASSO",-0.722537718620017,0.0774622813799829,200,190
"scenarioB","X_6","indep",0,0,NA,"LASSO",0,0,200,190
"scenarioB","X_7","indep",0,0,NA,"LASSO",0,0,200,190
"scenarioB","X_8","indep",0,0,NA,"LASSO",0,0,200,190
"scenarioB","X_9","indep",0,0,NA,"LASSO",0,0,200,190
"scenarioB","X_10","indep",0,0,NA,"LASSO",0,0,200,190
"scenarioB","X_11","indep",0,0,NA,"LASSO",-0.0570676167712316,-0.0570676167712316,200,190
"scenarioB","X_12","indep",0,0,NA,"LASSO",0,0,200,190
"scenarioB","X_13","indep",0,0,NA,"LASSO",0,0,200,190
"scenarioB","X_14","indep",0,0,NA,"LASSO",0,0,200,190
"scenarioB","X_15","indep",0,0,NA,"LASSO",0,0,200,190
"scenarioB","X_16","indep",0,0,NA,"LASSO",0,0,200,190
"scenarioB","X_17","indep",0,0,NA,"LASSO",0,0,200,190
"scenarioB","X_18","weak",0.3,0,NA,"LASSO",0,0,200,190
"scenarioB","X_19","weak",0.3,0,NA,"LASSO",0,0,200,190
"scenarioB","X_20","weak",0.3,0,NA,"LASSO",0,0,200,190
"scenarioB","X_21","weak",0.3,0,NA,"LASSO",0.0422686798989632,0.0422686798989632,200,190
"scenarioB","X_22","strong",0.6,0,NA,"LASSO",0,0,200,190
"scenarioB","X_23","strong",0.6,0,NA,"LASSO",-0.0770809064692252,-0.0770809064692252,200,190
"scenarioB","X_24","strong",0.6,0,NA,"LASSO",0,0,200,190
"scenarioB","X_25","strong",0.6,0,NA,"LASSO",-0.0776937445394408,-0.0776937445394408,200,190
"scenarioB","X_1","strong",0.6,0.4,0.379081076803222,"SSL",0,-0.4,200,191
"scenarioB","X_2","strong",0.6,-0.5,-0.532821064201763,"SSL",-0.592443154084516,-0.092443154084516,200,191
"scenarioB","X_3","weak",0.3,0.6,0.528050096309256,"SSL",0.44349606093336,-0.15650393906664,200,191
"scenarioB","X_4","weak",0.3,0.75,0.726078719022881,"SSL",0.639343284544741,-0.110656715455259,200,191
"scenarioB","X_5","indep",0,-0.8,-0.762928391469607,"SSL",-0.709557486579852,0.0904425134201478,200,191
"scenarioB","X_6","indep",0,0,NA,"SSL",0,0,200,191
"scenarioB","X_7","indep",0,0,NA,"SSL",0.187100934845299,0.187100934845299,200,191
"scenarioB","X_8","indep",0,0,NA,"SSL",0.174757312565103,0.174757312565103,200,191
"scenarioB","X_9","indep",0,0,NA,"SSL",0,0,200,191
"scenarioB","X_10","indep",0,0,NA,"SSL",0,0,200,191
"scenarioB","X_11","indep",0,0,NA,"SSL",0,0,200,191
"scenarioB","X_12","indep",0,0,NA,"SSL",0,0,200,191
"scenarioB","X_13","indep",0,0,NA,"SSL",-0.256392517874626,-0.256392517874626,200,191
"scenarioB","X_14","indep",0,0,NA,"SSL",0,0,200,191
"scenarioB","X_15","indep",0,0,NA,"SSL",-0.181022281949584,-0.181022281949584,200,191
"scenarioB","X_16","indep",0,0,NA,"SSL",-0.199151182199649,-0.199151182199649,200,191
"scenarioB","X_17","indep",0,0,NA,"SSL",0,0,200,191
"scenarioB","X_18","weak",0.3,0,NA,"SSL",0,0,200,191
"scenarioB","X_19","weak",0.3,0,NA,"SSL",0,0,200,191
"scenarioB","X_20","weak",0.3,0,NA,"SSL",0,0,200,191
"scenarioB","X_21","weak",0.3,0,NA,"SSL",0,0,200,191
"scenarioB","X_22","strong",0.6,0,NA,"SSL",0,0,200,191
"scenarioB","X_23","strong",0.6,0,NA,"SSL",0,0,200,191
"scenarioB","X_24","strong",0.6,0,NA,"SSL",0,0,200,191
"scenarioB","X_25","strong",0.6,0,NA,"SSL",0.465462864775156,0.465462864775156,200,191
"scenarioB","X_1","strong",0.6,0.4,0.379081076803222,"LASSO",0,-0.4,200,191
"scenarioB","X_2","strong",0.6,-0.5,-0.532821064201763,"LASSO",-0.381660315276348,0.118339684723652,200,191
"scenarioB","X_3","weak",0.3,0.6,0.528050096309256,"LASSO",0.366758049652347,-0.233241950347653,200,191
"scenarioB","X_4","weak",0.3,0.75,0.726078719022881,"LASSO",0.550126995417536,-0.199873004582464,200,191
"scenarioB","X_5","indep",0,-0.8,-0.762928391469607,"LASSO",-0.60215780722629,0.197842192773711,200,191
"scenarioB","X_6","indep",0,0,NA,"LASSO",0,0,200,191
"scenarioB","X_7","indep",0,0,NA,"LASSO",0.108442794946106,0.108442794946106,200,191
"scenarioB","X_8","indep",0,0,NA,"LASSO",0.0648517951489634,0.0648517951489634,200,191
"scenarioB","X_9","indep",0,0,NA,"LASSO",0,0,200,191
"scenarioB","X_10","indep",0,0,NA,"LASSO",0,0,200,191
"scenarioB","X_11","indep",0,0,NA,"LASSO",0,0,200,191
"scenarioB","X_12","indep",0,0,NA,"LASSO",0,0,200,191
"scenarioB","X_13","indep",0,0,NA,"LASSO",-0.144904433358891,-0.144904433358891,200,191
"scenarioB","X_14","indep",0,0,NA,"LASSO",0,0,200,191
"scenarioB","X_15","indep",0,0,NA,"LASSO",-0.118581829494527,-0.118581829494527,200,191
"scenarioB","X_16","indep",0,0,NA,"LASSO",-0.146601749511701,-0.146601749511701,200,191
"scenarioB","X_17","indep",0,0,NA,"LASSO",0,0,200,191
"scenarioB","X_18","weak",0.3,0,NA,"LASSO",0,0,200,191
"scenarioB","X_19","weak",0.3,0,NA,"LASSO",0,0,200,191
"scenarioB","X_20","weak",0.3,0,NA,"LASSO",0,0,200,191
"scenarioB","X_21","weak",0.3,0,NA,"LASSO",0,0,200,191
"scenarioB","X_22","strong",0.6,0,NA,"LASSO",0,0,200,191
"scenarioB","X_23","strong",0.6,0,NA,"LASSO",0,0,200,191
"scenarioB","X_24","strong",0.6,0,NA,"LASSO",0,0,200,191
"scenarioB","X_25","strong",0.6,0,NA,"LASSO",0.251207662128913,0.251207662128913,200,191
"scenarioB","X_1","strong",0.6,0.4,0.343982304078732,"SSL",0,-0.4,200,192
"scenarioB","X_2","strong",0.6,-0.5,-0.45433861792748,"SSL",0,0.5,200,192
"scenarioB","X_3","weak",0.3,0.6,0.626596404754893,"SSL",0.481860254779681,-0.118139745220319,200,192
"scenarioB","X_4","weak",0.3,0.75,0.662035509155831,"SSL",0.598761979503605,-0.151238020496395,200,192
"scenarioB","X_5","indep",0,-0.8,-0.743474407982509,"SSL",-0.658291530503971,0.141708469496029,200,192
"scenarioB","X_6","indep",0,0,NA,"SSL",0,0,200,192
"scenarioB","X_7","indep",0,0,NA,"SSL",0,0,200,192
"scenarioB","X_8","indep",0,0,NA,"SSL",0,0,200,192
"scenarioB","X_9","indep",0,0,NA,"SSL",0,0,200,192
"scenarioB","X_10","indep",0,0,NA,"SSL",0,0,200,192
"scenarioB","X_11","indep",0,0,NA,"SSL",0,0,200,192
"scenarioB","X_12","indep",0,0,NA,"SSL",0,0,200,192
"scenarioB","X_13","indep",0,0,NA,"SSL",0,0,200,192
"scenarioB","X_14","indep",0,0,NA,"SSL",0,0,200,192
"scenarioB","X_15","indep",0,0,NA,"SSL",0,0,200,192
"scenarioB","X_16","indep",0,0,NA,"SSL",0,0,200,192
"scenarioB","X_17","indep",0,0,NA,"SSL",0,0,200,192
"scenarioB","X_18","weak",0.3,0,NA,"SSL",0,0,200,192
"scenarioB","X_19","weak",0.3,0,NA,"SSL",0,0,200,192
"scenarioB","X_20","weak",0.3,0,NA,"SSL",0,0,200,192
"scenarioB","X_21","weak",0.3,0,NA,"SSL",0,0,200,192
"scenarioB","X_22","strong",0.6,0,NA,"SSL",0,0,200,192
"scenarioB","X_23","strong",0.6,0,NA,"SSL",0,0,200,192
"scenarioB","X_24","strong",0.6,0,NA,"SSL",0,0,200,192
"scenarioB","X_25","strong",0.6,0,NA,"SSL",0,0,200,192
"scenarioB","X_1","strong",0.6,0.4,0.343982304078732,"LASSO",0,-0.4,200,192
"scenarioB","X_2","strong",0.6,-0.5,-0.45433861792748,"LASSO",-0.0955421764263315,0.404457823573668,200,192
"scenarioB","X_3","weak",0.3,0.6,0.626596404754893,"LASSO",0.41074592893632,-0.18925407106368,200,192
"scenarioB","X_4","weak",0.3,0.75,0.662035509155831,"LASSO",0.491863809619091,-0.258136190380909,200,192
"scenarioB","X_5","indep",0,-0.8,-0.743474407982509,"LASSO",-0.566854929403339,0.233145070596661,200,192
"scenarioB","X_6","indep",0,0,NA,"LASSO",0,0,200,192
"scenarioB","X_7","indep",0,0,NA,"LASSO",0.0781496218729638,0.0781496218729638,200,192
"scenarioB","X_8","indep",0,0,NA,"LASSO",0,0,200,192
"scenarioB","X_9","indep",0,0,NA,"LASSO",0,0,200,192
"scenarioB","X_10","indep",0,0,NA,"LASSO",0,0,200,192
"scenarioB","X_11","indep",0,0,NA,"LASSO",0,0,200,192
"scenarioB","X_12","indep",0,0,NA,"LASSO",0,0,200,192
"scenarioB","X_13","indep",0,0,NA,"LASSO",-0.0442997214924576,-0.0442997214924576,200,192
"scenarioB","X_14","indep",0,0,NA,"LASSO",0,0,200,192
"scenarioB","X_15","indep",0,0,NA,"LASSO",0,0,200,192
"scenarioB","X_16","indep",0,0,NA,"LASSO",0,0,200,192
"scenarioB","X_17","indep",0,0,NA,"LASSO",0,0,200,192
"scenarioB","X_18","weak",0.3,0,NA,"LASSO",0,0,200,192
"scenarioB","X_19","weak",0.3,0,NA,"LASSO",0,0,200,192
"scenarioB","X_20","weak",0.3,0,NA,"LASSO",0,0,200,192
"scenarioB","X_21","weak",0.3,0,NA,"LASSO",0,0,200,192
"scenarioB","X_22","strong",0.6,0,NA,"LASSO",0,0,200,192
"scenarioB","X_23","strong",0.6,0,NA,"LASSO",0,0,200,192
"scenarioB","X_24","strong",0.6,0,NA,"LASSO",0,0,200,192
"scenarioB","X_25","strong",0.6,0,NA,"LASSO",0,0,200,192
"scenarioB","X_1","strong",0.6,0.4,0.460869068834811,"SSL",0,-0.4,200,193
"scenarioB","X_2","strong",0.6,-0.5,-0.505311981223392,"SSL",0,0.5,200,193
"scenarioB","X_3","weak",0.3,0.6,0.529125129608148,"SSL",0.467719416837451,-0.132280583162549,200,193
"scenarioB","X_4","weak",0.3,0.75,0.695760406774155,"SSL",0.535206494934011,-0.214793505065989,200,193
"scenarioB","X_5","indep",0,-0.8,-0.685473899425554,"SSL",-0.550339643086609,0.249660356913391,200,193
"scenarioB","X_6","indep",0,0,NA,"SSL",0,0,200,193
"scenarioB","X_7","indep",0,0,NA,"SSL",0,0,200,193
"scenarioB","X_8","indep",0,0,NA,"SSL",0,0,200,193
"scenarioB","X_9","indep",0,0,NA,"SSL",0,0,200,193
"scenarioB","X_10","indep",0,0,NA,"SSL",0,0,200,193
"scenarioB","X_11","indep",0,0,NA,"SSL",0,0,200,193
"scenarioB","X_12","indep",0,0,NA,"SSL",0,0,200,193
"scenarioB","X_13","indep",0,0,NA,"SSL",0,0,200,193
"scenarioB","X_14","indep",0,0,NA,"SSL",0,0,200,193
"scenarioB","X_15","indep",0,0,NA,"SSL",0,0,200,193
"scenarioB","X_16","indep",0,0,NA,"SSL",0,0,200,193
"scenarioB","X_17","indep",0,0,NA,"SSL",0,0,200,193
"scenarioB","X_18","weak",0.3,0,NA,"SSL",0,0,200,193
"scenarioB","X_19","weak",0.3,0,NA,"SSL",0,0,200,193
"scenarioB","X_20","weak",0.3,0,NA,"SSL",0,0,200,193
"scenarioB","X_21","weak",0.3,0,NA,"SSL",0,0,200,193
"scenarioB","X_22","strong",0.6,0,NA,"SSL",0,0,200,193
"scenarioB","X_23","strong",0.6,0,NA,"SSL",0,0,200,193
"scenarioB","X_24","strong",0.6,0,NA,"SSL",0,0,200,193
"scenarioB","X_25","strong",0.6,0,NA,"SSL",0,0,200,193
"scenarioB","X_1","strong",0.6,0.4,0.460869068834811,"LASSO",0.223388627299459,-0.176611372700541,200,193
"scenarioB","X_2","strong",0.6,-0.5,-0.505311981223392,"LASSO",-0.266577196104865,0.233422803895135,200,193
"scenarioB","X_3","weak",0.3,0.6,0.529125129608148,"LASSO",0.44852365257121,-0.15147634742879,200,193
"scenarioB","X_4","weak",0.3,0.75,0.695760406774155,"LASSO",0.478872388245022,-0.271127611754978,200,193
"scenarioB","X_5","indep",0,-0.8,-0.685473899425554,"LASSO",-0.544170303554188,0.255829696445812,200,193
"scenarioB","X_6","indep",0,0,NA,"LASSO",0,0,200,193
"scenarioB","X_7","indep",0,0,NA,"LASSO",0,0,200,193
"scenarioB","X_8","indep",0,0,NA,"LASSO",0,0,200,193
"scenarioB","X_9","indep",0,0,NA,"LASSO",0.0909768641303577,0.0909768641303577,200,193
"scenarioB","X_10","indep",0,0,NA,"LASSO",0,0,200,193
"scenarioB","X_11","indep",0,0,NA,"LASSO",0,0,200,193
"scenarioB","X_12","indep",0,0,NA,"LASSO",0.112174238049907,0.112174238049907,200,193
"scenarioB","X_13","indep",0,0,NA,"LASSO",0.0103467258584769,0.0103467258584769,200,193
"scenarioB","X_14","indep",0,0,NA,"LASSO",0,0,200,193
"scenarioB","X_15","indep",0,0,NA,"LASSO",0,0,200,193
"scenarioB","X_16","indep",0,0,NA,"LASSO",0,0,200,193
"scenarioB","X_17","indep",0,0,NA,"LASSO",-0.0967545346072556,-0.0967545346072556,200,193
"scenarioB","X_18","weak",0.3,0,NA,"LASSO",0.00534768164668073,0.00534768164668073,200,193
"scenarioB","X_19","weak",0.3,0,NA,"LASSO",0,0,200,193
"scenarioB","X_20","weak",0.3,0,NA,"LASSO",0,0,200,193
"scenarioB","X_21","weak",0.3,0,NA,"LASSO",0.0958789814996141,0.0958789814996141,200,193
"scenarioB","X_22","strong",0.6,0,NA,"LASSO",0,0,200,193
"scenarioB","X_23","strong",0.6,0,NA,"LASSO",0.0408687866295475,0.0408687866295475,200,193
"scenarioB","X_24","strong",0.6,0,NA,"LASSO",0,0,200,193
"scenarioB","X_25","strong",0.6,0,NA,"LASSO",0,0,200,193
"scenarioB","X_1","strong",0.6,0.4,0.716071061471306,"SSL",0.566882454798618,0.166882454798618,200,194
"scenarioB","X_2","strong",0.6,-0.5,-0.560150539772513,"SSL",-0.458162255372044,0.0418377446279561,200,194
"scenarioB","X_3","weak",0.3,0.6,0.795080580906372,"SSL",0.656735539996618,0.0567355399966183,200,194
"scenarioB","X_4","weak",0.3,0.75,0.775562654099408,"SSL",0.620631533233532,-0.129368466766468,200,194
"scenarioB","X_5","indep",0,-0.8,-0.78506048031387,"SSL",-0.719550263519742,0.0804497364802583,200,194
"scenarioB","X_6","indep",0,0,NA,"SSL",0,0,200,194
"scenarioB","X_7","indep",0,0,NA,"SSL",0,0,200,194
"scenarioB","X_8","indep",0,0,NA,"SSL",0,0,200,194
"scenarioB","X_9","indep",0,0,NA,"SSL",0,0,200,194
"scenarioB","X_10","indep",0,0,NA,"SSL",0,0,200,194
"scenarioB","X_11","indep",0,0,NA,"SSL",0,0,200,194
"scenarioB","X_12","indep",0,0,NA,"SSL",0.0689390007240488,0.0689390007240488,200,194
"scenarioB","X_13","indep",0,0,NA,"SSL",0,0,200,194
"scenarioB","X_14","indep",0,0,NA,"SSL",0,0,200,194
"scenarioB","X_15","indep",0,0,NA,"SSL",0,0,200,194
"scenarioB","X_16","indep",0,0,NA,"SSL",0.137628610566397,0.137628610566397,200,194
"scenarioB","X_17","indep",0,0,NA,"SSL",0,0,200,194
"scenarioB","X_18","weak",0.3,0,NA,"SSL",0.112799963501843,0.112799963501843,200,194
"scenarioB","X_19","weak",0.3,0,NA,"SSL",0,0,200,194
"scenarioB","X_20","weak",0.3,0,NA,"SSL",0.0911428394821104,0.0911428394821104,200,194
"scenarioB","X_21","weak",0.3,0,NA,"SSL",0,0,200,194
"scenarioB","X_22","strong",0.6,0,NA,"SSL",0,0,200,194
"scenarioB","X_23","strong",0.6,0,NA,"SSL",0,0,200,194
"scenarioB","X_24","strong",0.6,0,NA,"SSL",0,0,200,194
"scenarioB","X_25","strong",0.6,0,NA,"SSL",0,0,200,194
"scenarioB","X_1","strong",0.6,0.4,0.716071061471306,"LASSO",0.378967342452809,-0.0210326575471914,200,194
"scenarioB","X_2","strong",0.6,-0.5,-0.560150539772513,"LASSO",-0.278649019081383,0.221350980918617,200,194
"scenarioB","X_3","weak",0.3,0.6,0.795080580906372,"LASSO",0.573722428897955,-0.0262775711020445,200,194
"scenarioB","X_4","weak",0.3,0.75,0.775562654099408,"LASSO",0.514839375937602,-0.235160624062398,200,194
"scenarioB","X_5","indep",0,-0.8,-0.78506048031387,"LASSO",-0.615475618778964,0.184524381221036,200,194
"scenarioB","X_6","indep",0,0,NA,"LASSO",0,0,200,194
"scenarioB","X_7","indep",0,0,NA,"LASSO",0,0,200,194
"scenarioB","X_8","indep",0,0,NA,"LASSO",0,0,200,194
"scenarioB","X_9","indep",0,0,NA,"LASSO",0,0,200,194
"scenarioB","X_10","indep",0,0,NA,"LASSO",0,0,200,194
"scenarioB","X_11","indep",0,0,NA,"LASSO",0,0,200,194
"scenarioB","X_12","indep",0,0,NA,"LASSO",0,0,200,194
"scenarioB","X_13","indep",0,0,NA,"LASSO",0,0,200,194
"scenarioB","X_14","indep",0,0,NA,"LASSO",0,0,200,194
"scenarioB","X_15","indep",0,0,NA,"LASSO",0,0,200,194
"scenarioB","X_16","indep",0,0,NA,"LASSO",0.0508268844152082,0.0508268844152082,200,194
"scenarioB","X_17","indep",0,0,NA,"LASSO",0,0,200,194
"scenarioB","X_18","weak",0.3,0,NA,"LASSO",0.0880652201906709,0.0880652201906709,200,194
"scenarioB","X_19","weak",0.3,0,NA,"LASSO",0,0,200,194
"scenarioB","X_20","weak",0.3,0,NA,"LASSO",0.0331402595410989,0.0331402595410989,200,194
"scenarioB","X_21","weak",0.3,0,NA,"LASSO",0,0,200,194
"scenarioB","X_22","strong",0.6,0,NA,"LASSO",0,0,200,194
"scenarioB","X_23","strong",0.6,0,NA,"LASSO",0,0,200,194
"scenarioB","X_24","strong",0.6,0,NA,"LASSO",0,0,200,194
"scenarioB","X_25","strong",0.6,0,NA,"LASSO",0,0,200,194
"scenarioB","X_1","strong",0.6,0.4,0.544563010312088,"SSL",0,-0.4,200,195
"scenarioB","X_2","strong",0.6,-0.5,-0.55846303845659,"SSL",0,0.5,200,195
"scenarioB","X_3","weak",0.3,0.6,0.659444783654635,"SSL",0.52985468463821,-0.0701453153617899,200,195
"scenarioB","X_4","weak",0.3,0.75,0.904314986515822,"SSL",0.740041078443296,-0.00995892155670419,200,195
"scenarioB","X_5","indep",0,-0.8,-0.640535484870004,"SSL",-0.45965722622083,0.34034277377917,200,195
"scenarioB","X_6","indep",0,0,NA,"SSL",0,0,200,195
"scenarioB","X_7","indep",0,0,NA,"SSL",0,0,200,195
"scenarioB","X_8","indep",0,0,NA,"SSL",0,0,200,195
"scenarioB","X_9","indep",0,0,NA,"SSL",0,0,200,195
"scenarioB","X_10","indep",0,0,NA,"SSL",0,0,200,195
"scenarioB","X_11","indep",0,0,NA,"SSL",0,0,200,195
"scenarioB","X_12","indep",0,0,NA,"SSL",0,0,200,195
"scenarioB","X_13","indep",0,0,NA,"SSL",0,0,200,195
"scenarioB","X_14","indep",0,0,NA,"SSL",0,0,200,195
"scenarioB","X_15","indep",0,0,NA,"SSL",0,0,200,195
"scenarioB","X_16","indep",0,0,NA,"SSL",0,0,200,195
"scenarioB","X_17","indep",0,0,NA,"SSL",0,0,200,195
"scenarioB","X_18","weak",0.3,0,NA,"SSL",0,0,200,195
"scenarioB","X_19","weak",0.3,0,NA,"SSL",0,0,200,195
"scenarioB","X_20","weak",0.3,0,NA,"SSL",0,0,200,195
"scenarioB","X_21","weak",0.3,0,NA,"SSL",0,0,200,195
"scenarioB","X_22","strong",0.6,0,NA,"SSL",0,0,200,195
"scenarioB","X_23","strong",0.6,0,NA,"SSL",0,0,200,195
"scenarioB","X_24","strong",0.6,0,NA,"SSL",0,0,200,195
"scenarioB","X_25","strong",0.6,0,NA,"SSL",0,0,200,195
"scenarioB","X_1","strong",0.6,0.4,0.544563010312088,"LASSO",0.223399220818426,-0.176600779181574,200,195
"scenarioB","X_2","strong",0.6,-0.5,-0.55846303845659,"LASSO",-0.256797408099684,0.243202591900316,200,195
"scenarioB","X_3","weak",0.3,0.6,0.659444783654635,"LASSO",0.543640263904713,-0.0563597360952866,200,195
"scenarioB","X_4","weak",0.3,0.75,0.904314986515822,"LASSO",0.759568597216548,0.00956859721654835,200,195
"scenarioB","X_5","indep",0,-0.8,-0.640535484870004,"LASSO",-0.449705694034244,0.350294305965756,200,195
"scenarioB","X_6","indep",0,0,NA,"LASSO",0.0534631668543554,0.0534631668543554,200,195
"scenarioB","X_7","indep",0,0,NA,"LASSO",0,0,200,195
"scenarioB","X_8","indep",0,0,NA,"LASSO",0,0,200,195
"scenarioB","X_9","indep",0,0,NA,"LASSO",0,0,200,195
"scenarioB","X_10","indep",0,0,NA,"LASSO",0,0,200,195
"scenarioB","X_11","indep",0,0,NA,"LASSO",0.0463582867782359,0.0463582867782359,200,195
"scenarioB","X_12","indep",0,0,NA,"LASSO",0,0,200,195
"scenarioB","X_13","indep",0,0,NA,"LASSO",0,0,200,195
"scenarioB","X_14","indep",0,0,NA,"LASSO",0,0,200,195
"scenarioB","X_15","indep",0,0,NA,"LASSO",0.153207215305445,0.153207215305445,200,195
"scenarioB","X_16","indep",0,0,NA,"LASSO",0,0,200,195
"scenarioB","X_17","indep",0,0,NA,"LASSO",0.0771541924072555,0.0771541924072555,200,195
"scenarioB","X_18","weak",0.3,0,NA,"LASSO",0,0,200,195
"scenarioB","X_19","weak",0.3,0,NA,"LASSO",0,0,200,195
"scenarioB","X_20","weak",0.3,0,NA,"LASSO",0,0,200,195
"scenarioB","X_21","weak",0.3,0,NA,"LASSO",0,0,200,195
"scenarioB","X_22","strong",0.6,0,NA,"LASSO",0,0,200,195
"scenarioB","X_23","strong",0.6,0,NA,"LASSO",0.0626287882426589,0.0626287882426589,200,195
"scenarioB","X_24","strong",0.6,0,NA,"LASSO",0,0,200,195
"scenarioB","X_25","strong",0.6,0,NA,"LASSO",0,0,200,195
"scenarioB","X_1","strong",0.6,0.4,0.163939211305378,"SSL",0.222516385836153,-0.177483614163847,200,196
"scenarioB","X_2","strong",0.6,-0.5,-0.503916062406441,"SSL",-0.5428424825062,-0.0428424825061996,200,196
"scenarioB","X_3","weak",0.3,0.6,0.501477249651597,"SSL",0.433185876414897,-0.166814123585103,200,196
"scenarioB","X_4","weak",0.3,0.75,0.598518539401689,"SSL",0.586114085881225,-0.163885914118775,200,196
"scenarioB","X_5","indep",0,-0.8,-0.672829847655001,"SSL",-0.704026137785608,0.095973862214392,200,196
"scenarioB","X_6","indep",0,0,NA,"SSL",0,0,200,196
"scenarioB","X_7","indep",0,0,NA,"SSL",0.107227026986675,0.107227026986675,200,196
"scenarioB","X_8","indep",0,0,NA,"SSL",0.16292439885592,0.16292439885592,200,196
"scenarioB","X_9","indep",0,0,NA,"SSL",0,0,200,196
"scenarioB","X_10","indep",0,0,NA,"SSL",0.0727022733027451,0.0727022733027451,200,196
"scenarioB","X_11","indep",0,0,NA,"SSL",0.290909871763681,0.290909871763681,200,196
"scenarioB","X_12","indep",0,0,NA,"SSL",0,0,200,196
"scenarioB","X_13","indep",0,0,NA,"SSL",0,0,200,196
"scenarioB","X_14","indep",0,0,NA,"SSL",0.0463490564661654,0.0463490564661654,200,196
"scenarioB","X_15","indep",0,0,NA,"SSL",0,0,200,196
"scenarioB","X_16","indep",0,0,NA,"SSL",0,0,200,196
"scenarioB","X_17","indep",0,0,NA,"SSL",-0.0982836744719453,-0.0982836744719453,200,196
"scenarioB","X_18","weak",0.3,0,NA,"SSL",0,0,200,196
"scenarioB","X_19","weak",0.3,0,NA,"SSL",0,0,200,196
"scenarioB","X_20","weak",0.3,0,NA,"SSL",0.0347329748124654,0.0347329748124654,200,196
"scenarioB","X_21","weak",0.3,0,NA,"SSL",0,0,200,196
"scenarioB","X_22","strong",0.6,0,NA,"SSL",-0.118194489763114,-0.118194489763114,200,196
"scenarioB","X_23","strong",0.6,0,NA,"SSL",-0.315463116129481,-0.315463116129481,200,196
"scenarioB","X_24","strong",0.6,0,NA,"SSL",0.0624486698109695,0.0624486698109695,200,196
"scenarioB","X_25","strong",0.6,0,NA,"SSL",0.21294807874903,0.21294807874903,200,196
"scenarioB","X_1","strong",0.6,0.4,0.163939211305378,"LASSO",0,-0.4,200,196
"scenarioB","X_2","strong",0.6,-0.5,-0.503916062406441,"LASSO",-0.219029159889159,0.280970840110841,200,196
"scenarioB","X_3","weak",0.3,0.6,0.501477249651597,"LASSO",0.389374172969747,-0.210625827030253,200,196
"scenarioB","X_4","weak",0.3,0.75,0.598518539401689,"LASSO",0.443897998050336,-0.306102001949664,200,196
"scenarioB","X_5","indep",0,-0.8,-0.672829847655001,"LASSO",-0.588921763673442,0.211078236326559,200,196
"scenarioB","X_6","indep",0,0,NA,"LASSO",0,0,200,196
"scenarioB","X_7","indep",0,0,NA,"LASSO",0,0,200,196
"scenarioB","X_8","indep",0,0,NA,"LASSO",0,0,200,196
"scenarioB","X_9","indep",0,0,NA,"LASSO",0,0,200,196
"scenarioB","X_10","indep",0,0,NA,"LASSO",0,0,200,196
"scenarioB","X_11","indep",0,0,NA,"LASSO",0.186560727563119,0.186560727563119,200,196
"scenarioB","X_12","indep",0,0,NA,"LASSO",0,0,200,196
"scenarioB","X_13","indep",0,0,NA,"LASSO",0,0,200,196
"scenarioB","X_14","indep",0,0,NA,"LASSO",0,0,200,196
"scenarioB","X_15","indep",0,0,NA,"LASSO",0,0,200,196
"scenarioB","X_16","indep",0,0,NA,"LASSO",0,0,200,196
"scenarioB","X_17","indep",0,0,NA,"LASSO",0,0,200,196
"scenarioB","X_18","weak",0.3,0,NA,"LASSO",0,0,200,196
"scenarioB","X_19","weak",0.3,0,NA,"LASSO",0,0,200,196
"scenarioB","X_20","weak",0.3,0,NA,"LASSO",0.0535583145825143,0.0535583145825143,200,196
"scenarioB","X_21","weak",0.3,0,NA,"LASSO",0,0,200,196
"scenarioB","X_22","strong",0.6,0,NA,"LASSO",0,0,200,196
"scenarioB","X_23","strong",0.6,0,NA,"LASSO",-0.10971779681107,-0.10971779681107,200,196
"scenarioB","X_24","strong",0.6,0,NA,"LASSO",0,0,200,196
"scenarioB","X_25","strong",0.6,0,NA,"LASSO",0,0,200,196
"scenarioB","X_1","strong",0.6,0.4,0.332094539830564,"SSL",0,-0.4,200,197
"scenarioB","X_2","strong",0.6,-0.5,-0.570797461635929,"SSL",-0.360151559640394,0.139848440359606,200,197
"scenarioB","X_3","weak",0.3,0.6,0.689499514153015,"SSL",0.581344531621166,-0.0186554683788339,200,197
"scenarioB","X_4","weak",0.3,0.75,0.915673882338483,"SSL",0.79311776586608,0.0431177658660797,200,197
"scenarioB","X_5","indep",0,-0.8,-0.980849196482612,"SSL",-0.859168176865311,-0.059168176865311,200,197
"scenarioB","X_6","indep",0,0,NA,"SSL",0,0,200,197
"scenarioB","X_7","indep",0,0,NA,"SSL",0,0,200,197
"scenarioB","X_8","indep",0,0,NA,"SSL",0,0,200,197
"scenarioB","X_9","indep",0,0,NA,"SSL",0,0,200,197
"scenarioB","X_10","indep",0,0,NA,"SSL",0,0,200,197
"scenarioB","X_11","indep",0,0,NA,"SSL",0,0,200,197
"scenarioB","X_12","indep",0,0,NA,"SSL",0,0,200,197
"scenarioB","X_13","indep",0,0,NA,"SSL",0,0,200,197
"scenarioB","X_14","indep",0,0,NA,"SSL",0,0,200,197
"scenarioB","X_15","indep",0,0,NA,"SSL",0,0,200,197
"scenarioB","X_16","indep",0,0,NA,"SSL",0,0,200,197
"scenarioB","X_17","indep",0,0,NA,"SSL",0,0,200,197
"scenarioB","X_18","weak",0.3,0,NA,"SSL",0,0,200,197
"scenarioB","X_19","weak",0.3,0,NA,"SSL",0.14788586927157,0.14788586927157,200,197
"scenarioB","X_20","weak",0.3,0,NA,"SSL",0,0,200,197
"scenarioB","X_21","weak",0.3,0,NA,"SSL",0,0,200,197
"scenarioB","X_22","strong",0.6,0,NA,"SSL",0,0,200,197
"scenarioB","X_23","strong",0.6,0,NA,"SSL",0,0,200,197
"scenarioB","X_24","strong",0.6,0,NA,"SSL",0,0,200,197
"scenarioB","X_25","strong",0.6,0,NA,"SSL",0,0,200,197
"scenarioB","X_1","strong",0.6,0.4,0.332094539830564,"LASSO",0,-0.4,200,197
"scenarioB","X_2","strong",0.6,-0.5,-0.570797461635929,"LASSO",-0.242246014327108,0.257753985672892,200,197
"scenarioB","X_3","weak",0.3,0.6,0.689499514153015,"LASSO",0.467311122811531,-0.132688877188469,200,197
"scenarioB","X_4","weak",0.3,0.75,0.915673882338483,"LASSO",0.6473686391358,-0.1026313608642,200,197
"scenarioB","X_5","indep",0,-0.8,-0.980849196482612,"LASSO",-0.684096312967902,0.115903687032098,200,197
"scenarioB","X_6","indep",0,0,NA,"LASSO",0,0,200,197
"scenarioB","X_7","indep",0,0,NA,"LASSO",0,0,200,197
"scenarioB","X_8","indep",0,0,NA,"LASSO",0,0,200,197
"scenarioB","X_9","indep",0,0,NA,"LASSO",0,0,200,197
"scenarioB","X_10","indep",0,0,NA,"LASSO",0,0,200,197
"scenarioB","X_11","indep",0,0,NA,"LASSO",0,0,200,197
"scenarioB","X_12","indep",0,0,NA,"LASSO",0,0,200,197
"scenarioB","X_13","indep",0,0,NA,"LASSO",0,0,200,197
"scenarioB","X_14","indep",0,0,NA,"LASSO",0,0,200,197
"scenarioB","X_15","indep",0,0,NA,"LASSO",0,0,200,197
"scenarioB","X_16","indep",0,0,NA,"LASSO",0,0,200,197
"scenarioB","X_17","indep",0,0,NA,"LASSO",0.0839146996356479,0.0839146996356479,200,197
"scenarioB","X_18","weak",0.3,0,NA,"LASSO",0,0,200,197
"scenarioB","X_19","weak",0.3,0,NA,"LASSO",0.0933653374416289,0.0933653374416289,200,197
"scenarioB","X_20","weak",0.3,0,NA,"LASSO",0,0,200,197
"scenarioB","X_21","weak",0.3,0,NA,"LASSO",0,0,200,197
"scenarioB","X_22","strong",0.6,0,NA,"LASSO",0,0,200,197
"scenarioB","X_23","strong",0.6,0,NA,"LASSO",0,0,200,197
"scenarioB","X_24","strong",0.6,0,NA,"LASSO",0,0,200,197
"scenarioB","X_25","strong",0.6,0,NA,"LASSO",0,0,200,197
"scenarioB","X_1","strong",0.6,0.4,0.281041233663253,"SSL",0,-0.4,200,198
"scenarioB","X_2","strong",0.6,-0.5,-0.405957038322332,"SSL",0,0.5,200,198
"scenarioB","X_3","weak",0.3,0.6,0.572566083446241,"SSL",0.549841359725421,-0.0501586402745786,200,198
"scenarioB","X_4","weak",0.3,0.75,0.776824394062114,"SSL",0.628229728355842,-0.121770271644158,200,198
"scenarioB","X_5","indep",0,-0.8,-0.694478991958452,"SSL",-0.614278509382727,0.185721490617273,200,198
"scenarioB","X_6","indep",0,0,NA,"SSL",0,0,200,198
"scenarioB","X_7","indep",0,0,NA,"SSL",0,0,200,198
"scenarioB","X_8","indep",0,0,NA,"SSL",0,0,200,198
"scenarioB","X_9","indep",0,0,NA,"SSL",0,0,200,198
"scenarioB","X_10","indep",0,0,NA,"SSL",0,0,200,198
"scenarioB","X_11","indep",0,0,NA,"SSL",0,0,200,198
"scenarioB","X_12","indep",0,0,NA,"SSL",0,0,200,198
"scenarioB","X_13","indep",0,0,NA,"SSL",0,0,200,198
"scenarioB","X_14","indep",0,0,NA,"SSL",0,0,200,198
"scenarioB","X_15","indep",0,0,NA,"SSL",0,0,200,198
"scenarioB","X_16","indep",0,0,NA,"SSL",0,0,200,198
"scenarioB","X_17","indep",0,0,NA,"SSL",0,0,200,198
"scenarioB","X_18","weak",0.3,0,NA,"SSL",0,0,200,198
"scenarioB","X_19","weak",0.3,0,NA,"SSL",0,0,200,198
"scenarioB","X_20","weak",0.3,0,NA,"SSL",0,0,200,198
"scenarioB","X_21","weak",0.3,0,NA,"SSL",0,0,200,198
"scenarioB","X_22","strong",0.6,0,NA,"SSL",0,0,200,198
"scenarioB","X_23","strong",0.6,0,NA,"SSL",0,0,200,198
"scenarioB","X_24","strong",0.6,0,NA,"SSL",0,0,200,198
"scenarioB","X_25","strong",0.6,0,NA,"SSL",0,0,200,198
"scenarioB","X_1","strong",0.6,0.4,0.281041233663253,"LASSO",0,-0.4,200,198
"scenarioB","X_2","strong",0.6,-0.5,-0.405957038322332,"LASSO",-0.110924501239165,0.389075498760835,200,198
"scenarioB","X_3","weak",0.3,0.6,0.572566083446241,"LASSO",0.470051026143252,-0.129948973856748,200,198
"scenarioB","X_4","weak",0.3,0.75,0.776824394062114,"LASSO",0.560923538896217,-0.189076461103783,200,198
"scenarioB","X_5","indep",0,-0.8,-0.694478991958452,"LASSO",-0.545447638628984,0.254552361371016,200,198
"scenarioB","X_6","indep",0,0,NA,"LASSO",0,0,200,198
"scenarioB","X_7","indep",0,0,NA,"LASSO",0,0,200,198
"scenarioB","X_8","indep",0,0,NA,"LASSO",0.0697553895026388,0.0697553895026388,200,198
"scenarioB","X_9","indep",0,0,NA,"LASSO",0,0,200,198
"scenarioB","X_10","indep",0,0,NA,"LASSO",0,0,200,198
"scenarioB","X_11","indep",0,0,NA,"LASSO",0,0,200,198
"scenarioB","X_12","indep",0,0,NA,"LASSO",0,0,200,198
"scenarioB","X_13","indep",0,0,NA,"LASSO",0,0,200,198
"scenarioB","X_14","indep",0,0,NA,"LASSO",0,0,200,198
"scenarioB","X_15","indep",0,0,NA,"LASSO",0,0,200,198
"scenarioB","X_16","indep",0,0,NA,"LASSO",0,0,200,198
"scenarioB","X_17","indep",0,0,NA,"LASSO",0.105934828923464,0.105934828923464,200,198
"scenarioB","X_18","weak",0.3,0,NA,"LASSO",0,0,200,198
"scenarioB","X_19","weak",0.3,0,NA,"LASSO",0,0,200,198
"scenarioB","X_20","weak",0.3,0,NA,"LASSO",0.0176326913032055,0.0176326913032055,200,198
"scenarioB","X_21","weak",0.3,0,NA,"LASSO",0,0,200,198
"scenarioB","X_22","strong",0.6,0,NA,"LASSO",0,0,200,198
"scenarioB","X_23","strong",0.6,0,NA,"LASSO",0,0,200,198
"scenarioB","X_24","strong",0.6,0,NA,"LASSO",0,0,200,198
"scenarioB","X_25","strong",0.6,0,NA,"LASSO",0,0,200,198
"scenarioB","X_1","strong",0.6,0.4,0.752869833380153,"SSL",0.65194465568386,0.25194465568386,200,199
"scenarioB","X_2","strong",0.6,-0.5,-0.659411204947551,"SSL",-0.478044763492967,0.0219552365070335,200,199
"scenarioB","X_3","weak",0.3,0.6,0.713800218604121,"SSL",0.695563190605087,0.0955631906050873,200,199
"scenarioB","X_4","weak",0.3,0.75,0.79011304603506,"SSL",0.67153872958456,-0.0784612704154399,200,199
"scenarioB","X_5","indep",0,-0.8,-0.984447815383066,"SSL",-0.959610873715376,-0.159610873715376,200,199
"scenarioB","X_6","indep",0,0,NA,"SSL",-0.0736974705576799,-0.0736974705576799,200,199
"scenarioB","X_7","indep",0,0,NA,"SSL",0.0941755538691874,0.0941755538691874,200,199
"scenarioB","X_8","indep",0,0,NA,"SSL",-0.0749667774960099,-0.0749667774960099,200,199
"scenarioB","X_9","indep",0,0,NA,"SSL",-0.0354383203779191,-0.0354383203779191,200,199
"scenarioB","X_10","indep",0,0,NA,"SSL",0.14717946604118,0.14717946604118,200,199
"scenarioB","X_11","indep",0,0,NA,"SSL",-0.129286941232562,-0.129286941232562,200,199
"scenarioB","X_12","indep",0,0,NA,"SSL",0,0,200,199
"scenarioB","X_13","indep",0,0,NA,"SSL",0,0,200,199
"scenarioB","X_14","indep",0,0,NA,"SSL",-0.111455246576559,-0.111455246576559,200,199
"scenarioB","X_15","indep",0,0,NA,"SSL",0.181463770880047,0.181463770880047,200,199
"scenarioB","X_16","indep",0,0,NA,"SSL",0.0273208032700299,0.0273208032700299,200,199
"scenarioB","X_17","indep",0,0,NA,"SSL",0,0,200,199
"scenarioB","X_18","weak",0.3,0,NA,"SSL",0.166091000917915,0.166091000917915,200,199
"scenarioB","X_19","weak",0.3,0,NA,"SSL",0,0,200,199
"scenarioB","X_20","weak",0.3,0,NA,"SSL",0,0,200,199
"scenarioB","X_21","weak",0.3,0,NA,"SSL",0,0,200,199
"scenarioB","X_22","strong",0.6,0,NA,"SSL",-0.161218038656083,-0.161218038656083,200,199
"scenarioB","X_23","strong",0.6,0,NA,"SSL",0.106925777121741,0.106925777121741,200,199
"scenarioB","X_24","strong",0.6,0,NA,"SSL",0,0,200,199
"scenarioB","X_25","strong",0.6,0,NA,"SSL",0,0,200,199
"scenarioB","X_1","strong",0.6,0.4,0.752869833380153,"LASSO",0.217857212670451,-0.182142787329549,200,199
"scenarioB","X_2","strong",0.6,-0.5,-0.659411204947551,"LASSO",-0.149922198870007,0.350077801129993,200,199
"scenarioB","X_3","weak",0.3,0.6,0.713800218604121,"LASSO",0.441726515662958,-0.158273484337042,200,199
"scenarioB","X_4","weak",0.3,0.75,0.79011304603506,"LASSO",0.50464531377611,-0.24535468622389,200,199
"scenarioB","X_5","indep",0,-0.8,-0.984447815383066,"LASSO",-0.687992906683903,0.112007093316097,200,199
"scenarioB","X_6","indep",0,0,NA,"LASSO",0,0,200,199
"scenarioB","X_7","indep",0,0,NA,"LASSO",0,0,200,199
"scenarioB","X_8","indep",0,0,NA,"LASSO",0,0,200,199
"scenarioB","X_9","indep",0,0,NA,"LASSO",0,0,200,199
"scenarioB","X_10","indep",0,0,NA,"LASSO",0,0,200,199
"scenarioB","X_11","indep",0,0,NA,"LASSO",0,0,200,199
"scenarioB","X_12","indep",0,0,NA,"LASSO",0,0,200,199
"scenarioB","X_13","indep",0,0,NA,"LASSO",0,0,200,199
"scenarioB","X_14","indep",0,0,NA,"LASSO",0,0,200,199
"scenarioB","X_15","indep",0,0,NA,"LASSO",0.0549513461879829,0.0549513461879829,200,199
"scenarioB","X_16","indep",0,0,NA,"LASSO",0,0,200,199
"scenarioB","X_17","indep",0,0,NA,"LASSO",0,0,200,199
"scenarioB","X_18","weak",0.3,0,NA,"LASSO",0.112801485179165,0.112801485179165,200,199
"scenarioB","X_19","weak",0.3,0,NA,"LASSO",0,0,200,199
"scenarioB","X_20","weak",0.3,0,NA,"LASSO",0,0,200,199
"scenarioB","X_21","weak",0.3,0,NA,"LASSO",0,0,200,199
"scenarioB","X_22","strong",0.6,0,NA,"LASSO",0,0,200,199
"scenarioB","X_23","strong",0.6,0,NA,"LASSO",0,0,200,199
"scenarioB","X_24","strong",0.6,0,NA,"LASSO",0,0,200,199
"scenarioB","X_25","strong",0.6,0,NA,"LASSO",0,0,200,199
